datetime,water_level,pressure
2022-01-01 00:00:00,2.353,1014.7
2022-01-01 01:00:00,2.967,1014.4
2022-01-01 02:00:00,3.227,1014.4
2022-01-01 03:00:00,3.037,1013.8
2022-01-01 04:00:00,2.564,1014.2
2022-01-01 05:00:00,1.925,1014.1
2022-01-01 06:00:00,1.165,1013.7
2022-01-01 07:00:00,0.536,1013.9
2022-01-01 08:00:00,0.25,1013.6
2022-01-01 09:00:00,0.511,1013.4
2022-01-01 10:00:00,1.123,1012.9
2022-01-01 11:00:00,1.86,1012.3
2022-01-01 12:00:00,2.674,1011.9
2022-01-01 13:00:00,3.413,1011.7
2022-01-01 14:00:00,3.806,1011.0
2022-01-01 15:00:00,3.73,1010.9
2022-01-01 16:00:00,3.222,1009.7
2022-01-01 17:00:00,2.499,1008.2
2022-01-01 18:00:00,1.672,1007.5
2022-01-01 19:00:00,0.792,1006.9
2022-01-01 20:00:00,0.09,1006.1
2022-01-01 21:00:00,-0.084,1005.7
2022-01-01 22:00:00,0.291,1006.3
2022-01-01 23:00:00,0.922,1006.5
2022-01-02 00:00:00,1.657,1006.5
2022-01-02 01:00:00,2.47,1006.2
2022-01-02 02:00:00,3.134,1005.3
2022-01-02 03:00:00,3.358,1004.9
2022-01-02 04:00:00,3.13,1004.7
2022-01-02 05:00:00,2.652,1003.4
2022-01-02 06:00:00,1.959,1002.0
2022-01-02 07:00:00,1.212,1000.6
2022-01-02 08:00:00,0.516,1001.2
2022-01-02 09:00:00,0.204,1001.3
2022-01-02 10:00:00,0.561,1000.0
2022-01-02 11:00:00,1.248,1001.0
2022-01-02 12:00:00,1.991,1000.6
2022-01-02 13:00:00,2.886,1000.3
2022-01-02 14:00:00,3.681,1001.2
2022-01-02 15:00:00,3.99,1000.9
2022-01-02 16:00:00,3.854,1000.5
2022-01-02 17:00:00,3.322,1000.3
2022-01-02 18:00:00,2.515,1000.7
2022-01-02 19:00:00,1.583,1000.3
2022-01-02 20:00:00,0.687,1002.2
2022-01-02 21:00:00,-0.073,1003.1
2022-01-02 22:00:00,-0.179,1004.4
2022-01-02 23:00:00,0.178,1005.9
2022-01-03 00:00:00,0.796,1008.3
2022-01-03 01:00:00,1.582,1010.0
2022-01-03 02:00:00,2.499,1011.2
2022-01-03 03:00:00,3.166,1012.1
2022-01-03 04:00:00,3.318,1013.1
2022-01-03 05:00:00,3.016,1013.8
2022-01-03 06:00:00,2.522,1015.2
2022-01-03 07:00:00,1.832,1016.7
2022-01-03 08:00:00,0.961,1017.7
2022-01-03 09:00:00,0.273,1018.8
2022-01-03 10:00:00,0.061,1019.1
2022-01-03 11:00:00,0.5,1019.0
2022-01-03 12:00:00,1.074,1020.8
2022-01-03 13:00:00,1.941,1021.5
2022-01-03 14:00:00,2.876,1021.5
2022-01-03 15:00:00,3.65,1022.0
2022-01-03 16:00:00,3.906,1020.8
2022-01-03 17:00:00,3.746,1020.2
2022-01-03 18:00:00,3.245,1019.3
2022-01-03 19:00:00,2.376,1018.3
2022-01-03 20:00:00,1.492,1018.6
2022-01-03 21:00:00,0.549,1018.0
2022-01-03 22:00:00,-0.07,1018.7
2022-01-03 23:00:00,-0.205,1019.0
2022-01-04 00:00:00,0.295,1019.2
2022-01-04 01:00:00,0.935,1019.7
2022-01-04 02:00:00,1.725,1019.9
2022-01-04 03:00:00,2.566,1020.5
2022-01-04 04:00:00,3.244,1021.3
2022-01-04 05:00:00,3.367,1021.1
2022-01-04 06:00:00,3.076,1021.7
2022-01-04 07:00:00,2.596,1022.8
2022-01-04 08:00:00,1.794,1023.3
2022-01-04 09:00:00,1.037,1023.9
2022-01-04 10:00:00,0.374,1025.1
2022-01-04 11:00:00,0.068,1026.6
2022-01-04 12:00:00,0.598,1027.0
2022-01-04 13:00:00,1.228,1027.6
2022-01-04 14:00:00,2.11,1028.4
2022-01-04 15:00:00,2.92,1028.7
2022-01-04 16:00:00,3.624,1028.2
2022-01-04 17:00:00,3.829,1026.7
2022-01-04 18:00:00,3.642,1026.0
2022-01-04 19:00:00,3.078,1026.6
2022-01-04 20:00:00,2.176,1026.3
2022-01-04 21:00:00,1.231,1026.8
2022-01-04 22:00:00,0.371,1027.0
2022-01-04 23:00:00,-0.286,1027.0
2022-01-05 00:00:00,-0.247,1026.9
2022-01-05 01:00:00,0.15,1026.9
2022-01-05 02:00:00,0.848,1026.8
2022-01-05 03:00:00,1.734,1026.6
2022-01-05 04:00:00,2.55,1026.2
2022-01-05 05:00:00,3.12,1025.1
2022-01-05 06:00:00,3.224,1024.5
2022-01-05 07:00:00,2.908,1024.3
2022-01-05 08:00:00,2.353,1023.4
2022-01-05 09:00:00,1.518,1022.1
2022-01-05 10:00:00,0.807,1021.0
2022-01-05 11:00:00,0.126,1019.9
2022-01-05 12:00:00,-0.075,1018.5
2022-01-05 13:00:00,0.356,1017.1
2022-01-05 14:00:00,1.092,1016.3
2022-01-05 15:00:00,1.928,1015.1
2022-01-05 16:00:00,2.754,1012.8
2022-01-05 17:00:00,3.407,1011.8
2022-01-05 18:00:00,3.683,1009.8
2022-01-05 19:00:00,3.417,1008.8
2022-01-05 20:00:00,2.861,1008.4
2022-01-05 21:00:00,2.051,1007.5
2022-01-05 22:00:00,1.204,1007.2
2022-01-05 23:00:00,0.429,1006.6
2022-01-06 00:00:00,-0.194,1006.0
2022-01-06 01:00:00,-0.138,1005.3
2022-01-06 02:00:00,0.437,1005.6
2022-01-06 03:00:00,1.121,1004.5
2022-01-06 04:00:00,2.036,1004.0
2022-01-06 05:00:00,2.674,1003.4
2022-01-06 06:00:00,3.254,1003.1
2022-01-06 07:00:00,3.304,1003.4
2022-01-06 08:00:00,2.896,1003.2
2022-01-06 09:00:00,2.386,1002.9
2022-01-06 10:00:00,1.584,1003.4
2022-01-06 11:00:00,0.848,1003.9
2022-01-06 12:00:00,0.216,1005.3
2022-01-06 13:00:00,0.0,1006.7
2022-01-06 14:00:00,0.528,1007.5
2022-01-06 15:00:00,1.196,1008.3
2022-01-06 16:00:00,1.941,1008.4
2022-01-06 17:00:00,2.687,1008.3
2022-01-06 18:00:00,3.269,1009.0
2022-01-06 19:00:00,3.464,1010.2
2022-01-06 20:00:00,3.198,1011.6
2022-01-06 21:00:00,2.566,1011.8
2022-01-06 22:00:00,1.863,1011.9
2022-01-06 23:00:00,1.051,1013.3
2022-01-07 00:00:00,0.234,1013.7
2022-01-07 01:00:00,-0.147,1013.6
2022-01-07 02:00:00,-0.021,1013.9
2022-01-07 03:00:00,0.524,1013.3
2022-01-07 04:00:00,1.252,1012.5
2022-01-07 05:00:00,1.967,1013.6
2022-01-07 06:00:00,2.71,1012.1
2022-01-07 07:00:00,3.224,1012.6
2022-01-07 08:00:00,3.173,1011.1
2022-01-07 09:00:00,2.885,1010.4
2022-01-07 10:00:00,2.356,1008.5
2022-01-07 11:00:00,1.686,1006.5
2022-01-07 12:00:00,1.02,1005.1
2022-01-07 13:00:00,0.516,1003.9
2022-01-07 14:00:00,0.577,1003.2
2022-01-07 15:00:00,1.04,1002.5
2022-01-07 16:00:00,1.622,1002.8
2022-01-07 17:00:00,2.258,1002.5
2022-01-07 18:00:00,3.04,1002.8
2022-01-07 19:00:00,3.469,1003.7
2022-01-07 20:00:00,3.379,1004.9
2022-01-07 21:00:00,3.302,1006.5
2022-01-07 22:00:00,2.573,1008.1
2022-01-07 23:00:00,1.807,1009.8
2022-01-08 00:00:00,0.985,1011.5
2022-01-08 01:00:00,0.263,1012.7
2022-01-08 02:00:00,-0.047,1013.5
2022-01-08 03:00:00,0.186,1014.6
2022-01-08 04:00:00,0.45,1015.8
2022-01-08 05:00:00,1.126,1017.1
2022-01-08 06:00:00,1.855,1018.1
2022-01-08 07:00:00,2.563,1019.7
2022-01-08 08:00:00,2.944,1021.1
2022-01-08 09:00:00,2.878,1022.0
2022-01-08 10:00:00,2.546,1023.9
2022-01-08 11:00:00,1.894,1025.7
2022-01-08 12:00:00,1.201,1027.4
2022-01-08 13:00:00,0.508,1029.1
2022-01-08 14:00:00,0.103,1029.8
2022-01-08 15:00:00,0.081,1031.4
2022-01-08 16:00:00,0.335,1032.8
2022-01-08 17:00:00,0.855,1032.4
2022-01-08 18:00:00,1.58,1032.8
2022-01-08 19:00:00,2.211,1033.1
2022-01-08 20:00:00,2.645,1033.8
2022-01-08 21:00:00,2.745,1034.1
2022-01-08 22:00:00,2.521,1034.7
2022-01-08 23:00:00,2.041,1034.8
2022-01-09 00:00:00,1.473,1035.3
2022-01-09 01:00:00,0.787,1035.1
2022-01-09 02:00:00,0.31,1035.2
2022-01-09 03:00:00,0.163,1035.1
2022-01-09 04:00:00,0.39,1034.6
2022-01-09 05:00:00,0.877,1033.5
2022-01-09 06:00:00,1.47,1031.9
2022-01-09 07:00:00,2.138,1032.3
2022-01-09 08:00:00,2.663,1031.3
2022-01-09 09:00:00,2.94,1029.4
2022-01-09 10:00:00,2.884,1028.2
2022-01-09 11:00:00,2.424,1027.3
2022-01-09 12:00:00,1.873,1025.7
2022-01-09 13:00:00,1.291,1024.7
2022-01-09 14:00:00,0.646,1023.0
2022-01-09 15:00:00,0.258,1021.8
2022-01-09 16:00:00,0.23,1019.8
2022-01-09 17:00:00,0.519,1017.2
2022-01-09 18:00:00,1.064,1015.0
2022-01-09 19:00:00,1.617,1013.2
2022-01-09 20:00:00,2.233,1012.0
2022-01-09 21:00:00,2.645,1011.5
2022-01-09 22:00:00,2.731,1011.8
2022-01-09 23:00:00,2.488,1011.2
2022-01-10 00:00:00,2.083,1010.7
2022-01-10 01:00:00,1.512,1010.3
2022-01-10 02:00:00,0.874,1009.6
2022-01-10 03:00:00,0.417,1009.4
2022-01-10 04:00:00,0.272,1009.6
2022-01-10 05:00:00,0.508,1009.9
2022-01-10 06:00:00,0.953,1010.0
2022-01-10 07:00:00,1.471,1010.6
2022-01-10 08:00:00,2.087,1011.2
2022-01-10 09:00:00,2.55,1012.0
2022-01-10 10:00:00,2.754,1012.8
2022-01-10 11:00:00,2.664,1014.1
2022-01-10 12:00:00,2.267,1015.2
2022-01-10 13:00:00,1.772,1016.1
2022-01-10 14:00:00,1.098,1017.3
2022-01-10 15:00:00,0.514,1017.9
2022-01-10 16:00:00,0.181,1017.6
2022-01-10 17:00:00,0.159,1016.5
2022-01-10 18:00:00,0.466,1015.9
2022-01-10 19:00:00,0.947,1015.7
2022-01-10 20:00:00,1.521,1015.3
2022-01-10 21:00:00,2.073,1016.2
2022-01-10 22:00:00,2.513,1017.0
2022-01-10 23:00:00,2.56,1017.5
2022-01-11 00:00:00,2.363,1017.8
2022-01-11 01:00:00,1.986,1017.9
2022-01-11 02:00:00,1.421,1017.8
2022-01-11 03:00:00,0.955,1017.7
2022-01-11 04:00:00,0.56,1017.7
2022-01-11 05:00:00,0.506,1018.0
2022-01-11 06:00:00,0.789,1018.8
2022-01-11 07:00:00,1.171,1020.0
2022-01-11 08:00:00,1.731,1021.2
2022-01-11 09:00:00,2.228,1022.6
2022-01-11 10:00:00,2.687,1024.0
2022-01-11 11:00:00,2.89,1026.0
2022-01-11 12:00:00,2.649,1028.1
2022-01-11 13:00:00,2.269,1029.7
2022-01-11 14:00:00,1.745,1030.5
2022-01-11 15:00:00,1.291,1031.3
2022-01-11 16:00:00,0.758,1031.1
2022-01-11 17:00:00,0.403,1030.8
2022-01-11 18:00:00,0.419,1030.9
2022-01-11 19:00:00,0.722,1031.0
2022-01-11 20:00:00,1.136,1031.2
2022-01-11 21:00:00,1.608,1031.8
2022-01-11 22:00:00,2.101,1032.6
2022-01-11 23:00:00,2.441,1033.1
2022-01-12 00:00:00,2.484,1033.6
2022-01-12 01:00:00,2.273,1033.1
2022-01-12 02:00:00,1.893,1033.0
2022-01-12 03:00:00,1.423,1032.6
2022-01-12 04:00:00,0.842,1032.3
2022-01-12 05:00:00,0.518,1031.8
2022-01-12 06:00:00,0.52,1030.5
2022-01-12 07:00:00,0.793,1030.3
2022-01-12 08:00:00,1.217,1029.2
2022-01-12 09:00:00,1.692,1028.8
2022-01-12 10:00:00,2.285,1027.1
2022-01-12 11:00:00,2.684,1025.7
2022-01-12 12:00:00,2.832,1024.5
2022-01-12 13:00:00,2.667,1023.0
2022-01-12 14:00:00,2.314,1022.2
2022-01-12 15:00:00,1.808,1020.9
2022-01-12 16:00:00,1.172,1019.0
2022-01-12 17:00:00,0.663,1017.7
2022-01-12 18:00:00,0.315,1016.4
2022-01-12 19:00:00,0.388,1016.1
2022-01-12 20:00:00,0.698,1016.2
2022-01-12 21:00:00,1.044,1016.6
2022-01-12 22:00:00,1.596,1016.9
2022-01-12 23:00:00,2.101,1017.4
2022-01-13 00:00:00,2.396,1017.9
2022-01-13 01:00:00,2.412,1018.0
2022-01-13 02:00:00,2.169,1018.2
2022-01-13 03:00:00,1.845,1018.5
2022-01-13 04:00:00,1.364,1018.5
2022-01-13 05:00:00,0.927,1018.0
2022-01-13 06:00:00,0.586,1017.9
2022-01-13 07:00:00,0.596,1017.8
2022-01-13 08:00:00,0.932,1017.5
2022-01-13 09:00:00,1.334,1017.2
2022-01-13 10:00:00,1.911,1017.1
2022-01-13 11:00:00,2.433,1017.6
2022-01-13 12:00:00,2.825,1017.8
2022-01-13 13:00:00,2.956,1017.9
2022-01-13 14:00:00,2.769,1018.0
2022-01-13 15:00:00,2.38,1018.0
2022-01-13 16:00:00,1.821,1017.1
2022-01-13 17:00:00,1.243,1016.0
2022-01-13 18:00:00,0.724,1015.2
2022-01-13 19:00:00,0.453,1014.4
2022-01-13 20:00:00,0.523,1013.9
2022-01-13 21:00:00,0.815,1014.0
2022-01-13 22:00:00,1.268,1013.9
2022-01-13 23:00:00,1.8,1013.9
2022-01-14 00:00:00,2.331,1014.0
2022-01-14 01:00:00,2.611,1013.9
2022-01-14 02:00:00,2.64,1013.7
2022-01-14 03:00:00,2.43,1013.3
2022-01-14 04:00:00,2.015,1012.9
2022-01-14 05:00:00,1.543,1012.2
2022-01-14 06:00:00,1.079,1011.6
2022-01-14 07:00:00,0.808,1011.1
2022-01-14 08:00:00,0.879,
2022-01-14 09:00:00,1.2,1010.1
2022-01-14 10:00:00,1.692,1009.7
2022-01-14 11:00:00,2.256,1009.5
2022-01-14 12:00:00,2.721,1009.7
2022-01-14 13:00:00,3.145,1009.5
2022-01-14 14:00:00,3.202,1009.3
2022-01-14 15:00:00,2.973,1009.0
2022-01-14 16:00:00,2.552,1008.2
2022-01-14 17:00:00,1.957,1007.3
2022-01-14 18:00:00,1.37,1006.5
2022-01-14 19:00:00,0.89,1005.8
2022-01-14 20:00:00,0.645,1005.4
2022-01-14 21:00:00,0.773,1005.8
2022-01-14 22:00:00,1.073,1006.1
2022-01-14 23:00:00,1.444,1006.6
2022-01-15 00:00:00,2.026,1007.1
2022-01-15 01:00:00,2.479,1007.1
2022-01-15 02:00:00,2.75,1007.4
2022-01-15 03:00:00,2.683,1007.6
2022-01-15 04:00:00,2.397,1008.4
2022-01-15 05:00:00,1.967,1009.6
2022-01-15 06:00:00,1.506,1010.9
2022-01-15 07:00:00,1.127,1012.1
2022-01-15 08:00:00,0.908,1013.0
2022-01-15 09:00:00,1.068,1014.2
2022-01-15 10:00:00,1.366,1016.0
2022-01-15 11:00:00,1.781,1017.4
2022-01-15 12:00:00,2.236,1018.6
2022-01-15 13:00:00,2.696,1019.8
2022-01-15 14:00:00,2.996,1020.6
2022-01-15 15:00:00,2.956,1021.1
2022-01-15 16:00:00,2.648,1021.0
2022-01-15 17:00:00,2.037,1020.5
2022-01-15 18:00:00,1.461,1020.9
2022-01-15 19:00:00,0.884,1021.6
2022-01-15 20:00:00,0.361,1022.2
2022-01-15 21:00:00,0.2,1023.4
2022-01-15 22:00:00,0.298,1024.1
2022-01-15 23:00:00,0.662,1024.7
2022-01-16 00:00:00,1.173,1025.4
2022-01-16 01:00:00,1.669,1026.2
2022-01-16 02:00:00,2.086,1026.9
2022-01-16 03:00:00,2.273,1027.4
2022-01-16 04:00:00,2.192,1027.7
2022-01-16 05:00:00,1.865,1027.1
2022-01-16 06:00:00,1.463,1028.8
2022-01-16 07:00:00,1.009,1029.2
2022-01-16 08:00:00,0.594,1028.8
2022-01-16 09:00:00,0.436,1029.1
2022-01-16 10:00:00,0.792,1029.0
2022-01-16 11:00:00,1.192,1029.5
2022-01-16 12:00:00,1.686,1030.0
2022-01-16 13:00:00,2.199,1030.7
2022-01-16 14:00:00,2.688,1031.0
2022-01-16 15:00:00,2.876,1031.2
2022-01-16 16:00:00,2.633,1029.7
2022-01-16 17:00:00,2.297,1028.2
2022-01-16 18:00:00,1.651,1027.5
2022-01-16 19:00:00,1.18,1027.1
2022-01-16 20:00:00,0.5,1026.4
2022-01-16 21:00:00,0.142,1026.2
2022-01-16 22:00:00,0.152,1025.5
2022-01-16 23:00:00,0.516,1025.0
2022-01-17 00:00:00,1.006,1024.5
2022-01-17 01:00:00,1.622,1023.2
2022-01-17 02:00:00,2.139,1022.2
2022-01-17 03:00:00,2.57,1020.7
2022-01-17 04:00:00,2.688,1019.3
2022-01-17 05:00:00,2.483,1017.0
2022-01-17 06:00:00,2.066,1015.0
2022-01-17 07:00:00,1.664,1012.0
2022-01-17 08:00:00,1.243,1008.8
2022-01-17 09:00:00,0.907,1005.7
2022-01-17 10:00:00,0.978,1002.8
2022-01-17 11:00:00,1.432,998.9
2022-01-17 12:00:00,2.106,995.4
2022-01-17 13:00:00,2.78,991.0
2022-01-17 14:00:00,3.431,988.0
2022-01-17 15:00:00,3.763,985.1
2022-01-17 16:00:00,3.814,983.8
2022-01-17 17:00:00,3.423,982.8
2022-01-17 18:00:00,2.92,982.1
2022-01-17 19:00:00,2.213,982.6
2022-01-17 20:00:00,1.461,983.3
2022-01-17 21:00:00,0.871,984.1
2022-01-17 22:00:00,0.45,985.1
2022-01-17 23:00:00,0.644,985.7
2022-01-18 00:00:00,0.815,986.6
2022-01-18 01:00:00,1.39,986.8
2022-01-18 02:00:00,2.008,987.0
2022-01-18 03:00:00,2.646,987.3
2022-01-18 04:00:00,2.918,987.6
2022-01-18 05:00:00,2.91,988.4
2022-01-18 06:00:00,2.518,989.2
2022-01-18 07:00:00,2.025,990.7
2022-01-18 08:00:00,1.511,992.0
2022-01-18 09:00:00,0.905,993.1
2022-01-18 10:00:00,0.593,995.0
2022-01-18 11:00:00,0.6,996.9
2022-01-18 12:00:00,0.947,998.9
2022-01-18 13:00:00,1.475,1000.7
2022-01-18 14:00:00,1.997,1002.5
2022-01-18 15:00:00,2.531,1004.3
2022-01-18 16:00:00,2.844,1005.0
2022-01-18 17:00:00,2.777,1005.4
2022-01-18 18:00:00,2.47,1006.1
2022-01-18 19:00:00,1.898,1007.3
2022-01-18 20:00:00,1.276,1008.6
2022-01-18 21:00:00,0.643,1010.1
2022-01-18 22:00:00,0.087,1012.2
2022-01-18 23:00:00,-0.062,1013.8
2022-01-19 00:00:00,0.218,1015.2
2022-01-19 01:00:00,0.692,1016.7
2022-01-19 02:00:00,1.245,1017.8
2022-01-19 03:00:00,1.901,1018.5
2022-01-19 04:00:00,2.375,1020.1
2022-01-19 05:00:00,2.56,1021.0
2022-01-19 06:00:00,2.419,1021.2
2022-01-19 07:00:00,2.066,1021.8
2022-01-19 08:00:00,1.527,1021.8
2022-01-19 09:00:00,0.99,1021.2
2022-01-19 10:00:00,0.6,1021.5
2022-01-19 11:00:00,0.466,1020.8
2022-01-19 12:00:00,0.791,1021.1
2022-01-19 13:00:00,1.253,1020.8
2022-01-19 14:00:00,1.804,1020.1
2022-01-19 15:00:00,2.458,1018.6
2022-01-19 16:00:00,2.904,1017.0
2022-01-19 17:00:00,3.004,1014.9
2022-01-19 18:00:00,2.839,1012.7
2022-01-19 19:00:00,2.228,1012.1
2022-01-19 20:00:00,1.611,1011.6
2022-01-19 21:00:00,0.918,1011.3
2022-01-19 22:00:00,0.275,1011.8
2022-01-19 23:00:00,-0.022,1012.0
2022-01-20 00:00:00,0.057,1012.9
2022-01-20 01:00:00,0.526,1013.0
2022-01-20 02:00:00,1.086,1013.1
2022-01-20 03:00:00,1.768,1013.4
2022-01-20 04:00:00,2.379,1013.3
2022-01-20 05:00:00,2.749,1013.2
2022-01-20 06:00:00,2.777,1013.2
2022-01-20 07:00:00,2.443,1012.7
2022-01-20 08:00:00,1.996,1012.5
2022-01-20 09:00:00,1.375,1013.2
2022-01-20 10:00:00,0.791,1014.4
2022-01-20 11:00:00,0.457,1015.0
2022-01-20 12:00:00,0.393,1015.4
2022-01-20 13:00:00,0.885,1016.8
2022-01-20 14:00:00,1.435,1017.4
2022-01-20 15:00:00,2.127,1018.5
2022-01-20 16:00:00,2.756,1018.4
2022-01-20 17:00:00,3.125,1017.7
2022-01-20 18:00:00,3.204,1017.9
2022-01-20 19:00:00,2.828,1018.4
2022-01-20 20:00:00,2.236,1019.1
2022-01-20 21:00:00,1.539,1020.3
2022-01-20 22:00:00,0.771,1021.6
2022-01-20 23:00:00,0.2,1022.9
2022-01-21 00:00:00,-0.039,1024.0
2022-01-21 01:00:00,0.247,1025.3
2022-01-21 02:00:00,0.726,1026.1
2022-01-21 03:00:00,1.365,1027.3
2022-01-21 04:00:00,2.02,1027.9
2022-01-21 05:00:00,2.614,1028.5
2022-01-21 06:00:00,2.875,1029.4
2022-01-21 07:00:00,2.731,1030.0
2022-01-21 08:00:00,2.34,1030.3
2022-01-21 09:00:00,1.72,1030.7
2022-01-21 10:00:00,1.102,1031.0
2022-01-21 11:00:00,0.494,1032.2
2022-01-21 12:00:00,0.186,1033.3
2022-01-21 13:00:00,0.399,1034.3
2022-01-21 14:00:00,0.905,1035.0
2022-01-21 15:00:00,1.519,1035.5
2022-01-21 16:00:00,2.152,1035.2
2022-01-21 17:00:00,2.751,1034.4
2022-01-21 18:00:00,3.046,1033.7
2022-01-21 19:00:00,2.959,1033.8
2022-01-21 20:00:00,2.552,1033.8
2022-01-21 21:00:00,1.926,1034.1
2022-01-21 22:00:00,1.206,1034.6
2022-01-21 23:00:00,0.539,1035.1
2022-01-22 00:00:00,0.055,1035.3
2022-01-22 01:00:00,0.027,1035.7
2022-01-22 02:00:00,0.384,1035.5
2022-01-22 03:00:00,0.887,1035.3
2022-01-22 04:00:00,1.532,1034.7
2022-01-22 05:00:00,2.22,1033.9
2022-01-22 06:00:00,2.685,1033.7
2022-01-22 07:00:00,2.851,1033.2
2022-01-22 08:00:00,2.628,1032.2
2022-01-22 09:00:00,2.163,1031.5
2022-01-22 10:00:00,1.607,1030.9
2022-01-22 11:00:00,0.93,1030.5
2022-01-22 12:00:00,0.435,1030.9
2022-01-22 13:00:00,0.297,1030.9
2022-01-22 14:00:00,0.62,1030.8
2022-01-22 15:00:00,1.153,1030.1
2022-01-22 16:00:00,1.753,1029.4
2022-01-22 17:00:00,2.384,1028.0
2022-01-22 18:00:00,2.896,1026.9
2022-01-22 19:00:00,3.083,1025.5
2022-01-22 20:00:00,2.896,1024.3
2022-01-22 21:00:00,2.403,1023.8
2022-01-22 22:00:00,1.778,1022.9
2022-01-22 23:00:00,1.127,1021.9
2022-01-23 00:00:00,0.51,1021.6
2022-01-23 01:00:00,0.17,1020.7
2022-01-23 02:00:00,0.283,1020.0
2022-01-23 03:00:00,0.756,1019.1
2022-01-23 04:00:00,1.327,1018.1
2022-01-23 05:00:00,1.967,1017.2
2022-01-23 06:00:00,2.597,1016.0
2022-01-23 07:00:00,2.964,1015.5
2022-01-23 08:00:00,2.962,1014.9
2022-01-23 09:00:00,2.625,1013.8
2022-01-23 10:00:00,2.068,1013.5
2022-01-23 11:00:00,1.397,1013.4
2022-01-23 12:00:00,0.788,1013.6
2022-01-23 13:00:00,0.325,1012.9
2022-01-23 14:00:00,0.362,1012.4
2022-01-23 15:00:00,0.795,1011.9
2022-01-23 16:00:00,1.243,1011.2
2022-01-23 17:00:00,1.91,1009.7
2022-01-23 18:00:00,2.542,1008.7
2022-01-23 19:00:00,3.015,1007.9
2022-01-23 20:00:00,3.098,1007.3
2022-01-23 21:00:00,2.795,1007.2
2022-01-23 22:00:00,2.302,1007.5
2022-01-23 23:00:00,1.692,1007.8
2022-01-24 00:00:00,0.989,1008.0
2022-01-24 01:00:00,0.417,1008.3
2022-01-24 02:00:00,0.152,1008.2
2022-01-24 03:00:00,0.456,1008.7
2022-01-24 04:00:00,0.908,1008.9
2022-01-24 05:00:00,1.511,1008.6
2022-01-24 06:00:00,2.212,1008.4
2022-01-24 07:00:00,2.752,1008.5
2022-01-24 08:00:00,3.06,1008.6
2022-01-24 09:00:00,2.96,1009.1
2022-01-24 10:00:00,2.618,1009.9
2022-01-24 11:00:00,2.075,1010.8
2022-01-24 12:00:00,1.387,1011.9
2022-01-24 13:00:00,0.791,1012.5
2022-01-24 14:00:00,0.434,1013.3
2022-01-24 15:00:00,0.524,1013.7
2022-01-24 16:00:00,0.903,1013.6
2022-01-24 17:00:00,1.401,1013.0
2022-01-24 18:00:00,2.029,1011.9
2022-01-24 19:00:00,2.658,1011.7
2022-01-24 20:00:00,3.033,1011.8
2022-01-24 21:00:00,3.046,1011.3
2022-01-24 22:00:00,2.774,1011.9
2022-01-24 23:00:00,2.274,1012.5
2022-01-25 00:00:00,1.642,1013.0
2022-01-25 01:00:00,0.994,1013.1
2022-01-25 02:00:00,0.473,1012.7
2022-01-25 03:00:00,0.395,1012.2
2022-01-25 04:00:00,0.677,1012.7
2022-01-25 05:00:00,1.14,1012.7
2022-01-25 06:00:00,1.744,1012.1
2022-01-25 07:00:00,2.367,1011.8
2022-01-25 08:00:00,2.951,1011.4
2022-01-25 09:00:00,3.138,1011.1
2022-01-25 10:00:00,3.004,1010.7
2022-01-25 11:00:00,2.603,1010.5
2022-01-25 12:00:00,1.99,1010.7
2022-01-25 13:00:00,1.339,1011.1
2022-01-25 14:00:00,0.745,1011.5
2022-01-25 15:00:00,0.413,1012.2
2022-01-25 16:00:00,0.495,1012.5
2022-01-25 17:00:00,0.848,1012.2
2022-01-25 18:00:00,1.337,1011.9
2022-01-25 19:00:00,1.984,1011.8
2022-01-25 20:00:00,2.528,1012.8
2022-01-25 21:00:00,2.855,1013.2
2022-01-25 22:00:00,2.847,1014.2
2022-01-25 23:00:00,2.511,1015.7
2022-01-26 00:00:00,2.044,1016.8
2022-01-26 01:00:00,1.378,1017.6
2022-01-26 02:00:00,0.783,1018.3
2022-01-26 03:00:00,0.313,1018.9
2022-01-26 04:00:00,0.226,1019.4
2022-01-26 05:00:00,0.557,1019.4
2022-01-26 06:00:00,1.079,1019.6
2022-01-26 07:00:00,1.747,1020.3
2022-01-26 08:00:00,2.372,1021.2
2022-01-26 09:00:00,2.898,1021.6
2022-01-26 10:00:00,3.132,1022.1
2022-01-26 11:00:00,2.928,1022.6
2022-01-26 12:00:00,2.522,1023.3
2022-01-26 13:00:00,1.885,1023.9
2022-01-26 14:00:00,1.231,1024.5
2022-01-26 15:00:00,0.625,1025.1
2022-01-26 16:00:00,0.25,1025.1
2022-01-26 17:00:00,0.298,1024.4
2022-01-26 18:00:00,0.648,1023.8
2022-01-26 19:00:00,1.152,1024.0
2022-01-26 20:00:00,1.745,1024.6
2022-01-26 21:00:00,2.317,1025.4
2022-01-26 22:00:00,2.674,1026.6
2022-01-26 23:00:00,2.737,1027.8
2022-01-27 00:00:00,2.452,1029.4
2022-01-27 01:00:00,1.966,1030.2
2022-01-27 02:00:00,1.317,1030.7
2022-01-27 03:00:00,0.745,1031.2
2022-01-27 04:00:00,0.293,1031.5
2022-01-27 05:00:00,0.24,1031.4
2022-01-27 06:00:00,0.592,1031.5
2022-01-27 07:00:00,1.07,1032.0
2022-01-27 08:00:00,1.72,1032.0
2022-01-27 09:00:00,2.372,1031.9
2022-01-27 10:00:00,2.918,1031.8
2022-01-27 11:00:00,3.095,1032.0
2022-01-27 12:00:00,2.897,1032.4
2022-01-27 13:00:00,2.457,1032.7
2022-01-27 14:00:00,1.822,1032.5
2022-01-27 15:00:00,1.159,1032.0
2022-01-27 16:00:00,0.495,1031.1
2022-01-27 17:00:00,0.052,1029.5
2022-01-27 18:00:00,0.116,1028.2
2022-01-27 19:00:00,0.464,1027.0
2022-01-27 20:00:00,0.931,1026.5
2022-01-27 21:00:00,1.534,1026.0
2022-01-27 22:00:00,2.177,1025.9
2022-01-27 23:00:00,2.61,1025.4
2022-01-28 00:00:00,2.677,1025.5
2022-01-28 01:00:00,2.435,1024.8
2022-01-28 02:00:00,1.98,1024.2
2022-01-28 03:00:00,1.384,1023.5
2022-01-28 04:00:00,0.804,1022.7
2022-01-28 05:00:00,0.303,1021.9
2022-01-28 06:00:00,0.26,1021.2
2022-01-28 07:00:00,0.635,1020.8
2022-01-28 08:00:00,1.138,1020.2
2022-01-28 09:00:00,1.817,1019.9
2022-01-28 10:00:00,2.495,1019.7
2022-01-28 11:00:00,3.038,1020.1
2022-01-28 12:00:00,3.231,1020.3
2022-01-28 13:00:00,3.038,1020.5
2022-01-28 14:00:00,2.574,1020.5
2022-01-28 15:00:00,1.941,1020.3
2022-01-28 16:00:00,1.183,1020.0
2022-01-28 17:00:00,0.469,1019.2
2022-01-28 18:00:00,-0.017,1018.7
2022-01-28 19:00:00,0.03,1018.8
2022-01-28 20:00:00,0.356,1018.9
2022-01-28 21:00:00,0.86,1019.0
2022-01-28 22:00:00,1.543,1018.7
2022-01-28 23:00:00,2.209,1019.1
2022-01-29 00:00:00,2.717,1018.9
2022-01-29 01:00:00,2.762,1018.1
2022-01-29 02:00:00,2.572,1018.1
2022-01-29 03:00:00,2.15,1018.2
2022-01-29 04:00:00,1.536,1017.4
2022-01-29 05:00:00,0.966,1016.3
2022-01-29 06:00:00,0.44,1015.1
2022-01-29 07:00:00,0.357,1013.9
2022-01-29 08:00:00,0.876,1012.5
2022-01-29 09:00:00,1.423,1010.1
2022-01-29 10:00:00,2.202,1009.2
2022-01-29 11:00:00,2.989,1008.3
2022-01-29 12:00:00,3.634,1006.5
2022-01-29 13:00:00,3.933,1004.9
2022-01-29 14:00:00,3.764,1003.4
2022-01-29 15:00:00,3.338,1001.5
2022-01-29 16:00:00,2.698,998.1
2022-01-29 17:00:00,2.102,995.2
2022-01-29 18:00:00,1.4,993.1
2022-01-29 19:00:00,1.003,992.1
2022-01-29 20:00:00,0.789,993.1
2022-01-29 21:00:00,1.098,993.7
2022-01-29 22:00:00,1.45,994.0
2022-01-29 23:00:00,1.994,993.8
2022-01-30 00:00:00,2.617,993.9
2022-01-30 01:00:00,3.049,994.7
2022-01-30 02:00:00,3.056,996.1
2022-01-30 03:00:00,2.811,997.3
2022-01-30 04:00:00,2.354,998.3
2022-01-30 05:00:00,1.582,999.0
2022-01-30 06:00:00,0.857,999.7
2022-01-30 07:00:00,0.344,1000.7
2022-01-30 08:00:00,0.075,1001.0
2022-01-30 09:00:00,0.501,1002.5
2022-01-30 10:00:00,0.903,1003.8
2022-01-30 11:00:00,1.554,1004.9
2022-01-30 12:00:00,2.301,1006.8
2022-01-30 13:00:00,2.916,1008.1
2022-01-30 14:00:00,3.189,1009.4
2022-01-30 15:00:00,3.105,1010.2
2022-01-30 16:00:00,2.531,1010.4
2022-01-30 17:00:00,1.909,1010.3
2022-01-30 18:00:00,1.114,1010.6
2022-01-30 19:00:00,0.316,1010.7
2022-01-30 20:00:00,-0.226,1011.6
2022-01-30 21:00:00,-0.303,1012.6
2022-01-30 22:00:00,0.05,1014.2
2022-01-30 23:00:00,0.661,1016.0
2022-01-31 00:00:00,1.379,1017.3
2022-01-31 01:00:00,2.15,1018.2
2022-01-31 02:00:00,2.661,1019.1
2022-01-31 03:00:00,2.763,1020.0
2022-01-31 04:00:00,2.485,1020.9
2022-01-31 05:00:00,1.983,1021.3
2022-01-31 06:00:00,1.345,1021.5
2022-01-31 07:00:00,0.646,1022.1
2022-01-31 08:00:00,0.088,1022.6
2022-01-31 09:00:00,-0.074,1023.3
2022-01-31 10:00:00,0.346,1024.1
2022-01-31 11:00:00,1.023,1024.9
2022-01-31 12:00:00,1.797,1025.8
2022-01-31 13:00:00,2.602,1026.6
2022-01-31 14:00:00,3.288,1027.5
2022-01-31 15:00:00,3.577,1027.8
2022-01-31 16:00:00,3.378,1028.0
2022-01-31 17:00:00,2.766,1027.7
2022-01-31 18:00:00,1.98,1027.2
2022-01-31 19:00:00,1.101,1027.2
2022-01-31 20:00:00,0.227,1027.5
2022-01-31 21:00:00,-0.338,1027.9
2022-01-31 22:00:00,-0.314,1028.9
2022-01-31 23:00:00,0.176,1029.7
2022-02-01 00:00:00,0.834,1030.5
2022-02-01 01:00:00,1.639,1031.2
2022-02-01 02:00:00,2.481,1031.9
2022-02-01 03:00:00,2.987,1032.1
2022-02-01 04:00:00,3.087,1032.5
2022-02-01 05:00:00,2.746,1032.6
2022-02-01 06:00:00,2.17,1032.7
2022-02-01 07:00:00,1.396,1033.0
2022-02-01 08:00:00,0.572,1033.3
2022-02-01 09:00:00,-0.037,1033.6
2022-02-01 10:00:00,-0.14,1034.0
2022-02-01 11:00:00,0.334,1034.3
2022-02-01 12:00:00,1.029,1034.9
2022-02-01 13:00:00,1.858,1035.3
2022-02-01 14:00:00,2.778,1035.7
2022-02-01 15:00:00,3.455,1035.6
2022-02-01 16:00:00,3.667,1035.8
2022-02-01 17:00:00,3.371,1036.0
2022-02-01 18:00:00,2.755,1034.8
2022-02-01 19:00:00,1.951,1034.4
2022-02-01 20:00:00,0.979,1034.0
2022-02-01 21:00:00,0.085,1033.9
2022-02-01 22:00:00,-0.465,1033.9
2022-02-01 23:00:00,-0.39,1034.9
2022-02-02 00:00:00,0.183,1035.5
2022-02-02 01:00:00,0.876,1035.2
2022-02-02 02:00:00,1.717,1035.2
2022-02-02 03:00:00,2.527,1034.7
2022-02-02 04:00:00,3.014,1034.7
2022-02-02 05:00:00,3.045,1034.0
2022-02-02 06:00:00,2.677,1033.5
2022-02-02 07:00:00,2.073,1033.8
2022-02-02 08:00:00,1.309,1033.6
2022-02-02 09:00:00,0.452,1032.7
2022-02-02 10:00:00,-0.155,1032.9
2022-02-02 11:00:00,-0.222,1032.9
2022-02-02 12:00:00,0.317,1033.0
2022-02-02 13:00:00,1.066,1033.3
2022-02-02 14:00:00,1.906,1032.8
2022-02-02 15:00:00,2.802,1032.7
2022-02-02 16:00:00,3.405,1032.6
2022-02-02 17:00:00,3.561,1031.4
2022-02-02 18:00:00,3.234,1030.5
2022-02-02 19:00:00,2.618,1030.3
2022-02-02 20:00:00,1.774,1029.2
2022-02-02 21:00:00,0.828,1029.1
2022-02-02 22:00:00,-0.006,1028.8
2022-02-02 23:00:00,-0.49,1028.4
2022-02-03 00:00:00,-0.228,1028.3
2022-02-03 01:00:00,0.325,1028.0
2022-02-03 02:00:00,1.068,1027.6
2022-02-03 03:00:00,1.946,1026.4
2022-02-03 04:00:00,2.729,1025.5
2022-02-03 05:00:00,3.181,1024.5
2022-02-03 06:00:00,3.109,1024.5
2022-02-03 07:00:00,2.676,1024.8
2022-02-03 08:00:00,2.044,1024.5
2022-02-03 09:00:00,1.234,1024.5
2022-02-03 10:00:00,0.426,1023.9
2022-02-03 11:00:00,-0.156,1024.3
2022-02-03 12:00:00,-0.162,1024.4
2022-02-03 13:00:00,0.435,1024.7
2022-02-03 14:00:00,1.101,1025.2
2022-02-03 15:00:00,1.969,1025.3
2022-02-03 16:00:00,2.787,1024.9
2022-02-03 17:00:00,3.316,1023.8
2022-02-03 18:00:00,3.36,1023.2
2022-02-03 19:00:00,3.002,1022.9
2022-02-03 20:00:00,2.338,1023.0
2022-02-03 21:00:00,1.542,1022.2
2022-02-03 22:00:00,0.622,1022.4
2022-02-03 23:00:00,-0.109,1022.5
2022-02-04 00:00:00,-0.428,1022.1
2022-02-04 01:00:00,-0.085,1020.8
2022-02-04 02:00:00,0.497,1019.9
2022-02-04 03:00:00,1.251,1018.8
2022-02-04 04:00:00,2.124,1018.1
2022-02-04 05:00:00,2.86,1017.3
2022-02-04 06:00:00,3.228,1016.6
2022-02-04 07:00:00,3.1,1015.8
2022-02-04 08:00:00,2.675,1014.8
2022-02-04 09:00:00,2.051,1014.2
2022-02-04 10:00:00,1.279,1014.1
2022-02-04 11:00:00,0.536,1013.7
2022-02-04 12:00:00,0.045,1014.4
2022-02-04 13:00:00,0.185,1014.3
2022-02-04 14:00:00,0.791,1014.6
2022-02-04 15:00:00,1.482,1014.8
2022-02-04 16:00:00,2.283,1014.5
2022-02-04 17:00:00,3.042,1013.8
2022-02-04 18:00:00,3.505,1013.1
2022-02-04 19:00:00,3.475,1012.5
2022-02-04 20:00:00,3.056,1013.2
2022-02-04 21:00:00,2.361,1013.2
2022-02-04 22:00:00,1.587,1013.6
2022-02-04 23:00:00,0.774,1014.0
2022-02-05 00:00:00,0.071,1014.3
2022-02-05 01:00:00,-0.173,1015.4
2022-02-05 02:00:00,0.188,1014.2
2022-02-05 03:00:00,0.742,1015.6
2022-02-05 04:00:00,1.524,1014.6
2022-02-05 05:00:00,2.351,1014.1
2022-02-05 06:00:00,2.851,1014.5
2022-02-05 07:00:00,3.14,1014.3
2022-02-05 08:00:00,2.885,1013.4
2022-02-05 09:00:00,2.373,1013.4
2022-02-05 10:00:00,1.804,1014.2
2022-02-05 11:00:00,1.056,1014.4
2022-02-05 12:00:00,0.341,1015.5
2022-02-05 13:00:00,0.049,1016.3
2022-02-05 14:00:00,0.179,1017.4
2022-02-05 15:00:00,0.724,1018.4
2022-02-05 16:00:00,1.401,1018.7
2022-02-05 17:00:00,2.055,1018.9
2022-02-05 18:00:00,2.714,1019.6
2022-02-05 19:00:00,3.006,1021.0
2022-02-05 20:00:00,2.931,1022.2
2022-02-05 21:00:00,2.496,1023.9
2022-02-05 22:00:00,1.905,1025.7
2022-02-05 23:00:00,1.171,1027.3
2022-02-06 00:00:00,0.465,1028.6
2022-02-06 01:00:00,-0.076,1030.1
2022-02-06 02:00:00,-0.049,1031.3
2022-02-06 03:00:00,0.378,1032.1
2022-02-06 04:00:00,0.933,1032.6
2022-02-06 05:00:00,1.556,1033.4
2022-02-06 06:00:00,2.331,1033.7
2022-02-06 07:00:00,2.817,1034.8
2022-02-06 08:00:00,2.959,1035.5
2022-02-06 09:00:00,2.655,1035.9
2022-02-06 10:00:00,2.171,1036.3
2022-02-06 11:00:00,1.553,1036.9
2022-02-06 12:00:00,0.841,1037.8
2022-02-06 13:00:00,0.292,1038.3
2022-02-06 14:00:00,0.054,1038.3
2022-02-06 15:00:00,0.361,1038.9
2022-02-06 16:00:00,0.779,1038.6
2022-02-06 17:00:00,1.458,1038.0
2022-02-06 18:00:00,2.091,1036.9
2022-02-06 19:00:00,2.663,1036.1
2022-02-06 20:00:00,2.888,1035.4
2022-02-06 21:00:00,2.699,1035.5
2022-02-06 22:00:00,2.316,1035.5
2022-02-06 23:00:00,1.75,1035.1
2022-02-07 00:00:00,1.043,1034.9
2022-02-07 01:00:00,0.474,1034.6
2022-02-07 02:00:00,0.116,1034.1
2022-02-07 03:00:00,0.217,1034.1
2022-02-07 04:00:00,0.667,1034.1
2022-02-07 05:00:00,1.197,1033.6
2022-02-07 06:00:00,1.875,1033.4
2022-02-07 07:00:00,2.529,1032.6
2022-02-07 08:00:00,2.944,1031.5
2022-02-07 09:00:00,2.948,1031.0
2022-02-07 10:00:00,2.609,1030.9
2022-02-07 11:00:00,2.126,1030.9
2022-02-07 12:00:00,1.486,1030.5
2022-02-07 13:00:00,0.826,1030.1
2022-02-07 14:00:00,0.356,1029.8
2022-02-07 15:00:00,0.238,1029.2
2022-02-07 16:00:00,0.54,1028.4
2022-02-07 17:00:00,0.952,1027.1
2022-02-07 18:00:00,1.522,1025.9
2022-02-07 19:00:00,2.144,1024.9
2022-02-07 20:00:00,2.598,1024.1
2022-02-07 21:00:00,2.732,1023.0
2022-02-07 22:00:00,2.589,1022.9
2022-02-07 23:00:00,2.195,1022.4
2022-02-08 00:00:00,1.687,1021.1
2022-02-08 01:00:00,1.096,1020.3
2022-02-08 02:00:00,0.583,1019.7
2022-02-08 03:00:00,0.363,1018.4
2022-02-08 04:00:00,0.589,1016.7
2022-02-08 05:00:00,0.986,1016.6
2022-02-08 06:00:00,1.511,1015.0
2022-02-08 07:00:00,2.122,1013.3
2022-02-08 08:00:00,2.719,1011.6
2022-02-08 09:00:00,2.959,1011.0
2022-02-08 10:00:00,2.941,1010.3
2022-02-08 11:00:00,2.646,1009.9
2022-02-08 12:00:00,2.129,1008.6
2022-02-08 13:00:00,1.517,1009.1
2022-02-08 14:00:00,1.0,1009.2
2022-02-08 15:00:00,0.553,1008.8
2022-02-08 16:00:00,0.523,1008.5
2022-02-08 17:00:00,0.758,1007.7
2022-02-08 18:00:00,1.162,1007.4
2022-02-08 19:00:00,1.75,1007.4
2022-02-08 20:00:00,2.238,1007.6
2022-02-08 21:00:00,2.664,1008.0
2022-02-08 22:00:00,2.758,1008.3
2022-02-08 23:00:00,2.567,1009.1
2022-02-09 00:00:00,2.206,1010.0
2022-02-09 01:00:00,1.659,1009.9
2022-02-09 02:00:00,1.149,1010.4
2022-02-09 03:00:00,0.685,1010.9
2022-02-09 04:00:00,0.486,1011.1
2022-02-09 05:00:00,0.711,1012.1
2022-02-09 06:00:00,1.013,1012.3
2022-02-09 07:00:00,1.499,1013.1
2022-02-09 08:00:00,2.023,1013.3
2022-02-09 09:00:00,2.435,1014.2
2022-02-09 10:00:00,2.619,1015.3
2022-02-09 11:00:00,2.589,1016.5
2022-02-09 12:00:00,2.166,1017.0
2022-02-09 13:00:00,1.8,1017.6
2022-02-09 14:00:00,1.213,1018.0
2022-02-09 15:00:00,0.73,1017.8
2022-02-09 16:00:00,0.362,1017.0
2022-02-09 17:00:00,0.268,1016.7
2022-02-09 18:00:00,0.514,1015.8
2022-02-09 19:00:00,0.893,1015.4
2022-02-09 20:00:00,1.411,1015.0
2022-02-09 21:00:00,1.884,1014.4
2022-02-09 22:00:00,2.271,1014.4
2022-02-09 23:00:00,2.454,1014.9
2022-02-10 00:00:00,2.221,1015.2
2022-02-10 01:00:00,1.936,1015.3
2022-02-10 02:00:00,1.507,1015.1
2022-02-10 03:00:00,1.036,1014.7
2022-02-10 04:00:00,0.736,1014.3
2022-02-10 05:00:00,0.566,1014.0
2022-02-10 06:00:00,0.855,1013.3
2022-02-10 07:00:00,1.221,1012.7
2022-02-10 08:00:00,1.764,1012.3
2022-02-10 09:00:00,2.186,1011.8
2022-02-10 10:00:00,2.667,1011.7
2022-02-10 11:00:00,2.863,1011.1
2022-02-10 12:00:00,2.756,1010.9
2022-02-10 13:00:00,2.471,1010.9
2022-02-10 14:00:00,1.977,1010.6
2022-02-10 15:00:00,1.425,1010.1
2022-02-10 16:00:00,0.934,1009.2
2022-02-10 17:00:00,0.541,1007.7
2022-02-10 18:00:00,0.542,1006.2
2022-02-10 19:00:00,0.759,1005.7
2022-02-10 20:00:00,1.09,1005.8
2022-02-10 21:00:00,1.557,1006.4
2022-02-10 22:00:00,1.987,1007.4
2022-02-10 23:00:00,2.418,1008.6
2022-02-11 00:00:00,2.491,1009.9
2022-02-11 01:00:00,2.35,1010.6
2022-02-11 02:00:00,2.019,1011.5
2022-02-11 03:00:00,1.587,1012.5
2022-02-11 04:00:00,1.123,1012.8
2022-02-11 05:00:00,0.735,1013.0
2022-02-11 06:00:00,0.642,1013.4
2022-02-11 07:00:00,0.851,1013.9
2022-02-11 08:00:00,1.186,1014.0
2022-02-11 09:00:00,1.656,1014.3
2022-02-11 10:00:00,2.166,1014.9
2022-02-11 11:00:00,2.605,1015.5
2022-02-11 12:00:00,2.773,1016.0
2022-02-11 13:00:00,2.66,1016.7
2022-02-11 14:00:00,2.41,1016.5
2022-02-11 15:00:00,1.954,1016.4
2022-02-11 16:00:00,1.433,1016.1
2022-02-11 17:00:00,0.843,1015.1
2022-02-11 18:00:00,0.512,1013.9
2022-02-11 19:00:00,0.477,1013.2
2022-02-11 20:00:00,0.644,1012.4
2022-02-11 21:00:00,0.955,1012.4
2022-02-11 22:00:00,1.412,1012.4
2022-02-11 23:00:00,1.927,1012.8
2022-02-12 00:00:00,2.28,1013.0
2022-02-12 01:00:00,2.392,1013.3
2022-02-12 02:00:00,2.254,1013.4
2022-02-12 03:00:00,1.961,1013.1
2022-02-12 04:00:00,1.558,1012.5
2022-02-12 05:00:00,1.105,1011.8
2022-02-12 06:00:00,0.739,1011.1
2022-02-12 07:00:00,0.657,1010.5
2022-02-12 08:00:00,0.872,1010.0
2022-02-12 09:00:00,1.291,1009.6
2022-02-12 10:00:00,1.77,1009.6
2022-02-12 11:00:00,2.244,1009.7
2022-02-12 12:00:00,2.658,1009.8
2022-02-12 13:00:00,2.896,1009.9
2022-02-12 14:00:00,2.763,1010.0
2022-02-12 15:00:00,2.45,1010.0
2022-02-12 16:00:00,1.945,1009.7
2022-02-12 17:00:00,1.389,1009.2
2022-02-12 18:00:00,0.852,1008.6
2022-02-12 19:00:00,0.489,1008.8
2022-02-12 20:00:00,0.467,1009.6
2022-02-12 21:00:00,0.602,1010.6
2022-02-12 22:00:00,1.009,1011.6
2022-02-12 23:00:00,1.53,1012.8
2022-02-13 00:00:00,1.971,1015.2
2022-02-13 01:00:00,2.303,1016.1
2022-02-13 02:00:00,2.385,1017.3
2022-02-13 03:00:00,2.213,1018.1
2022-02-13 04:00:00,1.869,1018.6
2022-02-13 05:00:00,1.435,1018.9
2022-02-13 06:00:00,0.967,1019.5
2022-02-13 07:00:00,0.614,1019.2
2022-02-13 08:00:00,0.584,1019.5
2022-02-13 09:00:00,0.876,1020.0
2022-02-13 10:00:00,1.265,1020.6
2022-02-13 11:00:00,1.792,1021.4
2022-02-13 12:00:00,2.3,1022.2
2022-02-13 13:00:00,2.717,1022.7
2022-02-13 14:00:00,2.894,1022.5
2022-02-13 15:00:00,2.694,1022.4
2022-02-13 16:00:00,2.305,1022.1
2022-02-13 17:00:00,1.787,1020.3
2022-02-13 18:00:00,1.131,1019.9
2022-02-13 19:00:00,0.625,1018.8
2022-02-13 20:00:00,0.261,1018.3
2022-02-13 21:00:00,0.331,1018.0
2022-02-13 22:00:00,0.644,1017.7
2022-02-13 23:00:00,1.05,1017.7
2022-02-14 00:00:00,1.673,1017.4
2022-02-14 01:00:00,2.187,1016.9
2022-02-14 02:00:00,2.512,1016.6
2022-02-14 03:00:00,2.651,1015.7
2022-02-14 04:00:00,2.355,1015.4
2022-02-14 05:00:00,2.089,1014.5
2022-02-14 06:00:00,1.527,1014.0
2022-02-14 07:00:00,1.043,1013.8
2022-02-14 08:00:00,0.726,1013.5
2022-02-14 09:00:00,0.727,1013.5
2022-02-14 10:00:00,1.105,1013.5
2022-02-14 11:00:00,1.544,1013.7
2022-02-14 12:00:00,2.094,1014.0
2022-02-14 13:00:00,2.642,1014.2
2022-02-14 14:00:00,3.053,1014.2
2022-02-14 15:00:00,3.111,1014.2
2022-02-14 16:00:00,2.871,1014.5
2022-02-14 17:00:00,2.399,1014.3
2022-02-14 18:00:00,1.743,1014.5
2022-02-14 19:00:00,1.118,1014.8
2022-02-14 20:00:00,0.569,1015.7
2022-02-14 21:00:00,0.25,1016.9
2022-02-14 22:00:00,0.349,1018.7
2022-02-14 23:00:00,0.746,1020.5
2022-02-15 00:00:00,1.223,1022.1
2022-02-15 01:00:00,1.795,1023.4
2022-02-15 02:00:00,2.24,1024.8
2022-02-15 03:00:00,2.506,1025.9
2022-02-15 04:00:00,2.414,1026.3
2022-02-15 05:00:00,2.136,1027.0
2022-02-15 06:00:00,1.665,1027.7
2022-02-15 07:00:00,1.103,1028.2
2022-02-15 08:00:00,0.61,1028.3
2022-02-15 09:00:00,0.326,1028.9
2022-02-15 10:00:00,0.454,1030.1
2022-02-15 11:00:00,0.892,1031.5
2022-02-15 12:00:00,1.347,1032.4
2022-02-15 13:00:00,1.963,1033.9
2022-02-15 14:00:00,2.539,1034.6
2022-02-15 15:00:00,2.83,1035.0
2022-02-15 16:00:00,2.799,1035.5
2022-02-15 17:00:00,2.366,1035.0
2022-02-15 18:00:00,1.839,1034.1
2022-02-15 19:00:00,1.17,1034.0
2022-02-15 20:00:00,0.49,1034.4
2022-02-15 21:00:00,-0.008,1034.7
2022-02-15 22:00:00,-0.127,1035.5
2022-02-15 23:00:00,0.163,1036.5
2022-02-16 00:00:00,0.693,1037.9
2022-02-16 01:00:00,1.276,1038.7
2022-02-16 02:00:00,1.917,1039.6
2022-02-16 03:00:00,2.348,1040.0
2022-02-16 04:00:00,2.513,1040.5
2022-02-16 05:00:00,2.302,1040.8
2022-02-16 06:00:00,1.925,1041.1
2022-02-16 07:00:00,1.37,1041.2
2022-02-16 08:00:00,0.743,1040.9
2022-02-16 09:00:00,0.261,1041.3
2022-02-16 10:00:00,0.122,1041.1
2022-02-16 11:00:00,0.444,1041.8
2022-02-16 12:00:00,0.935,1041.9
2022-02-16 13:00:00,1.564,1041.9
2022-02-16 14:00:00,2.247,1041.6
2022-02-16 15:00:00,2.763,1040.8
2022-02-16 16:00:00,2.972,1040.2
2022-02-16 17:00:00,2.748,1038.2
2022-02-16 18:00:00,2.264,1036.6
2022-02-16 19:00:00,1.615,1035.1
2022-02-16 20:00:00,0.867,1034.2
2022-02-16 21:00:00,0.172,1032.8
2022-02-16 22:00:00,-0.113,1032.4
2022-02-16 23:00:00,-0.058,1031.5
2022-02-17 00:00:00,0.456,1030.9
2022-02-17 01:00:00,1.015,1030.0
2022-02-17 02:00:00,1.676,1028.9
2022-02-17 03:00:00,2.312,1028.2
2022-02-17 04:00:00,2.653,1027.5
2022-02-17 05:00:00,2.666,1026.7
2022-02-17 06:00:00,2.322,1026.2
2022-02-17 07:00:00,1.803,1025.6
2022-02-17 08:00:00,1.151,1024.5
2022-02-17 09:00:00,0.47,1023.8
2022-02-17 10:00:00,0.031,1023.4
2022-02-17 11:00:00,0.038,1023.1
2022-02-17 12:00:00,0.529,1022.1
2022-02-17 13:00:00,1.059,1021.6
2022-02-17 14:00:00,1.825,1021.0
2022-02-17 15:00:00,2.464,1020.3
2022-02-17 16:00:00,2.903,1020.0
2022-02-17 17:00:00,2.989,1018.2
2022-02-17 18:00:00,2.596,1017.3
2022-02-17 19:00:00,2.04,1015.5
2022-02-17 20:00:00,1.337,1014.4
2022-02-17 21:00:00,0.631,1013.5
2022-02-17 22:00:00,0.029,1011.9
2022-02-17 23:00:00,-0.216,1011.8
2022-02-18 00:00:00,0.091,1010.5
2022-02-18 01:00:00,0.68,1008.8
2022-02-18 02:00:00,1.343,1007.9
2022-02-18 03:00:00,2.066,1006.1
2022-02-18 04:00:00,2.636,1004.0
2022-02-18 05:00:00,2.884,1002.3
2022-02-18 06:00:00,2.726,999.8
2022-02-18 07:00:00,2.266,997.8
2022-02-18 08:00:00,1.666,994.8
2022-02-18 09:00:00,1.019,993.3
2022-02-18 10:00:00,0.383,991.5
2022-02-18 11:00:00,0.091,990.0
2022-02-18 12:00:00,0.324,988.9
2022-02-18 13:00:00,0.809,989.5
2022-02-18 14:00:00,1.498,992.1
2022-02-18 15:00:00,2.216,994.8
2022-02-18 16:00:00,2.801,997.9
2022-02-18 17:00:00,3.114,1000.6
2022-02-18 18:00:00,2.963,1002.2
2022-02-18 19:00:00,2.503,1004.1
2022-02-18 20:00:00,1.865,1005.8
2022-02-18 21:00:00,1.035,1007.7
2022-02-18 22:00:00,0.247,1009.6
2022-02-18 23:00:00,-0.294,1011.5
2022-02-19 00:00:00,-0.419,1012.9
2022-02-19 01:00:00,0.152,1014.4
2022-02-19 02:00:00,0.793,1015.6
2022-02-19 03:00:00,1.5,1016.4
2022-02-19 04:00:00,2.364,1017.4
2022-02-19 05:00:00,2.854,1017.5
2022-02-19 06:00:00,2.988,1017.9
2022-02-19 07:00:00,2.747,1017.9
2022-02-19 08:00:00,2.242,1017.5
2022-02-19 09:00:00,1.551,1017.0
2022-02-19 10:00:00,0.771,1017.0
2022-02-19 11:00:00,0.181,1016.7
2022-02-19 12:00:00,0.078,1016.3
2022-02-19 13:00:00,0.519,1015.7
2022-02-19 14:00:00,1.087,1014.4
2022-02-19 15:00:00,1.75,1012.8
2022-02-19 16:00:00,2.505,1010.8
2022-02-19 17:00:00,3.072,1009.8
2022-02-19 18:00:00,3.274,1008.1
2022-02-19 19:00:00,3.008,1007.3
2022-02-19 20:00:00,2.444,1007.9
2022-02-19 21:00:00,1.783,1008.1
2022-02-19 22:00:00,1.039,1008.3
2022-02-19 23:00:00,0.386,1010.3
2022-02-20 00:00:00,-0.099,1012.0
2022-02-20 01:00:00,-0.035,1013.4
2022-02-20 02:00:00,0.52,1014.9
2022-02-20 03:00:00,1.204,1016.2
2022-02-20 04:00:00,1.928,1017.8
2022-02-20 05:00:00,2.515,1019.2
2022-02-20 06:00:00,2.826,1021.0
2022-02-20 07:00:00,2.782,1022.5
2022-02-20 08:00:00,2.332,1023.7
2022-02-20 09:00:00,1.792,1025.3
2022-02-20 10:00:00,0.974,1027.0
2022-02-20 11:00:00,0.388,1028.2
2022-02-20 12:00:00,-0.153,1029.4
2022-02-20 13:00:00,-0.098,1030.4
2022-02-20 14:00:00,0.383,1030.8
2022-02-20 15:00:00,1.013,1030.7
2022-02-20 16:00:00,1.783,1030.5
2022-02-20 17:00:00,2.451,1029.4
2022-02-20 18:00:00,2.949,1028.3
2022-02-20 19:00:00,2.969,1027.3
2022-02-20 20:00:00,2.68,1026.4
2022-02-20 21:00:00,2.096,1025.5
2022-02-20 22:00:00,1.388,1025.0
2022-02-20 23:00:00,0.646,1024.6
2022-02-21 00:00:00,0.091,1024.7
2022-02-21 01:00:00,-0.164,1023.9
2022-02-21 02:00:00,0.117,1024.2
2022-02-21 03:00:00,0.675,1023.5
2022-02-21 04:00:00,1.312,1023.5
2022-02-21 05:00:00,2.03,1023.4
2022-02-21 06:00:00,2.6,1023.8
2022-02-21 07:00:00,2.852,1023.9
2022-02-21 08:00:00,2.639,1023.6
2022-02-21 09:00:00,2.147,1023.4
2022-02-21 10:00:00,1.499,1023.7
2022-02-21 11:00:00,0.795,1024.2
2022-02-21 12:00:00,0.085,1025.0
2022-02-21 13:00:00,-0.296,1025.6
2022-02-21 14:00:00,-0.125,1026.0
2022-02-21 15:00:00,0.43,1026.3
2022-02-21 16:00:00,1.125,1026.1
2022-02-21 17:00:00,1.802,1025.8
2022-02-21 18:00:00,2.516,1025.1
2022-02-21 19:00:00,2.92,1024.7
2022-02-21 20:00:00,2.863,1024.7
2022-02-21 21:00:00,2.509,1025.1
2022-02-21 22:00:00,1.902,1025.5
2022-02-21 23:00:00,1.215,1026.2
2022-02-22 00:00:00,0.566,1026.9
2022-02-22 01:00:00,0.02,1027.6
2022-02-22 02:00:00,-0.044,1028.4
2022-02-22 03:00:00,0.405,1029.3
2022-02-22 04:00:00,0.994,1029.2
2022-02-22 05:00:00,1.691,1029.1
2022-02-22 06:00:00,2.449,1029.5
2022-02-22 07:00:00,2.937,1029.5
2022-02-22 08:00:00,3.108,1029.0
2022-02-22 09:00:00,2.875,1028.7
2022-02-22 10:00:00,2.328,1029.8
2022-02-22 11:00:00,1.683,1029.8
2022-02-22 12:00:00,0.902,1029.9
2022-02-22 13:00:00,0.285,1030.7
2022-02-22 14:00:00,-0.004,1030.9
2022-02-22 15:00:00,0.19,1030.5
2022-02-22 16:00:00,0.716,1029.1
2022-02-22 17:00:00,1.263,1028.5
2022-02-22 18:00:00,1.973,1026.3
2022-02-22 19:00:00,2.569,1025.0
2022-02-22 20:00:00,2.877,1024.2
2022-02-22 21:00:00,2.824,1023.1
2022-02-22 22:00:00,2.395,1021.8
2022-02-22 23:00:00,1.897,1020.2
2022-02-23 00:00:00,1.227,1018.2
2022-02-23 01:00:00,0.635,1016.2
2022-02-23 02:00:00,0.184,1014.4
2022-02-23 03:00:00,0.271,1013.3
2022-02-23 04:00:00,0.769,1012.0
2022-02-23 05:00:00,1.328,1011.1
2022-02-23 06:00:00,2.03,1010.6
2022-02-23 07:00:00,2.71,1009.4
2022-02-23 08:00:00,3.156,1009.7
2022-02-23 09:00:00,3.171,1009.9
2022-02-23 10:00:00,2.932,1010.2
2022-02-23 11:00:00,2.358,1010.0
2022-02-23 12:00:00,1.674,1010.0
2022-02-23 13:00:00,0.958,1009.8
2022-02-23 14:00:00,0.34,1009.3
2022-02-23 15:00:00,0.059,1008.7
2022-02-23 16:00:00,0.332,1007.9
2022-02-23 17:00:00,0.685,1007.3
2022-02-23 18:00:00,1.335,1006.8
2022-02-23 19:00:00,1.928,1006.7
2022-02-23 20:00:00,2.424,1006.9
2022-02-23 21:00:00,2.687,1007.6
2022-02-23 22:00:00,2.577,1010.3
2022-02-23 23:00:00,2.179,1013.5
2022-02-24 00:00:00,1.599,1014.9
2022-02-24 01:00:00,1.013,1016.7
2022-02-24 02:00:00,0.395,1017.9
2022-02-24 03:00:00,0.105,1019.2
2022-02-24 04:00:00,0.155,1020.5
2022-02-24 05:00:00,0.502,1022.2
2022-02-24 06:00:00,1.001,1023.8
2022-02-24 07:00:00,1.729,1024.6
2022-02-24 08:00:00,2.285,1025.9
2022-02-24 09:00:00,2.722,1026.6
2022-02-24 10:00:00,2.858,1027.8
2022-02-24 11:00:00,2.549,1028.9
2022-02-24 12:00:00,2.118,1030.4
2022-02-24 13:00:00,1.405,1031.8
2022-02-24 14:00:00,0.789,1031.6
2022-02-24 15:00:00,0.256,1032.2
2022-02-24 16:00:00,0.04,1032.3
2022-02-24 17:00:00,0.171,1032.4
2022-02-24 18:00:00,0.58,1032.0
2022-02-24 19:00:00,1.075,1031.9
2022-02-24 20:00:00,1.73,1031.9
2022-02-24 21:00:00,2.264,1031.6
2022-02-24 22:00:00,2.506,1031.9
2022-02-24 23:00:00,2.527,1032.4
2022-02-25 00:00:00,2.166,1032.4
2022-02-25 01:00:00,1.696,1032.9
2022-02-25 02:00:00,1.113,1033.1
2022-02-25 03:00:00,0.578,1032.8
2022-02-25 04:00:00,0.263,1031.4
2022-02-25 05:00:00,0.374,1031.0
2022-02-25 06:00:00,0.778,1030.9
2022-02-25 07:00:00,1.376,1030.4
2022-02-25 08:00:00,1.98,1028.8
2022-02-25 09:00:00,2.594,1027.8
2022-02-25 10:00:00,3.049,1026.8
2022-02-25 11:00:00,3.131,1025.3
2022-02-25 12:00:00,2.884,1023.7
2022-02-25 13:00:00,2.404,1023.1
2022-02-25 14:00:00,1.81,1021.9
2022-02-25 15:00:00,1.178,1018.9
2022-02-25 16:00:00,0.647,1016.6
2022-02-25 17:00:00,0.327,1013.3
2022-02-25 18:00:00,0.589,1012.6
2022-02-25 19:00:00,0.887,1012.5
2022-02-25 20:00:00,1.389,1013.6
2022-02-25 21:00:00,1.959,1014.5
2022-02-25 22:00:00,2.569,1016.2
2022-02-25 23:00:00,3.001,1018.7
2022-02-26 00:00:00,2.778,1020.4
2022-02-26 01:00:00,2.428,1021.9
2022-02-26 02:00:00,1.947,1023.2
2022-02-26 03:00:00,1.336,1024.6
2022-02-26 04:00:00,0.741,1025.4
2022-02-26 05:00:00,0.302,1026.2
2022-02-26 06:00:00,0.446,1026.5
2022-02-26 07:00:00,0.917,1026.9
2022-02-26 08:00:00,1.421,1026.7
2022-02-26 09:00:00,2.002,1027.0
2022-02-26 10:00:00,2.61,1028.0
2022-02-26 11:00:00,3.084,1028.9
2022-02-26 12:00:00,3.217,1029.4
2022-02-26 13:00:00,2.924,1030.1
2022-02-26 14:00:00,2.417,1030.1
2022-02-26 15:00:00,1.703,1029.7
2022-02-26 16:00:00,1.005,1028.6
2022-02-26 17:00:00,0.293,1027.8
2022-02-26 18:00:00,-0.068,1026.9
2022-02-26 19:00:00,0.032,1025.9
2022-02-26 20:00:00,0.404,1025.3
2022-02-26 21:00:00,0.935,1024.3
2022-02-26 22:00:00,1.627,1023.9
2022-02-26 23:00:00,2.284,1023.9
2022-02-27 00:00:00,2.661,1024.2
2022-02-27 01:00:00,2.695,1023.6
2022-02-27 02:00:00,2.426,1023.5
2022-02-27 03:00:00,1.939,1023.1
2022-02-27 04:00:00,1.339,1022.3
2022-02-27 05:00:00,0.701,1021.2
2022-02-27 06:00:00,0.232,1020.5
2022-02-27 07:00:00,0.181,1019.3
2022-02-27 08:00:00,0.576,1018.5
2022-02-27 09:00:00,1.159,1018.0
2022-02-27 10:00:00,1.844,1017.8
2022-02-27 11:00:00,2.564,1016.6
2022-02-27 12:00:00,3.072,1016.3
2022-02-27 13:00:00,3.203,1016.2
2022-02-27 14:00:00,2.985,1014.9
2022-02-27 15:00:00,2.462,1013.2
2022-02-27 16:00:00,1.799,1011.9
2022-02-27 17:00:00,1.017,1010.1
2022-02-27 18:00:00,0.284,1008.6
2022-02-27 19:00:00,-0.174,1007.3
2022-02-27 20:00:00,-0.14,1006.6
2022-02-27 21:00:00,0.249,1006.5
2022-02-27 22:00:00,0.797,1006.8
2022-02-27 23:00:00,1.547,1007.5
2022-02-28 00:00:00,2.216,1007.8
2022-02-28 01:00:00,2.608,1008.5
2022-02-28 02:00:00,2.602,1010.0
2022-02-28 03:00:00,2.48,1012.0
2022-02-28 04:00:00,1.956,1013.0
2022-02-28 05:00:00,1.364,1014.0
2022-02-28 06:00:00,0.685,1014.7
2022-02-28 07:00:00,0.17,1015.2
2022-02-28 08:00:00,0.065,1015.7
2022-02-28 09:00:00,0.334,1016.7
2022-02-28 10:00:00,0.908,1018.2
2022-02-28 11:00:00,1.732,1019.3
2022-02-28 12:00:00,2.46,1020.5
2022-02-28 13:00:00,3.025,1021.8
2022-02-28 14:00:00,3.256,1022.3
2022-02-28 15:00:00,3.071,1022.6
2022-02-28 16:00:00,2.551,1023.0
2022-02-28 17:00:00,1.82,1022.9
2022-02-28 18:00:00,0.997,1022.6
2022-02-28 19:00:00,0.267,1022.4
2022-02-28 20:00:00,-0.188,1023.2
2022-02-28 21:00:00,-0.197,1023.4
2022-02-28 22:00:00,0.251,1024.3
2022-02-28 23:00:00,0.828,1025.0
2022-03-01 00:00:00,1.574,1025.5
2022-03-01 01:00:00,2.273,1026.1
2022-03-01 02:00:00,2.771,1026.4
2022-03-01 03:00:00,2.845,1026.7
2022-03-01 04:00:00,2.559,1026.7
2022-03-01 05:00:00,2.035,1026.8
2022-03-01 06:00:00,1.343,1027.1
2022-03-01 07:00:00,0.628,1027.0
2022-03-01 08:00:00,0.098,1026.7
2022-03-01 09:00:00,0.021,1026.5
2022-03-01 10:00:00,0.495,1026.9
2022-03-01 11:00:00,1.098,1027.0
2022-03-01 12:00:00,1.873,1027.1
2022-03-01 13:00:00,2.652,1026.9
2022-03-01 14:00:00,3.247,1026.3
2022-03-01 15:00:00,3.451,1025.1
2022-03-01 16:00:00,3.193,1024.3
2022-03-01 17:00:00,2.572,1022.4
2022-03-01 18:00:00,1.837,1020.4
2022-03-01 19:00:00,0.972,1019.1
2022-03-01 20:00:00,0.187,1018.3
2022-03-01 21:00:00,-0.301,1017.5
2022-03-01 22:00:00,-0.153,1017.0
2022-03-01 23:00:00,0.391,1016.2
2022-03-02 00:00:00,1.12,1015.3
2022-03-02 01:00:00,1.883,1014.3
2022-03-02 02:00:00,2.656,1013.2
2022-03-02 03:00:00,3.101,1012.8
2022-03-02 04:00:00,3.103,1012.1
2022-03-02 05:00:00,2.763,1011.0
2022-03-02 06:00:00,2.144,1010.5
2022-03-02 07:00:00,1.403,1009.9
2022-03-02 08:00:00,0.615,1009.7
2022-03-02 09:00:00,0.042,1009.9
2022-03-02 10:00:00,0.026,1010.9
2022-03-02 11:00:00,0.536,1011.8
2022-03-02 12:00:00,1.212,1012.4
2022-03-02 13:00:00,2.038,1013.0
2022-03-02 14:00:00,2.848,1013.8
2022-03-02 15:00:00,3.387,1013.6
2022-03-02 16:00:00,3.537,1013.9
2022-03-02 17:00:00,3.161,1013.9
2022-03-02 18:00:00,2.537,1012.4
2022-03-02 19:00:00,1.755,1012.4
2022-03-02 20:00:00,0.876,1012.5
2022-03-02 21:00:00,0.101,1012.7
2022-03-02 22:00:00,-0.256,1013.2
2022-03-02 23:00:00,0.0,1014.0
2022-03-03 00:00:00,0.59,1014.8
2022-03-03 01:00:00,1.353,1014.6
2022-03-03 02:00:00,2.151,1013.8
2022-03-03 03:00:00,2.873,1013.1
2022-03-03 04:00:00,3.25,1012.4
2022-03-03 05:00:00,3.149,1011.0
2022-03-03 06:00:00,2.687,1009.1
2022-03-03 07:00:00,2.027,1008.3
2022-03-03 08:00:00,1.216,1007.8
2022-03-03 09:00:00,0.393,1007.4
2022-03-03 10:00:00,-0.091,1007.5
2022-03-03 11:00:00,0.007,1008.5
2022-03-03 12:00:00,0.589,1009.7
2022-03-03 13:00:00,1.358,1010.6
2022-03-03 14:00:00,2.191,1011.5
2022-03-03 15:00:00,2.996,1012.2
2022-03-03 16:00:00,3.423,1013.1
2022-03-03 17:00:00,3.425,1013.5
2022-03-03 18:00:00,2.982,1013.7
2022-03-03 19:00:00,2.29,1014.3
2022-03-03 20:00:00,1.467,1014.9
2022-03-03 21:00:00,0.512,1016.2
2022-03-03 22:00:00,-0.118,1017.3
2022-03-03 23:00:00,-0.318,1019.2
2022-03-04 00:00:00,0.116,1021.4
2022-03-04 01:00:00,0.708,1022.9
2022-03-04 02:00:00,1.471,1024.8
2022-03-04 03:00:00,2.304,1026.0
2022-03-04 04:00:00,2.951,1027.2
2022-03-04 05:00:00,3.196,1028.3
2022-03-04 06:00:00,2.923,1029.2
2022-03-04 07:00:00,2.391,1029.8
2022-03-04 08:00:00,1.611,1030.2
2022-03-04 09:00:00,0.774,1030.7
2022-03-04 10:00:00,0.085,1031.6
2022-03-04 11:00:00,-0.245,1032.2
2022-03-04 12:00:00,-0.025,1032.9
2022-03-04 13:00:00,0.568,1033.4
2022-03-04 14:00:00,1.341,1033.5
2022-03-04 15:00:00,2.208,1033.1
2022-03-04 16:00:00,2.944,1032.3
2022-03-04 17:00:00,3.294,1031.3
2022-03-04 18:00:00,3.222,1030.0
2022-03-04 19:00:00,2.742,1028.8
2022-03-04 20:00:00,2.041,1028.4
2022-03-04 21:00:00,1.22,1028.1
2022-03-04 22:00:00,0.379,1027.8
2022-03-04 23:00:00,-0.17,1028.0
2022-03-05 00:00:00,-0.21,1028.8
2022-03-05 01:00:00,0.285,1029.2
2022-03-05 02:00:00,0.884,1030.3
2022-03-05 03:00:00,1.652,1030.3
2022-03-05 04:00:00,2.437,1030.4
2022-03-05 05:00:00,2.966,1030.6
2022-03-05 06:00:00,3.01,1030.9
2022-03-05 07:00:00,2.688,1031.1
2022-03-05 08:00:00,2.079,1030.9
2022-03-05 09:00:00,1.359,1030.9
2022-03-05 10:00:00,0.585,1031.7
2022-03-05 11:00:00,-0.061,1032.2
2022-03-05 12:00:00,-0.341,1032.7
2022-03-05 13:00:00,0.039,1033.0
2022-03-05 14:00:00,0.628,1033.3
2022-03-05 15:00:00,1.373,1033.0
2022-03-05 16:00:00,2.177,1032.6
2022-03-05 17:00:00,2.812,1032.1
2022-03-05 18:00:00,3.066,1031.2
2022-03-05 19:00:00,2.891,1031.0
2022-03-05 20:00:00,2.405,1030.7
2022-03-05 21:00:00,1.72,1030.2
2022-03-05 22:00:00,0.939,1029.7
2022-03-05 23:00:00,0.262,1029.4
2022-03-06 00:00:00,-0.147,1029.9
2022-03-06 01:00:00,0.005,1029.8
2022-03-06 02:00:00,0.559,1029.4
2022-03-06 03:00:00,1.244,1028.8
2022-03-06 04:00:00,1.965,1028.1
2022-03-06 05:00:00,2.7,1027.2
2022-03-06 06:00:00,3.099,1026.1
2022-03-06 07:00:00,3.058,1025.1
2022-03-06 08:00:00,2.648,1023.6
2022-03-06 09:00:00,1.998,1022.0
2022-03-06 10:00:00,1.304,1020.4
2022-03-06 11:00:00,0.621,1018.5
2022-03-06 12:00:00,0.079,1016.9
2022-03-06 13:00:00,0.075,1015.6
2022-03-06 14:00:00,0.492,1014.7
2022-03-06 15:00:00,1.049,1012.9
2022-03-06 16:00:00,1.774,1012.2
2022-03-06 17:00:00,2.453,1012.2
2022-03-06 18:00:00,2.977,1009.9
2022-03-06 19:00:00,3.112,1009.0
2022-03-06 20:00:00,2.776,1008.5
2022-03-06 21:00:00,2.249,1008.2
2022-03-06 22:00:00,1.52,1008.4
2022-03-06 23:00:00,0.804,1008.7
2022-03-07 00:00:00,0.234,1007.6
2022-03-07 01:00:00,0.077,1007.1
2022-03-07 02:00:00,0.308,1006.5
2022-03-07 03:00:00,0.795,1006.1
2022-03-07 04:00:00,1.553,1006.4
2022-03-07 05:00:00,2.233,1006.6
2022-03-07 06:00:00,2.82,1007.9
2022-03-07 07:00:00,3.102,1008.6
2022-03-07 08:00:00,2.924,1009.1
2022-03-07 09:00:00,2.488,1009.7
2022-03-07 10:00:00,1.876,1010.3
2022-03-07 11:00:00,1.098,1010.2
2022-03-07 12:00:00,0.452,1010.9
2022-03-07 13:00:00,0.076,1011.7
2022-03-07 14:00:00,0.127,1011.7
2022-03-07 15:00:00,0.566,1010.8
2022-03-07 16:00:00,1.152,1010.3
2022-03-07 17:00:00,1.844,1008.5
2022-03-07 18:00:00,2.549,1005.7
2022-03-07 19:00:00,2.955,1003.1
2022-03-07 20:00:00,2.97,1002.1
2022-03-07 21:00:00,2.641,1001.7
2022-03-07 22:00:00,2.162,1001.4
2022-03-07 23:00:00,1.566,1000.2
2022-03-08 00:00:00,0.928,998.8
2022-03-08 01:00:00,0.605,997.1
2022-03-08 02:00:00,0.459,994.1
2022-03-08 03:00:00,0.843,992.4
2022-03-08 04:00:00,1.323,996.7
2022-03-08 05:00:00,1.9,997.8
2022-03-08 06:00:00,2.353,999.8
2022-03-08 07:00:00,2.989,1001.2
2022-03-08 08:00:00,2.982,1002.3
2022-03-08 09:00:00,2.872,1003.8
2022-03-08 10:00:00,2.334,1005.3
2022-03-08 11:00:00,1.686,1006.7
2022-03-08 12:00:00,0.845,1008.2
2022-03-08 13:00:00,0.248,1010.1
2022-03-08 14:00:00,0.003,1011.3
2022-03-08 15:00:00,0.063,1012.6
2022-03-08 16:00:00,0.565,1013.8
2022-03-08 17:00:00,0.979,1014.1
2022-03-08 18:00:00,1.57,1015.0
2022-03-08 19:00:00,2.097,1015.3
2022-03-08 20:00:00,2.425,1016.3
2022-03-08 21:00:00,2.42,1016.7
2022-03-08 22:00:00,2.081,1017.9
2022-03-08 23:00:00,1.567,1019.0
2022-03-09 00:00:00,1.043,1019.7
2022-03-09 01:00:00,0.571,1020.5
2022-03-09 02:00:00,0.285,1021.4
2022-03-09 03:00:00,0.381,1022.1
2022-03-09 04:00:00,0.756,1022.3
2022-03-09 05:00:00,1.199,1022.8
2022-03-09 06:00:00,1.813,1022.7
2022-03-09 07:00:00,2.382,1022.1
2022-03-09 08:00:00,2.752,1022.0
2022-03-09 09:00:00,2.797,1021.9
2022-03-09 10:00:00,2.488,1021.6
2022-03-09 11:00:00,2.095,1022.2
2022-03-09 12:00:00,1.555,1022.0
2022-03-09 13:00:00,0.97,1022.0
2022-03-09 14:00:00,0.563,1021.5
2022-03-09 15:00:00,0.422,1020.7
2022-03-09 16:00:00,0.656,1019.9
2022-03-09 17:00:00,1.03,1018.8
2022-03-09 18:00:00,1.445,1017.3
2022-03-09 19:00:00,1.981,1016.6
2022-03-09 20:00:00,2.4,1016.1
2022-03-09 21:00:00,2.606,1014.8
2022-03-09 22:00:00,2.492,1014.1
2022-03-09 23:00:00,2.106,1013.9
2022-03-10 00:00:00,1.829,1015.1
2022-03-10 01:00:00,1.263,1015.0
2022-03-10 02:00:00,0.842,1015.5
2022-03-10 03:00:00,0.587,1015.9
2022-03-10 04:00:00,0.798,1016.0
2022-03-10 05:00:00,1.201,1016.4
2022-03-10 06:00:00,1.668,1016.5
2022-03-10 07:00:00,2.17,1016.9
2022-03-10 08:00:00,2.643,1016.7
2022-03-10 09:00:00,2.937,1017.8
2022-03-10 10:00:00,2.958,1018.1
2022-03-10 11:00:00,2.664,1019.4
2022-03-10 12:00:00,2.205,1020.2
2022-03-10 13:00:00,1.675,1020.8
2022-03-10 14:00:00,1.129,1021.1
2022-03-10 15:00:00,0.758,1021.1
2022-03-10 16:00:00,0.645,1021.0
2022-03-10 17:00:00,0.792,1020.2
2022-03-10 18:00:00,1.092,1019.4
2022-03-10 19:00:00,1.501,1019.2
2022-03-10 20:00:00,2.059,1019.1
2022-03-10 21:00:00,2.373,1018.6
2022-03-10 22:00:00,2.526,1018.7
2022-03-10 23:00:00,2.37,1019.1
2022-03-11 00:00:00,2.089,1019.1
2022-03-11 01:00:00,1.699,1019.5
2022-03-11 02:00:00,1.176,1019.9
2022-03-11 03:00:00,0.77,1019.6
2022-03-11 04:00:00,0.637,1019.3
2022-03-11 05:00:00,0.788,1019.2
2022-03-11 06:00:00,1.11,1019.6
2022-03-11 07:00:00,1.508,1018.9
2022-03-11 08:00:00,2.005,1019.1
2022-03-11 09:00:00,2.417,1019.4
2022-03-11 10:00:00,2.676,1019.8
2022-03-11 11:00:00,2.601,1019.8
2022-03-11 12:00:00,2.352,1019.8
2022-03-11 13:00:00,1.904,1020.0
2022-03-11 14:00:00,1.466,1020.3
2022-03-11 15:00:00,0.962,1019.9
2022-03-11 16:00:00,0.674,1019.7
2022-03-11 17:00:00,0.573,1018.7
2022-03-11 18:00:00,0.744,1017.4
2022-03-11 19:00:00,1.14,1016.5
2022-03-11 20:00:00,1.569,1016.0
2022-03-11 21:00:00,1.949,1014.9
2022-03-11 22:00:00,2.381,1014.2
2022-03-11 23:00:00,2.468,1013.8
2022-03-12 00:00:00,2.433,1014.0
2022-03-12 01:00:00,2.182,1013.9
2022-03-12 02:00:00,1.759,1013.2
2022-03-12 03:00:00,1.376,1013.0
2022-03-12 04:00:00,1.056,1012.2
2022-03-12 05:00:00,0.924,1010.9
2022-03-12 06:00:00,1.085,1009.5
2022-03-12 07:00:00,1.385,1008.0
2022-03-12 08:00:00,1.784,1005.7
2022-03-12 09:00:00,2.264,1004.7
2022-03-12 10:00:00,2.689,1001.9
2022-03-12 11:00:00,2.883,999.8
2022-03-12 12:00:00,2.94,998.2
2022-03-12 13:00:00,2.641,996.3
2022-03-12 14:00:00,2.271,994.6
2022-03-12 15:00:00,1.771,991.5
2022-03-12 16:00:00,1.263,988.0
2022-03-12 17:00:00,0.949,986.6
2022-03-12 18:00:00,0.891,984.4
2022-03-12 19:00:00,0.965,982.3
2022-03-12 20:00:00,1.295,983.1
2022-03-12 21:00:00,1.771,983.2
2022-03-12 22:00:00,2.098,985.8
2022-03-12 23:00:00,2.56,987.1
2022-03-13 00:00:00,2.517,988.4
2022-03-13 01:00:00,2.503,989.7
2022-03-13 02:00:00,2.262,991.3
2022-03-13 03:00:00,1.635,992.9
2022-03-13 04:00:00,1.28,994.2
2022-03-13 05:00:00,0.803,995.6
2022-03-13 06:00:00,0.503,997.4
2022-03-13 07:00:00,0.764,999.0
2022-03-13 08:00:00,0.836,1000.7
2022-03-13 09:00:00,1.275,1003.5
2022-03-13 10:00:00,1.639,1006.3
2022-03-13 11:00:00,1.987,1009.5
2022-03-13 12:00:00,2.285,1012.2
2022-03-13 13:00:00,2.188,1014.2
2022-03-13 14:00:00,2.074,1015.7
2022-03-13 15:00:00,1.679,1016.8
2022-03-13 16:00:00,1.071,1017.3
2022-03-13 17:00:00,0.605,1017.6
2022-03-13 18:00:00,0.175,1017.7
2022-03-13 19:00:00,0.099,1017.9
2022-03-13 20:00:00,0.315,1017.9
2022-03-13 21:00:00,0.581,1017.5
2022-03-13 22:00:00,1.048,1018.0
2022-03-13 23:00:00,1.52,1018.8
2022-03-14 00:00:00,2.01,1020.0
2022-03-14 01:00:00,2.169,1021.0
2022-03-14 02:00:00,2.027,1022.1
2022-03-14 03:00:00,1.73,1022.7
2022-03-14 04:00:00,1.354,1023.4
2022-03-14 05:00:00,0.939,1024.6
2022-03-14 06:00:00,0.581,1025.1
2022-03-14 07:00:00,0.436,1025.1
2022-03-14 08:00:00,0.568,1024.9
2022-03-14 09:00:00,0.886,1025.5
2022-03-14 10:00:00,1.365,1025.8
2022-03-14 11:00:00,1.846,1026.3
2022-03-14 12:00:00,2.27,1026.5
2022-03-14 13:00:00,2.588,1027.0
2022-03-14 14:00:00,2.588,1027.6
2022-03-14 15:00:00,2.318,1027.6
2022-03-14 16:00:00,1.873,1027.2
2022-03-14 17:00:00,1.301,1026.8
2022-03-14 18:00:00,0.811,1026.4
2022-03-14 19:00:00,0.395,1025.9
2022-03-14 20:00:00,0.32,1025.2
2022-03-14 21:00:00,0.565,1024.9
2022-03-14 22:00:00,0.94,1024.8
2022-03-14 23:00:00,1.445,1025.3
2022-03-15 00:00:00,1.984,1025.5
2022-03-15 01:00:00,2.369,1025.9
2022-03-15 02:00:00,2.532,1026.2
2022-03-15 03:00:00,2.38,1025.7
2022-03-15 04:00:00,2.094,1024.8
2022-03-15 05:00:00,1.639,1023.8
2022-03-15 06:00:00,1.158,1023.8
2022-03-15 07:00:00,0.733,1023.1
2022-03-15 08:00:00,0.589,1022.7
2022-03-15 09:00:00,0.804,1022.8
2022-03-15 10:00:00,1.194,1022.7
2022-03-15 11:00:00,1.679,1022.4
2022-03-15 12:00:00,2.153,1023.1
2022-03-15 13:00:00,2.671,1023.4
2022-03-15 14:00:00,2.869,1023.7
2022-03-15 15:00:00,2.729,1023.4
2022-03-15 16:00:00,2.327,1022.9
2022-03-15 17:00:00,1.772,1022.2
2022-03-15 18:00:00,1.175,1021.8
2022-03-15 19:00:00,0.572,1021.6
2022-03-15 20:00:00,0.118,1021.4
2022-03-15 21:00:00,0.131,1020.9
2022-03-15 22:00:00,0.482,1020.7
2022-03-15 23:00:00,0.981,1020.9
2022-03-16 00:00:00,1.594,1020.6
2022-03-16 01:00:00,2.188,1020.8
2022-03-16 02:00:00,2.575,1020.9
2022-03-16 03:00:00,2.615,1020.1
2022-03-16 04:00:00,2.445,1020.4
2022-03-16 05:00:00,1.982,1019.8
2022-03-16 06:00:00,1.449,1019.6
2022-03-16 07:00:00,0.871,1019.7
2022-03-16 08:00:00,0.453,1019.6
2022-03-16 09:00:00,0.406,1019.9
2022-03-16 10:00:00,0.817,1021.1
2022-03-16 11:00:00,1.311,1021.9
2022-03-16 12:00:00,1.877,1023.2
2022-03-16 13:00:00,2.536,1023.6
2022-03-16 14:00:00,2.941,1023.9
2022-03-16 15:00:00,3.112,1024.0
2022-03-16 16:00:00,2.841,1024.0
2022-03-16 17:00:00,2.383,1024.0
2022-03-16 18:00:00,1.74,1023.2
2022-03-16 19:00:00,1.082,1022.8
2022-03-16 20:00:00,0.478,1022.4
2022-03-16 21:00:00,0.148,1021.7
2022-03-16 22:00:00,0.332,1022.0
2022-03-16 23:00:00,0.812,1022.7
2022-03-17 00:00:00,1.362,1023.1
2022-03-17 01:00:00,1.986,1023.6
2022-03-17 02:00:00,2.576,1023.6
2022-03-17 03:00:00,2.889,1023.7
2022-03-17 04:00:00,2.816,1023.6
2022-03-17 05:00:00,2.414,1023.1
2022-03-17 06:00:00,1.844,1022.5
2022-03-17 07:00:00,1.181,1022.2
2022-03-17 08:00:00,0.556,1021.4
2022-03-17 09:00:00,0.161,1021.5
2022-03-17 10:00:00,0.244,1021.4
2022-03-17 11:00:00,0.703,1021.2
2022-03-17 12:00:00,1.35,1020.9
2022-03-17 13:00:00,2.049,1020.9
2022-03-17 14:00:00,2.667,1020.7
2022-03-17 15:00:00,3.11,1019.9
2022-03-17 16:00:00,3.092,1019.5
2022-03-17 17:00:00,2.788,1018.7
2022-03-17 18:00:00,2.186,1017.9
2022-03-17 19:00:00,1.478,1016.6
2022-03-17 20:00:00,0.765,1015.7
2022-03-17 21:00:00,0.172,1014.5
2022-03-17 22:00:00,0.024,1014.3
2022-03-17 23:00:00,0.374,1014.1
2022-03-18 00:00:00,0.937,1013.7
2022-03-18 01:00:00,1.608,1013.7
2022-03-18 02:00:00,2.301,1013.2
2022-03-18 03:00:00,2.827,1012.7
2022-03-18 04:00:00,3.031,1012.1
2022-03-18 05:00:00,2.832,1011.6
2022-03-18 06:00:00,2.337,1011.6
2022-03-18 07:00:00,1.666,1011.2
2022-03-18 08:00:00,0.936,1010.8
2022-03-18 09:00:00,0.352,1011.4
2022-03-18 10:00:00,0.069,1011.9
2022-03-18 11:00:00,0.333,1012.3
2022-03-18 12:00:00,0.908,1013.4
2022-03-18 13:00:00,1.598,1014.1
2022-03-18 14:00:00,2.332,1014.0
2022-03-18 15:00:00,2.998,1014.1
2022-03-18 16:00:00,3.243,1014.3
2022-03-18 17:00:00,3.145,1014.2
2022-03-18 18:00:00,2.645,1013.4
2022-03-18 19:00:00,1.969,1013.0
2022-03-18 20:00:00,1.215,1013.3
2022-03-18 21:00:00,0.507,1013.5
2022-03-18 22:00:00,0.015,1013.9
2022-03-18 23:00:00,0.088,1014.9
2022-03-19 00:00:00,0.614,1015.2
2022-03-19 01:00:00,1.257,1015.8
2022-03-19 02:00:00,2.014,1015.9
2022-03-19 03:00:00,2.703,1015.9
2022-03-19 04:00:00,3.174,1015.8
2022-03-19 05:00:00,3.175,1015.6
2022-03-19 06:00:00,2.826,1016.0
2022-03-19 07:00:00,2.174,1016.4
2022-03-19 08:00:00,1.407,1016.6
2022-03-19 09:00:00,0.651,1016.6
2022-03-19 10:00:00,0.083,1016.6
2022-03-19 11:00:00,-0.088,1016.6
2022-03-19 12:00:00,0.464,1016.4
2022-03-19 13:00:00,1.067,1016.0
2022-03-19 14:00:00,1.816,1015.8
2022-03-19 15:00:00,2.649,1015.5
2022-03-19 16:00:00,3.181,1014.2
2022-03-19 17:00:00,3.386,1013.0
2022-03-19 18:00:00,3.151,1011.3
2022-03-19 19:00:00,2.548,1010.1
2022-03-19 20:00:00,1.827,1008.7
2022-03-19 21:00:00,1.017,1007.7
2022-03-19 22:00:00,0.363,1007.0
2022-03-19 23:00:00,0.042,1006.4
2022-03-20 00:00:00,0.35,1006.6
2022-03-20 01:00:00,0.972,1006.4
2022-03-20 02:00:00,1.681,1005.8
2022-03-20 03:00:00,2.483,1005.7
2022-03-20 04:00:00,3.134,1006.2
2022-03-20 05:00:00,3.42,1005.5
2022-03-20 06:00:00,3.284,1006.1
2022-03-20 07:00:00,2.814,1005.0
2022-03-20 08:00:00,2.058,1005.0
2022-03-20 09:00:00,1.253,1004.9
2022-03-20 10:00:00,0.492,1004.9
2022-03-20 11:00:00,-0.096,1004.8
2022-03-20 12:00:00,0.115,1005.3
2022-03-20 13:00:00,0.619,1006.2
2022-03-20 14:00:00,1.32,1006.1
2022-03-20 15:00:00,2.157,1005.6
2022-03-20 16:00:00,2.898,1004.9
2022-03-20 17:00:00,3.36,1004.5
2022-03-20 18:00:00,3.32,1004.4
2022-03-20 19:00:00,2.937,1003.7
2022-03-20 20:00:00,2.311,1003.2
2022-03-20 21:00:00,1.512,1002.9
2022-03-20 22:00:00,0.73,1003.5
2022-03-20 23:00:00,0.102,1004.1
2022-03-21 00:00:00,-0.016,1004.6
2022-03-21 01:00:00,0.478,1005.0
2022-03-21 02:00:00,1.127,1005.5
2022-03-21 03:00:00,1.915,1006.2
2022-03-21 04:00:00,2.688,1006.7
2022-03-21 05:00:00,3.229,1007.5
2022-03-21 06:00:00,3.404,1008.1
2022-03-21 07:00:00,3.109,1008.7
2022-03-21 08:00:00,2.508,1009.5
2022-03-21 09:00:00,1.718,1010.7
2022-03-21 10:00:00,0.893,1011.9
2022-03-21 11:00:00,0.159,1012.8
2022-03-21 12:00:00,-0.215,1013.4
2022-03-21 13:00:00,0.061,1013.4
2022-03-21 14:00:00,0.57,1013.6
2022-03-21 15:00:00,1.313,1012.9
2022-03-21 16:00:00,2.116,1012.5
2022-03-21 17:00:00,2.842,1011.6
2022-03-21 18:00:00,3.239,1010.9
2022-03-21 19:00:00,3.12,1010.4
2022-03-21 20:00:00,2.713,1010.6
2022-03-21 21:00:00,2.064,1010.6
2022-03-21 22:00:00,1.276,1011.1
2022-03-21 23:00:00,0.508,1011.8
2022-03-22 00:00:00,0.04,1012.9
2022-03-22 01:00:00,0.103,1013.8
2022-03-22 02:00:00,0.606,1014.3
2022-03-22 03:00:00,1.268,1014.2
2022-03-22 04:00:00,2.019,1014.4
2022-03-22 05:00:00,2.734,1014.6
2022-03-22 06:00:00,3.246,1015.1
2022-03-22 07:00:00,3.258,1014.6
2022-03-22 08:00:00,2.918,1014.7
2022-03-22 09:00:00,2.261,1015.8
2022-03-22 10:00:00,1.464,1016.2
2022-03-22 11:00:00,0.659,1016.7
2022-03-22 12:00:00,-0.018,1017.1
2022-03-22 13:00:00,-0.316,1016.9
2022-03-22 14:00:00,0.035,1016.9
2022-03-22 15:00:00,0.539,1016.4
2022-03-22 16:00:00,1.239,1016.1
2022-03-22 17:00:00,1.996,1015.6
2022-03-22 18:00:00,2.6,1015.4
2022-03-22 19:00:00,2.93,1015.5
2022-03-22 20:00:00,2.805,1015.8
2022-03-22 21:00:00,2.322,1016.0
2022-03-22 22:00:00,1.724,1017.1
2022-03-22 23:00:00,0.942,1017.9
2022-03-23 00:00:00,0.353,1019.0
2022-03-23 01:00:00,0.02,1020.8
2022-03-23 02:00:00,0.164,1021.5
2022-03-23 03:00:00,0.724,1023.1
2022-03-23 04:00:00,1.38,1023.2
2022-03-23 05:00:00,2.115,1023.3
2022-03-23 06:00:00,2.813,1023.0
2022-03-23 07:00:00,3.222,1022.3
2022-03-23 08:00:00,3.229,1022.6
2022-03-23 09:00:00,2.811,1023.3
2022-03-23 10:00:00,2.183,1023.7
2022-03-23 11:00:00,1.404,1023.9
2022-03-23 12:00:00,0.65,1024.1
2022-03-23 13:00:00,0.077,1024.6
2022-03-23 14:00:00,-0.075,1024.9
2022-03-23 15:00:00,0.225,1025.1
2022-03-23 16:00:00,0.724,1024.9
2022-03-23 17:00:00,1.382,1024.4
2022-03-23 18:00:00,2.163,1024.5
2022-03-23 19:00:00,2.692,1024.1
2022-03-23 20:00:00,2.883,1024.4
2022-03-23 21:00:00,2.73,1024.1
2022-03-23 22:00:00,2.294,1024.1
2022-03-23 23:00:00,1.721,1024.2
2022-03-24 00:00:00,1.065,1024.6
2022-03-24 01:00:00,0.517,1025.5
2022-03-24 02:00:00,0.213,1025.1
2022-03-24 03:00:00,0.433,1025.3
2022-03-24 04:00:00,1.008,1024.5
2022-03-24 05:00:00,1.673,1024.2
2022-03-24 06:00:00,2.36,1023.6
2022-03-24 07:00:00,2.972,1022.9
2022-03-24 08:00:00,3.278,1022.6
2022-03-24 09:00:00,3.261,1022.0
2022-03-24 10:00:00,2.819,1022.8
2022-03-24 11:00:00,2.195,1022.3
2022-03-24 12:00:00,1.474,1021.8
2022-03-24 13:00:00,0.789,1020.8
2022-03-24 14:00:00,0.212,1021.0
2022-03-24 15:00:00,0.114,1020.8
2022-03-24 16:00:00,0.442,1019.6
2022-03-24 17:00:00,0.925,1019.0
2022-03-24 18:00:00,1.525,1017.7
2022-03-24 19:00:00,2.277,1016.5
2022-03-24 20:00:00,2.838,1014.8
2022-03-24 21:00:00,3.022,1013.8
2022-03-24 22:00:00,2.844,1013.1
2022-03-24 23:00:00,2.493,1012.1
2022-03-25 00:00:00,1.9,1012.0
2022-03-25 01:00:00,1.262,1010.2
2022-03-25 02:00:00,0.744,1010.1
2022-03-25 03:00:00,0.478,1007.4
2022-03-25 04:00:00,0.724,1006.4
2022-03-25 05:00:00,1.215,1006.4
2022-03-25 06:00:00,1.832,1004.3
2022-03-25 07:00:00,2.531,1002.4
2022-03-25 08:00:00,3.15,1003.5
2022-03-25 09:00:00,3.428,1002.2
2022-03-25 10:00:00,3.366,1002.2
2022-03-25 11:00:00,2.992,1003.6
2022-03-25 12:00:00,2.334,1002.8
2022-03-25 13:00:00,1.607,1002.4
2022-03-25 14:00:00,0.951,1002.2
2022-03-25 15:00:00,0.342,1001.2
2022-03-25 16:00:00,0.245,999.9
2022-03-25 17:00:00,0.597,999.2
2022-03-25 18:00:00,0.981,997.7
2022-03-25 19:00:00,1.654,996.9
2022-03-25 20:00:00,2.375,997.0
2022-03-25 21:00:00,2.747,996.8
2022-03-25 22:00:00,3.154,996.8
2022-03-25 23:00:00,2.864,996.4
2022-03-26 00:00:00,2.561,996.7
2022-03-26 01:00:00,2.08,997.2
2022-03-26 02:00:00,1.346,997.6
2022-03-26 03:00:00,0.893,998.0
2022-03-26 04:00:00,0.577,998.2
2022-03-26 05:00:00,0.76,998.2
2022-03-26 06:00:00,1.192,998.0
2022-03-26 07:00:00,1.769,997.6
2022-03-26 08:00:00,2.342,997.4
2022-03-26 09:00:00,2.992,997.8
2022-03-26 10:00:00,3.285,997.6
2022-03-26 11:00:00,3.276,998.2
2022-03-26 12:00:00,2.969,998.4
2022-03-26 13:00:00,2.376,997.9
2022-03-26 14:00:00,1.744,997.5
2022-03-26 15:00:00,1.003,996.6
2022-03-26 16:00:00,0.431,995.9
2022-03-26 17:00:00,0.289,995.1
2022-03-26 18:00:00,0.545,994.5
2022-03-26 19:00:00,0.967,993.6
2022-03-26 20:00:00,1.567,993.3
2022-03-26 21:00:00,2.217,993.7
2022-03-26 22:00:00,2.773,994.2
2022-03-26 23:00:00,3.068,994.8
2022-03-27 00:00:00,2.987,995.0
2022-03-27 01:00:00,2.69,994.8
2022-03-27 02:00:00,2.215,995.4
2022-03-27 03:00:00,1.545,995.6
2022-03-27 04:00:00,0.995,995.6
2022-03-27 05:00:00,0.631,995.1
2022-03-27 06:00:00,0.763,995.1
2022-03-27 07:00:00,1.178,995.0
2022-03-27 08:00:00,1.691,995.3
2022-03-27 09:00:00,2.292,995.9
2022-03-27 10:00:00,2.944,996.5
2022-03-27 11:00:00,3.31,997.4
2022-03-27 12:00:00,3.323,998.0
2022-03-27 13:00:00,3.046,998.2
2022-03-27 14:00:00,2.507,998.3
2022-03-27 15:00:00,1.846,998.1
2022-03-27 16:00:00,1.102,998.0
2022-03-27 17:00:00,0.478,997.9
2022-03-27 18:00:00,0.248,997.4
2022-03-27 19:00:00,0.393,997.3
2022-03-27 20:00:00,0.782,997.4
2022-03-27 21:00:00,1.348,997.8
2022-03-27 22:00:00,1.984,998.9
2022-03-27 23:00:00,2.618,999.7
2022-03-28 00:00:00,2.943,1000.5
2022-03-28 01:00:00,2.929,1001.5
2022-03-28 02:00:00,2.625,1001.9
2022-03-28 03:00:00,2.188,1002.3
2022-03-28 04:00:00,1.565,1002.8
2022-03-28 05:00:00,0.905,1003.3
2022-03-28 06:00:00,0.475,1003.6
2022-03-28 07:00:00,0.526,1003.6
2022-03-28 08:00:00,0.892,1004.0
2022-03-28 09:00:00,1.433,1004.4
2022-03-28 10:00:00,2.125,1004.9
2022-03-28 11:00:00,2.768,1005.9
2022-03-28 12:00:00,3.25,1006.3
2022-03-28 13:00:00,3.328,1006.4
2022-03-28 14:00:00,3.062,1006.7
2022-03-28 15:00:00,2.573,1006.7
2022-03-28 16:00:00,1.899,1006.2
2022-03-28 17:00:00,1.17,1005.7
2022-03-28 18:00:00,0.49,1005.4
2022-03-28 19:00:00,0.122,1005.5
2022-03-28 20:00:00,0.243,1005.7
2022-03-28 21:00:00,0.649,1006.2
2022-03-28 22:00:00,1.193,1007.4
2022-03-28 23:00:00,1.865,1008.5
2022-03-29 00:00:00,2.494,1009.8
2022-03-29 01:00:00,2.865,1010.8
2022-03-29 02:00:00,2.863,1011.2
2022-03-29 03:00:00,2.593,1011.6
2022-03-29 04:00:00,2.05,1012.1
2022-03-29 05:00:00,1.37,1012.8
2022-03-29 06:00:00,0.704,1013.2
2022-03-29 07:00:00,0.254,1013.3
2022-03-29 08:00:00,0.214,1013.7
2022-03-29 09:00:00,0.65,1014.1
2022-03-29 10:00:00,1.184,1014.6
2022-03-29 11:00:00,1.839,1015.1
2022-03-29 12:00:00,2.552,1015.4
2022-03-29 13:00:00,3.049,1015.3
2022-03-29 14:00:00,3.2,1015.5
2022-03-29 15:00:00,2.94,1015.5
2022-03-29 16:00:00,2.386,1014.5
2022-03-29 17:00:00,1.685,1014.1
2022-03-29 18:00:00,0.931,1013.7
2022-03-29 19:00:00,0.263,1013.7
2022-03-29 20:00:00,-0.097,1013.7
2022-03-29 21:00:00,0.058,1013.6
2022-03-29 22:00:00,0.532,1014.0
2022-03-29 23:00:00,1.169,1014.7
2022-03-30 00:00:00,1.85,1015.7
2022-03-30 01:00:00,2.513,1016.7
2022-03-30 02:00:00,2.929,1017.2
2022-03-30 03:00:00,2.859,1017.7
2022-03-30 04:00:00,2.506,1018.4
2022-03-30 05:00:00,1.876,1018.3
2022-03-30 06:00:00,1.167,1018.4
2022-03-30 07:00:00,0.494,1018.6
2022-03-30 08:00:00,0.021,1018.5
2022-03-30 09:00:00,0.015,1018.7
2022-03-30 10:00:00,0.49,1019.5
2022-03-30 11:00:00,1.049,1020.2
2022-03-30 12:00:00,1.805,1021.2
2022-03-30 13:00:00,2.513,1020.8
2022-03-30 14:00:00,3.015,1021.0
2022-03-30 15:00:00,3.126,1020.3
2022-03-30 16:00:00,2.81,1019.9
2022-03-30 17:00:00,2.27,1019.4
2022-03-30 18:00:00,1.542,1018.8
2022-03-30 19:00:00,0.778,1018.0
2022-03-30 20:00:00,0.135,1017.3
2022-03-30 21:00:00,-0.107,1016.2
2022-03-30 22:00:00,0.166,1017.1
2022-03-30 23:00:00,0.743,1017.1
2022-03-31 00:00:00,1.411,1017.0
2022-03-31 01:00:00,2.176,1016.8
2022-03-31 02:00:00,2.856,1016.5
2022-03-31 03:00:00,3.119,1015.8
2022-03-31 04:00:00,3.031,1015.5
2022-03-31 05:00:00,2.528,1015.9
2022-03-31 06:00:00,1.888,1014.1
2022-03-31 07:00:00,1.14,1013.8
2022-03-31 08:00:00,0.469,1013.3
2022-03-31 09:00:00,-0.019,1012.7
2022-03-31 10:00:00,0.126,1011.4
2022-03-31 11:00:00,0.586,1010.7
2022-03-31 12:00:00,1.339,1009.7
2022-03-31 13:00:00,2.14,1009.1
2022-03-31 14:00:00,2.868,1008.3
2022-03-31 15:00:00,3.292,1007.4
2022-03-31 16:00:00,3.318,1006.6
2022-03-31 17:00:00,2.911,1005.8
2022-03-31 18:00:00,2.292,1004.8
2022-03-31 19:00:00,1.503,1004.0
2022-03-31 20:00:00,0.742,1003.9
2022-03-31 21:00:00,0.095,1002.8
2022-03-31 22:00:00,-0.032,1001.8
2022-03-31 23:00:00,0.395,1001.2
2022-04-01 00:00:00,1.005,1000.7
2022-04-01 01:00:00,1.787,1000.5
2022-04-01 02:00:00,2.556,999.2
2022-04-01 03:00:00,3.158,998.2
2022-04-01 04:00:00,3.313,997.5
2022-04-01 05:00:00,3.16,997.9
2022-04-01 06:00:00,2.576,997.0
2022-04-01 07:00:00,1.902,996.9
2022-04-01 08:00:00,1.123,996.4
2022-04-01 09:00:00,0.383,995.7
2022-04-01 10:00:00,0.104,995.5
2022-04-01 11:00:00,0.341,995.4
2022-04-01 12:00:00,0.896,995.5
2022-04-01 13:00:00,1.606,997.8
2022-04-01 14:00:00,2.349,996.6
2022-04-01 15:00:00,3.08,997.1
2022-04-01 16:00:00,3.44,996.4
2022-04-01 17:00:00,3.304,996.7
2022-04-01 18:00:00,2.792,996.1
2022-04-01 19:00:00,2.188,996.5
2022-04-01 20:00:00,1.352,996.5
2022-04-01 21:00:00,0.604,997.2
2022-04-01 22:00:00,0.146,998.4
2022-04-01 23:00:00,0.136,999.5
2022-04-02 00:00:00,0.656,1001.1
2022-04-02 01:00:00,1.263,1002.8
2022-04-02 02:00:00,2.019,1003.8
2022-04-02 03:00:00,2.761,1004.8
2022-04-02 04:00:00,3.235,1006.0
2022-04-02 05:00:00,3.222,1007.0
2022-04-02 06:00:00,2.809,1007.5
2022-04-02 07:00:00,2.227,1007.9
2022-04-02 08:00:00,1.374,1008.7
2022-04-02 09:00:00,0.594,1009.2
2022-04-02 10:00:00,-0.049,1010.2
2022-04-02 11:00:00,-0.259,1011.6
2022-04-02 12:00:00,0.066,1012.9
2022-04-02 13:00:00,0.706,1013.2
2022-04-02 14:00:00,1.468,1013.7
2022-04-02 15:00:00,2.247,1013.9
2022-04-02 16:00:00,2.815,1013.6
2022-04-02 17:00:00,3.044,1013.4
2022-04-02 18:00:00,2.868,1012.7
2022-04-02 19:00:00,2.379,1012.4
2022-04-02 20:00:00,1.736,1012.0
2022-04-02 21:00:00,0.967,1011.9
2022-04-02 22:00:00,0.336,1012.2
2022-04-02 23:00:00,0.029,1012.4
2022-04-03 00:00:00,0.282,1013.2
2022-04-03 01:00:00,0.852,1014.3
2022-04-03 02:00:00,1.542,1014.3
2022-04-03 03:00:00,2.301,1014.7
2022-04-03 04:00:00,2.923,1014.3
2022-04-03 05:00:00,3.24,1013.3
2022-04-03 06:00:00,3.167,1013.1
2022-04-03 07:00:00,2.681,1012.8
2022-04-03 08:00:00,2.029,1013.1
2022-04-03 09:00:00,1.271,1013.1
2022-04-03 10:00:00,0.549,1012.9
2022-04-03 11:00:00,0.088,1012.8
2022-04-03 12:00:00,0.11,1012.4
2022-04-03 13:00:00,0.537,1011.3
2022-04-03 14:00:00,1.195,1011.3
2022-04-03 15:00:00,1.893,1010.6
2022-04-03 16:00:00,2.606,1010.0
2022-04-03 17:00:00,3.131,1009.5
2022-04-03 18:00:00,3.173,1008.9
2022-04-03 19:00:00,2.874,1008.2
2022-04-03 20:00:00,2.345,1007.6
2022-04-03 21:00:00,1.6,1006.9
2022-04-03 22:00:00,0.938,1007.0
2022-04-03 23:00:00,0.385,1007.1
2022-04-04 00:00:00,0.255,1007.1
2022-04-04 01:00:00,0.672,1007.3
2022-04-04 02:00:00,1.266,1007.2
2022-04-04 03:00:00,1.928,1007.1
2022-04-04 04:00:00,2.65,1007.1
2022-04-04 05:00:00,3.143,1007.2
2022-04-04 06:00:00,3.322,1007.6
2022-04-04 07:00:00,3.078,1007.7
2022-04-04 08:00:00,2.535,1007.7
2022-04-04 09:00:00,1.904,1008.2
2022-04-04 10:00:00,1.112,1008.9
2022-04-04 11:00:00,0.452,1009.7
2022-04-04 12:00:00,0.068,1010.3
2022-04-04 13:00:00,0.232,1010.2
2022-04-04 14:00:00,0.715,1010.2
2022-04-04 15:00:00,1.32,1010.2
2022-04-04 16:00:00,1.975,1010.5
2022-04-04 17:00:00,2.631,1010.4
2022-04-04 18:00:00,2.957,1010.2
2022-04-04 19:00:00,2.889,1009.4
2022-04-04 20:00:00,2.542,1009.4
2022-04-04 21:00:00,1.95,1009.5
2022-04-04 22:00:00,1.354,1010.0
2022-04-04 23:00:00,0.767,1010.8
2022-04-05 00:00:00,0.406,1011.8
2022-04-05 01:00:00,0.52,1012.7
2022-04-05 02:00:00,0.933,1013.2
2022-04-05 03:00:00,1.516,1013.9
2022-04-05 04:00:00,2.135,1014.5
2022-04-05 05:00:00,2.716,1014.4
2022-04-05 06:00:00,3.119,1015.0
2022-04-05 07:00:00,3.06,1015.3
2022-04-05 08:00:00,2.736,1015.7
2022-04-05 09:00:00,2.137,1016.0
2022-04-05 10:00:00,1.44,1016.3
2022-04-05 11:00:00,0.784,1017.1
2022-04-05 12:00:00,0.183,1017.5
2022-04-05 13:00:00,0.079,1017.9
2022-04-05 14:00:00,0.344,1018.1
2022-04-05 15:00:00,0.804,1017.3
2022-04-05 16:00:00,1.459,1016.7
2022-04-05 17:00:00,2.111,1016.2
2022-04-05 18:00:00,2.643,1016.0
2022-04-05 19:00:00,2.847,1015.4
2022-04-05 20:00:00,2.702,1015.0
2022-04-05 21:00:00,2.275,1015.4
2022-04-05 22:00:00,1.755,1015.6
2022-04-05 23:00:00,1.162,1015.2
2022-04-06 00:00:00,0.699,1015.7
2022-04-06 01:00:00,0.444,1016.3
2022-04-06 02:00:00,0.703,1016.4
2022-04-06 03:00:00,1.127,1016.2
2022-04-06 04:00:00,1.693,1016.6
2022-04-06 05:00:00,2.32,1016.3
2022-04-06 06:00:00,2.768,1015.7
2022-04-06 07:00:00,3.056,1015.3
2022-04-06 08:00:00,2.935,1014.6
2022-04-06 09:00:00,2.525,1014.5
2022-04-06 10:00:00,1.979,1014.9
2022-04-06 11:00:00,1.299,1014.8
2022-04-06 12:00:00,0.715,1014.5
2022-04-06 13:00:00,0.291,1014.5
2022-04-06 14:00:00,0.278,1014.5
2022-04-06 15:00:00,0.605,1014.3
2022-04-06 16:00:00,1.061,1014.3
2022-04-06 17:00:00,1.676,1013.7
2022-04-06 18:00:00,2.197,1013.4
2022-04-06 19:00:00,2.671,1013.1
2022-04-06 20:00:00,2.716,1012.8
2022-04-06 21:00:00,2.523,1013.4
2022-04-06 22:00:00,2.147,1013.3
2022-04-06 23:00:00,1.596,1012.7
2022-04-07 00:00:00,1.125,1013.3
2022-04-07 01:00:00,0.722,1013.6
2022-04-07 02:00:00,0.624,1014.3
2022-04-07 03:00:00,0.93,1013.9
2022-04-07 04:00:00,1.341,1014.1
2022-04-07 05:00:00,1.977,1014.2
2022-04-07 06:00:00,2.487,1013.6
2022-04-07 07:00:00,2.877,1014.7
2022-04-07 08:00:00,3.043,1014.5
2022-04-07 09:00:00,2.879,1014.8
2022-04-07 10:00:00,2.413,1014.6
2022-04-07 11:00:00,1.821,1014.4
2022-04-07 12:00:00,1.259,1014.8
2022-04-07 13:00:00,0.743,1014.9
2022-04-07 14:00:00,0.418,1015.6
2022-04-07 15:00:00,0.533,1015.0
2022-04-07 16:00:00,0.859,1014.8
2022-04-07 17:00:00,1.284,1014.7
2022-04-07 18:00:00,1.844,1014.8
2022-04-07 19:00:00,2.294,1014.8
2022-04-07 20:00:00,2.622,1013.5
2022-04-07 21:00:00,2.668,1013.1
2022-04-07 22:00:00,2.483,1013.2
2022-04-07 23:00:00,2.114,1013.1
2022-04-08 00:00:00,1.666,1012.6
2022-04-08 01:00:00,1.247,1011.5
2022-04-08 02:00:00,0.903,1011.4
2022-04-08 03:00:00,0.98,1010.5
2022-04-08 04:00:00,1.263,1008.8
2022-04-08 05:00:00,1.746,1006.6
2022-04-08 06:00:00,2.161,1005.6
2022-04-08 07:00:00,2.723,1003.0
2022-04-08 08:00:00,3.124,1001.1
2022-04-08 09:00:00,3.222,1000.1
2022-04-08 10:00:00,2.951,999.8
2022-04-08 11:00:00,2.617,999.3
2022-04-08 12:00:00,2.075,998.3
2022-04-08 13:00:00,1.494,997.9
2022-04-08 14:00:00,1.067,998.7
2022-04-08 15:00:00,0.795,999.0
2022-04-08 16:00:00,0.84,999.3
2022-04-08 17:00:00,1.18,1000.0
2022-04-08 18:00:00,1.5,1000.7
2022-04-08 19:00:00,1.949,1001.0
2022-04-08 20:00:00,2.404,1001.6
2022-04-08 21:00:00,2.598,1002.1
2022-04-08 22:00:00,2.608,1002.3
2022-04-08 23:00:00,2.426,1002.8
2022-04-09 00:00:00,2.01,1003.8
2022-04-09 01:00:00,1.62,1004.8
2022-04-09 02:00:00,1.215,1005.3
2022-04-09 03:00:00,0.922,1005.7
2022-04-09 04:00:00,0.998,1006.0
2022-04-09 05:00:00,1.297,1005.2
2022-04-09 06:00:00,1.668,1004.4
2022-04-09 07:00:00,2.171,1004.9
2022-04-09 08:00:00,2.536,1004.3
2022-04-09 09:00:00,2.874,1004.7
2022-04-09 10:00:00,2.895,1004.2
2022-04-09 11:00:00,2.604,1004.2
2022-04-09 12:00:00,2.281,1004.5
2022-04-09 13:00:00,1.768,1004.0
2022-04-09 14:00:00,1.248,1003.7
2022-04-09 15:00:00,0.823,1003.2
2022-04-09 16:00:00,0.669,1002.0
2022-04-09 17:00:00,0.839,1000.6
2022-04-09 18:00:00,1.101,999.0
2022-04-09 19:00:00,1.462,1000.0
2022-04-09 20:00:00,1.925,999.6
2022-04-09 21:00:00,2.342,1000.5
2022-04-09 22:00:00,2.558,1000.1
2022-04-09 23:00:00,2.534,1000.8
2022-04-10 00:00:00,2.308,1001.5
2022-04-10 01:00:00,1.982,1002.2
2022-04-10 02:00:00,1.57,1002.5
2022-04-10 03:00:00,1.085,1002.6
2022-04-10 04:00:00,0.931,1002.4
2022-04-10 05:00:00,0.964,1002.3
2022-04-10 06:00:00,1.291,1001.5
2022-04-10 07:00:00,1.639,1001.0
2022-04-10 08:00:00,2.161,1001.3
2022-04-10 09:00:00,2.501,1001.6
2022-04-10 10:00:00,2.845,1002.2
2022-04-10 11:00:00,2.893,1002.9
2022-04-10 12:00:00,2.617,1003.0
2022-04-10 13:00:00,2.236,1003.5
2022-04-10 14:00:00,1.766,1003.5
2022-04-10 15:00:00,1.233,1003.2
2022-04-10 16:00:00,0.811,1002.5
2022-04-10 17:00:00,0.608,1002.0
2022-04-10 18:00:00,0.737,1001.6
2022-04-10 19:00:00,1.033,1001.2
2022-04-10 20:00:00,1.436,1001.5
2022-04-10 21:00:00,1.88,1002.3
2022-04-10 22:00:00,2.291,1004.0
2022-04-10 23:00:00,2.514,1004.8
2022-04-11 00:00:00,2.516,1005.9
2022-04-11 01:00:00,2.282,1007.2
2022-04-11 02:00:00,1.907,1008.0
2022-04-11 03:00:00,1.468,1008.7
2022-04-11 04:00:00,1.053,1009.4
2022-04-11 05:00:00,0.751,1010.0
2022-04-11 06:00:00,0.83,1010.6
2022-04-11 07:00:00,1.124,1011.3
2022-04-11 08:00:00,1.456,1011.8
2022-04-11 09:00:00,1.898,1012.6
2022-04-11 10:00:00,2.359,1013.7
2022-04-11 11:00:00,2.678,1015.2
2022-04-11 12:00:00,2.698,1016.1
2022-04-11 13:00:00,2.551,1016.5
2022-04-11 14:00:00,2.174,1016.9
2022-04-11 15:00:00,1.708,1017.1
2022-04-11 16:00:00,1.161,1016.5
2022-04-11 17:00:00,0.775,1016.7
2022-04-11 18:00:00,0.606,1016.6
2022-04-11 19:00:00,0.681,1015.4
2022-04-11 20:00:00,0.956,1015.1
2022-04-11 21:00:00,1.37,1014.0
2022-04-11 22:00:00,1.834,1013.9
2022-04-11 23:00:00,2.281,1014.1
2022-04-12 00:00:00,2.499,1014.9
2022-04-12 01:00:00,2.451,1015.5
2022-04-12 02:00:00,2.271,1015.3
2022-04-12 03:00:00,1.827,1015.5
2022-04-12 04:00:00,1.431,1015.0
2022-04-12 05:00:00,0.907,1014.6
2022-04-12 06:00:00,0.731,1013.8
2022-04-12 07:00:00,0.798,1012.8
2022-04-12 08:00:00,1.042,1012.7
2022-04-12 09:00:00,1.504,1012.3
2022-04-12 10:00:00,1.977,1012.0
2022-04-12 11:00:00,2.442,1012.6
2022-04-12 12:00:00,2.738,1012.5
2022-04-12 13:00:00,2.725,1012.5
2022-04-12 14:00:00,2.574,1013.1
2022-04-12 15:00:00,2.137,1013.8
2022-04-12 16:00:00,1.572,1011.8
2022-04-12 17:00:00,1.063,1013.4
2022-04-12 18:00:00,0.582,1013.4
2022-04-12 19:00:00,0.386,1013.0
2022-04-12 20:00:00,0.634,1012.3
2022-04-12 21:00:00,0.897,1012.1
2022-04-12 22:00:00,1.444,1012.9
2022-04-12 23:00:00,1.96,1013.4
2022-04-13 00:00:00,2.406,1014.5
2022-04-13 01:00:00,2.661,1015.4
2022-04-13 02:00:00,2.583,1016.0
2022-04-13 03:00:00,2.291,1016.8
2022-04-13 04:00:00,1.863,1017.2
2022-04-13 05:00:00,1.304,1017.5
2022-04-13 06:00:00,0.847,1017.9
2022-04-13 07:00:00,0.575,1017.8
2022-04-13 08:00:00,0.679,1017.8
2022-04-13 09:00:00,1.079,1017.9
2022-04-13 10:00:00,1.492,1019.2
2022-04-13 11:00:00,1.996,1019.1
2022-04-13 12:00:00,2.52,1019.4
2022-04-13 13:00:00,2.852,1019.4
2022-04-13 14:00:00,2.793,1018.8
2022-04-13 15:00:00,2.546,1017.8
2022-04-13 16:00:00,2.031,1016.9
2022-04-13 17:00:00,1.43,1016.0
2022-04-13 18:00:00,0.879,1014.9
2022-04-13 19:00:00,0.378,1013.5
2022-04-13 20:00:00,0.24,1012.0
2022-04-13 21:00:00,0.617,1011.6
2022-04-13 22:00:00,1.053,1011.0
2022-04-13 23:00:00,1.632,1010.8
2022-04-14 00:00:00,2.239,1010.2
2022-04-14 01:00:00,2.713,1010.4
2022-04-14 02:00:00,2.945,1010.7
2022-04-14 03:00:00,2.809,1011.1
2022-04-14 04:00:00,2.313,1011.6
2022-04-14 05:00:00,1.822,1011.6
2022-04-14 06:00:00,1.218,1010.7
2022-04-14 07:00:00,0.688,1011.1
2022-04-14 08:00:00,0.398,1010.7
2022-04-14 09:00:00,0.673,1010.5
2022-04-14 10:00:00,1.141,1010.5
2022-04-14 11:00:00,1.658,1010.6
2022-04-14 12:00:00,2.284,1011.5
2022-04-14 13:00:00,2.847,1010.8
2022-04-14 14:00:00,3.121,1011.2
2022-04-14 15:00:00,3.053,1011.4
2022-04-14 16:00:00,2.604,1010.8
2022-04-14 17:00:00,2.053,1010.6
2022-04-14 18:00:00,1.416,1010.8
2022-04-14 19:00:00,0.768,1010.5
2022-04-14 20:00:00,0.383,1010.1
2022-04-14 21:00:00,0.346,1009.6
2022-04-14 22:00:00,0.804,1010.4
2022-04-14 23:00:00,1.34,1009.9
2022-04-15 00:00:00,2.009,1011.8
2022-04-15 01:00:00,2.648,1012.9
2022-04-15 02:00:00,3.021,1012.6
2022-04-15 03:00:00,3.142,1013.4
2022-04-15 04:00:00,2.859,1013.2
2022-04-15 05:00:00,2.272,1013.9
2022-04-15 06:00:00,1.683,1013.9
2022-04-15 07:00:00,0.924,1014.7
2022-04-15 08:00:00,0.331,1015.1
2022-04-15 09:00:00,0.243,1016.0
2022-04-15 10:00:00,0.582,1016.2
2022-04-15 11:00:00,1.051,1017.0
2022-04-15 12:00:00,1.737,1017.4
2022-04-15 13:00:00,2.388,1017.9
2022-04-15 14:00:00,2.996,1018.1
2022-04-15 15:00:00,3.172,1017.8
2022-04-15 16:00:00,2.958,1017.3
2022-04-15 17:00:00,2.474,1016.9
2022-04-15 18:00:00,1.789,1016.1
2022-04-15 19:00:00,1.12,1015.4
2022-04-15 20:00:00,0.492,1015.1
2022-04-15 21:00:00,0.091,1014.9
2022-04-15 22:00:00,0.299,1014.8
2022-04-15 23:00:00,0.844,1014.4
2022-04-16 00:00:00,1.511,1014.8
2022-04-16 01:00:00,2.219,1016.3
2022-04-16 02:00:00,2.874,1016.9
2022-04-16 03:00:00,3.219,1015.7
2022-04-16 04:00:00,3.157,1015.6
2022-04-16 05:00:00,2.713,1015.3
2022-04-16 06:00:00,2.046,1014.6
2022-04-16 07:00:00,1.286,1013.6
2022-04-16 08:00:00,0.528,1013.7
2022-04-16 09:00:00,0.001,1013.4
2022-04-16 10:00:00,-0.015,1013.5
2022-04-16 11:00:00,0.452,1014.0
2022-04-16 12:00:00,1.085,1013.8
2022-04-16 13:00:00,1.818,1013.8
2022-04-16 14:00:00,2.608,1012.9
2022-04-16 15:00:00,3.073,1013.0
2022-04-16 16:00:00,3.197,1012.2
2022-04-16 17:00:00,2.903,1011.3
2022-04-16 18:00:00,2.314,1010.7
2022-04-16 19:00:00,1.611,1008.9
2022-04-16 20:00:00,0.813,1008.6
2022-04-16 21:00:00,0.162,1007.4
2022-04-16 22:00:00,-0.011,1007.1
2022-04-16 23:00:00,0.418,1007.6
2022-04-17 00:00:00,1.051,1009.1
2022-04-17 01:00:00,1.824,1010.7
2022-04-17 02:00:00,2.644,1011.6
2022-04-17 03:00:00,3.25,1012.1
2022-04-17 04:00:00,3.457,1011.9
2022-04-17 05:00:00,3.272,1011.1
2022-04-17 06:00:00,2.665,1010.1
2022-04-17 07:00:00,1.922,1009.9
2022-04-17 08:00:00,1.063,1010.8
2022-04-17 09:00:00,0.26,1011.7
2022-04-17 10:00:00,-0.158,1012.3
2022-04-17 11:00:00,-0.104,1013.0
2022-04-17 12:00:00,0.486,1013.4
2022-04-17 13:00:00,1.238,1013.9
2022-04-17 14:00:00,2.023,1014.2
2022-04-17 15:00:00,2.767,1014.5
2022-04-17 16:00:00,3.177,1014.8
2022-04-17 17:00:00,3.175,1015.6
2022-04-17 18:00:00,2.715,1015.9
2022-04-17 19:00:00,2.096,1016.0
2022-04-17 20:00:00,1.337,1016.7
2022-04-17 21:00:00,0.537,1017.8
2022-04-17 22:00:00,-0.032,1018.7
2022-04-17 23:00:00,-0.032,1019.7
2022-04-18 00:00:00,0.514,1020.8
2022-04-18 01:00:00,1.217,1022.0
2022-04-18 02:00:00,2.009,1023.0
2022-04-18 03:00:00,2.798,1023.8
2022-04-18 04:00:00,3.314,1024.0
2022-04-18 05:00:00,3.442,1024.5
2022-04-18 06:00:00,3.04,1024.8
2022-04-18 07:00:00,2.379,1025.2
2022-04-18 08:00:00,1.552,1025.3
2022-04-18 09:00:00,0.651,1025.7
2022-04-18 10:00:00,-0.064,1026.9
2022-04-18 11:00:00,-0.46,1028.0
2022-04-18 12:00:00,-0.172,1028.5
2022-04-18 13:00:00,0.433,1028.5
2022-04-18 14:00:00,1.188,1028.2
2022-04-18 15:00:00,2.015,1028.4
2022-04-18 16:00:00,2.75,1028.6
2022-04-18 17:00:00,3.11,1028.0
2022-04-18 18:00:00,3.049,1027.4
2022-04-18 19:00:00,2.581,1027.1
2022-04-18 20:00:00,1.896,1026.0
2022-04-18 21:00:00,1.092,1025.3
2022-04-18 22:00:00,0.343,1025.5
2022-04-18 23:00:00,-0.04,1024.8
2022-04-19 00:00:00,0.062,1024.7
2022-04-19 01:00:00,0.719,1024.4
2022-04-19 02:00:00,1.41,1023.5
2022-04-19 03:00:00,2.292,1022.0
2022-04-19 04:00:00,3.107,1020.9
2022-04-19 05:00:00,3.523,1018.5
2022-04-19 06:00:00,3.535,1015.7
2022-04-19 07:00:00,3.191,1012.6
2022-04-19 08:00:00,2.648,1008.5
2022-04-19 09:00:00,1.977,1003.9
2022-04-19 10:00:00,1.15,1002.1
2022-04-19 11:00:00,0.499,999.5
2022-04-19 12:00:00,0.165,998.1
2022-04-19 13:00:00,0.61,997.4
2022-04-19 14:00:00,1.154,997.5
2022-04-19 15:00:00,1.777,997.6
2022-04-19 16:00:00,2.678,997.9
2022-04-19 17:00:00,3.213,999.0
2022-04-19 18:00:00,3.306,1000.8
2022-04-19 19:00:00,3.15,1002.1
2022-04-19 20:00:00,2.587,1003.1
2022-04-19 21:00:00,1.894,1004.3
2022-04-19 22:00:00,1.068,1006.0
2022-04-19 23:00:00,0.365,1007.1
2022-04-20 00:00:00,0.095,1008.4
2022-04-20 01:00:00,0.311,1009.6
2022-04-20 02:00:00,0.987,1010.1
2022-04-20 03:00:00,1.782,1010.3
2022-04-20 04:00:00,2.62,1010.9
2022-04-20 05:00:00,3.312,1011.8
2022-04-20 06:00:00,3.592,1012.3
2022-04-20 07:00:00,3.415,1013.1
2022-04-20 08:00:00,2.928,1013.6
2022-04-20 09:00:00,2.138,1014.7
2022-04-20 10:00:00,1.232,1016.0
2022-04-20 11:00:00,0.324,1017.5
2022-04-20 12:00:00,-0.346,1018.7
2022-04-20 13:00:00,-0.453,1019.7
2022-04-20 14:00:00,0.009,1020.8
2022-04-20 15:00:00,0.599,1021.7
2022-04-20 16:00:00,1.361,1022.9
2022-04-20 17:00:00,2.193,1023.4
2022-04-20 18:00:00,2.801,1023.8
2022-04-20 19:00:00,2.951,1024.1
2022-04-20 20:00:00,2.727,1024.4
2022-04-20 21:00:00,2.251,1025.3
2022-04-20 22:00:00,1.537,1026.3
2022-04-20 23:00:00,0.773,1027.2
2022-04-21 00:00:00,0.146,1028.7
2022-04-21 01:00:00,-0.106,1030.3
2022-04-21 02:00:00,0.211,1030.9
2022-04-21 03:00:00,0.844,1031.4
2022-04-21 04:00:00,1.559,1032.2
2022-04-21 05:00:00,2.381,1032.8
2022-04-21 06:00:00,3.014,1033.4
2022-04-21 07:00:00,3.332,1033.5
2022-04-21 08:00:00,3.193,1033.4
2022-04-21 09:00:00,2.693,1033.2
2022-04-21 10:00:00,1.987,1034.0
2022-04-21 11:00:00,1.147,1034.5
2022-04-21 12:00:00,0.356,1034.6
2022-04-21 13:00:00,-0.173,1034.6
2022-04-21 14:00:00,-0.219,1034.0
2022-04-21 15:00:00,0.2,1033.1
2022-04-21 16:00:00,0.759,1031.8
2022-04-21 17:00:00,1.454,1030.5
2022-04-21 18:00:00,2.234,1029.5
2022-04-21 19:00:00,2.749,1028.4
2022-04-21 20:00:00,2.84,1027.7
2022-04-21 21:00:00,2.6,1027.0
2022-04-21 22:00:00,2.12,1026.7
2022-04-21 23:00:00,1.484,1026.4
2022-04-22 00:00:00,0.8,1026.5
2022-04-22 01:00:00,0.217,1026.6
2022-04-22 02:00:00,0.064,1025.9
2022-04-22 03:00:00,0.421,1025.3
2022-04-22 04:00:00,0.994,1025.0
2022-04-22 05:00:00,1.697,1024.7
2022-04-22 06:00:00,2.463,1024.4
2022-04-22 07:00:00,3.072,1023.9
2022-04-22 08:00:00,3.311,1023.4
2022-04-22 09:00:00,3.185,1023.3
2022-04-22 10:00:00,2.677,1023.6
2022-04-22 11:00:00,2.028,1024.1
2022-04-22 12:00:00,1.207,1024.4
2022-04-22 13:00:00,0.429,1024.3
2022-04-22 14:00:00,-0.079,1023.8
2022-04-22 15:00:00,-0.118,1023.9
2022-04-22 16:00:00,0.243,1023.9
2022-04-22 17:00:00,0.77,1024.1
2022-04-22 18:00:00,1.439,1024.2
2022-04-22 19:00:00,2.161,1024.0
2022-04-22 20:00:00,2.67,1024.1
2022-04-22 21:00:00,2.806,1024.6
2022-04-22 22:00:00,2.6,1024.9
2022-04-22 23:00:00,2.164,1025.3
2022-04-23 00:00:00,1.593,1026.6
2022-04-23 01:00:00,0.893,1027.1
2022-04-23 02:00:00,0.342,1028.0
2022-04-23 03:00:00,0.178,1028.3
2022-04-23 04:00:00,0.475,1028.5
2022-04-23 05:00:00,1.001,1028.8
2022-04-23 06:00:00,1.615,1028.7
2022-04-23 07:00:00,2.308,1028.5
2022-04-23 08:00:00,2.899,1028.5
2022-04-23 09:00:00,3.157,1028.5
2022-04-23 10:00:00,2.985,1028.9
2022-04-23 11:00:00,2.565,1029.2
2022-04-23 12:00:00,1.926,1029.2
2022-04-23 13:00:00,1.176,1029.2
2022-04-23 14:00:00,0.483,1028.6
2022-04-23 15:00:00,-0.04,1028.2
2022-04-23 16:00:00,-0.076,1026.9
2022-04-23 17:00:00,0.264,1025.8
2022-04-23 18:00:00,0.778,1024.9
2022-04-23 19:00:00,1.413,1024.0
2022-04-23 20:00:00,2.096,1023.3
2022-04-23 21:00:00,2.633,1023.0
2022-04-23 22:00:00,2.793,1022.8
2022-04-23 23:00:00,2.646,1023.0
2022-04-24 00:00:00,2.277,1023.6
2022-04-24 01:00:00,1.713,1023.8
2022-04-24 02:00:00,1.082,1024.0
2022-04-24 03:00:00,0.534,1024.0
2022-04-24 04:00:00,0.356,1024.2
2022-04-24 05:00:00,0.587,1024.2
2022-04-24 06:00:00,1.029,1024.3
2022-04-24 07:00:00,1.622,1024.5
2022-04-24 08:00:00,2.276,1025.0
2022-04-24 09:00:00,2.882,1025.9
2022-04-24 10:00:00,3.133,1026.6
2022-04-24 11:00:00,3.058,1027.4
2022-04-24 12:00:00,2.692,1027.9
2022-04-24 13:00:00,2.083,1027.9
2022-04-24 14:00:00,1.399,1027.7
2022-04-24 15:00:00,0.706,1027.6
2022-04-24 16:00:00,0.166,1027.7
2022-04-24 17:00:00,0.04,1027.0
2022-04-24 18:00:00,0.324,1026.7
2022-04-24 19:00:00,0.794,1025.8
2022-04-24 20:00:00,1.366,1025.6
2022-04-24 21:00:00,2.018,1025.3
2022-04-24 22:00:00,2.548,1024.8
2022-04-24 23:00:00,2.776,1024.3
2022-04-25 00:00:00,2.676,1024.4
2022-04-25 01:00:00,2.342,1024.5
2022-04-25 02:00:00,1.829,1024.6
2022-04-25 03:00:00,1.22,1024.4
2022-04-25 04:00:00,0.638,1024.1
2022-04-25 05:00:00,0.362,1023.7
2022-04-25 06:00:00,0.537,1023.6
2022-04-25 07:00:00,0.976,1023.7
2022-04-25 08:00:00,1.539,1023.4
2022-04-25 09:00:00,2.195,1023.7
2022-04-25 10:00:00,2.83,1024.2
2022-04-25 11:00:00,3.178,1025.2
2022-04-25 12:00:00,3.15,1025.6
2022-04-25 13:00:00,2.768,1025.9
2022-04-25 14:00:00,2.266,1026.5
2022-04-25 15:00:00,1.578,1026.4
2022-04-25 16:00:00,0.858,1026.4
2022-04-25 17:00:00,0.349,1026.0
2022-04-25 18:00:00,0.23,1025.6
2022-04-25 19:00:00,0.539,1025.0
2022-04-25 20:00:00,0.932,1024.7
2022-04-25 21:00:00,1.473,1024.6
2022-04-25 22:00:00,2.166,1024.5
2022-04-25 23:00:00,2.732,1024.3
2022-04-26 00:00:00,2.959,1024.1
2022-04-26 01:00:00,2.851,1024.2
2022-04-26 02:00:00,2.445,1023.9
2022-04-26 03:00:00,1.93,1023.5
2022-04-26 04:00:00,1.248,1023.3
2022-04-26 05:00:00,0.61,1022.9
2022-04-26 06:00:00,0.231,1022.4
2022-04-26 07:00:00,0.381,1022.0
2022-04-26 08:00:00,0.786,1021.8
2022-04-26 09:00:00,1.373,1021.6
2022-04-26 10:00:00,2.008,1021.3
2022-04-26 11:00:00,2.655,1021.2
2022-04-26 12:00:00,3.098,1021.0
2022-04-26 13:00:00,3.098,1020.4
2022-04-26 14:00:00,2.781,1019.9
2022-04-26 15:00:00,2.282,1019.5
2022-04-26 16:00:00,1.591,1019.0
2022-04-26 17:00:00,0.875,1018.1
2022-04-26 18:00:00,0.278,1017.7
2022-04-26 19:00:00,0.082,1016.9
2022-04-26 20:00:00,0.419,1016.3
2022-04-26 21:00:00,0.845,1015.7
2022-04-26 22:00:00,1.497,1015.8
2022-04-26 23:00:00,2.19,1015.3
2022-04-27 00:00:00,2.778,1014.6
2022-04-27 01:00:00,3.09,1014.2
2022-04-27 02:00:00,2.961,1013.3
2022-04-27 03:00:00,2.568,1012.5
2022-04-27 04:00:00,2.048,1011.5
2022-04-27 05:00:00,1.341,1010.9
2022-04-27 06:00:00,0.709,1009.8
2022-04-27 07:00:00,0.315,1008.7
2022-04-27 08:00:00,0.422,1008.9
2022-04-27 09:00:00,0.886,1008.5
2022-04-27 10:00:00,1.473,1008.8
2022-04-27 11:00:00,2.122,1009.2
2022-04-27 12:00:00,2.78,1008.9
2022-04-27 13:00:00,3.201,1008.4
2022-04-27 14:00:00,3.227,1008.0
2022-04-27 15:00:00,2.853,1007.3
2022-04-27 16:00:00,2.328,1006.9
2022-04-27 17:00:00,1.61,1006.1
2022-04-27 18:00:00,0.878,1005.7
2022-04-27 19:00:00,0.34,1005.7
2022-04-27 20:00:00,0.143,1005.8
2022-04-27 21:00:00,0.492,1005.9
2022-04-27 22:00:00,1.053,1006.7
2022-04-27 23:00:00,1.684,1006.8
2022-04-28 00:00:00,2.418,1007.7
2022-04-28 01:00:00,2.943,1008.6
2022-04-28 02:00:00,3.145,1008.9
2022-04-28 03:00:00,3.004,1009.1
2022-04-28 04:00:00,2.49,1009.5
2022-04-28 05:00:00,1.829,1009.1
2022-04-28 06:00:00,1.156,1008.6
2022-04-28 07:00:00,0.456,1008.8
2022-04-28 08:00:00,0.089,1008.9
2022-04-28 09:00:00,0.232,1009.2
2022-04-28 10:00:00,0.705,1009.9
2022-04-28 11:00:00,1.335,1010.2
2022-04-28 12:00:00,1.986,1010.4
2022-04-28 13:00:00,2.653,1010.4
2022-04-28 14:00:00,3.084,1010.4
2022-04-28 15:00:00,3.048,1010.3
2022-04-28 16:00:00,2.687,1010.1
2022-04-28 17:00:00,2.1,1009.3
2022-04-28 18:00:00,1.39,1009.1
2022-04-28 19:00:00,0.701,1009.0
2022-04-28 20:00:00,0.205,1009.2
2022-04-28 21:00:00,0.137,1009.5
2022-04-28 22:00:00,0.619,1010.0
2022-04-28 23:00:00,1.19,1010.8
2022-04-29 00:00:00,1.892,1011.9
2022-04-29 01:00:00,2.606,1012.8
2022-04-29 02:00:00,3.091,1013.1
2022-04-29 03:00:00,3.197,1013.3
2022-04-29 04:00:00,2.945,1013.4
2022-04-29 05:00:00,2.365,1013.3
2022-04-29 06:00:00,1.705,1013.2
2022-04-29 07:00:00,0.943,1013.1
2022-04-29 08:00:00,0.317,1013.3
2022-04-29 09:00:00,0.056,1013.5
2022-04-29 10:00:00,0.299,1013.9
2022-04-29 11:00:00,0.811,1014.1
2022-04-29 12:00:00,1.429,1014.2
2022-04-29 13:00:00,2.173,1014.3
2022-04-29 14:00:00,2.815,1014.0
2022-04-29 15:00:00,3.131,1013.5
2022-04-29 16:00:00,3.013,1013.3
2022-04-29 17:00:00,2.609,1012.9
2022-04-29 18:00:00,1.957,1012.5
2022-04-29 19:00:00,1.273,1012.5
2022-04-29 20:00:00,0.599,1012.5
2022-04-29 21:00:00,0.189,1013.2
2022-04-29 22:00:00,0.333,1014.1
2022-04-29 23:00:00,0.808,1014.9
2022-04-30 00:00:00,1.457,1015.8
2022-04-30 01:00:00,2.172,1016.6
2022-04-30 02:00:00,2.848,1017.1
2022-04-30 03:00:00,3.239,1017.1
2022-04-30 04:00:00,3.228,1017.0
2022-04-30 05:00:00,2.841,1016.7
2022-04-30 06:00:00,2.253,1016.8
2022-04-30 07:00:00,1.48,1017.2
2022-04-30 08:00:00,0.756,1017.3
2022-04-30 09:00:00,0.187,1017.2
2022-04-30 10:00:00,0.068,1017.7
2022-04-30 11:00:00,0.398,1018.1
2022-04-30 12:00:00,0.977,1018.2
2022-04-30 13:00:00,1.632,1018.4
2022-04-30 14:00:00,2.393,1017.9
2022-04-30 15:00:00,2.916,1017.5
2022-04-30 16:00:00,3.125,1017.8
2022-04-30 17:00:00,2.905,1017.9
2022-04-30 18:00:00,2.386,1017.6
2022-04-30 19:00:00,1.77,1017.1
2022-04-30 20:00:00,1.047,1016.9
2022-04-30 21:00:00,0.462,1016.8
2022-04-30 22:00:00,0.224,1017.1
2022-04-30 23:00:00,0.502,1017.2
2022-05-01 00:00:00,1.076,1017.7
2022-05-01 01:00:00,1.731,1018.3
2022-05-01 02:00:00,2.424,1018.8
2022-05-01 03:00:00,3.015,1018.9
2022-05-01 04:00:00,3.27,1018.7
2022-05-01 05:00:00,3.142,1018.5
2022-05-01 06:00:00,2.627,1018.4
2022-05-01 07:00:00,1.966,1018.6
2022-05-01 08:00:00,1.225,1018.7
2022-05-01 09:00:00,0.51,1019.0
2022-05-01 10:00:00,0.051,1019.2
2022-05-01 11:00:00,0.068,1019.9
2022-05-01 12:00:00,0.532,1020.1
2022-05-01 13:00:00,1.128,1020.0
2022-05-01 14:00:00,1.848,1019.9
2022-05-01 15:00:00,2.538,1019.8
2022-05-01 16:00:00,2.987,1019.3
2022-05-01 17:00:00,3.051,1018.4
2022-05-01 18:00:00,2.762,1017.8
2022-05-01 19:00:00,2.231,1017.9
2022-05-01 20:00:00,1.554,1017.7
2022-05-01 21:00:00,0.894,1017.4
2022-05-01 22:00:00,0.435,1017.2
2022-05-01 23:00:00,0.355,1017.1
2022-05-02 00:00:00,0.784,1017.6
2022-05-02 01:00:00,1.369,1017.7
2022-05-02 02:00:00,2.022,1017.8
2022-05-02 03:00:00,2.695,1018.0
2022-05-02 04:00:00,3.181,1018.5
2022-05-02 05:00:00,3.307,1019.0
2022-05-02 06:00:00,3.001,1019.6
2022-05-02 07:00:00,2.434,1019.7
2022-05-02 08:00:00,1.709,1019.8
2022-05-02 09:00:00,1.006,1019.7
2022-05-02 10:00:00,0.34,1019.9
2022-05-02 11:00:00,0.066,1020.3
2022-05-02 12:00:00,0.257,1020.5
2022-05-02 13:00:00,0.708,1020.9
2022-05-02 14:00:00,1.35,1021.1
2022-05-02 15:00:00,2.058,1021.0
2022-05-02 16:00:00,2.668,1020.8
2022-05-02 17:00:00,2.979,1020.6
2022-05-02 18:00:00,2.901,1020.3
2022-05-02 19:00:00,2.535,1019.8
2022-05-02 20:00:00,1.984,1019.6
2022-05-02 21:00:00,1.338,1019.6
2022-05-02 22:00:00,0.738,1019.6
2022-05-02 23:00:00,0.42,1019.8
2022-05-03 00:00:00,0.532,1020.2
2022-05-03 01:00:00,1.006,1020.6
2022-05-03 02:00:00,1.603,1021.1
2022-05-03 03:00:00,2.235,1020.5
2022-05-03 04:00:00,2.849,1020.5
2022-05-03 05:00:00,3.205,1020.5
2022-05-03 06:00:00,3.151,1020.5
2022-05-03 07:00:00,2.739,1020.3
2022-05-03 08:00:00,2.162,1020.2
2022-05-03 09:00:00,1.471,1020.7
2022-05-03 10:00:00,0.746,1021.1
2022-05-03 11:00:00,0.217,1021.9
2022-05-03 12:00:00,0.05,1022.4
2022-05-03 13:00:00,0.365,1022.9
2022-05-03 14:00:00,0.893,1023.2
2022-05-03 15:00:00,1.498,1023.7
2022-05-03 16:00:00,2.157,1023.6
2022-05-03 17:00:00,2.651,1023.0
2022-05-03 18:00:00,2.818,1023.2
2022-05-03 19:00:00,2.676,1023.0
2022-05-03 20:00:00,2.264,1022.6
2022-05-03 21:00:00,1.727,1022.4
2022-05-03 22:00:00,1.115,1022.6
2022-05-03 23:00:00,0.642,1022.3
2022-05-04 00:00:00,0.458,1022.3
2022-05-04 01:00:00,0.733,1021.8
2022-05-04 02:00:00,1.246,1021.2
2022-05-04 03:00:00,1.817,1020.9
2022-05-04 04:00:00,2.416,1020.6
2022-05-04 05:00:00,2.916,1020.0
2022-05-04 06:00:00,3.126,1020.8
2022-05-04 07:00:00,2.955,1020.5
2022-05-04 08:00:00,2.523,1019.6
2022-05-04 09:00:00,1.921,1018.8
2022-05-04 10:00:00,1.226,1018.4
2022-05-04 11:00:00,0.571,1018.5
2022-05-04 12:00:00,0.184,1017.9
2022-05-04 13:00:00,0.193,1016.7
2022-05-04 14:00:00,0.627,1017.0
2022-05-04 15:00:00,1.129,1016.5
2022-05-04 16:00:00,1.737,1016.4
2022-05-04 17:00:00,2.328,1015.5
2022-05-04 18:00:00,2.712,1014.3
2022-05-04 19:00:00,2.828,1014.1
2022-05-04 20:00:00,2.57,1013.7
2022-05-04 21:00:00,2.094,1013.4
2022-05-04 22:00:00,1.611,1013.0
2022-05-04 23:00:00,1.035,1012.9
2022-05-05 00:00:00,0.643,1012.9
2022-05-05 01:00:00,0.669,1013.5
2022-05-05 02:00:00,0.972,1014.1
2022-05-05 03:00:00,1.473,1014.2
2022-05-05 04:00:00,2.013,1014.3
2022-05-05 05:00:00,2.547,1014.6
2022-05-05 06:00:00,2.973,1014.7
2022-05-05 07:00:00,3.046,1014.6
2022-05-05 08:00:00,2.778,1014.9
2022-05-05 09:00:00,2.32,1014.9
2022-05-05 10:00:00,1.695,1015.3
2022-05-05 11:00:00,1.061,1015.9
2022-05-05 12:00:00,0.544,1016.3
2022-05-05 13:00:00,0.252,1017.3
2022-05-05 14:00:00,0.415,1017.8
2022-05-05 15:00:00,0.795,1017.4
2022-05-05 16:00:00,1.304,1017.4
2022-05-05 17:00:00,1.905,1016.9
2022-05-05 18:00:00,2.37,1016.6
2022-05-05 19:00:00,2.69,1015.8
2022-05-05 20:00:00,2.598,1015.1
2022-05-05 21:00:00,2.335,1014.6
2022-05-05 22:00:00,1.916,1014.4
2022-05-05 23:00:00,1.386,1014.9
2022-05-06 00:00:00,0.95,1015.6
2022-05-06 01:00:00,0.673,1015.9
2022-05-06 02:00:00,0.828,1015.9
2022-05-06 03:00:00,1.214,1015.7
2022-05-06 04:00:00,1.692,1016.1
2022-05-06 05:00:00,2.227,1016.1
2022-05-06 06:00:00,2.646,1015.7
2022-05-06 07:00:00,2.983,1015.9
2022-05-06 08:00:00,2.924,1016.0
2022-05-06 09:00:00,2.618,1016.0
2022-05-06 10:00:00,2.119,1016.0
2022-05-06 11:00:00,1.527,1016.3
2022-05-06 12:00:00,0.946,1016.2
2022-05-06 13:00:00,0.505,1016.3
2022-05-06 14:00:00,0.409,1016.0
2022-05-06 15:00:00,0.645,1015.4
2022-05-06 16:00:00,1.033,1014.9
2022-05-06 17:00:00,1.514,1014.4
2022-05-06 18:00:00,2.037,1013.9
2022-05-06 19:00:00,2.485,1013.0
2022-05-06 20:00:00,2.63,1012.6
2022-05-06 21:00:00,2.566,1012.4
2022-05-06 22:00:00,2.26,1012.0
2022-05-06 23:00:00,1.821,1011.5
2022-05-07 00:00:00,1.364,1011.4
2022-05-07 01:00:00,0.98,1011.6
2022-05-07 02:00:00,0.832,1011.9
2022-05-07 03:00:00,1.007,1011.6
2022-05-07 04:00:00,1.375,1011.5
2022-05-07 05:00:00,1.867,1011.5
2022-05-07 06:00:00,2.33,1011.5
2022-05-07 07:00:00,2.76,1011.3
2022-05-07 08:00:00,2.952,1011.7
2022-05-07 09:00:00,2.892,1011.8
2022-05-07 10:00:00,2.569,1013.0
2022-05-07 11:00:00,2.135,1013.7
2022-05-07 12:00:00,1.58,1014.1
2022-05-07 13:00:00,1.11,1014.7
2022-05-07 14:00:00,0.759,1015.4
2022-05-07 15:00:00,0.679,1016.1
2022-05-07 16:00:00,0.917,1016.3
2022-05-07 17:00:00,1.28,1016.2
2022-05-07 18:00:00,1.748,1016.7
2022-05-07 19:00:00,2.256,1017.0
2022-05-07 20:00:00,2.599,1016.7
2022-05-07 21:00:00,2.705,1017.1
2022-05-07 22:00:00,2.555,1017.4
2022-05-07 23:00:00,2.262,1017.5
2022-05-08 00:00:00,1.852,1017.6
2022-05-08 01:00:00,1.431,1019.0
2022-05-08 02:00:00,1.017,1019.5
2022-05-08 03:00:00,0.953,1019.4
2022-05-08 04:00:00,1.167,1019.3
2022-05-08 05:00:00,1.526,1019.3
2022-05-08 06:00:00,1.965,1018.9
2022-05-08 07:00:00,2.406,1019.0
2022-05-08 08:00:00,2.768,1019.4
2022-05-08 09:00:00,2.911,1019.6
2022-05-08 10:00:00,2.817,1020.7
2022-05-08 11:00:00,2.464,1021.3
2022-05-08 12:00:00,2.017,1022.0
2022-05-08 13:00:00,1.486,1022.8
2022-05-08 14:00:00,1.022,1023.3
2022-05-08 15:00:00,0.686,1023.6
2022-05-08 16:00:00,0.729,1024.0
2022-05-08 17:00:00,0.972,1023.8
2022-05-08 18:00:00,1.305,1023.7
2022-05-08 19:00:00,1.784,1023.7
2022-05-08 20:00:00,2.214,1023.3
2022-05-08 21:00:00,2.544,1023.4
2022-05-08 22:00:00,2.663,1023.1
2022-05-08 23:00:00,2.475,1023.2
2022-05-09 00:00:00,2.217,1023.5
2022-05-09 01:00:00,1.789,1023.7
2022-05-09 02:00:00,1.344,1023.8
2022-05-09 03:00:00,1.041,1023.5
2022-05-09 04:00:00,0.976,1023.4
2022-05-09 05:00:00,1.222,1023.4
2022-05-09 06:00:00,1.522,1023.4
2022-05-09 07:00:00,1.936,1023.2
2022-05-09 08:00:00,2.374,1023.3
2022-05-09 09:00:00,2.771,1023.5
2022-05-09 10:00:00,2.888,1024.4
2022-05-09 11:00:00,2.737,1025.2
2022-05-09 12:00:00,2.427,1025.8
2022-05-09 13:00:00,1.976,1026.2
2022-05-09 14:00:00,1.461,1026.6
2022-05-09 15:00:00,0.974,1027.0
2022-05-09 16:00:00,0.704,1027.1
2022-05-09 17:00:00,0.764,1027.4
2022-05-09 18:00:00,1.064,1027.5
2022-05-09 19:00:00,1.407,1027.8
2022-05-09 20:00:00,1.866,1027.8
2022-05-09 21:00:00,2.318,1028.3
2022-05-09 22:00:00,2.608,1028.3
2022-05-09 23:00:00,2.676,1028.4
2022-05-10 00:00:00,2.523,1028.7
2022-05-10 01:00:00,2.21,1029.3
2022-05-10 02:00:00,1.752,1029.5
2022-05-10 03:00:00,1.327,1028.9
2022-05-10 04:00:00,1.012,1028.7
2022-05-10 05:00:00,0.96,1028.6
2022-05-10 06:00:00,1.181,1028.2
2022-05-10 07:00:00,1.491,1028.4
2022-05-10 08:00:00,1.891,1028.4
2022-05-10 09:00:00,2.397,1028.8
2022-05-10 10:00:00,2.766,1029.7
2022-05-10 11:00:00,2.891,1030.2
2022-05-10 12:00:00,2.701,1030.5
2022-05-10 13:00:00,2.367,1031.0
2022-05-10 14:00:00,1.86,1031.4
2022-05-10 15:00:00,1.377,1031.8
2022-05-10 16:00:00,0.882,1031.6
2022-05-10 17:00:00,0.626,1031.4
2022-05-10 18:00:00,0.678,1031.1
2022-05-10 19:00:00,0.969,1030.7
2022-05-10 20:00:00,1.347,1030.4
2022-05-10 21:00:00,1.864,1030.3
2022-05-10 22:00:00,2.356,1030.1
2022-05-10 23:00:00,2.693,1029.9
2022-05-11 00:00:00,2.755,1029.8
2022-05-11 01:00:00,2.558,1029.9
2022-05-11 02:00:00,2.203,1029.7
2022-05-11 03:00:00,1.733,1029.0
2022-05-11 04:00:00,1.276,1028.8
2022-05-11 05:00:00,0.869,1028.5
2022-05-11 06:00:00,0.836,1027.9
2022-05-11 07:00:00,1.082,1027.4
2022-05-11 08:00:00,1.423,1027.4
2022-05-11 09:00:00,1.888,1027.2
2022-05-11 10:00:00,2.359,1027.8
2022-05-11 11:00:00,2.696,1028.4
2022-05-11 12:00:00,2.814,1028.8
2022-05-11 13:00:00,2.606,1028.7
2022-05-11 14:00:00,2.274,1028.6
2022-05-11 15:00:00,1.776,1028.4
2022-05-11 16:00:00,1.2,1027.9
2022-05-11 17:00:00,0.739,1027.6
2022-05-11 18:00:00,0.432,1027.4
2022-05-11 19:00:00,0.612,1026.6
2022-05-11 20:00:00,0.966,1026.5
2022-05-11 21:00:00,1.406,1026.5
2022-05-11 22:00:00,1.962,1026.6
2022-05-11 23:00:00,2.476,1026.6
2022-05-12 00:00:00,2.781,1026.4
2022-05-12 01:00:00,2.791,1026.6
2022-05-12 02:00:00,2.487,1026.7
2022-05-12 03:00:00,2.056,1026.5
2022-05-12 04:00:00,1.502,1026.0
2022-05-12 05:00:00,0.925,1025.8
2022-05-12 06:00:00,0.542,1026.0
2022-05-12 07:00:00,0.485,1025.7
2022-05-12 08:00:00,0.808,1025.6
2022-05-12 09:00:00,1.242,1025.6
2022-05-12 10:00:00,1.8,1026.0
2022-05-12 11:00:00,2.33,1027.2
2022-05-12 12:00:00,2.734,1027.1
2022-05-12 13:00:00,2.826,1027.5
2022-05-12 14:00:00,2.615,1027.9
2022-05-12 15:00:00,2.17,1028.5
2022-05-12 16:00:00,1.596,1028.2
2022-05-12 17:00:00,0.986,1027.8
2022-05-12 18:00:00,0.451,1027.9
2022-05-12 19:00:00,0.264,1028.1
2022-05-12 20:00:00,0.456,1028.0
2022-05-12 21:00:00,0.895,1027.8
2022-05-12 22:00:00,1.516,1027.3
2022-05-12 23:00:00,2.158,1027.1
2022-05-13 00:00:00,2.663,1027.1
2022-05-13 01:00:00,2.982,1027.3
2022-05-13 02:00:00,2.876,1026.9
2022-05-13 03:00:00,2.525,1026.4
2022-05-13 04:00:00,1.955,1026.4
2022-05-13 05:00:00,1.313,1026.3
2022-05-13 06:00:00,0.698,1026.2
2022-05-13 07:00:00,0.295,1026.0
2022-05-13 08:00:00,0.343,1026.4
2022-05-13 09:00:00,0.699,1026.3
2022-05-13 10:00:00,1.263,1025.9
2022-05-13 11:00:00,1.867,1026.5
2022-05-13 12:00:00,2.468,1026.9
2022-05-13 13:00:00,2.874,1027.3
2022-05-13 14:00:00,2.938,1027.2
2022-05-13 15:00:00,2.645,1027.1
2022-05-13 16:00:00,2.086,1026.6
2022-05-13 17:00:00,1.475,1025.4
2022-05-13 18:00:00,0.801,1024.5
2022-05-13 19:00:00,0.291,1023.3
2022-05-13 20:00:00,0.145,1022.2
2022-05-13 21:00:00,0.516,1021.5
2022-05-13 22:00:00,1.094,1020.9
2022-05-13 23:00:00,1.756,1020.7
2022-05-14 00:00:00,2.468,1020.8
2022-05-14 01:00:00,2.98,1021.1
2022-05-14 02:00:00,3.179,1021.7
2022-05-14 03:00:00,3.006,1021.5
2022-05-14 04:00:00,2.481,1020.8
2022-05-14 05:00:00,1.846,1020.6
2022-05-14 06:00:00,1.06,1019.8
2022-05-14 07:00:00,0.406,1019.5
2022-05-14 08:00:00,-0.012,1019.0
2022-05-14 09:00:00,0.142,1019.1
2022-05-14 10:00:00,0.624,1019.0
2022-05-14 11:00:00,1.215,1019.4
2022-05-14 12:00:00,1.916,1018.7
2022-05-14 13:00:00,2.588,1018.4
2022-05-14 14:00:00,2.961,1018.0
2022-05-14 15:00:00,2.969,1017.5
2022-05-14 16:00:00,2.591,1016.6
2022-05-14 17:00:00,2.017,1015.7
2022-05-14 18:00:00,1.319,1015.2
2022-05-14 19:00:00,0.613,1014.7
2022-05-14 20:00:00,0.113,1014.1
2022-05-14 21:00:00,0.086,1013.8
2022-05-14 22:00:00,0.629,1013.2
2022-05-14 23:00:00,1.259,1013.2
2022-05-15 00:00:00,2.061,1013.3
2022-05-15 01:00:00,2.823,1014.0
2022-05-15 02:00:00,3.343,1014.5
2022-05-15 03:00:00,3.472,1014.6
2022-05-15 04:00:00,3.127,1014.3
2022-05-15 05:00:00,2.551,1013.9
2022-05-15 06:00:00,1.773,1013.3
2022-05-15 07:00:00,0.967,1012.8
2022-05-15 08:00:00,0.267,1012.4
2022-05-15 09:00:00,-0.035,1012.1
2022-05-15 10:00:00,0.243,1012.3
2022-05-15 11:00:00,0.792,1012.2
2022-05-15 12:00:00,1.483,1012.1
2022-05-15 13:00:00,2.282,1011.9
2022-05-15 14:00:00,2.967,1011.7
2022-05-15 15:00:00,3.283,1011.5
2022-05-15 16:00:00,3.171,1010.8
2022-05-15 17:00:00,2.714,1010.1
2022-05-15 18:00:00,2.05,1009.2
2022-05-15 19:00:00,1.282,1008.5
2022-05-15 20:00:00,0.573,1007.9
2022-05-15 21:00:00,0.125,1007.4
2022-05-15 22:00:00,0.245,1007.0
2022-05-15 23:00:00,0.849,1007.2
2022-05-16 00:00:00,1.614,1007.4
2022-05-16 01:00:00,2.443,1008.0
2022-05-16 02:00:00,3.198,1008.6
2022-05-16 03:00:00,3.64,1008.3
2022-05-16 04:00:00,3.64,1008.0
2022-05-16 05:00:00,3.193,1007.7
2022-05-16 06:00:00,2.46,1007.3
2022-05-16 07:00:00,1.639,1007.0
2022-05-16 08:00:00,0.759,1006.7
2022-05-16 09:00:00,0.068,1006.3
2022-05-16 10:00:00,-0.125,1006.8
2022-05-16 11:00:00,0.187,1006.9
2022-05-16 12:00:00,0.824,1006.9
2022-05-16 13:00:00,1.605,1006.6
2022-05-16 14:00:00,2.453,1006.6
2022-05-16 15:00:00,3.117,1006.1
2022-05-16 16:00:00,3.366,1006.0
2022-05-16 17:00:00,3.21,1005.0
2022-05-16 18:00:00,2.702,1003.9
2022-05-16 19:00:00,2.011,1002.6
2022-05-16 20:00:00,1.21,1001.4
2022-05-16 21:00:00,0.496,1000.5
2022-05-16 22:00:00,0.136,1000.3
2022-05-16 23:00:00,0.446,1000.1
2022-05-17 00:00:00,1.106,999.8
2022-05-17 01:00:00,1.955,1000.8
2022-05-17 02:00:00,2.747,1000.1
2022-05-17 03:00:00,3.547,1000.1
2022-05-17 04:00:00,3.855,1000.6
2022-05-17 05:00:00,3.712,1000.2
2022-05-17 06:00:00,3.229,1000.2
2022-05-17 07:00:00,2.427,1000.4
2022-05-17 08:00:00,1.503,1001.0
2022-05-17 09:00:00,0.622,1001.9
2022-05-17 10:00:00,-0.086,1002.5
2022-05-17 11:00:00,-0.292,1003.3
2022-05-17 12:00:00,0.173,1003.7
2022-05-17 13:00:00,0.842,1004.0
2022-05-17 14:00:00,1.668,1003.6
2022-05-17 15:00:00,2.535,1003.3
2022-05-17 16:00:00,3.149,1003.1
2022-05-17 17:00:00,3.371,1002.5
2022-05-17 18:00:00,3.13,1002.9
2022-05-17 19:00:00,2.591,1002.7
2022-05-17 20:00:00,1.852,1002.3
2022-05-17 21:00:00,1.009,1003.0
2022-05-17 22:00:00,0.32,1003.8
2022-05-17 23:00:00,0.046,1004.8
2022-05-18 00:00:00,0.474,1006.0
2022-05-18 01:00:00,1.136,1006.9
2022-05-18 02:00:00,1.953,1007.5
2022-05-18 03:00:00,2.841,1007.7
2022-05-18 04:00:00,3.479,1008.0
2022-05-18 05:00:00,3.801,1008.1
2022-05-18 06:00:00,3.583,1008.1
2022-05-18 07:00:00,2.973,1008.2
2022-05-18 08:00:00,2.176,1008.9
2022-05-18 09:00:00,1.241,1009.5
2022-05-18 10:00:00,0.335,1010.3
2022-05-18 11:00:00,-0.281,1010.5
2022-05-18 12:00:00,-0.356,1010.7
2022-05-18 13:00:00,0.159,1010.9
2022-05-18 14:00:00,0.84,1011.4
2022-05-18 15:00:00,1.64,1011.9
2022-05-18 16:00:00,2.523,1011.4
2022-05-18 17:00:00,3.095,1010.9
2022-05-18 18:00:00,3.221,1010.6
2022-05-18 19:00:00,2.935,1010.1
2022-05-18 20:00:00,2.383,1010.1
2022-05-18 21:00:00,1.649,1010.3
2022-05-18 22:00:00,0.855,1010.5
2022-05-18 23:00:00,0.26,1010.6
2022-05-19 00:00:00,0.096,1010.6
2022-05-19 01:00:00,0.548,1011.0
2022-05-19 02:00:00,1.221,1011.1
2022-05-19 03:00:00,2.048,1011.3
2022-05-19 04:00:00,2.894,1011.4
2022-05-19 05:00:00,3.506,1011.6
2022-05-19 06:00:00,3.698,1011.4
2022-05-19 07:00:00,3.482,1011.0
2022-05-19 08:00:00,2.85,1011.0
2022-05-19 09:00:00,2.045,1011.1
2022-05-19 10:00:00,1.143,1010.8
2022-05-19 11:00:00,0.333,1010.7
2022-05-19 12:00:00,-0.192,1010.5
2022-05-19 13:00:00,-0.214,1010.3
2022-05-19 14:00:00,0.324,1010.1
2022-05-19 15:00:00,0.978,1009.8
2022-05-19 16:00:00,1.786,1008.9
2022-05-19 17:00:00,2.624,1007.8
2022-05-19 18:00:00,3.139,1006.9
2022-05-19 19:00:00,3.208,1006.0
2022-05-19 20:00:00,2.959,1005.8
2022-05-19 21:00:00,2.391,1005.5
2022-05-19 22:00:00,1.689,1006.2
2022-05-19 23:00:00,0.969,1005.8
2022-05-20 00:00:00,0.409,1006.4
2022-05-20 01:00:00,0.312,1006.5
2022-05-20 02:00:00,0.732,1007.7
2022-05-20 03:00:00,1.367,1008.5
2022-05-20 04:00:00,2.141,1008.9
2022-05-20 05:00:00,2.934,1009.4
2022-05-20 06:00:00,3.507,1009.6
2022-05-20 07:00:00,3.669,1010.5
2022-05-20 08:00:00,3.381,1010.8
2022-05-20 09:00:00,2.843,1011.9
2022-05-20 10:00:00,2.049,1012.9
2022-05-20 11:00:00,1.208,1014.0
2022-05-20 12:00:00,0.388,1015.8
2022-05-20 13:00:00,-0.125,1016.5
2022-05-20 14:00:00,-0.037,1016.8
2022-05-20 15:00:00,0.414,1016.9
2022-05-20 16:00:00,1.058,1017.4
2022-05-20 17:00:00,1.828,1017.1
2022-05-20 18:00:00,2.612,1016.6
2022-05-20 19:00:00,3.087,1016.3
2022-05-20 20:00:00,3.122,1016.4
2022-05-20 21:00:00,2.855,1015.7
2022-05-20 22:00:00,2.376,1015.7
2022-05-20 23:00:00,1.686,1015.6
2022-05-21 00:00:00,0.936,1015.9
2022-05-21 01:00:00,0.455,1017.1
2022-05-21 02:00:00,0.307,1017.5
2022-05-21 03:00:00,0.755,1016.9
2022-05-21 04:00:00,1.358,1016.9
2022-05-21 05:00:00,2.099,1016.3
2022-05-21 06:00:00,2.825,1015.9
2022-05-21 07:00:00,3.384,1015.5
2022-05-21 08:00:00,3.603,1015.2
2022-05-21 09:00:00,3.291,1014.6
2022-05-21 10:00:00,2.776,1014.8
2022-05-21 11:00:00,2.032,1015.4
2022-05-21 12:00:00,1.231,1016.1
2022-05-21 13:00:00,0.49,1016.4
2022-05-21 14:00:00,-0.02,1016.3
2022-05-21 15:00:00,0.03,1016.3
2022-05-21 16:00:00,0.463,1016.4
2022-05-21 17:00:00,1.043,1015.9
2022-05-21 18:00:00,1.783,1015.4
2022-05-21 19:00:00,2.535,1015.0
2022-05-21 20:00:00,2.987,1015.2
2022-05-21 21:00:00,3.05,1014.8
2022-05-21 22:00:00,2.823,1014.6
2022-05-21 23:00:00,2.321,1014.5
2022-05-22 00:00:00,1.738,1014.7
2022-05-22 01:00:00,1.055,1014.6
2022-05-22 02:00:00,0.503,1015.3
2022-05-22 03:00:00,0.437,1015.9
2022-05-22 04:00:00,0.755,1016.1
2022-05-22 05:00:00,1.344,1015.9
2022-05-22 06:00:00,1.937,1015.3
2022-05-22 07:00:00,2.683,1015.1
2022-05-22 08:00:00,3.213,1014.9
2022-05-22 09:00:00,3.365,1015.1
2022-05-22 10:00:00,3.221,1015.3
2022-05-22 11:00:00,2.7,1015.8
2022-05-22 12:00:00,2.035,1015.8
2022-05-22 13:00:00,1.281,1015.8
2022-05-22 14:00:00,0.554,1015.4
2022-05-22 15:00:00,0.111,1015.0
2022-05-22 16:00:00,0.164,1014.6
2022-05-22 17:00:00,0.535,1014.1
2022-05-22 18:00:00,1.143,1012.8
2022-05-22 19:00:00,1.799,1011.5
2022-05-22 20:00:00,2.514,1010.8
2022-05-22 21:00:00,2.972,1010.4
2022-05-22 22:00:00,3.081,1010.9
2022-05-22 23:00:00,2.83,1011.1
2022-05-23 00:00:00,2.412,1011.6
2022-05-23 01:00:00,1.826,1012.6
2022-05-23 02:00:00,1.119,1014.5
2022-05-23 03:00:00,0.58,1014.5
2022-05-23 04:00:00,0.421,1013.6
2022-05-23 05:00:00,0.746,1013.9
2022-05-23 06:00:00,1.195,1014.3
2022-05-23 07:00:00,1.835,1015.2
2022-05-23 08:00:00,2.454,1016.5
2022-05-23 09:00:00,3.002,1017.7
2022-05-23 10:00:00,3.222,1018.6
2022-05-23 11:00:00,3.036,1019.5
2022-05-23 12:00:00,2.57,1020.1
2022-05-23 13:00:00,1.969,1020.8
2022-05-23 14:00:00,1.254,1021.2
2022-05-23 15:00:00,0.593,1021.5
2022-05-23 16:00:00,0.123,1021.6
2022-05-23 17:00:00,0.15,1021.1
2022-05-23 18:00:00,0.531,1021.3
2022-05-23 19:00:00,1.061,1021.5
2022-05-23 20:00:00,1.701,1021.3
2022-05-23 21:00:00,2.357,1021.5
2022-05-23 22:00:00,2.865,1021.6
2022-05-23 23:00:00,3.005,1022.0
2022-05-24 00:00:00,2.789,1022.7
2022-05-24 01:00:00,2.388,1023.3
2022-05-24 02:00:00,1.783,1023.9
2022-05-24 03:00:00,1.157,1024.0
2022-05-24 04:00:00,0.619,1024.2
2022-05-24 05:00:00,0.409,1024.6
2022-05-24 06:00:00,0.642,1025.1
2022-05-24 07:00:00,1.041,1025.7
2022-05-24 08:00:00,1.663,1025.9
2022-05-24 09:00:00,2.287,1026.4
2022-05-24 10:00:00,2.857,1026.9
2022-05-24 11:00:00,3.073,1027.1
2022-05-24 12:00:00,2.929,1027.5
2022-05-24 13:00:00,2.541,1028.1
2022-05-24 14:00:00,1.967,1028.0
2022-05-24 15:00:00,1.288,1028.0
2022-05-24 16:00:00,0.669,1028.4
2022-05-24 17:00:00,0.222,1027.8
2022-05-24 18:00:00,0.207,1027.6
2022-05-24 19:00:00,0.584,1027.3
2022-05-24 20:00:00,1.102,1027.5
2022-05-24 21:00:00,1.729,1027.4
2022-05-24 22:00:00,2.372,1027.1
2022-05-24 23:00:00,2.871,1026.8
2022-05-25 00:00:00,2.998,1027.0
2022-05-25 01:00:00,2.807,1027.3
2022-05-25 02:00:00,2.36,1028.0
2022-05-25 03:00:00,1.757,1027.9
2022-05-25 04:00:00,1.123,1028.2
2022-05-25 05:00:00,0.578,1028.1
2022-05-25 06:00:00,0.336,1027.6
2022-05-25 07:00:00,0.592,1027.7
2022-05-25 08:00:00,0.999,1027.9
2022-05-25 09:00:00,1.544,1028.3
2022-05-25 10:00:00,2.176,1028.6
2022-05-25 11:00:00,2.717,1028.9
2022-05-25 12:00:00,3.019,1029.2
2022-05-25 13:00:00,2.857,1029.5
2022-05-25 14:00:00,2.498,1029.5
2022-05-25 15:00:00,1.934,1029.3
2022-05-25 16:00:00,1.259,1029.1
2022-05-25 17:00:00,0.622,1028.7
2022-05-25 18:00:00,0.183,1028.1
2022-05-25 19:00:00,0.192,1027.8
2022-05-25 20:00:00,0.628,1027.3
2022-05-25 21:00:00,1.157,1026.8
2022-05-25 22:00:00,1.794,1026.1
2022-05-25 23:00:00,2.431,1026.5
2022-05-26 00:00:00,2.911,1027.0
2022-05-26 01:00:00,2.997,1027.5
2022-05-26 02:00:00,2.743,1027.7
2022-05-26 03:00:00,2.291,1027.6
2022-05-26 04:00:00,1.686,1027.9
2022-05-26 05:00:00,1.016,1027.8
2022-05-26 06:00:00,0.445,1027.5
2022-05-26 07:00:00,0.202,1027.4
2022-05-26 08:00:00,0.433,1027.4
2022-05-26 09:00:00,0.881,1027.3
2022-05-26 10:00:00,1.473,1027.6
2022-05-26 11:00:00,2.106,1027.9
2022-05-26 12:00:00,2.666,1027.8
2022-05-26 13:00:00,2.9,1027.5
2022-05-26 14:00:00,2.79,1026.8
2022-05-26 15:00:00,2.404,1026.1
2022-05-26 16:00:00,1.869,1025.3
2022-05-26 17:00:00,1.243,1024.3
2022-05-26 18:00:00,0.61,1023.2
2022-05-26 19:00:00,0.214,1022.7
2022-05-26 20:00:00,0.305,1021.4
2022-05-26 21:00:00,0.751,1020.9
2022-05-26 22:00:00,1.338,1020.6
2022-05-26 23:00:00,1.948,1020.0
2022-05-27 00:00:00,2.613,1019.5
2022-05-27 01:00:00,3.039,1019.7
2022-05-27 02:00:00,3.072,1019.6
2022-05-27 03:00:00,2.756,1019.2
2022-05-27 04:00:00,2.232,1018.5
2022-05-27 05:00:00,1.585,1018.1
2022-05-27 06:00:00,0.915,1017.5
2022-05-27 07:00:00,0.35,1016.7
2022-05-27 08:00:00,0.198,1016.1
2022-05-27 09:00:00,0.507,1015.5
2022-05-27 10:00:00,0.958,1015.5
2022-05-27 11:00:00,1.562,1015.2
2022-05-27 12:00:00,2.195,1015.2
2022-05-27 13:00:00,2.724,1014.7
2022-05-27 14:00:00,2.981,1014.1
2022-05-27 15:00:00,2.814,1013.5
2022-05-27 16:00:00,2.436,1013.0
2022-05-27 17:00:00,1.872,1012.3
2022-05-27 18:00:00,1.239,1011.6
2022-05-27 19:00:00,0.684,1010.9
2022-05-27 20:00:00,0.376,1010.2
2022-05-27 21:00:00,0.594,1009.9
2022-05-27 22:00:00,1.022,1010.0
2022-05-27 23:00:00,1.625,1009.7
2022-05-28 00:00:00,2.299,1009.6
2022-05-28 01:00:00,2.872,1008.9
2022-05-28 02:00:00,3.203,1008.6
2022-05-28 03:00:00,3.157,1008.8
2022-05-28 04:00:00,2.699,1008.6
2022-05-28 05:00:00,2.15,1008.2
2022-05-28 06:00:00,1.46,1007.5
2022-05-28 07:00:00,0.78,1006.9
2022-05-28 08:00:00,0.302,1006.1
2022-05-28 09:00:00,0.213,1005.8
2022-05-28 10:00:00,0.585,1005.5
2022-05-28 11:00:00,1.089,1005.7
2022-05-28 12:00:00,1.709,1005.4
2022-05-28 13:00:00,2.381,1005.6
2022-05-28 14:00:00,2.839,1005.3
2022-05-28 15:00:00,3.031,1005.1
2022-05-28 16:00:00,2.78,1005.0
2022-05-28 17:00:00,2.385,1004.4
2022-05-28 18:00:00,1.794,1003.9
2022-05-28 19:00:00,1.168,1003.9
2022-05-28 20:00:00,0.627,1004.6
2022-05-28 21:00:00,0.443,1005.0
2022-05-28 22:00:00,0.795,1004.3
2022-05-28 23:00:00,1.289,1005.8
2022-05-29 00:00:00,1.94,1006.7
2022-05-29 01:00:00,2.596,1007.6
2022-05-29 02:00:00,3.109,1009.0
2022-05-29 03:00:00,3.304,1009.9
2022-05-29 04:00:00,3.109,1010.8
2022-05-29 05:00:00,2.627,1011.4
2022-05-29 06:00:00,1.986,1011.9
2022-05-29 07:00:00,1.278,1012.4
2022-05-29 08:00:00,0.609,1012.8
2022-05-29 09:00:00,0.149,1013.6
2022-05-29 10:00:00,0.235,1014.9
2022-05-29 11:00:00,0.639,1015.5
2022-05-29 12:00:00,1.178,1016.4
2022-05-29 13:00:00,1.796,1017.1
2022-05-29 14:00:00,2.454,1017.5
2022-05-29 15:00:00,2.81,1017.8
2022-05-29 16:00:00,2.874,1018.0
2022-05-29 17:00:00,2.577,1017.6
2022-05-29 18:00:00,2.084,1017.5
2022-05-29 19:00:00,1.492,1017.4
2022-05-29 20:00:00,0.908,1017.1
2022-05-29 21:00:00,0.485,1017.1
2022-05-29 22:00:00,0.479,1016.9
2022-05-29 23:00:00,0.866,1016.8
2022-05-30 00:00:00,1.419,1017.2
2022-05-30 01:00:00,2.058,1017.3
2022-05-30 02:00:00,2.69,1018.0
2022-05-30 03:00:00,3.099,1018.2
2022-05-30 04:00:00,3.226,1018.6
2022-05-30 05:00:00,2.919,1018.4
2022-05-30 06:00:00,2.351,1018.1
2022-05-30 07:00:00,1.686,1017.7
2022-05-30 08:00:00,0.944,1017.7
2022-05-30 09:00:00,0.361,1017.9
2022-05-30 10:00:00,0.061,1018.1
2022-05-30 11:00:00,0.241,1018.4
2022-05-30 12:00:00,0.679,1018.4
2022-05-30 13:00:00,1.291,1018.6
2022-05-30 14:00:00,1.919,1018.0
2022-05-30 15:00:00,2.505,1017.2
2022-05-30 16:00:00,2.787,1016.5
2022-05-30 17:00:00,2.731,1016.1
2022-05-30 18:00:00,2.405,1015.6
2022-05-30 19:00:00,1.89,1014.9
2022-05-30 20:00:00,1.3,1014.3
2022-05-30 21:00:00,0.771,1014.1
2022-05-30 22:00:00,0.464,1014.0
2022-05-30 23:00:00,0.659,1014.1
2022-05-31 00:00:00,1.096,1013.8
2022-05-31 01:00:00,1.702,1013.5
2022-05-31 02:00:00,2.313,1013.6
2022-05-31 03:00:00,2.852,1013.5
2022-05-31 04:00:00,3.165,1012.2
2022-05-31 05:00:00,3.194,1012.1
2022-05-31 06:00:00,2.737,1011.7
2022-05-31 07:00:00,2.139,1011.4
2022-05-31 08:00:00,1.456,1011.3
2022-05-31 09:00:00,0.773,1011.4
2022-05-31 10:00:00,0.33,1011.6
2022-05-31 11:00:00,0.233,1011.9
2022-05-31 12:00:00,0.476,1012.3
2022-05-31 13:00:00,1.034,1013.7
2022-05-31 14:00:00,1.602,1015.1
2022-05-31 15:00:00,2.215,1015.8
2022-05-31 16:00:00,2.677,1016.2
2022-05-31 17:00:00,2.875,1016.4
2022-05-31 18:00:00,2.689,1016.1
2022-05-31 19:00:00,2.283,1016.0
2022-05-31 20:00:00,1.756,1015.8
2022-05-31 21:00:00,1.185,1015.7
2022-05-31 22:00:00,0.722,1016.0
2022-05-31 23:00:00,0.592,1016.0
2022-06-01 00:00:00,0.885,1016.4
2022-06-01 01:00:00,1.392,1017.0
2022-06-01 02:00:00,1.966,1017.3
2022-06-01 03:00:00,2.518,1016.8
2022-06-01 04:00:00,3.013,1017.3
2022-06-01 05:00:00,3.187,1017.3
2022-06-01 06:00:00,3.022,1017.2
2022-06-01 07:00:00,2.533,1016.8
2022-06-01 08:00:00,1.907,1016.7
2022-06-01 09:00:00,1.262,1017.0
2022-06-01 10:00:00,0.629,1017.2
2022-06-01 11:00:00,0.254,1017.3
2022-06-01 12:00:00,0.321,1017.1
2022-06-01 13:00:00,0.685,1017.3
2022-06-01 14:00:00,1.221,1016.9
2022-06-01 15:00:00,1.778,1016.8
2022-06-01 16:00:00,2.38,1016.3
2022-06-01 17:00:00,2.762,1015.8
2022-06-01 18:00:00,2.787,1015.7
2022-06-01 19:00:00,2.534,1015.0
2022-06-01 20:00:00,2.08,1012.9
2022-06-01 21:00:00,1.528,1013.6
2022-06-01 22:00:00,1.02,1012.8
2022-06-01 23:00:00,0.666,1012.7
2022-06-02 00:00:00,0.701,1012.3
2022-06-02 01:00:00,1.112,1011.1
2022-06-02 02:00:00,1.618,1011.1
2022-06-02 03:00:00,2.22,1010.1
2022-06-02 04:00:00,2.754,1009.9
2022-06-02 05:00:00,3.146,1009.0
2022-06-02 06:00:00,3.199,1009.0
2022-06-02 07:00:00,2.891,1007.9
2022-06-02 08:00:00,2.373,1007.6
2022-06-02 09:00:00,1.742,1007.5
2022-06-02 10:00:00,1.112,1007.8
2022-06-02 11:00:00,0.577,1008.6
2022-06-02 12:00:00,0.265,1008.5
2022-06-02 13:00:00,0.518,1008.5
2022-06-02 14:00:00,0.959,1008.5
2022-06-02 15:00:00,1.467,1008.2
2022-06-02 16:00:00,2.096,1008.1
2022-06-02 17:00:00,2.573,1008.2
2022-06-02 18:00:00,2.787,1008.6
2022-06-02 19:00:00,2.78,1008.4
2022-06-02 20:00:00,2.417,1008.6
2022-06-02 21:00:00,1.98,1008.5
2022-06-02 22:00:00,1.403,1008.3
2022-06-02 23:00:00,0.932,1008.6
2022-06-03 00:00:00,0.695,1008.9
2022-06-03 01:00:00,0.916,1008.8
2022-06-03 02:00:00,1.315,1009.3
2022-06-03 03:00:00,1.825,1008.8
2022-06-03 04:00:00,2.419,1008.9
2022-06-03 05:00:00,2.897,1008.6
2022-06-03 06:00:00,3.165,1008.3
2022-06-03 07:00:00,3.119,1008.0
2022-06-03 08:00:00,2.72,1007.9
2022-06-03 09:00:00,2.217,1008.1
2022-06-03 10:00:00,1.601,1008.2
2022-06-03 11:00:00,0.949,1008.3
2022-06-03 12:00:00,0.543,1008.2
2022-06-03 13:00:00,0.485,1008.7
2022-06-03 14:00:00,0.719,1009.1
2022-06-03 15:00:00,1.215,1009.1
2022-06-03 16:00:00,1.693,1008.8
2022-06-03 17:00:00,2.302,1008.8
2022-06-03 18:00:00,2.722,1008.7
2022-06-03 19:00:00,2.85,1008.6
2022-06-03 20:00:00,2.702,1008.4
2022-06-03 21:00:00,2.303,1008.6
2022-06-03 22:00:00,1.835,1008.7
2022-06-03 23:00:00,1.371,1009.3
2022-06-04 00:00:00,0.926,1010.5
2022-06-04 01:00:00,0.836,1010.4
2022-06-04 02:00:00,1.068,1010.8
2022-06-04 03:00:00,1.522,1011.1
2022-06-04 04:00:00,2.017,1011.8
2022-06-04 05:00:00,2.53,1011.7
2022-06-04 06:00:00,2.979,1010.9
2022-06-04 07:00:00,3.14,1010.8
2022-06-04 08:00:00,2.976,1011.2
2022-06-04 09:00:00,2.526,1011.6
2022-06-04 10:00:00,1.986,1011.8
2022-06-04 11:00:00,1.358,1012.1
2022-06-04 12:00:00,0.813,1012.0
2022-06-04 13:00:00,0.495,1012.2
2022-06-04 14:00:00,0.535,1012.0
2022-06-04 15:00:00,0.839,1011.5
2022-06-04 16:00:00,1.293,1011.5
2022-06-04 17:00:00,1.847,1011.2
2022-06-04 18:00:00,2.345,1010.9
2022-06-04 19:00:00,2.717,1010.3
2022-06-04 20:00:00,2.759,1009.9
2022-06-04 21:00:00,2.535,1009.0
2022-06-04 22:00:00,2.192,1008.6
2022-06-04 23:00:00,1.698,1008.5
2022-06-05 00:00:00,1.198,1008.6
2022-06-05 01:00:00,0.835,1009.2
2022-06-05 02:00:00,0.848,1009.8
2022-06-05 03:00:00,1.196,1010.5
2022-06-05 04:00:00,1.592,1010.9
2022-06-05 05:00:00,2.134,1011.4
2022-06-05 06:00:00,2.576,1011.8
2022-06-05 07:00:00,2.974,1012.1
2022-06-05 08:00:00,3.031,1012.2
2022-06-05 09:00:00,2.781,1012.7
2022-06-05 10:00:00,2.326,1013.4
2022-06-05 11:00:00,1.774,1013.8
2022-06-05 12:00:00,1.191,1014.0
2022-06-05 13:00:00,0.701,1014.6
2022-06-05 14:00:00,0.464,1014.5
2022-06-05 15:00:00,0.623,1014.2
2022-06-05 16:00:00,0.96,1014.0
2022-06-05 17:00:00,1.412,1013.6
2022-06-05 18:00:00,1.965,1013.5
2022-06-05 19:00:00,2.46,1013.2
2022-06-05 20:00:00,2.711,1013.3
2022-06-05 21:00:00,2.709,1013.5
2022-06-05 22:00:00,2.429,1013.6
2022-06-05 23:00:00,2.014,1013.8
2022-06-06 00:00:00,1.549,1014.0
2022-06-06 01:00:00,1.08,1014.4
2022-06-06 02:00:00,0.803,1015.0
2022-06-06 03:00:00,0.863,1015.0
2022-06-06 04:00:00,1.225,1014.9
2022-06-06 05:00:00,1.665,1015.1
2022-06-06 06:00:00,2.196,1015.2
2022-06-06 07:00:00,2.634,1015.2
2022-06-06 08:00:00,2.916,1015.7
2022-06-06 09:00:00,2.923,1016.0
2022-06-06 10:00:00,2.62,1016.6
2022-06-06 11:00:00,2.151,1016.9
2022-06-06 12:00:00,1.588,1017.0
2022-06-06 13:00:00,1.023,1017.1
2022-06-06 14:00:00,0.606,1017.1
2022-06-06 15:00:00,0.458,1016.8
2022-06-06 16:00:00,0.671,1016.8
2022-06-06 17:00:00,1.048,1016.7
2022-06-06 18:00:00,1.524,1016.5
2022-06-06 19:00:00,2.073,1016.4
2022-06-06 20:00:00,2.543,1016.2
2022-06-06 21:00:00,2.724,1016.0
2022-06-06 22:00:00,2.655,1015.9
2022-06-06 23:00:00,2.361,1015.9
2022-06-07 00:00:00,1.929,1016.0
2022-06-07 01:00:00,1.411,1016.3
2022-06-07 02:00:00,0.961,1016.6
2022-06-07 03:00:00,0.775,1016.6
2022-06-07 04:00:00,0.88,1016.8
2022-06-07 05:00:00,1.243,1017.0
2022-06-07 06:00:00,1.684,1017.1
2022-06-07 07:00:00,2.188,1017.1
2022-06-07 08:00:00,2.627,1017.1
2022-06-07 09:00:00,2.891,1017.3
2022-06-07 10:00:00,2.785,1017.7
2022-06-07 11:00:00,2.5,1017.9
2022-06-07 12:00:00,2.031,1018.2
2022-06-07 13:00:00,1.454,1018.3
2022-06-07 14:00:00,0.907,1018.1
2022-06-07 15:00:00,0.535,1017.8
2022-06-07 16:00:00,0.476,1017.4
2022-06-07 17:00:00,0.754,1016.8
2022-06-07 18:00:00,1.17,1016.4
2022-06-07 19:00:00,1.658,1016.4
2022-06-07 20:00:00,2.193,1016.5
2022-06-07 21:00:00,2.609,1016.0
2022-06-07 22:00:00,2.75,1015.6
2022-06-07 23:00:00,2.644,1015.4
2022-06-08 00:00:00,2.279,1015.4
2022-06-08 01:00:00,1.847,1015.6
2022-06-08 02:00:00,1.322,1015.7
2022-06-08 03:00:00,0.861,1015.5
2022-06-08 04:00:00,0.696,1015.2
2022-06-08 05:00:00,0.831,1014.6
2022-06-08 06:00:00,1.213,1014.0
2022-06-08 07:00:00,1.703,1013.2
2022-06-08 08:00:00,2.199,1012.3
2022-06-08 09:00:00,2.665,1011.8
2022-06-08 10:00:00,2.902,1011.4
2022-06-08 11:00:00,2.824,1010.9
2022-06-08 12:00:00,2.521,1010.9
2022-06-08 13:00:00,1.999,1010.1
2022-06-08 14:00:00,1.421,1009.8
2022-06-08 15:00:00,0.949,1009.9
2022-06-08 16:00:00,0.565,1009.6
2022-06-08 17:00:00,0.585,1009.6
2022-06-08 18:00:00,0.867,1009.6
2022-06-08 19:00:00,1.285,1009.8
2022-06-08 20:00:00,1.858,1009.6
2022-06-08 21:00:00,2.385,1009.5
2022-06-08 22:00:00,2.785,1009.6
2022-06-08 23:00:00,2.933,1010.1
2022-06-09 00:00:00,2.726,1010.4
2022-06-09 01:00:00,2.381,1010.9
2022-06-09 02:00:00,1.855,1011.3
2022-06-09 03:00:00,1.304,1010.7
2022-06-09 04:00:00,0.847,1010.6
2022-06-09 05:00:00,0.641,1010.1
2022-06-09 06:00:00,0.832,1010.1
2022-06-09 07:00:00,1.22,1009.4
2022-06-09 08:00:00,1.727,1008.5
2022-06-09 09:00:00,2.275,1007.8
2022-06-09 10:00:00,2.748,1006.7
2022-06-09 11:00:00,2.967,1006.2
2022-06-09 12:00:00,2.863,1005.1
2022-06-09 13:00:00,2.492,1002.9
2022-06-09 14:00:00,2.127,1001.0
2022-06-09 15:00:00,1.457,1000.5
2022-06-09 16:00:00,0.872,999.7
2022-06-09 17:00:00,0.67,999.0
2022-06-09 18:00:00,0.678,998.2
2022-06-09 19:00:00,1.032,997.9
2022-06-09 20:00:00,1.571,997.8
2022-06-09 21:00:00,2.063,998.7
2022-06-09 22:00:00,2.635,1000.3
2022-06-09 23:00:00,3.031,1001.6
2022-06-10 00:00:00,3.093,1002.6
2022-06-10 01:00:00,2.869,1003.6
2022-06-10 02:00:00,2.355,1004.4
2022-06-10 03:00:00,1.8,1004.9
2022-06-10 04:00:00,1.151,1005.1
2022-06-10 05:00:00,0.657,1005.3
2022-06-10 06:00:00,0.456,1005.5
2022-06-10 07:00:00,0.732,1005.4
2022-06-10 08:00:00,1.148,1005.6
2022-06-10 09:00:00,1.71,1005.8
2022-06-10 10:00:00,2.296,1006.3
2022-06-10 11:00:00,2.777,1007.2
2022-06-10 12:00:00,2.972,1007.5
2022-06-10 13:00:00,2.807,1007.4
2022-06-10 14:00:00,2.446,1007.4
2022-06-10 15:00:00,1.885,1007.6
2022-06-10 16:00:00,1.286,1007.9
2022-06-10 17:00:00,0.705,1007.9
2022-06-10 18:00:00,0.347,1007.5
2022-06-10 19:00:00,0.503,1007.1
2022-06-10 20:00:00,0.928,1007.2
2022-06-10 21:00:00,1.503,1007.6
2022-06-10 22:00:00,2.149,1007.8
2022-06-10 23:00:00,2.772,1008.4
2022-06-11 00:00:00,3.156,1009.3
2022-06-11 01:00:00,3.16,1009.9
2022-06-11 02:00:00,2.84,1011.0
2022-06-11 03:00:00,2.301,1011.2
2022-06-11 04:00:00,1.636,1011.5
2022-06-11 05:00:00,0.957,1011.5
2022-06-11 06:00:00,0.429,1011.7
2022-06-11 07:00:00,0.248,1011.7
2022-06-11 08:00:00,0.538,1011.9
2022-06-11 09:00:00,1.007,1011.9
2022-06-11 10:00:00,1.609,1012.0
2022-06-11 11:00:00,2.278,1012.4
2022-06-11 12:00:00,2.796,1013.0
2022-06-11 13:00:00,2.975,1013.1
2022-06-11 14:00:00,2.789,1013.2
2022-06-11 15:00:00,2.378,1013.1
2022-06-11 16:00:00,1.817,1012.8
2022-06-11 17:00:00,1.141,1012.3
2022-06-11 18:00:00,0.552,1012.1
2022-06-11 19:00:00,0.264,1012.0
2022-06-11 20:00:00,0.478,1011.7
2022-06-11 21:00:00,0.981,1011.4
2022-06-11 22:00:00,1.635,1011.3
2022-06-11 23:00:00,2.351,1011.6
2022-06-12 00:00:00,2.981,1012.0
2022-06-12 01:00:00,3.299,1012.7
2022-06-12 02:00:00,3.254,1013.2
2022-06-12 03:00:00,2.846,1013.5
2022-06-12 04:00:00,2.253,1013.7
2022-06-12 05:00:00,1.483,1013.3
2022-06-12 06:00:00,0.742,1013.7
2022-06-12 07:00:00,0.149,1014.2
2022-06-12 08:00:00,0.018,1014.6
2022-06-12 09:00:00,0.34,1015.0
2022-06-12 10:00:00,0.862,1015.4
2022-06-12 11:00:00,1.572,1015.5
2022-06-12 12:00:00,2.318,1015.8
2022-06-12 13:00:00,2.856,1015.5
2022-06-12 14:00:00,3.06,1015.8
2022-06-12 15:00:00,2.85,1015.6
2022-06-12 16:00:00,2.386,1015.4
2022-06-12 17:00:00,1.754,1015.0
2022-06-12 18:00:00,1.033,1014.8
2022-06-12 19:00:00,0.433,1014.4
2022-06-12 20:00:00,0.178,1013.8
2022-06-12 21:00:00,0.494,1013.7
2022-06-12 22:00:00,1.061,1014.0
2022-06-12 23:00:00,1.827,1014.2
2022-06-13 00:00:00,2.578,1014.3
2022-06-13 01:00:00,3.229,1014.2
2022-06-13 02:00:00,3.549,1014.2
2022-06-13 03:00:00,3.446,1014.3
2022-06-13 04:00:00,2.905,1013.8
2022-06-13 05:00:00,2.199,1013.5
2022-06-13 06:00:00,1.379,1013.1
2022-06-13 07:00:00,0.552,1012.5
2022-06-13 08:00:00,-0.019,1012.1
2022-06-13 09:00:00,-0.129,1012.2
2022-06-13 10:00:00,0.281,1011.7
2022-06-13 11:00:00,0.937,1011.5
2022-06-13 12:00:00,1.657,1012.1
2022-06-13 13:00:00,2.458,1012.0
2022-06-13 14:00:00,3.007,1011.5
2022-06-13 15:00:00,3.14,1011.2
2022-06-13 16:00:00,2.918,1010.7
2022-06-13 17:00:00,2.384,1010.4
2022-06-13 18:00:00,1.694,1009.9
2022-06-13 19:00:00,0.94,1009.8
2022-06-13 20:00:00,0.302,1009.3
2022-06-13 21:00:00,0.13,1008.8
2022-06-13 22:00:00,0.527,1009.1
2022-06-13 23:00:00,1.182,1009.5
2022-06-14 00:00:00,1.96,1009.9
2022-06-14 01:00:00,2.795,1010.4
2022-06-14 02:00:00,3.477,1010.6
2022-06-14 03:00:00,3.69,1011.0
2022-06-14 04:00:00,3.504,1011.4
2022-06-14 05:00:00,2.91,1011.5
2022-06-14 06:00:00,2.157,1011.6
2022-06-14 07:00:00,1.247,1011.7
2022-06-14 08:00:00,0.38,1011.7
2022-06-14 09:00:00,-0.207,1011.4
2022-06-14 10:00:00,-0.242,1011.7
2022-06-14 11:00:00,0.231,1011.9
2022-06-14 12:00:00,0.885,1012.1
2022-06-14 13:00:00,1.71,1012.0
2022-06-14 14:00:00,2.556,1012.1
2022-06-14 15:00:00,3.089,1011.6
2022-06-14 16:00:00,3.192,1011.4
2022-06-14 17:00:00,2.906,1011.0
2022-06-14 18:00:00,2.355,1010.8
2022-06-14 19:00:00,1.596,1010.7
2022-06-14 20:00:00,0.827,1010.8
2022-06-14 21:00:00,0.191,1010.9
2022-06-14 22:00:00,0.093,1010.8
2022-06-14 23:00:00,0.555,1011.1
2022-06-15 00:00:00,1.281,1011.2
2022-06-15 01:00:00,2.124,1011.8
2022-06-15 02:00:00,2.966,1012.4
2022-06-15 03:00:00,3.593,1012.6
2022-06-15 04:00:00,3.778,1013.1
2022-06-15 05:00:00,3.538,1013.8
2022-06-15 06:00:00,2.867,1014.7
2022-06-15 07:00:00,2.054,1015.2
2022-06-15 08:00:00,1.138,1015.8
2022-06-15 09:00:00,0.272,1016.7
2022-06-15 10:00:00,-0.301,1017.6
2022-06-15 11:00:00,-0.254,1018.3
2022-06-15 12:00:00,0.251,1018.4
2022-06-15 13:00:00,0.977,1019.3
2022-06-15 14:00:00,1.809,1019.9
2022-06-15 15:00:00,2.636,1019.7
2022-06-15 16:00:00,3.166,1020.4
2022-06-15 17:00:00,3.206,1021.0
2022-06-15 18:00:00,2.898,1021.1
2022-06-15 19:00:00,2.323,1020.9
2022-06-15 20:00:00,1.568,1020.3
2022-06-15 21:00:00,0.793,1019.8
2022-06-15 22:00:00,0.198,1019.9
2022-06-15 23:00:00,0.146,1020.9
2022-06-16 00:00:00,0.648,1021.1
2022-06-16 01:00:00,1.393,1021.6
2022-06-16 02:00:00,2.225,1022.0
2022-06-16 03:00:00,3.072,1021.7
2022-06-16 04:00:00,3.664,1022.0
2022-06-16 05:00:00,3.797,1022.0
2022-06-16 06:00:00,3.475,1022.1
2022-06-16 07:00:00,2.782,1022.1
2022-06-16 08:00:00,1.936,1021.4
2022-06-16 09:00:00,0.981,1022.0
2022-06-16 10:00:00,0.067,1022.1
2022-06-16 11:00:00,-0.422,1022.4
2022-06-16 12:00:00,-0.392,1022.1
2022-06-16 13:00:00,0.167,1021.5
2022-06-16 14:00:00,0.91,1021.0
2022-06-16 15:00:00,1.807,1021.2
2022-06-16 16:00:00,2.619,1020.8
2022-06-16 17:00:00,3.112,1020.4
2022-06-16 18:00:00,3.188,1019.7
2022-06-16 19:00:00,2.823,1018.4
2022-06-16 20:00:00,2.214,1017.6
2022-06-16 21:00:00,1.483,1016.3
2022-06-16 22:00:00,0.702,1015.0
2022-06-16 23:00:00,0.122,1015.1
2022-06-17 00:00:00,0.067,1015.9
2022-06-17 01:00:00,0.56,1015.0
2022-06-17 02:00:00,1.322,1014.1
2022-06-17 03:00:00,2.119,1013.2
2022-06-17 04:00:00,3.017,1012.9
2022-06-17 05:00:00,3.562,1011.6
2022-06-17 06:00:00,3.712,1010.7
2022-06-17 07:00:00,3.443,1009.5
2022-06-17 08:00:00,2.759,1008.7
2022-06-17 09:00:00,1.947,1008.4
2022-06-17 10:00:00,1.024,1007.4
2022-06-17 11:00:00,0.181,1006.7
2022-06-17 12:00:00,-0.258,1005.8
2022-06-17 13:00:00,-0.167,1005.4
2022-06-17 14:00:00,0.355,1004.5
2022-06-17 15:00:00,1.125,1003.8
2022-06-17 16:00:00,1.987,1002.9
2022-06-17 17:00:00,2.761,1001.6
2022-06-17 18:00:00,3.203,1000.9
2022-06-17 19:00:00,3.214,1000.2
2022-06-17 20:00:00,2.904,999.9
2022-06-17 21:00:00,2.357,999.4
2022-06-17 22:00:00,1.539,999.5
2022-06-17 23:00:00,0.789,999.7
2022-06-18 00:00:00,0.236,1000.4
2022-06-18 01:00:00,0.234,1000.9
2022-06-18 02:00:00,0.749,1001.2
2022-06-18 03:00:00,1.457,1000.3
2022-06-18 04:00:00,2.241,999.6
2022-06-18 05:00:00,3.092,999.0
2022-06-18 06:00:00,3.617,998.8
2022-06-18 07:00:00,3.733,998.7
2022-06-18 08:00:00,3.381,998.7
2022-06-18 09:00:00,2.786,998.9
2022-06-18 10:00:00,2.006,999.3
2022-06-18 11:00:00,1.123,1000.1
2022-06-18 12:00:00,0.333,1001.3
2022-06-18 13:00:00,-0.106,1001.7
2022-06-18 14:00:00,0.07,1001.6
2022-06-18 15:00:00,0.589,1001.9
2022-06-18 16:00:00,1.283,1002.0
2022-06-18 17:00:00,2.051,1002.4
2022-06-18 18:00:00,2.843,1002.4
2022-06-18 19:00:00,3.233,1003.0
2022-06-18 20:00:00,3.187,1003.4
2022-06-18 21:00:00,2.804,1004.3
2022-06-18 22:00:00,2.257,1004.5
2022-06-18 23:00:00,1.549,1005.1
2022-06-19 00:00:00,0.842,1006.0
2022-06-19 01:00:00,0.322,1006.6
2022-06-19 02:00:00,0.325,1006.8
2022-06-19 03:00:00,0.82,1006.4
2022-06-19 04:00:00,1.493,1006.5
2022-06-19 05:00:00,2.262,1006.6
2022-06-19 06:00:00,3.026,1006.9
2022-06-19 07:00:00,3.527,1007.4
2022-06-19 08:00:00,3.568,1007.9
2022-06-19 09:00:00,3.234,1008.3
2022-06-19 10:00:00,2.611,1008.8
2022-06-19 11:00:00,1.847,1009.1
2022-06-19 12:00:00,1.046,1009.2
2022-06-19 13:00:00,0.342,1008.9
2022-06-19 14:00:00,-0.013,1008.9
2022-06-19 15:00:00,0.206,1009.1
2022-06-19 16:00:00,0.686,1009.4
2022-06-19 17:00:00,1.381,1009.6
2022-06-19 18:00:00,2.145,1010.2
2022-06-19 19:00:00,2.831,1010.7
2022-06-19 20:00:00,3.177,1011.7
2022-06-19 21:00:00,3.107,1012.5
2022-06-19 22:00:00,2.768,1013.0
2022-06-19 23:00:00,2.224,1013.6
2022-06-20 00:00:00,1.514,1013.7
2022-06-20 01:00:00,0.823,1014.1
2022-06-20 02:00:00,0.361,1014.7
2022-06-20 03:00:00,0.364,1014.9
2022-06-20 04:00:00,0.782,1015.0
2022-06-20 05:00:00,1.377,1014.9
2022-06-20 06:00:00,2.098,1014.8
2022-06-20 07:00:00,2.82,1014.6
2022-06-20 08:00:00,3.267,1014.5
2022-06-20 09:00:00,3.319,1015.3
2022-06-20 10:00:00,3.026,1016.0
2022-06-20 11:00:00,2.465,1016.6
2022-06-20 12:00:00,1.768,1017.0
2022-06-20 13:00:00,1.015,1017.2
2022-06-20 14:00:00,0.37,1017.1
2022-06-20 15:00:00,0.066,1017.0
2022-06-20 16:00:00,0.312,1016.7
2022-06-20 17:00:00,0.782,1016.5
2022-06-20 18:00:00,1.438,1016.5
2022-06-20 19:00:00,2.156,1016.4
2022-06-20 20:00:00,2.83,1016.7
2022-06-20 21:00:00,3.171,1017.2
2022-06-20 22:00:00,3.09,1017.3
2022-06-20 23:00:00,2.747,1017.8
2022-06-21 00:00:00,2.199,1018.0
2022-06-21 01:00:00,1.516,1018.6
2022-06-21 02:00:00,0.867,1019.2
2022-06-21 03:00:00,0.378,1019.3
2022-06-21 04:00:00,0.414,1019.4
2022-06-21 05:00:00,0.791,1019.6
2022-06-21 06:00:00,1.296,1019.7
2022-06-21 07:00:00,1.961,1019.8
2022-06-21 08:00:00,2.605,1020.1
2022-06-21 09:00:00,3.082,1020.6
2022-06-21 10:00:00,3.152,1021.0
2022-06-21 11:00:00,2.823,1021.8
2022-06-21 12:00:00,2.352,1021.9
2022-06-21 13:00:00,1.674,1021.8
2022-06-21 14:00:00,1.008,1021.9
2022-06-21 15:00:00,0.385,1021.7
2022-06-21 16:00:00,0.139,1021.7
2022-06-21 17:00:00,0.383,1021.4
2022-06-21 18:00:00,0.837,1021.1
2022-06-21 19:00:00,1.466,1020.4
2022-06-21 20:00:00,2.166,1019.9
2022-06-21 21:00:00,2.754,1019.4
2022-06-21 22:00:00,3.088,1019.3
2022-06-21 23:00:00,3.053,1018.9
2022-06-22 00:00:00,2.702,1019.4
2022-06-22 01:00:00,2.168,1019.8
2022-06-22 02:00:00,1.478,1020.3
2022-06-22 03:00:00,0.852,1020.4
2022-06-22 04:00:00,0.403,1020.2
2022-06-22 05:00:00,0.437,1019.9
2022-06-22 06:00:00,0.756,1019.7
2022-06-22 07:00:00,1.249,1019.4
2022-06-22 08:00:00,1.869,1019.5
2022-06-22 09:00:00,2.51,1019.5
2022-06-22 10:00:00,2.952,1019.6
2022-06-22 11:00:00,3.013,1020.0
2022-06-22 12:00:00,2.746,1019.9
2022-06-22 13:00:00,2.319,1019.7
2022-06-22 14:00:00,1.698,1019.8
2022-06-22 15:00:00,1.069,1019.7
2022-06-22 16:00:00,0.544,1019.5
2022-06-22 17:00:00,0.291,1019.3
2022-06-22 18:00:00,0.548,1019.1
2022-06-22 19:00:00,1.018,1018.9
2022-06-22 20:00:00,1.603,1018.7
2022-06-22 21:00:00,2.214,1018.5
2022-06-22 22:00:00,2.8,1018.3
2022-06-22 23:00:00,3.085,1018.3
2022-06-23 00:00:00,3.021,1018.2
2022-06-23 01:00:00,2.655,1018.1
2022-06-23 02:00:00,2.137,1018.3
2022-06-23 03:00:00,1.478,1018.2
2022-06-23 04:00:00,0.891,1017.7
2022-06-23 05:00:00,0.464,1017.8
2022-06-23 06:00:00,0.446,1017.4
2022-06-23 07:00:00,0.774,1017.4
2022-06-23 08:00:00,1.238,1017.1
2022-06-23 09:00:00,1.826,1017.1
2022-06-23 10:00:00,2.428,1017.2
2022-06-23 11:00:00,2.849,1017.0
2022-06-23 12:00:00,2.921,1017.1
2022-06-23 13:00:00,2.694,1017.3
2022-06-23 14:00:00,2.26,1017.2
2022-06-23 15:00:00,1.715,1017.1
2022-06-23 16:00:00,1.078,1017.2
2022-06-23 17:00:00,0.598,1017.3
2022-06-23 18:00:00,0.453,1016.7
2022-06-23 19:00:00,0.711,1015.9
2022-06-23 20:00:00,1.181,1015.4
2022-06-23 21:00:00,1.792,1014.6
2022-06-23 22:00:00,2.398,1014.8
2022-06-23 23:00:00,2.904,1015.3
2022-06-24 00:00:00,3.157,1015.8
2022-06-24 01:00:00,3.046,1016.2
2022-06-24 02:00:00,2.673,1016.3
2022-06-24 03:00:00,2.146,1015.9
2022-06-24 04:00:00,1.49,1015.9
2022-06-24 05:00:00,0.92,1015.6
2022-06-24 06:00:00,0.47,1015.6
2022-06-24 07:00:00,0.506,1015.4
2022-06-24 08:00:00,0.788,1015.0
2022-06-24 09:00:00,1.268,1015.3
2022-06-24 10:00:00,1.79,1015.4
2022-06-24 11:00:00,2.39,1015.4
2022-06-24 12:00:00,2.802,1015.6
2022-06-24 13:00:00,2.867,1015.7
2022-06-24 14:00:00,2.622,1015.4
2022-06-24 15:00:00,2.217,1015.3
2022-06-24 16:00:00,1.649,1015.3
2022-06-24 17:00:00,1.097,1015.0
2022-06-24 18:00:00,0.668,1014.8
2022-06-24 19:00:00,0.514,1014.8
2022-06-24 20:00:00,0.842,1014.8
2022-06-24 21:00:00,1.279,1014.6
2022-06-24 22:00:00,1.885,1014.6
2022-06-24 23:00:00,2.495,1014.9
2022-06-25 00:00:00,2.968,1015.3
2022-06-25 01:00:00,3.162,1015.6
2022-06-25 02:00:00,3.021,1016.0
2022-06-25 03:00:00,2.585,1016.2
2022-06-25 04:00:00,2.028,1016.3
2022-06-25 05:00:00,1.367,1016.3
2022-06-25 06:00:00,0.75,1016.2
2022-06-25 07:00:00,0.336,1016.2
2022-06-25 08:00:00,0.384,1016.3
2022-06-25 09:00:00,0.72,1016.9
2022-06-25 10:00:00,1.198,1017.7
2022-06-25 11:00:00,1.764,1018.4
2022-06-25 12:00:00,2.334,1018.5
2022-06-25 13:00:00,2.724,1018.8
2022-06-25 14:00:00,2.746,1018.6
2022-06-25 15:00:00,2.505,1018.8
2022-06-25 16:00:00,2.06,1019.0
2022-06-25 17:00:00,1.524,1019.0
2022-06-25 18:00:00,0.969,1018.9
2022-06-25 19:00:00,0.568,1018.4
2022-06-25 20:00:00,0.534,1017.9
2022-06-25 21:00:00,0.876,1018.1
2022-06-25 22:00:00,1.352,1018.3
2022-06-25 23:00:00,1.955,1018.3
2022-06-26 00:00:00,2.564,1018.2
2022-06-26 01:00:00,2.994,1018.4
2022-06-26 02:00:00,3.131,1018.9
2022-06-26 03:00:00,2.909,1018.9
2022-06-26 04:00:00,2.427,1018.8
2022-06-26 05:00:00,1.872,1018.8
2022-06-26 06:00:00,1.18,1019.0
2022-06-26 07:00:00,0.602,1019.0
2022-06-26 08:00:00,0.257,1018.6
2022-06-26 09:00:00,0.37,1019.1
2022-06-26 10:00:00,0.754,1019.4
2022-06-26 11:00:00,1.267,1019.4
2022-06-26 12:00:00,1.856,1019.2
2022-06-26 13:00:00,2.418,1019.2
2022-06-26 14:00:00,2.708,1019.0
2022-06-26 15:00:00,2.7,1018.6
2022-06-26 16:00:00,2.412,1018.2
2022-06-26 17:00:00,1.959,1017.5
2022-06-26 18:00:00,1.427,1016.9
2022-06-26 19:00:00,0.92,1016.3
2022-06-26 20:00:00,0.589,1015.7
2022-06-26 21:00:00,0.652,1015.2
2022-06-26 22:00:00,1.025,1015.1
2022-06-26 23:00:00,1.527,1015.3
2022-06-27 00:00:00,2.136,1015.7
2022-06-27 01:00:00,2.721,1015.9
2022-06-27 02:00:00,3.075,1016.4
2022-06-27 03:00:00,3.128,1016.1
2022-06-27 04:00:00,2.786,1015.8
2022-06-27 05:00:00,2.315,1015.5
2022-06-27 06:00:00,1.668,1015.0
2022-06-27 07:00:00,1.016,1014.7
2022-06-27 08:00:00,0.466,1013.8
2022-06-27 09:00:00,0.207,1013.3
2022-06-27 10:00:00,0.437,1013.1
2022-06-27 11:00:00,0.828,1012.6
2022-06-27 12:00:00,1.372,1012.4
2022-06-27 13:00:00,1.961,1012.1
2022-06-27 14:00:00,2.484,1012.1
2022-06-27 15:00:00,2.736,1012.2
2022-06-27 16:00:00,2.656,1012.6
2022-06-27 17:00:00,2.328,1012.4
2022-06-27 18:00:00,1.847,1012.4
2022-06-27 19:00:00,1.293,1012.4
2022-06-27 20:00:00,0.803,1012.2
2022-06-27 21:00:00,0.567,1011.9
2022-06-27 22:00:00,0.717,1012.1
2022-06-27 23:00:00,1.185,1012.3
2022-06-28 00:00:00,1.76,1012.7
2022-06-28 01:00:00,2.326,1013.2
2022-06-28 02:00:00,2.88,1013.7
2022-06-28 03:00:00,3.134,1014.5
2022-06-28 04:00:00,3.093,1014.7
2022-06-28 05:00:00,2.678,1014.9
2022-06-28 06:00:00,2.113,1015.6
2022-06-28 07:00:00,1.45,1015.9
2022-06-28 08:00:00,0.814,1016.0
2022-06-28 09:00:00,0.326,1016.8
2022-06-28 10:00:00,0.203,1017.1
2022-06-28 11:00:00,0.499,1017.7
2022-06-28 12:00:00,0.917,1018.2
2022-06-28 13:00:00,1.463,1018.4
2022-06-28 14:00:00,2.102,1018.6
2022-06-28 15:00:00,2.566,1018.9
2022-06-28 16:00:00,2.714,1019.0
2022-06-28 17:00:00,2.527,1019.2
2022-06-28 18:00:00,2.173,1019.2
2022-06-28 19:00:00,1.67,1019.2
2022-06-28 20:00:00,1.148,1019.2
2022-06-28 21:00:00,0.703,1019.1
2022-06-28 22:00:00,0.549,1019.1
2022-06-28 23:00:00,0.876,1019.4
2022-06-29 00:00:00,1.349,1020.0
2022-06-29 01:00:00,1.922,1020.5
2022-06-29 02:00:00,2.508,1021.0
2022-06-29 03:00:00,2.953,1021.1
2022-06-29 04:00:00,3.139,1021.5
2022-06-29 05:00:00,2.949,1021.8
2022-06-29 06:00:00,2.465,1022.1
2022-06-29 07:00:00,1.901,1022.2
2022-06-29 08:00:00,1.234,1022.3
2022-06-29 09:00:00,0.619,1022.6
2022-06-29 10:00:00,0.233,1023.0
2022-06-29 11:00:00,0.251,1023.2
2022-06-29 12:00:00,0.618,1023.2
2022-06-29 13:00:00,1.091,1023.2
2022-06-29 14:00:00,1.663,1023.0
2022-06-29 15:00:00,2.232,1023.0
2022-06-29 16:00:00,2.593,1022.6
2022-06-29 17:00:00,2.636,1022.1
2022-06-29 18:00:00,2.422,1021.5
2022-06-29 19:00:00,1.992,1020.9
2022-06-29 20:00:00,1.451,1020.4
2022-06-29 21:00:00,0.928,1020.1
2022-06-29 22:00:00,0.607,1019.6
2022-06-29 23:00:00,0.633,1019.6
2022-06-30 00:00:00,1.029,1019.6
2022-06-30 01:00:00,1.511,1019.9
2022-06-30 02:00:00,2.078,1019.9
2022-06-30 03:00:00,2.674,1021.3
2022-06-30 04:00:00,3.013,1020.9
2022-06-30 05:00:00,3.079,1021.1
2022-06-30 06:00:00,2.781,1020.2
2022-06-30 07:00:00,2.226,1020.1
2022-06-30 08:00:00,1.662,1020.1
2022-06-30 09:00:00,0.974,1020.5
2022-06-30 10:00:00,0.396,1020.7
2022-06-30 11:00:00,0.172,1021.2
2022-06-30 12:00:00,0.337,1021.6
2022-06-30 13:00:00,0.765,1021.8
2022-06-30 14:00:00,1.295,1021.6
2022-06-30 15:00:00,1.843,1021.4
2022-06-30 16:00:00,2.398,1021.3
2022-06-30 17:00:00,2.649,1020.9
2022-06-30 18:00:00,2.583,1020.0
2022-06-30 19:00:00,2.305,1019.8
2022-06-30 20:00:00,1.79,1019.4
2022-06-30 21:00:00,1.264,1019.0
2022-06-30 22:00:00,0.777,1019.2
2022-06-30 23:00:00,0.535,1019.4
2022-07-01 00:00:00,0.752,1019.5
2022-07-01 01:00:00,1.189,1019.6
2022-07-01 02:00:00,1.728,1020.0
2022-07-01 03:00:00,2.315,1019.7
2022-07-01 04:00:00,2.808,1019.5
2022-07-01 05:00:00,3.074,1019.3
2022-07-01 06:00:00,3.001,1018.7
2022-07-01 07:00:00,2.61,1018.5
2022-07-01 08:00:00,2.037,1018.4
2022-07-01 09:00:00,1.41,1018.0
2022-07-01 10:00:00,0.758,1017.8
2022-07-01 11:00:00,0.307,1017.3
2022-07-01 12:00:00,0.22,1017.4
2022-07-01 13:00:00,0.547,1016.9
2022-07-01 14:00:00,0.99,1016.4
2022-07-01 15:00:00,1.544,1016.0
2022-07-01 16:00:00,2.149,1015.5
2022-07-01 17:00:00,2.593,1014.7
2022-07-01 18:00:00,2.724,1013.7
2022-07-01 19:00:00,2.578,1013.3
2022-07-01 20:00:00,2.145,1012.5
2022-07-01 21:00:00,1.686,1011.9
2022-07-01 22:00:00,1.112,1011.6
2022-07-01 23:00:00,0.72,1011.6
2022-07-02 00:00:00,0.606,1011.8
2022-07-02 01:00:00,0.909,1011.9
2022-07-02 02:00:00,1.374,1011.8
2022-07-02 03:00:00,1.964,1012.0
2022-07-02 04:00:00,2.502,1011.8
2022-07-02 05:00:00,2.962,1011.3
2022-07-02 06:00:00,3.106,1010.7
2022-07-02 07:00:00,2.928,1010.4
2022-07-02 08:00:00,2.443,1010.2
2022-07-02 09:00:00,1.86,1010.1
2022-07-02 10:00:00,1.183,1010.6
2022-07-02 11:00:00,0.622,1011.2
2022-07-02 12:00:00,0.299,1012.1
2022-07-02 13:00:00,0.387,1012.1
2022-07-02 14:00:00,0.75,1011.4
2022-07-02 15:00:00,1.268,1010.9
2022-07-02 16:00:00,1.786,1011.3
2022-07-02 17:00:00,2.37,1011.7
2022-07-02 18:00:00,2.69,1011.4
2022-07-02 19:00:00,2.679,1010.9
2022-07-02 20:00:00,2.508,1010.5
2022-07-02 21:00:00,1.974,1010.4
2022-07-02 22:00:00,1.45,1010.4
2022-07-02 23:00:00,0.913,1011.5
2022-07-03 00:00:00,0.57,1011.3
2022-07-03 01:00:00,0.728,1011.6
2022-07-03 02:00:00,1.094,1012.6
2022-07-03 03:00:00,1.502,1012.7
2022-07-03 04:00:00,2.089,1012.7
2022-07-03 05:00:00,2.66,1012.5
2022-07-03 06:00:00,2.98,1012.8
2022-07-03 07:00:00,3.033,1012.9
2022-07-03 08:00:00,2.684,1013.0
2022-07-03 09:00:00,2.199,1013.5
2022-07-03 10:00:00,1.636,1013.6
2022-07-03 11:00:00,0.975,1013.9
2022-07-03 12:00:00,0.48,1014.5
2022-07-03 13:00:00,0.286,1014.8
2022-07-03 14:00:00,0.54,1014.7
2022-07-03 15:00:00,0.944,1014.8
2022-07-03 16:00:00,1.444,1014.7
2022-07-03 17:00:00,2.046,1014.2
2022-07-03 18:00:00,2.539,1013.9
2022-07-03 19:00:00,2.763,1013.8
2022-07-03 20:00:00,2.625,1013.8
2022-07-03 21:00:00,2.332,1013.4
2022-07-03 22:00:00,1.844,1013.7
2022-07-03 23:00:00,1.299,1014.1
2022-07-04 00:00:00,0.84,1014.5
2022-07-04 01:00:00,0.614,1015.2
2022-07-04 02:00:00,0.791,1016.0
2022-07-04 03:00:00,1.213,1016.2
2022-07-04 04:00:00,1.703,1016.7
2022-07-04 05:00:00,2.272,1017.4
2022-07-04 06:00:00,2.727,1017.6
2022-07-04 07:00:00,2.999,1017.8
2022-07-04 08:00:00,2.887,1018.2
2022-07-04 09:00:00,2.509,1018.4
2022-07-04 10:00:00,1.975,1018.7
2022-07-04 11:00:00,1.354,1019.0
2022-07-04 12:00:00,0.743,1019.3
2022-07-04 13:00:00,0.337,1019.0
2022-07-04 14:00:00,0.304,1019.3
2022-07-04 15:00:00,0.624,1019.3
2022-07-04 16:00:00,1.09,1018.9
2022-07-04 17:00:00,1.627,1018.7
2022-07-04 18:00:00,2.221,1018.3
2022-07-04 19:00:00,2.628,1017.8
2022-07-04 20:00:00,2.757,1017.7
2022-07-04 21:00:00,2.563,1017.5
2022-07-04 22:00:00,2.169,1017.4
2022-07-04 23:00:00,1.627,1017.5
2022-07-05 00:00:00,1.125,1017.5
2022-07-05 01:00:00,0.719,1017.8
2022-07-05 02:00:00,0.576,1018.6
2022-07-05 03:00:00,0.853,1018.8
2022-07-05 04:00:00,1.292,1018.5
2022-07-05 05:00:00,1.833,1018.4
2022-07-05 06:00:00,2.359,1018.2
2022-07-05 07:00:00,2.776,1018.2
2022-07-05 08:00:00,2.936,1018.2
2022-07-05 09:00:00,2.749,1018.1
2022-07-05 10:00:00,2.352,1018.4
2022-07-05 11:00:00,1.779,1018.4
2022-07-05 12:00:00,1.192,1018.4
2022-07-05 13:00:00,0.651,1017.9
2022-07-05 14:00:00,0.323,1017.5
2022-07-05 15:00:00,0.404,1017.0
2022-07-05 16:00:00,0.806,1016.4
2022-07-05 17:00:00,1.273,1016.2
2022-07-05 18:00:00,1.889,1016.3
2022-07-05 19:00:00,2.4,1015.5
2022-07-05 20:00:00,2.76,1015.0
2022-07-05 21:00:00,2.815,1014.2
2022-07-05 22:00:00,2.521,1013.3
2022-07-05 23:00:00,2.098,1012.4
2022-07-06 00:00:00,1.539,1011.8
2022-07-06 01:00:00,1.026,1011.4
2022-07-06 02:00:00,0.658,1011.2
2022-07-06 03:00:00,0.608,1010.2
2022-07-06 04:00:00,0.928,1008.4
2022-07-06 05:00:00,1.389,1007.4
2022-07-06 06:00:00,1.926,1006.7
2022-07-06 07:00:00,2.451,1006.3
2022-07-06 08:00:00,2.839,1005.8
2022-07-06 09:00:00,2.955,1005.7
2022-07-06 10:00:00,2.708,1005.3
2022-07-06 11:00:00,2.288,1005.7
2022-07-06 12:00:00,1.719,1006.2
2022-07-06 13:00:00,1.127,1006.5
2022-07-06 14:00:00,0.631,1006.9
2022-07-06 15:00:00,0.37,1007.5
2022-07-06 16:00:00,0.584,1008.1
2022-07-06 17:00:00,1.004,1008.3
2022-07-06 18:00:00,1.518,1008.6
2022-07-06 19:00:00,2.097,1008.9
2022-07-06 20:00:00,2.631,1009.8
2022-07-06 21:00:00,2.87,1010.4
2022-07-06 22:00:00,2.856,1011.1
2022-07-06 23:00:00,2.51,1011.5
2022-07-07 00:00:00,2.055,1012.2
2022-07-07 01:00:00,1.477,1013.0
2022-07-07 02:00:00,0.915,1014.1
2022-07-07 03:00:00,0.556,1014.6
2022-07-07 04:00:00,0.599,1014.8
2022-07-07 05:00:00,0.936,1015.1
2022-07-07 06:00:00,1.387,1015.0
2022-07-07 07:00:00,1.915,1015.4
2022-07-07 08:00:00,2.441,1015.6
2022-07-07 09:00:00,2.804,1016.0
2022-07-07 10:00:00,2.833,1016.7
2022-07-07 11:00:00,2.57,1017.4
2022-07-07 12:00:00,2.087,1017.4
2022-07-07 13:00:00,1.559,1017.6
2022-07-07 14:00:00,0.95,1017.5
2022-07-07 15:00:00,0.465,1017.4
2022-07-07 16:00:00,0.331,1017.2
2022-07-07 17:00:00,0.592,1016.9
2022-07-07 18:00:00,1.075,1016.2
2022-07-07 19:00:00,1.658,1015.6
2022-07-07 20:00:00,2.25,1015.2
2022-07-07 21:00:00,2.749,1015.0
2022-07-07 22:00:00,2.986,1015.1
2022-07-07 23:00:00,2.906,1015.4
2022-07-08 00:00:00,2.532,1015.6
2022-07-08 01:00:00,1.986,1015.8
2022-07-08 02:00:00,1.368,1016.1
2022-07-08 03:00:00,0.801,1015.9
2022-07-08 04:00:00,0.485,1016.2
2022-07-08 05:00:00,0.555,1016.2
2022-07-08 06:00:00,0.849,1016.0
2022-07-08 07:00:00,1.336,1015.7
2022-07-08 08:00:00,1.887,1015.4
2022-07-08 09:00:00,2.395,1015.2
2022-07-08 10:00:00,2.744,1015.4
2022-07-08 11:00:00,2.753,1015.5
2022-07-08 12:00:00,2.487,1015.6
2022-07-08 13:00:00,2.015,1015.1
2022-07-08 14:00:00,1.472,1014.9
2022-07-08 15:00:00,0.909,1014.7
2022-07-08 16:00:00,0.439,1014.5
2022-07-08 17:00:00,0.349,1013.7
2022-07-08 18:00:00,0.703,1013.2
2022-07-08 19:00:00,1.192,1012.7
2022-07-08 20:00:00,1.795,1012.3
2022-07-08 21:00:00,2.404,1012.2
2022-07-08 22:00:00,2.886,1012.2
2022-07-08 23:00:00,3.112,1012.6
2022-07-09 00:00:00,2.956,1012.9
2022-07-09 01:00:00,2.548,1013.2
2022-07-09 02:00:00,1.976,1013.8
2022-07-09 03:00:00,1.346,1013.8
2022-07-09 04:00:00,0.769,1013.8
2022-07-09 05:00:00,0.401,1014.3
2022-07-09 06:00:00,0.49,1014.2
2022-07-09 07:00:00,0.806,1014.8
2022-07-09 08:00:00,1.346,1014.9
2022-07-09 09:00:00,1.936,1015.4
2022-07-09 10:00:00,2.478,1015.8
2022-07-09 11:00:00,2.811,1016.5
2022-07-09 12:00:00,2.764,1016.9
2022-07-09 13:00:00,2.515,1017.2
2022-07-09 14:00:00,2.045,1017.6
2022-07-09 15:00:00,1.416,1018.0
2022-07-09 16:00:00,0.842,1017.9
2022-07-09 17:00:00,0.372,1017.6
2022-07-09 18:00:00,0.334,1017.4
2022-07-09 19:00:00,0.711,1017.0
2022-07-09 20:00:00,1.239,1016.8
2022-07-09 21:00:00,1.868,1016.6
2022-07-09 22:00:00,2.536,1016.4
2022-07-09 23:00:00,3.026,1016.9
2022-07-10 00:00:00,3.213,1017.1
2022-07-10 01:00:00,3.018,1017.4
2022-07-10 02:00:00,2.538,1017.5
2022-07-10 03:00:00,1.917,1017.4
2022-07-10 04:00:00,1.196,1017.5
2022-07-10 05:00:00,0.546,1017.7
2022-07-10 06:00:00,0.153,1017.8
2022-07-10 07:00:00,0.225,1018.0
2022-07-10 08:00:00,0.621,1018.1
2022-07-10 09:00:00,1.164,1018.3
2022-07-10 10:00:00,1.808,1018.6
2022-07-10 11:00:00,2.413,1018.9
2022-07-10 12:00:00,2.798,1019.2
2022-07-10 13:00:00,2.815,1019.1
2022-07-10 14:00:00,2.555,1019.2
2022-07-10 15:00:00,2.02,1018.9
2022-07-10 16:00:00,1.412,1018.8
2022-07-10 17:00:00,0.797,1018.5
2022-07-10 18:00:00,0.34,1018.1
2022-07-10 19:00:00,0.306,1017.9
2022-07-10 20:00:00,0.728,1017.2
2022-07-10 21:00:00,1.334,1016.7
2022-07-10 22:00:00,2.007,1016.1
2022-07-10 23:00:00,2.68,1015.8
2022-07-11 00:00:00,3.198,1016.2
2022-07-11 01:00:00,3.336,1016.1
2022-07-11 02:00:00,3.097,1016.2
2022-07-11 03:00:00,2.568,1016.1
2022-07-11 04:00:00,1.848,1015.8
2022-07-11 05:00:00,1.119,1015.4
2022-07-11 06:00:00,0.376,1015.1
2022-07-11 07:00:00,-0.022,1015.0
2022-07-11 08:00:00,0.064,1014.8
2022-07-11 09:00:00,0.518,1015.0
2022-07-11 10:00:00,1.099,1014.9
2022-07-11 11:00:00,1.803,1014.8
2022-07-11 12:00:00,2.484,1014.4
2022-07-11 13:00:00,2.889,1014.2
2022-07-11 14:00:00,2.921,1013.4
2022-07-11 15:00:00,2.586,1013.2
2022-07-11 16:00:00,2.057,1012.4
2022-07-11 17:00:00,1.38,1011.6
2022-07-11 18:00:00,0.776,1011.0
2022-07-11 19:00:00,0.289,1010.4
2022-07-11 20:00:00,0.288,1010.0
2022-07-11 21:00:00,0.781,1009.5
2022-07-11 22:00:00,1.396,1009.3
2022-07-11 23:00:00,2.144,1009.0
2022-07-12 00:00:00,2.9,1009.6
2022-07-12 01:00:00,3.397,1009.9
2022-07-12 02:00:00,3.535,1010.1
2022-07-12 03:00:00,3.252,1010.2
2022-07-12 04:00:00,2.615,1010.1
2022-07-12 05:00:00,1.901,1009.7
2022-07-12 06:00:00,1.046,1009.6
2022-07-12 07:00:00,0.265,1009.4
2022-07-12 08:00:00,-0.149,1008.9
2022-07-12 09:00:00,0.0,1008.8
2022-07-12 10:00:00,0.496,1008.5
2022-07-12 11:00:00,1.161,1008.2
2022-07-12 12:00:00,1.895,1007.6
2022-07-12 13:00:00,2.611,1007.2
2022-07-12 14:00:00,3.065,1006.4
2022-07-12 15:00:00,3.08,1005.8
2022-07-12 16:00:00,2.688,1005.6
2022-07-12 17:00:00,2.117,1005.0
2022-07-12 18:00:00,1.409,1004.4
2022-07-12 19:00:00,0.731,1004.1
2022-07-12 20:00:00,0.251,1003.6
2022-07-12 21:00:00,0.227,1003.0
2022-07-12 22:00:00,0.786,1002.9
2022-07-12 23:00:00,1.511,1004.4
2022-07-13 00:00:00,2.331,1004.3
2022-07-13 01:00:00,3.123,1005.5
2022-07-13 02:00:00,3.634,1006.4
2022-07-13 03:00:00,3.721,1006.8
2022-07-13 04:00:00,3.374,1006.5
2022-07-13 05:00:00,2.712,1006.7
2022-07-13 06:00:00,1.954,1007.3
2022-07-13 07:00:00,1.028,1007.7
2022-07-13 08:00:00,0.213,1007.9
2022-07-13 09:00:00,-0.218,1008.3
2022-07-13 10:00:00,-0.089,1008.7
2022-07-13 11:00:00,0.475,1009.5
2022-07-13 12:00:00,1.15,1010.1
2022-07-13 13:00:00,1.951,1010.4
2022-07-13 14:00:00,2.725,1010.5
2022-07-13 15:00:00,3.131,1010.7
2022-07-13 16:00:00,3.12,1010.7
2022-07-13 17:00:00,2.742,1010.6
2022-07-13 18:00:00,2.108,1010.4
2022-07-13 19:00:00,1.359,1010.9
2022-07-13 20:00:00,0.628,1011.1
2022-07-13 21:00:00,0.11,1011.2
2022-07-13 22:00:00,0.153,1011.1
2022-07-13 23:00:00,0.724,1011.5
2022-07-14 00:00:00,1.49,1011.9
2022-07-14 01:00:00,2.315,1012.5
2022-07-14 02:00:00,3.136,1013.0
2022-07-14 03:00:00,3.666,1012.8
2022-07-14 04:00:00,3.758,1012.9
2022-07-14 05:00:00,3.371,1013.2
2022-07-14 06:00:00,2.671,1013.6
2022-07-14 07:00:00,1.805,1013.5
2022-07-14 08:00:00,0.87,1014.0
2022-07-14 09:00:00,0.072,1013.3
2022-07-14 10:00:00,-0.375,1013.2
2022-07-14 11:00:00,-0.167,1013.7
2022-07-14 12:00:00,0.422,1014.1
2022-07-14 13:00:00,1.16,1014.2
2022-07-14 14:00:00,2.02,1014.2
2022-07-14 15:00:00,2.8,1014.8
2022-07-14 16:00:00,3.222,1014.8
2022-07-14 17:00:00,3.199,1014.6
2022-07-14 18:00:00,2.787,1013.8
2022-07-14 19:00:00,2.156,1013.7
2022-07-14 20:00:00,1.351,1013.7
2022-07-14 21:00:00,0.582,1013.4
2022-07-14 22:00:00,0.066,1013.4
2022-07-14 23:00:00,0.119,1014.3
2022-07-15 00:00:00,0.697,1015.0
2022-07-15 01:00:00,1.503,1015.8
2022-07-15 02:00:00,2.358,1016.6
2022-07-15 03:00:00,3.177,1016.6
2022-07-15 04:00:00,3.692,1017.1
2022-07-15 05:00:00,3.763,1017.6
2022-07-15 06:00:00,3.344,1018.1
2022-07-15 07:00:00,2.635,1018.3
2022-07-15 08:00:00,1.74,1018.3
2022-07-15 09:00:00,0.817,1018.8
2022-07-15 10:00:00,-0.009,1019.3
2022-07-15 11:00:00,-0.442,1019.2
2022-07-15 12:00:00,-0.182,1019.7
2022-07-15 13:00:00,0.425,1020.1
2022-07-15 14:00:00,1.177,1020.3
2022-07-15 15:00:00,2.074,1020.5
2022-07-15 16:00:00,2.803,1020.4
2022-07-15 17:00:00,3.22,1020.1
2022-07-15 18:00:00,3.135,1020.0
2022-07-15 19:00:00,2.67,1019.7
2022-07-15 20:00:00,2.028,1019.8
2022-07-15 21:00:00,1.215,1019.4
2022-07-15 22:00:00,0.433,1019.2
2022-07-15 23:00:00,-0.039,1019.5
2022-07-16 00:00:00,0.027,1019.7
2022-07-16 01:00:00,0.654,1019.9
2022-07-16 02:00:00,1.388,1020.1
2022-07-16 03:00:00,2.249,1020.2
2022-07-16 04:00:00,3.09,1020.6
2022-07-16 05:00:00,3.569,1020.5
2022-07-16 06:00:00,3.59,1020.6
2022-07-16 07:00:00,3.186,1020.7
2022-07-16 08:00:00,2.472,1020.5
2022-07-16 09:00:00,1.611,1020.4
2022-07-16 10:00:00,0.677,1020.6
2022-07-16 11:00:00,-0.099,1020.8
2022-07-16 12:00:00,-0.445,1020.6
2022-07-16 13:00:00,-0.128,1020.1
2022-07-16 14:00:00,0.479,1019.8
2022-07-16 15:00:00,1.257,1019.8
2022-07-16 16:00:00,2.126,1019.5
2022-07-16 17:00:00,2.849,1019.1
2022-07-16 18:00:00,3.21,1018.8
2022-07-16 19:00:00,3.117,1018.3
2022-07-16 20:00:00,2.634,1017.8
2022-07-16 21:00:00,1.991,1017.2
2022-07-16 22:00:00,1.199,1016.9
2022-07-16 23:00:00,0.421,1016.9
2022-07-17 00:00:00,-0.009,1017.0
2022-07-17 01:00:00,0.112,1017.3
2022-07-17 02:00:00,0.713,1017.5
2022-07-17 03:00:00,1.448,1017.1
2022-07-17 04:00:00,2.306,1017.1
2022-07-17 05:00:00,3.087,1016.9
2022-07-17 06:00:00,3.528,1016.7
2022-07-17 07:00:00,3.515,1016.3
2022-07-17 08:00:00,3.06,1016.0
2022-07-17 09:00:00,2.393,1015.9
2022-07-17 10:00:00,1.547,1016.1
2022-07-17 11:00:00,0.701,1016.3
2022-07-17 12:00:00,-0.01,1016.4
2022-07-17 13:00:00,-0.277,1016.4
2022-07-17 14:00:00,0.093,1016.4
2022-07-17 15:00:00,0.718,1016.2
2022-07-17 16:00:00,1.465,1015.8
2022-07-17 17:00:00,2.311,1015.7
2022-07-17 18:00:00,2.954,1015.3
2022-07-17 19:00:00,3.249,1015.3
2022-07-17 20:00:00,3.106,1014.9
2022-07-17 21:00:00,2.574,1014.8
2022-07-17 22:00:00,1.945,1014.4
2022-07-17 23:00:00,1.173,1014.6
2022-07-18 00:00:00,0.461,1015.1
2022-07-18 01:00:00,0.088,1015.9
2022-07-18 02:00:00,0.224,1016.3
2022-07-18 03:00:00,0.813,1016.1
2022-07-18 04:00:00,1.516,1016.2
2022-07-18 05:00:00,2.309,1016.2
2022-07-18 06:00:00,2.994,1016.0
2022-07-18 07:00:00,3.402,1015.9
2022-07-18 08:00:00,3.337,1015.8
2022-07-18 09:00:00,2.929,1015.6
2022-07-18 10:00:00,2.264,1015.6
2022-07-18 11:00:00,1.461,1015.6
2022-07-18 12:00:00,0.677,1015.2
2022-07-18 13:00:00,0.065,1015.4
2022-07-18 14:00:00,-0.109,1015.0
2022-07-18 15:00:00,0.282,1014.5
2022-07-18 16:00:00,0.885,1013.9
2022-07-18 17:00:00,1.607,1013.5
2022-07-18 18:00:00,2.417,1012.8
2022-07-18 19:00:00,3.003,1012.0
2022-07-18 20:00:00,3.224,1011.5
2022-07-18 21:00:00,3.017,1010.6
2022-07-18 22:00:00,2.544,1009.5
2022-07-18 23:00:00,1.915,1009.0
2022-07-19 00:00:00,1.174,1007.9
2022-07-19 01:00:00,0.518,1007.1
2022-07-19 02:00:00,0.17,1006.2
2022-07-19 03:00:00,0.392,1005.7
2022-07-19 04:00:00,0.894,1005.4
2022-07-19 05:00:00,1.577,1004.6
2022-07-19 06:00:00,2.315,1003.6
2022-07-19 07:00:00,2.958,1002.4
2022-07-19 08:00:00,3.295,1001.6
2022-07-19 09:00:00,3.225,1001.4
2022-07-19 10:00:00,2.755,1001.8
2022-07-19 11:00:00,2.193,1002.0
2022-07-19 12:00:00,1.428,1002.8
2022-07-19 13:00:00,0.749,1003.4
2022-07-19 14:00:00,0.212,1004.0
2022-07-19 15:00:00,0.175,1004.2
2022-07-19 16:00:00,0.587,1004.2
2022-07-19 17:00:00,1.157,1004.1
2022-07-19 18:00:00,1.791,1003.8
2022-07-19 19:00:00,2.526,1003.6
2022-07-19 20:00:00,3.051,1003.7
2022-07-19 21:00:00,3.157,1003.5
2022-07-19 22:00:00,2.929,1003.7
2022-07-19 23:00:00,2.451,1003.9
2022-07-20 00:00:00,1.845,1004.4
2022-07-20 01:00:00,1.163,1004.7
2022-07-20 02:00:00,0.574,1005.3
2022-07-20 03:00:00,0.287,1005.6
2022-07-20 04:00:00,0.522,1005.9
2022-07-20 05:00:00,0.944,1006.0
2022-07-20 06:00:00,1.551,1005.9
2022-07-20 07:00:00,2.203,1005.9
2022-07-20 08:00:00,2.783,1005.9
2022-07-20 09:00:00,3.067,1006.0
2022-07-20 10:00:00,2.978,1006.2
2022-07-20 11:00:00,2.565,1006.3
2022-07-20 12:00:00,2.038,1006.4
2022-07-20 13:00:00,1.367,1006.7
2022-07-20 14:00:00,0.772,1006.6
2022-07-20 15:00:00,0.353,1006.4
2022-07-20 16:00:00,0.393,1006.5
2022-07-20 17:00:00,0.811,1006.1
2022-07-20 18:00:00,1.335,1006.0
2022-07-20 19:00:00,2.007,1005.7
2022-07-20 20:00:00,2.639,1005.3
2022-07-20 21:00:00,3.096,1005.0
2022-07-20 22:00:00,3.179,1004.7
2022-07-20 23:00:00,2.91,1004.8
2022-07-21 00:00:00,2.45,1005.0
2022-07-21 01:00:00,1.849,1005.6
2022-07-21 02:00:00,1.177,1006.1
2022-07-21 03:00:00,0.664,1006.2
2022-07-21 04:00:00,0.407,1005.8
2022-07-21 05:00:00,0.624,1005.5
2022-07-21 06:00:00,1.033,1005.3
2022-07-21 07:00:00,1.566,1005.0
2022-07-21 08:00:00,2.185,1005.1
2022-07-21 09:00:00,2.688,1005.1
2022-07-21 10:00:00,2.948,1005.0
2022-07-21 11:00:00,2.848,1005.0
2022-07-21 12:00:00,2.476,1005.3
2022-07-21 13:00:00,1.971,1005.2
2022-07-21 14:00:00,1.37,1005.1
2022-07-21 15:00:00,0.832,1004.8
2022-07-21 16:00:00,0.523,1004.5
2022-07-21 17:00:00,0.628,1003.7
2022-07-21 18:00:00,0.997,1002.7
2022-07-21 19:00:00,1.525,1002.3
2022-07-21 20:00:00,2.093,1002.2
2022-07-21 21:00:00,2.662,1002.3
2022-07-21 22:00:00,3.102,1002.3
2022-07-21 23:00:00,3.177,1002.6
2022-07-22 00:00:00,2.874,1003.1
2022-07-22 01:00:00,2.417,1003.7
2022-07-22 02:00:00,1.811,1004.8
2022-07-22 03:00:00,1.209,1004.8
2022-07-22 04:00:00,0.681,1005.1
2022-07-22 05:00:00,0.476,1005.3
2022-07-22 06:00:00,0.697,1005.7
2022-07-22 07:00:00,1.027,1006.4
2022-07-22 08:00:00,1.53,1006.8
2022-07-22 09:00:00,2.123,1007.7
2022-07-22 10:00:00,2.573,1008.4
2022-07-22 11:00:00,2.847,1009.0
2022-07-22 12:00:00,2.709,1009.7
2022-07-22 13:00:00,2.396,1009.9
2022-07-22 14:00:00,1.921,1010.3
2022-07-22 15:00:00,1.368,1010.8
2022-07-22 16:00:00,0.84,1010.5
2022-07-22 17:00:00,0.601,1010.3
2022-07-22 18:00:00,0.707,1010.3
2022-07-22 19:00:00,1.144,1010.0
2022-07-22 20:00:00,1.603,1009.9
2022-07-22 21:00:00,2.151,1010.0
2022-07-22 22:00:00,2.697,1009.7
2022-07-22 23:00:00,3.04,1010.2
2022-07-23 00:00:00,3.063,1010.8
2022-07-23 01:00:00,2.735,1011.5
2022-07-23 02:00:00,2.274,1012.2
2022-07-23 03:00:00,1.69,1012.5
2022-07-23 04:00:00,1.086,1012.6
2022-07-23 05:00:00,0.577,1012.7
2022-07-23 06:00:00,0.402,1012.8
2022-07-23 07:00:00,0.621,1012.8
2022-07-23 08:00:00,0.975,1013.1
2022-07-23 09:00:00,1.481,1013.4
2022-07-23 10:00:00,2.026,1014.0
2022-07-23 11:00:00,2.477,1014.3
2022-07-23 12:00:00,2.693,1014.4
2022-07-23 13:00:00,2.594,1014.4
2022-07-23 14:00:00,2.271,1014.6
2022-07-23 15:00:00,1.827,1014.6
2022-07-23 16:00:00,1.277,1014.4
2022-07-23 17:00:00,0.839,1014.4
2022-07-23 18:00:00,0.595,1014.4
2022-07-23 19:00:00,0.764,1013.9
2022-07-23 20:00:00,1.14,1013.7
2022-07-23 21:00:00,1.639,1013.5
2022-07-23 22:00:00,2.177,1013.0
2022-07-23 23:00:00,2.693,1013.8
2022-07-24 00:00:00,2.997,1014.2
2022-07-24 01:00:00,2.987,1014.3
2022-07-24 02:00:00,2.678,1015.2
2022-07-24 03:00:00,2.191,1015.4
2022-07-24 04:00:00,1.627,1015.3
2022-07-24 05:00:00,1.052,1015.3
2022-07-24 06:00:00,0.518,1014.8
2022-07-24 07:00:00,0.435,1014.9
2022-07-24 08:00:00,0.632,1015.1
2022-07-24 09:00:00,0.992,1014.9
2022-07-24 10:00:00,1.489,1014.6
2022-07-24 11:00:00,2.013,1014.5
2022-07-24 12:00:00,2.441,1014.7
2022-07-24 13:00:00,2.681,1014.9
2022-07-24 14:00:00,2.519,1015.1
2022-07-24 15:00:00,2.233,1014.5
2022-07-24 16:00:00,1.795,1013.6
2022-07-24 17:00:00,1.269,1012.6
2022-07-24 18:00:00,0.825,1011.9
2022-07-24 19:00:00,0.613,1011.5
2022-07-24 20:00:00,0.787,1010.9
2022-07-24 21:00:00,1.223,1010.6
2022-07-24 22:00:00,1.689,1010.7
2022-07-24 23:00:00,2.266,1011.1
2022-07-25 00:00:00,2.75,1011.3
2022-07-25 01:00:00,3.045,1011.8
2022-07-25 02:00:00,3.002,1012.2
2022-07-25 03:00:00,2.637,1012.1
2022-07-25 04:00:00,2.142,1011.2
2022-07-25 05:00:00,1.567,1010.6
2022-07-25 06:00:00,0.934,1010.8
2022-07-25 07:00:00,0.526,1010.9
2022-07-25 08:00:00,0.413,1010.6
2022-07-25 09:00:00,0.688,1010.4
2022-07-25 10:00:00,1.036,1009.9
2022-07-25 11:00:00,1.518,1009.5
2022-07-25 12:00:00,2.032,1009.5
2022-07-25 13:00:00,2.499,1009.7
2022-07-25 14:00:00,2.629,1009.5
2022-07-25 15:00:00,2.532,1009.5
2022-07-25 16:00:00,2.182,1009.3
2022-07-25 17:00:00,1.772,1008.7
2022-07-25 18:00:00,1.258,1008.4
2022-07-25 19:00:00,0.816,1008.3
2022-07-25 20:00:00,0.65,1007.7
2022-07-25 21:00:00,0.873,1007.7
2022-07-25 22:00:00,1.275,1007.8
2022-07-25 23:00:00,1.815,1008.3
2022-07-26 00:00:00,2.414,1008.8
2022-07-26 01:00:00,2.811,1010.0
2022-07-26 02:00:00,3.076,1011.1
2022-07-26 03:00:00,2.939,1011.7
2022-07-26 04:00:00,2.553,1012.0
2022-07-26 05:00:00,2.021,1012.1
2022-07-26 06:00:00,1.404,1012.4
2022-07-26 07:00:00,0.791,1012.7
2022-07-26 08:00:00,0.387,1012.6
2022-07-26 09:00:00,0.389,1013.6
2022-07-26 10:00:00,0.615,1014.2
2022-07-26 11:00:00,1.072,1014.5
2022-07-26 12:00:00,1.571,1014.8
2022-07-26 13:00:00,2.137,1014.5
2022-07-26 14:00:00,2.54,1014.3
2022-07-26 15:00:00,2.686,1014.4
2022-07-26 16:00:00,2.489,1014.1
2022-07-26 17:00:00,2.06,1013.9
2022-07-26 18:00:00,1.594,1013.4
2022-07-26 19:00:00,1.159,1013.3
2022-07-26 20:00:00,0.74,1013.3
2022-07-26 21:00:00,0.672,1013.1
2022-07-26 22:00:00,0.928,1013.0
2022-07-26 23:00:00,1.448,1013.1
2022-07-27 00:00:00,1.984,1013.3
2022-07-27 01:00:00,2.53,1013.6
2022-07-27 02:00:00,2.977,1013.9
2022-07-27 03:00:00,3.069,1013.9
2022-07-27 04:00:00,2.904,1013.7
2022-07-27 05:00:00,2.449,1013.6
2022-07-27 06:00:00,1.894,1013.7
2022-07-27 07:00:00,1.215,1013.7
2022-07-27 08:00:00,0.652,1013.4
2022-07-27 09:00:00,0.293,1013.3
2022-07-27 10:00:00,0.379,1013.5
2022-07-27 11:00:00,0.789,1013.6
2022-07-27 12:00:00,1.221,1013.6
2022-07-27 13:00:00,1.812,1013.3
2022-07-27 14:00:00,2.342,1013.2
2022-07-27 15:00:00,2.698,1012.8
2022-07-27 16:00:00,2.704,1012.9
2022-07-27 17:00:00,2.434,1012.5
2022-07-27 18:00:00,2.005,1011.7
2022-07-27 19:00:00,1.491,1011.9
2022-07-27 20:00:00,0.978,1012.0
2022-07-27 21:00:00,0.644,1011.9
2022-07-27 22:00:00,0.708,1011.8
2022-07-27 23:00:00,1.079,1011.9
2022-07-28 00:00:00,1.624,1011.8
2022-07-28 01:00:00,2.198,1011.8
2022-07-28 02:00:00,2.72,1011.9
2022-07-28 03:00:00,3.105,1011.9
2022-07-28 04:00:00,3.119,1012.0
2022-07-28 05:00:00,2.858,1011.8
2022-07-28 06:00:00,2.321,1011.5
2022-07-28 07:00:00,1.668,1011.5
2022-07-28 08:00:00,1.028,1011.5
2022-07-28 09:00:00,0.505,1011.4
2022-07-28 10:00:00,0.267,1011.3
2022-07-28 11:00:00,0.478,1011.4
2022-07-28 12:00:00,0.879,1011.5
2022-07-28 13:00:00,1.428,1011.3
2022-07-28 14:00:00,2.041,1011.0
2022-07-28 15:00:00,2.549,1010.7
2022-07-28 16:00:00,2.766,1010.4
2022-07-28 17:00:00,2.706,1010.2
2022-07-28 18:00:00,2.356,1009.5
2022-07-28 19:00:00,1.863,1009.0
2022-07-28 20:00:00,1.305,1008.4
2022-07-28 21:00:00,0.804,1007.8
2022-07-28 22:00:00,0.598,1007.2
2022-07-28 23:00:00,0.79,1007.2
2022-07-29 00:00:00,1.279,1007.9
2022-07-29 01:00:00,1.826,1008.3
2022-07-29 02:00:00,2.436,1009.0
2022-07-29 03:00:00,2.895,1008.8
2022-07-29 04:00:00,3.194,1008.3
2022-07-29 05:00:00,3.149,1008.0
2022-07-29 06:00:00,2.694,1008.1
2022-07-29 07:00:00,2.141,1008.1
2022-07-29 08:00:00,1.5,1008.2
2022-07-29 09:00:00,0.853,1008.6
2022-07-29 10:00:00,0.379,1009.5
2022-07-29 11:00:00,0.309,1010.1
2022-07-29 12:00:00,0.631,1010.4
2022-07-29 13:00:00,1.124,1010.6
2022-07-29 14:00:00,1.685,1010.6
2022-07-29 15:00:00,2.282,1010.5
2022-07-29 16:00:00,2.722,1010.3
2022-07-29 17:00:00,2.837,1010.4
2022-07-29 18:00:00,2.627,1010.1
2022-07-29 19:00:00,2.18,1010.0
2022-07-29 20:00:00,1.647,1010.0
2022-07-29 21:00:00,1.086,1009.8
2022-07-29 22:00:00,0.677,1009.8
2022-07-29 23:00:00,0.552,1010.2
2022-07-30 00:00:00,0.879,1010.6
2022-07-30 01:00:00,1.41,1010.7
2022-07-30 02:00:00,1.991,1011.4
2022-07-30 03:00:00,2.584,1011.6
2022-07-30 04:00:00,3.051,1011.8
2022-07-30 05:00:00,3.208,1011.8
2022-07-30 06:00:00,2.987,1011.6
2022-07-30 07:00:00,2.454,1011.3
2022-07-30 08:00:00,1.868,1010.6
2022-07-30 09:00:00,1.169,1011.3
2022-07-30 10:00:00,0.58,1011.9
2022-07-30 11:00:00,0.267,1012.5
2022-07-30 12:00:00,0.354,1013.0
2022-07-30 13:00:00,0.743,1013.5
2022-07-30 14:00:00,1.301,1013.2
2022-07-30 15:00:00,1.917,1013.2
2022-07-30 16:00:00,2.481,1013.4
2022-07-30 17:00:00,2.801,1013.7
2022-07-30 18:00:00,2.783,1014.1
2022-07-30 19:00:00,2.492,1014.1
2022-07-30 20:00:00,1.974,1014.4
2022-07-30 21:00:00,1.382,1014.9
2022-07-30 22:00:00,0.845,1015.1
2022-07-30 23:00:00,0.461,1015.8
2022-07-31 00:00:00,0.567,1016.7
2022-07-31 01:00:00,1.008,1017.9
2022-07-31 02:00:00,1.563,1018.6
2022-07-31 03:00:00,2.167,1019.3
2022-07-31 04:00:00,2.701,1019.8
2022-07-31 05:00:00,3.076,1019.9
2022-07-31 06:00:00,3.072,1020.0
2022-07-31 07:00:00,2.731,1020.2
2022-07-31 08:00:00,2.164,1020.3
2022-07-31 09:00:00,1.527,1020.7
2022-07-31 10:00:00,0.867,1021.0
2022-07-31 11:00:00,0.363,1021.2
2022-07-31 12:00:00,0.175,1021.4
2022-07-31 13:00:00,0.431,1021.3
2022-07-31 14:00:00,0.943,1021.0
2022-07-31 15:00:00,1.499,1020.6
2022-07-31 16:00:00,2.114,1020.2
2022-07-31 17:00:00,2.603,1019.6
2022-07-31 18:00:00,2.831,1018.9
2022-07-31 19:00:00,2.705,1018.6
2022-07-31 20:00:00,2.299,1018.2
2022-07-31 21:00:00,1.758,1017.8
2022-07-31 22:00:00,1.147,1017.4
2022-07-31 23:00:00,0.667,1017.6
2022-08-01 00:00:00,0.437,1017.7
2022-08-01 01:00:00,0.713,1018.0
2022-08-01 02:00:00,1.169,1017.9
2022-08-01 03:00:00,1.752,1017.6
2022-08-01 04:00:00,2.355,1017.6
2022-08-01 05:00:00,2.862,1017.2
2022-08-01 06:00:00,3.11,1016.5
2022-08-01 07:00:00,2.99,1016.7
2022-08-01 08:00:00,2.549,1016.2
2022-08-01 09:00:00,1.99,1016.7
2022-08-01 10:00:00,1.328,1016.9
2022-08-01 11:00:00,0.686,1016.3
2022-08-01 12:00:00,0.265,1016.3
2022-08-01 13:00:00,0.285,1015.8
2022-08-01 14:00:00,0.703,1015.2
2022-08-01 15:00:00,1.243,1014.6
2022-08-01 16:00:00,1.828,1013.8
2022-08-01 17:00:00,2.45,1013.2
2022-08-01 18:00:00,2.858,1012.6
2022-08-01 19:00:00,2.926,1012.1
2022-08-01 20:00:00,2.652,1011.6
2022-08-01 21:00:00,2.15,1011.4
2022-08-01 22:00:00,1.595,1011.0
2022-08-01 23:00:00,0.988,1010.6
2022-08-02 00:00:00,0.603,1010.3
2022-08-02 01:00:00,0.531,1010.5
2022-08-02 02:00:00,0.891,1010.6
2022-08-02 03:00:00,1.386,1010.1
2022-08-02 04:00:00,1.99,1009.8
2022-08-02 05:00:00,2.599,1009.3
2022-08-02 06:00:00,3.003,1009.3
2022-08-02 07:00:00,3.13,1009.2
2022-08-02 08:00:00,2.892,1009.1
2022-08-02 09:00:00,2.371,1008.9
2022-08-02 10:00:00,1.785,1009.0
2022-08-02 11:00:00,1.132,1009.0
2022-08-02 12:00:00,0.584,1009.0
2022-08-02 13:00:00,0.331,1009.1
2022-08-02 14:00:00,0.53,1008.8
2022-08-02 15:00:00,0.988,1008.4
2022-08-02 16:00:00,1.557,1007.7
2022-08-02 17:00:00,2.155,1007.4
2022-08-02 18:00:00,2.689,1007.1
2022-08-02 19:00:00,3.0,1006.7
2022-08-02 20:00:00,2.963,1006.4
2022-08-02 21:00:00,2.578,1006.1
2022-08-02 22:00:00,2.049,1006.5
2022-08-02 23:00:00,1.412,1007.4
2022-08-03 00:00:00,0.88,1008.0
2022-08-03 01:00:00,0.53,1008.8
2022-08-03 02:00:00,0.591,1009.3
2022-08-03 03:00:00,1.02,1009.7
2022-08-03 04:00:00,1.52,1010.2
2022-08-03 05:00:00,2.09,1010.8
2022-08-03 06:00:00,2.638,1010.9
2022-08-03 07:00:00,2.988,1011.6
2022-08-03 08:00:00,2.997,1012.1
2022-08-03 09:00:00,2.682,1013.2
2022-08-03 10:00:00,2.153,1014.1
2022-08-03 11:00:00,1.515,1014.4
2022-08-03 12:00:00,0.9,1014.1
2022-08-03 13:00:00,0.418,1014.9
2022-08-03 14:00:00,0.292,1015.4
2022-08-03 15:00:00,0.609,1015.6
2022-08-03 16:00:00,1.096,1016.1
2022-08-03 17:00:00,1.714,1015.8
2022-08-03 18:00:00,2.319,1015.4
2022-08-03 19:00:00,2.813,1014.8
2022-08-03 20:00:00,2.987,1014.5
2022-08-03 21:00:00,2.846,1014.5
2022-08-03 22:00:00,2.383,1014.3
2022-08-03 23:00:00,1.867,1014.5
2022-08-04 00:00:00,1.237,1014.6
2022-08-04 01:00:00,0.692,1014.9
2022-08-04 02:00:00,0.457,1015.5
2022-08-04 03:00:00,0.595,1016.2
2022-08-04 04:00:00,1.018,1016.8
2022-08-04 05:00:00,1.546,1016.5
2022-08-04 06:00:00,2.103,1016.4
2022-08-04 07:00:00,2.644,1016.4
2022-08-04 08:00:00,2.91,1016.2
2022-08-04 09:00:00,2.873,1016.4
2022-08-04 10:00:00,2.473,1016.8
2022-08-04 11:00:00,1.923,1017.3
2022-08-04 12:00:00,1.339,1017.3
2022-08-04 13:00:00,0.76,1017.1
2022-08-04 14:00:00,0.344,1016.6
2022-08-04 15:00:00,0.396,1016.5
2022-08-04 16:00:00,0.8,1015.9
2022-08-04 17:00:00,1.319,1015.6
2022-08-04 18:00:00,1.912,1015.3
2022-08-04 19:00:00,2.507,1015.0
2022-08-04 20:00:00,2.925,1014.6
2022-08-04 21:00:00,3.022,1014.5
2022-08-04 22:00:00,2.766,1014.6
2022-08-04 23:00:00,2.285,1015.1
2022-08-05 00:00:00,1.703,1015.7
2022-08-05 01:00:00,1.074,1016.4
2022-08-05 02:00:00,0.543,1017.1
2022-08-05 03:00:00,0.366,1017.0
2022-08-05 04:00:00,0.579,1017.1
2022-08-05 05:00:00,1.0,1017.2
2022-08-05 06:00:00,1.533,1016.6
2022-08-05 07:00:00,2.124,1016.6
2022-08-05 08:00:00,2.609,1016.7
2022-08-05 09:00:00,2.822,1017.1
2022-08-05 10:00:00,2.715,1017.4
2022-08-05 11:00:00,2.336,1017.8
2022-08-05 12:00:00,1.818,1018.4
2022-08-05 13:00:00,1.21,1018.5
2022-08-05 14:00:00,0.688,1018.4
2022-08-05 15:00:00,0.355,1018.9
2022-08-05 16:00:00,0.436,1018.8
2022-08-05 17:00:00,0.847,1018.7
2022-08-05 18:00:00,1.412,1018.4
2022-08-05 19:00:00,2.015,1018.0
2022-08-05 20:00:00,2.602,1018.1
2022-08-05 21:00:00,2.967,1019.0
2022-08-05 22:00:00,2.963,1019.8
2022-08-05 23:00:00,2.741,1019.7
2022-08-06 00:00:00,2.194,1019.7
2022-08-06 01:00:00,1.609,1020.4
2022-08-06 02:00:00,0.994,1020.6
2022-08-06 03:00:00,0.446,1020.8
2022-08-06 04:00:00,0.266,1020.9
2022-08-06 05:00:00,0.542,1020.9
2022-08-06 06:00:00,0.949,1021.0
2022-08-06 07:00:00,1.459,1021.2
2022-08-06 08:00:00,2.073,1021.6
2022-08-06 09:00:00,2.53,1021.6
2022-08-06 10:00:00,2.757,1022.2
2022-08-06 11:00:00,2.642,1022.5
2022-08-06 12:00:00,2.232,1022.7
2022-08-06 13:00:00,1.768,1022.6
2022-08-06 14:00:00,1.17,1022.2
2022-08-06 15:00:00,0.656,1022.0
2022-08-06 16:00:00,0.385,1021.4
2022-08-06 17:00:00,0.523,1021.0
2022-08-06 18:00:00,1.008,1020.5
2022-08-06 19:00:00,1.529,1020.0
2022-08-06 20:00:00,2.167,1019.5
2022-08-06 21:00:00,2.729,1019.2
2022-08-06 22:00:00,3.107,1018.9
2022-08-06 23:00:00,3.094,1019.2
2022-08-07 00:00:00,2.739,1019.8
2022-08-07 01:00:00,2.238,1020.3
2022-08-07 02:00:00,1.546,1020.8
2022-08-07 03:00:00,0.899,1020.7
2022-08-07 04:00:00,0.362,1020.7
2022-08-07 05:00:00,0.189,1020.5
2022-08-07 06:00:00,0.419,1020.1
2022-08-07 07:00:00,0.829,1020.2
2022-08-07 08:00:00,1.38,1019.8
2022-08-07 09:00:00,1.999,1019.9
2022-08-07 10:00:00,2.491,1020.0
2022-08-07 11:00:00,2.69,1020.1
2022-08-07 12:00:00,2.575,1020.1
2022-08-07 13:00:00,2.208,1020.0
2022-08-07 14:00:00,1.723,1019.8
2022-08-07 15:00:00,1.124,1019.4
2022-08-07 16:00:00,0.599,1018.3
2022-08-07 17:00:00,0.27,1017.3
2022-08-07 18:00:00,0.492,1016.6
2022-08-07 19:00:00,0.905,1016.0
2022-08-07 20:00:00,1.514,1015.5
2022-08-07 21:00:00,2.112,1015.4
2022-08-07 22:00:00,2.751,1015.0
2022-08-07 23:00:00,3.129,1015.0
2022-08-08 00:00:00,3.132,1017.2
2022-08-08 01:00:00,2.736,1016.6
2022-08-08 02:00:00,2.263,1016.5
2022-08-08 03:00:00,1.588,1016.2
2022-08-08 04:00:00,0.823,1016.2
2022-08-08 05:00:00,0.262,1016.0
2022-08-08 06:00:00,0.071,1015.6
2022-08-08 07:00:00,0.268,1015.5
2022-08-08 08:00:00,0.745,1015.0
2022-08-08 09:00:00,1.3,1015.1
2022-08-08 10:00:00,1.939,1015.2
2022-08-08 11:00:00,2.505,1015.5
2022-08-08 12:00:00,2.732,1015.4
2022-08-08 13:00:00,2.648,1015.1
2022-08-08 14:00:00,2.305,1014.6
2022-08-08 15:00:00,1.815,1014.2
2022-08-08 16:00:00,1.213,1013.6
2022-08-08 17:00:00,0.633,1012.9
2022-08-08 18:00:00,0.334,1012.1
2022-08-08 19:00:00,0.543,1011.5
2022-08-08 20:00:00,1.006,1011.0
2022-08-08 21:00:00,1.622,1010.4
2022-08-08 22:00:00,2.314,1010.3
2022-08-08 23:00:00,2.958,1010.7
2022-08-09 00:00:00,3.392,1010.8
2022-08-09 01:00:00,3.401,1010.8
2022-08-09 02:00:00,3.053,1010.6
2022-08-09 03:00:00,2.493,1010.8
2022-08-09 04:00:00,1.76,1010.9
2022-08-09 05:00:00,0.987,1010.6
2022-08-09 06:00:00,0.356,1010.2
2022-08-09 07:00:00,0.119,1009.9
2022-08-09 08:00:00,0.295,1009.6
2022-08-09 09:00:00,0.781,1009.9
2022-08-09 10:00:00,1.342,1010.0
2022-08-09 11:00:00,2.064,1010.4
2022-08-09 12:00:00,2.636,1010.6
2022-08-09 13:00:00,2.937,1010.6
2022-08-09 14:00:00,2.874,1010.8
2022-08-09 15:00:00,2.48,1010.5
2022-08-09 16:00:00,1.959,1010.4
2022-08-09 17:00:00,1.272,1009.9
2022-08-09 18:00:00,0.653,1009.6
2022-08-09 19:00:00,0.262,1011.0
2022-08-09 20:00:00,0.416,1010.3
2022-08-09 21:00:00,0.922,1010.5
2022-08-09 22:00:00,1.661,1010.9
2022-08-09 23:00:00,2.316,1011.7
2022-08-10 00:00:00,3.092,1012.3
2022-08-10 01:00:00,3.468,1014.3
2022-08-10 02:00:00,3.464,1015.2
2022-08-10 03:00:00,3.059,1015.6
2022-08-10 04:00:00,2.481,1016.0
2022-08-10 05:00:00,1.712,1016.2
2022-08-10 06:00:00,0.901,1016.3
2022-08-10 07:00:00,0.176,1016.5
2022-08-10 08:00:00,-0.142,1016.8
2022-08-10 09:00:00,0.112,1017.0
2022-08-10 10:00:00,0.63,1017.5
2022-08-10 11:00:00,1.248,1017.8
2022-08-10 12:00:00,2.03,1018.2
2022-08-10 13:00:00,2.695,1018.7
2022-08-10 14:00:00,3.039,1018.4
2022-08-10 15:00:00,2.993,1018.3
2022-08-10 16:00:00,2.583,1018.3
2022-08-10 17:00:00,2.005,1018.2
2022-08-10 18:00:00,1.27,1017.7
2022-08-10 19:00:00,0.623,1017.5
2022-08-10 20:00:00,0.199,1017.0
2022-08-10 21:00:00,0.326,1016.4
2022-08-10 22:00:00,0.909,1015.9
2022-08-10 23:00:00,1.608,1015.9
2022-08-11 00:00:00,2.413,1016.0
2022-08-11 01:00:00,3.151,1016.5
2022-08-11 02:00:00,3.593,1016.4
2022-08-11 03:00:00,3.611,1015.9
2022-08-11 04:00:00,3.214,1015.7
2022-08-11 05:00:00,2.54,1015.7
2022-08-11 06:00:00,1.699,1015.0
2022-08-11 07:00:00,0.824,1014.8
2022-08-11 08:00:00,0.072,1013.9
2022-08-11 09:00:00,-0.237,1013.4
2022-08-11 10:00:00,0.031,1013.2
2022-08-11 11:00:00,0.606,1013.3
2022-08-11 12:00:00,1.326,1013.0
2022-08-11 13:00:00,2.144,1012.9
2022-08-11 14:00:00,2.867,1012.8
2022-08-11 15:00:00,3.227,1012.7
2022-08-11 16:00:00,3.114,1012.6
2022-08-11 17:00:00,2.691,1012.3
2022-08-11 18:00:00,2.042,1011.4
2022-08-11 19:00:00,1.264,1011.1
2022-08-11 20:00:00,0.548,1010.7
2022-08-11 21:00:00,0.076,1010.6
2022-08-11 22:00:00,0.233,1010.2
2022-08-11 23:00:00,0.855,1010.5
2022-08-12 00:00:00,1.629,1010.8
2022-08-12 01:00:00,2.455,1011.5
2022-08-12 02:00:00,3.229,1011.8
2022-08-12 03:00:00,3.676,1011.5
2022-08-12 04:00:00,3.711,1011.8
2022-08-12 05:00:00,3.269,1011.8
2022-08-12 06:00:00,2.531,1011.9
2022-08-12 07:00:00,1.684,1012.0
2022-08-12 08:00:00,0.773,1012.1
2022-08-12 09:00:00,0.019,1012.7
2022-08-12 10:00:00,-0.301,1013.1
2022-08-12 11:00:00,0.006,1013.6
2022-08-12 12:00:00,0.648,1014.0
2022-08-12 13:00:00,1.44,1014.4
2022-08-12 14:00:00,2.279,1014.6
2022-08-12 15:00:00,3.004,1014.6
2022-08-12 16:00:00,3.32,1014.2
2022-08-12 17:00:00,3.189,1014.2
2022-08-12 18:00:00,2.686,1014.5
2022-08-12 19:00:00,1.969,1014.4
2022-08-12 20:00:00,1.144,1014.3
2022-08-12 21:00:00,0.367,1014.6
2022-08-12 22:00:00,-0.027,1015.0
2022-08-12 23:00:00,0.136,1015.8
2022-08-13 00:00:00,0.789,1016.3
2022-08-13 01:00:00,1.61,1017.0
2022-08-13 02:00:00,2.434,1017.3
2022-08-13 03:00:00,3.251,1017.1
2022-08-13 04:00:00,3.697,1017.5
2022-08-13 05:00:00,3.654,1017.6
2022-08-13 06:00:00,3.153,1017.6
2022-08-13 07:00:00,2.412,1017.1
2022-08-13 08:00:00,1.54,1017.6
2022-08-13 09:00:00,0.607,1017.7
2022-08-13 10:00:00,-0.108,1018.0
2022-08-13 11:00:00,-0.351,1018.1
2022-08-13 12:00:00,0.076,1018.4
2022-08-13 13:00:00,0.74,1018.5
2022-08-13 14:00:00,1.542,1018.6
2022-08-13 15:00:00,2.45,1018.6
2022-08-13 16:00:00,3.129,1018.4
2022-08-13 17:00:00,3.397,1018.3
2022-08-13 18:00:00,3.202,1018.0
2022-08-13 19:00:00,2.612,1017.7
2022-08-13 20:00:00,1.909,1017.5
2022-08-13 21:00:00,1.028,1017.2
2022-08-13 22:00:00,0.276,1017.2
2022-08-13 23:00:00,-0.083,1017.5
2022-08-14 00:00:00,0.18,1017.6
2022-08-14 01:00:00,0.831,1017.8
2022-08-14 02:00:00,1.624,1017.9
2022-08-14 03:00:00,2.515,1017.7
2022-08-14 04:00:00,3.279,1017.6
2022-08-14 05:00:00,3.674,1017.4
2022-08-14 06:00:00,3.55,1017.3
2022-08-14 07:00:00,3.062,1017.0
2022-08-14 08:00:00,2.305,1016.9
2022-08-14 09:00:00,1.435,1017.2
2022-08-14 10:00:00,0.524,1017.4
2022-08-14 11:00:00,-0.13,1017.5
2022-08-14 12:00:00,-0.244,1017.6
2022-08-14 13:00:00,0.258,1017.7
2022-08-14 14:00:00,0.925,1017.5
2022-08-14 15:00:00,1.737,1017.2
2022-08-14 16:00:00,2.596,1016.8
2022-08-14 17:00:00,3.187,1016.6
2022-08-14 18:00:00,3.361,1016.3
2022-08-14 19:00:00,3.129,1016.0
2022-08-14 20:00:00,2.534,1015.9
2022-08-14 21:00:00,1.796,1016.2
2022-08-14 22:00:00,0.928,1016.3
2022-08-14 23:00:00,0.226,1016.0
2022-08-15 00:00:00,-0.065,1016.3
2022-08-15 01:00:00,0.236,1016.8
2022-08-15 02:00:00,0.863,1016.8
2022-08-15 03:00:00,1.655,1016.8
2022-08-15 04:00:00,2.506,1016.8
2022-08-15 05:00:00,3.179,1016.5
2022-08-15 06:00:00,3.508,1016.2
2022-08-15 07:00:00,3.34,1016.3
2022-08-15 08:00:00,2.815,1016.2
2022-08-15 09:00:00,2.093,1015.8
2022-08-15 10:00:00,1.269,1016.2
2022-08-15 11:00:00,0.461,1016.4
2022-08-15 12:00:00,-0.094,1016.5
2022-08-15 13:00:00,-0.067,1016.4
2022-08-15 14:00:00,0.473,1016.6
2022-08-15 15:00:00,1.168,1016.8
2022-08-15 16:00:00,1.934,1016.5
2022-08-15 17:00:00,2.741,1016.4
2022-08-15 18:00:00,3.238,1016.3
2022-08-15 19:00:00,3.337,1016.3
2022-08-15 20:00:00,3.015,1016.2
2022-08-15 21:00:00,2.402,1015.9
2022-08-15 22:00:00,1.668,1016.2
2022-08-15 23:00:00,0.896,1016.1
2022-08-16 00:00:00,0.281,1016.2
2022-08-16 01:00:00,0.09,1016.7
2022-08-16 02:00:00,0.434,1016.9
2022-08-16 03:00:00,1.058,1017.2
2022-08-16 04:00:00,1.796,1017.3
2022-08-16 05:00:00,2.564,1017.2
2022-08-16 06:00:00,3.153,1017.0
2022-08-16 07:00:00,3.38,1016.8
2022-08-16 08:00:00,3.163,1016.7
2022-08-16 09:00:00,2.644,1016.8
2022-08-16 10:00:00,1.955,1017.3
2022-08-16 11:00:00,1.179,1017.3
2022-08-16 12:00:00,0.491,1017.5
2022-08-16 13:00:00,0.081,1017.5
2022-08-16 14:00:00,0.229,1017.4
2022-08-16 15:00:00,0.808,1017.8
2022-08-16 16:00:00,1.419,1017.9
2022-08-16 17:00:00,2.155,1017.8
2022-08-16 18:00:00,2.889,1017.6
2022-08-16 19:00:00,3.304,1017.1
2022-08-16 20:00:00,3.31,1017.0
2022-08-16 21:00:00,2.91,1017.1
2022-08-16 22:00:00,2.309,1017.0
2022-08-16 23:00:00,1.597,1017.0
2022-08-17 00:00:00,0.898,1016.9
2022-08-17 01:00:00,0.405,1016.9
2022-08-17 02:00:00,0.306,1017.1
2022-08-17 03:00:00,0.695,1017.2
2022-08-17 04:00:00,1.245,1017.1
2022-08-17 05:00:00,1.939,1016.3
2022-08-17 06:00:00,2.642,1015.9
2022-08-17 07:00:00,3.149,1015.6
2022-08-17 08:00:00,3.299,1015.4
2022-08-17 09:00:00,3.06,1014.9
2022-08-17 10:00:00,2.58,1015.0
2022-08-17 11:00:00,1.913,1015.1
2022-08-17 12:00:00,1.236,1014.9
2022-08-17 13:00:00,0.631,1014.7
2022-08-17 14:00:00,0.426,1014.3
2022-08-17 15:00:00,0.621,1014.3
2022-08-17 16:00:00,1.124,1014.6
2022-08-17 17:00:00,1.702,1014.8
2022-08-17 18:00:00,2.363,1014.4
2022-08-17 19:00:00,2.942,1013.7
2022-08-17 20:00:00,3.242,1013.2
2022-08-17 21:00:00,3.094,1012.8
2022-08-17 22:00:00,2.712,1012.4
2022-08-17 23:00:00,2.145,1012.2
2022-08-18 00:00:00,1.475,1011.8
2022-08-18 01:00:00,0.829,1011.5
2022-08-18 02:00:00,0.37,1011.0
2022-08-18 03:00:00,0.374,1009.8
2022-08-18 04:00:00,0.755,1008.9
2022-08-18 05:00:00,1.279,1008.4
2022-08-18 06:00:00,1.847,1008.2
2022-08-18 07:00:00,2.492,1008.0
2022-08-18 08:00:00,2.926,1007.8
2022-08-18 09:00:00,3.036,1008.0
2022-08-18 10:00:00,2.748,1008.1
2022-08-18 11:00:00,2.279,1008.4
2022-08-18 12:00:00,1.688,1008.6
2022-08-18 13:00:00,1.079,1008.7
2022-08-18 14:00:00,0.605,1008.9
2022-08-18 15:00:00,0.488,1008.7
2022-08-18 16:00:00,0.784,1008.4
2022-08-18 17:00:00,1.283,1008.3
2022-08-18 18:00:00,1.85,1008.6
2022-08-18 19:00:00,2.474,1008.4
2022-08-18 20:00:00,2.95,1008.3
2022-08-18 21:00:00,3.208,1008.7
2022-08-18 22:00:00,3.032,1009.2
2022-08-18 23:00:00,2.638,1009.8
2022-08-19 00:00:00,2.083,1010.2
2022-08-19 01:00:00,1.427,1010.9
2022-08-19 02:00:00,0.833,1011.2
2022-08-19 03:00:00,0.446,1011.5
2022-08-19 04:00:00,0.482,1012.0
2022-08-19 05:00:00,0.798,1012.4
2022-08-19 06:00:00,1.244,1012.6
2022-08-19 07:00:00,1.79,1012.9
2022-08-19 08:00:00,2.344,1013.4
2022-08-19 09:00:00,2.714,1013.8
2022-08-19 10:00:00,2.775,1014.3
2022-08-19 11:00:00,2.505,1014.9
2022-08-19 12:00:00,2.108,1015.5
2022-08-19 13:00:00,1.589,1015.8
2022-08-19 14:00:00,1.065,1015.9
2022-08-19 15:00:00,0.66,1016.0
2022-08-19 16:00:00,0.603,1015.8
2022-08-19 17:00:00,0.868,1015.6
2022-08-19 18:00:00,1.298,1015.5
2022-08-19 19:00:00,1.846,1015.3
2022-08-19 20:00:00,2.381,1015.4
2022-08-19 21:00:00,2.821,1015.6
2022-08-19 22:00:00,2.98,1015.8
2022-08-19 23:00:00,2.812,1016.1
2022-08-20 00:00:00,2.437,1016.7
2022-08-20 01:00:00,1.906,1017.5
2022-08-20 02:00:00,1.317,1018.2
2022-08-20 03:00:00,0.79,1018.6
2022-08-20 04:00:00,0.439,1019.1
2022-08-20 05:00:00,0.51,1019.4
2022-08-20 06:00:00,0.781,1019.6
2022-08-20 07:00:00,1.2,1019.8
2022-08-20 08:00:00,1.71,1020.0
2022-08-20 09:00:00,2.212,1019.9
2022-08-20 10:00:00,2.525,1020.3
2022-08-20 11:00:00,2.566,1020.7
2022-08-20 12:00:00,2.335,1020.8
2022-08-20 13:00:00,2.019,1021.1
2022-08-20 14:00:00,1.545,1021.3
2022-08-20 15:00:00,1.082,1021.5
2022-08-20 16:00:00,0.758,1021.2
2022-08-20 17:00:00,0.739,1020.7
2022-08-20 18:00:00,1.028,1020.4
2022-08-20 19:00:00,1.426,1019.9
2022-08-20 20:00:00,1.909,1019.4
2022-08-20 21:00:00,2.424,1019.1
2022-08-20 22:00:00,2.812,1019.4
2022-08-20 23:00:00,2.948,1019.8
2022-08-21 00:00:00,2.775,1020.3
2022-08-21 01:00:00,2.419,1020.6
2022-08-21 02:00:00,1.916,1020.5
2022-08-21 03:00:00,1.37,1020.6
2022-08-21 04:00:00,0.862,1020.7
2022-08-21 05:00:00,0.573,1020.6
2022-08-21 06:00:00,0.647,1020.4
2022-08-21 07:00:00,0.874,1020.6
2022-08-21 08:00:00,1.258,1020.7
2022-08-21 09:00:00,1.765,1020.9
2022-08-21 10:00:00,2.175,1021.3
2022-08-21 11:00:00,2.507,1021.4
2022-08-21 12:00:00,2.539,1021.4
2022-08-21 13:00:00,2.346,1021.3
2022-08-21 14:00:00,2.003,1021.3
2022-08-21 15:00:00,1.563,1021.0
2022-08-21 16:00:00,1.146,1020.4
2022-08-21 17:00:00,0.825,1020.2
2022-08-21 18:00:00,0.828,1019.9
2022-08-21 19:00:00,1.106,1019.6
2022-08-21 20:00:00,1.493,1018.8
2022-08-21 21:00:00,1.949,1018.8
2022-08-21 22:00:00,2.431,1018.6
2022-08-21 23:00:00,2.8,1018.1
2022-08-22 00:00:00,2.926,1018.3
2022-08-22 01:00:00,2.781,1018.5
2022-08-22 02:00:00,2.392,1018.7
2022-08-22 03:00:00,1.913,1018.6
2022-08-22 04:00:00,1.374,1018.4
2022-08-22 05:00:00,0.872,1018.4
2022-08-22 06:00:00,0.555,1017.9
2022-08-22 07:00:00,0.58,1017.5
2022-08-22 08:00:00,0.868,1017.3
2022-08-22 09:00:00,1.231,1017.1
2022-08-22 10:00:00,1.738,1016.9
2022-08-22 11:00:00,2.162,1016.6
2022-08-22 12:00:00,2.51,1016.8
2022-08-22 13:00:00,2.522,1016.4
2022-08-22 14:00:00,2.357,1016.1
2022-08-22 15:00:00,2.042,1015.6
2022-08-22 16:00:00,1.612,1015.3
2022-08-22 17:00:00,1.15,1014.6
2022-08-22 18:00:00,0.86,1013.9
2022-08-22 19:00:00,0.825,1013.0
2022-08-22 20:00:00,1.123,1012.3
2022-08-22 21:00:00,1.504,1011.7
2022-08-22 22:00:00,1.997,1011.5
2022-08-22 23:00:00,2.501,1011.0
2022-08-23 00:00:00,2.836,1011.0
2022-08-23 01:00:00,2.971,1011.2
2022-08-23 02:00:00,2.783,1011.0
2022-08-23 03:00:00,2.427,1010.9
2022-08-23 04:00:00,1.942,1011.0
2022-08-23 05:00:00,1.369,1010.7
2022-08-23 06:00:00,0.896,1010.6
2022-08-23 07:00:00,0.595,1010.2
2022-08-23 08:00:00,0.657,1010.0
2022-08-23 09:00:00,0.951,1010.1
2022-08-23 10:00:00,1.359,1010.3
2022-08-23 11:00:00,1.833,1010.5
2022-08-23 12:00:00,2.274,1010.9
2022-08-23 13:00:00,2.556,1010.9
2022-08-23 14:00:00,2.607,1010.7
2022-08-23 15:00:00,2.415,1010.7
2022-08-23 16:00:00,2.059,1010.9
2022-08-23 17:00:00,1.597,1010.6
2022-08-23 18:00:00,1.165,1010.5
2022-08-23 19:00:00,0.854,1010.1
2022-08-23 20:00:00,0.875,1010.1
2022-08-23 21:00:00,1.19,1009.9
2022-08-23 22:00:00,1.613,1009.6
2022-08-23 23:00:00,2.14,1010.0
2022-08-24 00:00:00,2.599,1010.0
2022-08-24 01:00:00,2.93,1010.0
2022-08-24 02:00:00,3.034,1010.1
2022-08-24 03:00:00,2.825,1010.1
2022-08-24 04:00:00,2.382,1010.4
2022-08-24 05:00:00,1.832,1010.3
2022-08-24 06:00:00,1.249,1010.5
2022-08-24 07:00:00,0.777,1010.4
2022-08-24 08:00:00,0.459,1010.6
2022-08-24 09:00:00,0.626,1010.8
2022-08-24 10:00:00,0.94,1011.1
2022-08-24 11:00:00,1.38,1011.5
2022-08-24 12:00:00,1.876,1012.1
2022-08-24 13:00:00,2.341,1012.2
2022-08-24 14:00:00,2.658,1012.6
2022-08-24 15:00:00,2.601,1012.9
2022-08-24 16:00:00,2.357,1012.5
2022-08-24 17:00:00,1.938,1012.5
2022-08-24 18:00:00,1.432,1012.4
2022-08-24 19:00:00,1.016,1012.1
2022-08-24 20:00:00,0.726,1012.1
2022-08-24 21:00:00,0.8,1012.1
2022-08-24 22:00:00,1.198,1012.5
2022-08-24 23:00:00,1.653,1012.9
2022-08-25 00:00:00,2.166,1013.7
2022-08-25 01:00:00,2.676,1013.9
2022-08-25 02:00:00,2.956,1014.3
2022-08-25 03:00:00,3.001,1014.5
2022-08-25 04:00:00,2.698,1014.7
2022-08-25 05:00:00,2.197,1015.0
2022-08-25 06:00:00,1.63,1014.9
2022-08-25 07:00:00,1.029,1015.0
2022-08-25 08:00:00,0.54,1014.8
2022-08-25 09:00:00,0.358,1014.6
2022-08-25 10:00:00,0.571,1015.1
2022-08-25 11:00:00,0.994,1015.6
2022-08-25 12:00:00,1.465,1015.8
2022-08-25 13:00:00,2.025,1016.0
2022-08-25 14:00:00,2.479,1016.3
2022-08-25 15:00:00,2.703,1016.5
2022-08-25 16:00:00,2.594,1016.3
2022-08-25 17:00:00,2.248,1016.1
2022-08-25 18:00:00,1.771,1016.1
2022-08-25 19:00:00,1.256,1015.5
2022-08-25 20:00:00,0.809,1015.6
2022-08-25 21:00:00,0.582,1015.4
2022-08-25 22:00:00,0.799,1015.0
2022-08-25 23:00:00,1.281,1014.9
2022-08-26 00:00:00,1.815,1015.1
2022-08-26 01:00:00,2.393,1015.7
2022-08-26 02:00:00,2.833,1015.9
2022-08-26 03:00:00,3.108,1016.1
2022-08-26 04:00:00,3.022,1015.8
2022-08-26 05:00:00,2.602,1015.6
2022-08-26 06:00:00,2.046,1015.3
2022-08-26 07:00:00,1.408,1015.1
2022-08-26 08:00:00,0.801,1014.9
2022-08-26 09:00:00,0.386,1014.8
2022-08-26 10:00:00,0.347,1014.8
2022-08-26 11:00:00,0.715,1014.7
2022-08-26 12:00:00,1.191,1014.5
2022-08-26 13:00:00,1.728,1014.4
2022-08-26 14:00:00,2.321,1014.1
2022-08-26 15:00:00,2.695,1013.7
2022-08-26 16:00:00,2.84,1012.9
2022-08-26 17:00:00,2.598,1012.1
2022-08-26 18:00:00,2.158,1011.0
2022-08-26 19:00:00,1.617,1010.2
2022-08-26 20:00:00,1.067,1010.5
2022-08-26 21:00:00,0.588,1011.7
2022-08-26 22:00:00,0.545,1011.8
2022-08-26 23:00:00,0.889,1011.3
2022-08-27 00:00:00,1.438,1011.7
2022-08-27 01:00:00,2.017,1012.4
2022-08-27 02:00:00,2.601,1012.4
2022-08-27 03:00:00,2.995,1012.7
2022-08-27 04:00:00,3.174,1012.5
2022-08-27 05:00:00,2.968,1012.5
2022-08-27 06:00:00,2.434,1012.5
2022-08-27 07:00:00,1.865,1012.3
2022-08-27 08:00:00,1.16,1012.5
2022-08-27 09:00:00,0.602,1012.9
2022-08-27 10:00:00,0.265,1013.5
2022-08-27 11:00:00,0.394,1014.2
2022-08-27 12:00:00,0.826,1014.8
2022-08-27 13:00:00,1.379,1015.3
2022-08-27 14:00:00,1.979,1015.9
2022-08-27 15:00:00,2.558,1016.3
2022-08-27 16:00:00,2.863,1016.9
2022-08-27 17:00:00,2.793,1017.3
2022-08-27 18:00:00,2.465,1017.4
2022-08-27 19:00:00,1.917,1017.2
2022-08-27 20:00:00,1.305,1017.3
2022-08-27 21:00:00,0.75,1017.3
2022-08-27 22:00:00,0.404,1017.6
2022-08-27 23:00:00,0.512,1018.1
2022-08-28 00:00:00,0.978,1018.7
2022-08-28 01:00:00,1.563,1019.4
2022-08-28 02:00:00,2.179,1020.0
2022-08-28 03:00:00,2.761,1020.5
2022-08-28 04:00:00,3.131,1020.6
2022-08-28 05:00:00,3.119,1020.6
2022-08-28 06:00:00,2.778,1020.9
2022-08-28 07:00:00,2.19,1021.2
2022-08-28 08:00:00,1.521,1021.3
2022-08-28 09:00:00,0.873,1021.5
2022-08-28 10:00:00,0.354,1022.2
2022-08-28 11:00:00,0.226,1022.5
2022-08-28 12:00:00,0.533,1023.2
2022-08-28 13:00:00,1.051,1023.3
2022-08-28 14:00:00,1.686,1023.6
2022-08-28 15:00:00,2.31,1023.7
2022-08-28 16:00:00,2.788,1023.2
2022-08-28 17:00:00,2.95,1022.8
2022-08-28 18:00:00,2.766,1022.5
2022-08-28 19:00:00,2.302,1021.8
2022-08-28 20:00:00,1.686,1021.4
2022-08-28 21:00:00,1.052,1021.0
2022-08-28 22:00:00,0.527,1020.7
2022-08-28 23:00:00,0.332,1020.7
2022-08-29 00:00:00,0.599,1020.7
2022-08-29 01:00:00,1.123,1020.9
2022-08-29 02:00:00,1.747,1021.1
2022-08-29 03:00:00,2.394,1021.0
2022-08-29 04:00:00,2.912,1021.3
2022-08-29 05:00:00,3.155,1021.0
2022-08-29 06:00:00,2.961,1021.0
2022-08-29 07:00:00,2.528,1020.7
2022-08-29 08:00:00,1.881,1020.4
2022-08-29 09:00:00,1.221,1020.3
2022-08-29 10:00:00,0.563,1020.3
2022-08-29 11:00:00,0.163,1020.5
2022-08-29 12:00:00,0.236,1020.8
2022-08-29 13:00:00,0.703,1020.5
2022-08-29 14:00:00,1.3,1020.2
2022-08-29 15:00:00,1.969,1019.9
2022-08-29 16:00:00,2.589,1019.0
2022-08-29 17:00:00,2.982,1018.3
2022-08-29 18:00:00,3.006,1017.4
2022-08-29 19:00:00,2.627,1016.9
2022-08-29 20:00:00,2.077,1016.2
2022-08-29 21:00:00,1.423,1015.9
2022-08-29 22:00:00,0.787,1015.4
2022-08-29 23:00:00,0.315,1015.6
2022-08-30 00:00:00,0.292,1015.6
2022-08-30 01:00:00,0.712,1016.1
2022-08-30 02:00:00,1.296,1016.3
2022-08-30 03:00:00,1.93,1016.0
2022-08-30 04:00:00,2.6,1015.8
2022-08-30 05:00:00,3.054,1015.7
2022-08-30 06:00:00,3.167,1015.1
2022-08-30 07:00:00,2.884,1014.5
2022-08-30 08:00:00,2.312,1013.7
2022-08-30 09:00:00,1.688,1013.4
2022-08-30 10:00:00,0.997,1013.5
2022-08-30 11:00:00,0.427,1013.8
2022-08-30 12:00:00,0.194,1013.4
2022-08-30 13:00:00,0.493,1013.1
2022-08-30 14:00:00,1.083,1012.8
2022-08-30 15:00:00,1.724,1012.4
2022-08-30 16:00:00,2.379,1011.7
2022-08-30 17:00:00,2.945,1010.9
2022-08-30 18:00:00,3.169,1010.0
2022-08-30 19:00:00,3.051,1009.2
2022-08-30 20:00:00,2.55,1008.6
2022-08-30 21:00:00,1.939,1008.3
2022-08-30 22:00:00,1.257,1008.2
2022-08-30 23:00:00,0.639,1008.2
2022-08-31 00:00:00,0.278,1008.5
2022-08-31 01:00:00,0.472,1008.6
2022-08-31 02:00:00,0.928,1008.4
2022-08-31 03:00:00,1.546,1008.0
2022-08-31 04:00:00,2.234,1007.6
2022-08-31 05:00:00,2.838,1007.5
2022-08-31 06:00:00,3.167,1006.7
2022-08-31 07:00:00,3.133,1006.1
2022-08-31 08:00:00,2.727,1005.5
2022-08-31 09:00:00,2.174,1005.8
2022-08-31 10:00:00,1.511,1006.2
2022-08-31 11:00:00,0.852,1006.5
2022-08-31 12:00:00,0.414,1006.6
2022-08-31 13:00:00,0.375,1006.8
2022-08-31 14:00:00,0.825,1006.3
2022-08-31 15:00:00,1.427,1005.9
2022-08-31 16:00:00,2.066,1005.7
2022-08-31 17:00:00,2.684,1005.1
2022-08-31 18:00:00,3.181,1005.0
2022-08-31 19:00:00,3.251,1005.1
2022-08-31 20:00:00,3.0,1005.3
2022-08-31 21:00:00,2.434,1005.6
2022-08-31 22:00:00,1.762,1006.3
2022-08-31 23:00:00,1.074,1007.0
2022-09-01 00:00:00,0.517,1007.9
2022-09-01 01:00:00,0.304,1008.4
2022-09-01 02:00:00,0.578,1008.6
2022-09-01 03:00:00,1.065,1008.9
2022-09-01 04:00:00,1.674,1008.7
2022-09-01 05:00:00,2.326,1008.8
2022-09-01 06:00:00,2.84,1008.5
2022-09-01 07:00:00,3.101,1008.6
2022-09-01 08:00:00,2.944,1008.8
2022-09-01 09:00:00,2.494,1009.1
2022-09-01 10:00:00,1.868,1009.4
2022-09-01 11:00:00,1.208,1009.6
2022-09-01 12:00:00,0.622,1010.0
2022-09-01 13:00:00,0.277,1010.2
2022-09-01 14:00:00,0.44,1010.1
2022-09-01 15:00:00,0.893,1010.4
2022-09-01 16:00:00,1.497,1010.9
2022-09-01 17:00:00,2.171,1011.1
2022-09-01 18:00:00,2.795,1011.4
2022-09-01 19:00:00,3.153,1011.6
2022-09-01 20:00:00,3.158,1011.8
2022-09-01 21:00:00,2.783,1012.2
2022-09-01 22:00:00,2.21,1013.0
2022-09-01 23:00:00,1.53,1013.9
2022-09-02 00:00:00,0.874,1015.0
2022-09-02 01:00:00,0.347,1016.3
2022-09-02 02:00:00,0.252,1017.0
2022-09-02 03:00:00,0.579,1017.7
2022-09-02 04:00:00,1.075,1018.5
2022-09-02 05:00:00,1.68,1019.5
2022-09-02 06:00:00,2.304,1019.8
2022-09-02 07:00:00,2.777,1020.4
2022-09-02 08:00:00,2.921,1021.0
2022-09-02 09:00:00,2.735,1022.0
2022-09-02 10:00:00,2.26,1022.9
2022-09-02 11:00:00,1.673,1023.9
2022-09-02 12:00:00,1.053,1024.6
2022-09-02 13:00:00,0.514,1025.1
2022-09-02 14:00:00,0.312,1025.5
2022-09-02 15:00:00,0.561,1025.7
2022-09-02 16:00:00,1.021,1025.6
2022-09-02 17:00:00,1.637,1025.5
2022-09-02 18:00:00,2.272,1025.6
2022-09-02 19:00:00,2.826,1025.3
2022-09-02 20:00:00,3.093,1025.1
2022-09-02 21:00:00,3.029,1025.1
2022-09-02 22:00:00,2.57,1025.2
2022-09-02 23:00:00,2.019,1025.4
2022-09-03 00:00:00,1.337,1025.7
2022-09-03 01:00:00,0.713,1025.7
2022-09-03 02:00:00,0.239,1025.9
2022-09-03 03:00:00,0.211,1025.9
2022-09-03 04:00:00,0.552,1026.0
2022-09-03 05:00:00,1.04,1026.3
2022-09-03 06:00:00,1.632,1026.1
2022-09-03 07:00:00,2.245,1026.0
2022-09-03 08:00:00,2.67,1026.1
2022-09-03 09:00:00,2.781,1026.1
2022-09-03 10:00:00,2.553,1026.5
2022-09-03 11:00:00,2.133,1027.1
2022-09-03 12:00:00,1.542,1027.0
2022-09-03 13:00:00,0.988,1026.9
2022-09-03 14:00:00,0.502,1026.3
2022-09-03 15:00:00,0.386,1025.8
2022-09-03 16:00:00,0.681,1025.2
2022-09-03 17:00:00,1.135,1024.7
2022-09-03 18:00:00,1.756,1024.3
2022-09-03 19:00:00,2.4,1023.7
2022-09-03 20:00:00,2.886,1023.0
2022-09-03 21:00:00,3.122,1022.5
2022-09-03 22:00:00,2.992,1022.0
2022-09-03 23:00:00,2.557,1021.5
2022-09-04 00:00:00,1.98,1021.5
2022-09-04 01:00:00,1.299,1022.0
2022-09-04 02:00:00,0.681,1021.9
2022-09-04 03:00:00,0.228,1022.2
2022-09-04 04:00:00,0.213,1022.0
2022-09-04 05:00:00,0.542,1021.5
2022-09-04 06:00:00,1.022,1020.8
2022-09-04 07:00:00,1.588,1020.7
2022-09-04 08:00:00,2.161,1020.5
2022-09-04 09:00:00,2.586,1020.2
2022-09-04 10:00:00,2.675,1020.2
2022-09-04 11:00:00,2.517,1020.3
2022-09-04 12:00:00,2.072,1020.4
2022-09-04 13:00:00,1.552,1020.1
2022-09-04 14:00:00,0.984,1020.0
2022-09-04 15:00:00,0.57,1019.8
2022-09-04 16:00:00,0.428,1019.3
2022-09-04 17:00:00,0.761,1018.9
2022-09-04 18:00:00,1.246,1018.5
2022-09-04 19:00:00,1.846,1018.0
2022-09-04 20:00:00,2.447,1017.5
2022-09-04 21:00:00,2.952,1017.3
2022-09-04 22:00:00,3.175,1017.4
2022-09-04 23:00:00,3.051,1017.4
2022-09-05 00:00:00,2.606,1018.0
2022-09-05 01:00:00,2.035,1018.5
2022-09-05 02:00:00,1.379,1018.7
2022-09-05 03:00:00,0.735,1018.9
2022-09-05 04:00:00,0.275,1018.9
2022-09-05 05:00:00,0.256,1018.8
2022-09-05 06:00:00,0.579,1018.7
2022-09-05 07:00:00,1.032,1018.7
2022-09-05 08:00:00,1.595,1018.7
2022-09-05 09:00:00,2.196,1019.5
2022-09-05 10:00:00,2.643,1019.8
2022-09-05 11:00:00,2.752,1020.4
2022-09-05 12:00:00,2.552,1020.8
2022-09-05 13:00:00,2.178,1020.9
2022-09-05 14:00:00,1.636,1020.9
2022-09-05 15:00:00,1.082,1021.0
2022-09-05 16:00:00,0.601,1021.0
2022-09-05 17:00:00,0.46,1021.1
2022-09-05 18:00:00,0.79,1020.9
2022-09-05 19:00:00,1.21,1020.5
2022-09-05 20:00:00,1.822,1020.5
2022-09-05 21:00:00,2.435,1020.8
2022-09-05 22:00:00,2.999,1020.9
2022-09-05 23:00:00,3.262,1020.7
2022-09-06 00:00:00,3.13,1020.7
2022-09-06 01:00:00,2.741,1020.9
2022-09-06 02:00:00,2.175,1020.8
2022-09-06 03:00:00,1.451,1020.7
2022-09-06 04:00:00,0.801,1020.6
2022-09-06 05:00:00,0.296,1020.3
2022-09-06 06:00:00,0.217,1019.8
2022-09-06 07:00:00,0.513,1019.3
2022-09-06 08:00:00,0.952,1018.9
2022-09-06 09:00:00,1.556,1019.0
2022-09-06 10:00:00,2.196,1019.2
2022-09-06 11:00:00,2.699,1019.4
2022-09-06 12:00:00,2.865,1019.6
2022-09-06 13:00:00,2.702,1019.6
2022-09-06 14:00:00,2.337,1020.0
2022-09-06 15:00:00,1.806,1020.1
2022-09-06 16:00:00,1.164,1019.9
2022-09-06 17:00:00,0.651,1019.8
2022-09-06 18:00:00,0.441,1019.3
2022-09-06 19:00:00,0.681,1019.1
2022-09-06 20:00:00,1.168,1018.7
2022-09-06 21:00:00,1.763,1018.6
2022-09-06 22:00:00,2.447,1019.0
2022-09-06 23:00:00,3.038,1018.9
2022-09-07 00:00:00,3.355,1019.0
2022-09-07 01:00:00,3.322,1019.4
2022-09-07 02:00:00,2.875,1019.4
2022-09-07 03:00:00,2.294,1019.5
2022-09-07 04:00:00,1.579,1019.5
2022-09-07 05:00:00,0.839,1019.1
2022-09-07 06:00:00,0.271,1018.5
2022-09-07 07:00:00,0.108,1017.8
2022-09-07 08:00:00,0.384,1017.6
2022-09-07 09:00:00,0.887,1017.6
2022-09-07 10:00:00,1.482,1017.7
2022-09-07 11:00:00,2.192,1018.3
2022-09-07 12:00:00,2.776,1018.4
2022-09-07 13:00:00,2.998,1018.2
2022-09-07 14:00:00,2.869,1018.0
2022-09-07 15:00:00,2.518,1017.6
2022-09-07 16:00:00,1.937,1017.3
2022-09-07 17:00:00,1.253,1017.4
2022-09-07 18:00:00,0.669,1017.1
2022-09-07 19:00:00,0.351,1016.5
2022-09-07 20:00:00,0.581,1016.1
2022-09-07 21:00:00,1.068,1016.0
2022-09-07 22:00:00,1.745,1015.9
2022-09-07 23:00:00,2.462,1015.8
2022-09-08 00:00:00,3.117,1016.0
2022-09-08 01:00:00,3.486,1016.0
2022-09-08 02:00:00,3.442,1015.7
2022-09-08 03:00:00,3.023,1015.4
2022-09-08 04:00:00,2.414,1014.9
2022-09-08 05:00:00,1.634,1014.7
2022-09-08 06:00:00,0.848,1014.5
2022-09-08 07:00:00,0.211,1014.3
2022-09-08 08:00:00,0.024,1014.2
2022-09-08 09:00:00,0.331,1014.2
2022-09-08 10:00:00,0.859,1014.1
2022-09-08 11:00:00,1.531,1014.4
2022-09-08 12:00:00,2.303,1014.5
2022-09-08 13:00:00,2.936,1014.4
2022-09-08 14:00:00,3.177,1014.0
2022-09-08 15:00:00,3.038,1014.2
2022-09-08 16:00:00,2.586,1013.9
2022-09-08 17:00:00,1.976,1013.9
2022-09-08 18:00:00,1.237,1013.8
2022-09-08 19:00:00,0.552,1013.6
2022-09-08 20:00:00,0.219,1013.3
2022-09-08 21:00:00,0.465,1013.0
2022-09-08 22:00:00,1.021,1013.2
2022-09-08 23:00:00,1.765,1013.2
2022-09-09 00:00:00,2.527,1013.9
2022-09-09 01:00:00,3.223,1014.4
2022-09-09 02:00:00,3.629,1014.4
2022-09-09 03:00:00,3.572,1014.7
2022-09-09 04:00:00,3.124,1014.8
2022-09-09 05:00:00,2.437,1014.9
2022-09-09 06:00:00,1.608,1015.2
2022-09-09 07:00:00,0.774,1015.4
2022-09-09 08:00:00,0.106,1015.6
2022-09-09 09:00:00,-0.071,1016.0
2022-09-09 10:00:00,0.301,1016.7
2022-09-09 11:00:00,0.908,1017.1
2022-09-09 12:00:00,1.66,1017.5
2022-09-09 13:00:00,2.481,1017.9
2022-09-09 14:00:00,3.11,1018.5
2022-09-09 15:00:00,3.356,1018.5
2022-09-09 16:00:00,3.148,1018.4
2022-09-09 17:00:00,2.615,1018.1
2022-09-09 18:00:00,1.922,1017.9
2022-09-09 19:00:00,1.11,1017.7
2022-09-09 20:00:00,0.425,1017.4
2022-09-09 21:00:00,0.069,1017.7
2022-09-09 22:00:00,0.341,1018.2
2022-09-09 23:00:00,0.944,1018.2
2022-09-10 00:00:00,1.73,1018.5
2022-09-10 01:00:00,2.552,1019.2
2022-09-10 02:00:00,3.285,1019.4
2022-09-10 03:00:00,3.639,1019.7
2022-09-10 04:00:00,3.529,1020.1
2022-09-10 05:00:00,3.037,1020.3
2022-09-10 06:00:00,2.303,1020.2
2022-09-10 07:00:00,1.43,1020.5
2022-09-10 08:00:00,0.567,1020.8
2022-09-10 09:00:00,-0.066,1021.1
2022-09-10 10:00:00,-0.143,1021.3
2022-09-10 11:00:00,0.338,1021.8
2022-09-10 12:00:00,1.0,1022.4
2022-09-10 13:00:00,1.825,1022.6
2022-09-10 14:00:00,2.684,1023.1
2022-09-10 15:00:00,3.27,1023.0
2022-09-10 16:00:00,3.433,1022.7
2022-09-10 17:00:00,3.151,1022.5
2022-09-10 18:00:00,2.559,1022.4
2022-09-10 19:00:00,1.824,1022.1
2022-09-10 20:00:00,0.936,1021.6
2022-09-10 21:00:00,0.246,1021.4
2022-09-10 22:00:00,-0.023,1021.3
2022-09-10 23:00:00,0.309,1021.4
2022-09-11 00:00:00,0.976,1021.4
2022-09-11 01:00:00,1.787,1021.7
2022-09-11 02:00:00,2.666,1021.7
2022-09-11 03:00:00,3.371,1021.4
2022-09-11 04:00:00,3.707,1021.4
2022-09-11 05:00:00,3.544,1021.5
2022-09-11 06:00:00,2.983,1021.0
2022-09-11 07:00:00,2.234,1020.8
2022-09-11 08:00:00,1.338,1020.7
2022-09-11 09:00:00,0.51,1020.5
2022-09-11 10:00:00,-0.048,1020.4
2022-09-11 11:00:00,-0.063,1020.7
2022-09-11 12:00:00,0.505,1020.4
2022-09-11 13:00:00,1.243,1020.1
2022-09-11 14:00:00,2.104,1019.7
2022-09-11 15:00:00,2.926,1019.5
2022-09-11 16:00:00,3.433,1019.2
2022-09-11 17:00:00,3.505,1018.9
2022-09-11 18:00:00,3.146,1018.5
2022-09-11 19:00:00,2.494,1017.9
2022-09-11 20:00:00,1.684,1017.3
2022-09-11 21:00:00,0.816,1016.8
2022-09-11 22:00:00,0.174,1016.8
2022-09-11 23:00:00,-0.044,1016.4
2022-09-12 00:00:00,0.392,1016.5
2022-09-12 01:00:00,1.067,1016.2
2022-09-12 02:00:00,1.902,1015.9
2022-09-12 03:00:00,2.748,1015.6
2022-09-12 04:00:00,3.41,1015.2
2022-09-12 05:00:00,3.637,1014.8
2022-09-12 06:00:00,3.427,1014.0
2022-09-12 07:00:00,2.794,1013.3
2022-09-12 08:00:00,2.029,1012.8
2022-09-12 09:00:00,1.175,1012.4
2022-09-12 10:00:00,0.374,1012.3
2022-09-12 11:00:00,-0.035,1011.9
2022-09-12 12:00:00,0.144,1011.6
2022-09-12 13:00:00,0.751,1011.4
2022-09-12 14:00:00,1.504,1011.5
2022-09-12 15:00:00,2.351,1011.2
2022-09-12 16:00:00,3.132,1010.8
2022-09-12 17:00:00,3.524,1010.5
2022-09-12 18:00:00,3.517,1009.7
2022-09-12 19:00:00,3.076,1009.2
2022-09-12 20:00:00,2.375,1008.8
2022-09-12 21:00:00,1.545,1008.6
2022-09-12 22:00:00,0.753,1008.4
2022-09-12 23:00:00,0.181,1008.4
2022-09-13 00:00:00,0.127,1008.8
2022-09-13 01:00:00,0.612,1009.3
2022-09-13 02:00:00,1.287,1009.0
2022-09-13 03:00:00,2.076,1009.4
2022-09-13 04:00:00,2.893,1009.4
2022-09-13 05:00:00,3.419,1009.3
2022-09-13 06:00:00,3.561,1009.1
2022-09-13 07:00:00,3.227,1008.9
2022-09-13 08:00:00,2.64,1008.4
2022-09-13 09:00:00,1.89,1008.6
2022-09-13 10:00:00,1.076,1008.6
2022-09-13 11:00:00,0.421,1008.8
2022-09-13 12:00:00,0.154,1009.4
2022-09-13 13:00:00,0.484,1009.3
2022-09-13 14:00:00,1.093,1009.5
2022-09-13 15:00:00,1.869,1009.3
2022-09-13 16:00:00,2.65,1009.1
2022-09-13 17:00:00,3.289,1009.0
2022-09-13 18:00:00,3.564,1008.5
2022-09-13 19:00:00,3.411,1007.4
2022-09-13 20:00:00,2.881,1006.8
2022-09-13 21:00:00,2.19,1006.5
2022-09-13 22:00:00,1.39,1006.2
2022-09-13 23:00:00,0.669,1006.0
2022-09-14 00:00:00,0.198,1006.0
2022-09-14 01:00:00,0.322,1006.4
2022-09-14 02:00:00,0.828,1005.8
2022-09-14 03:00:00,1.468,1005.9
2022-09-14 04:00:00,2.192,1006.1
2022-09-14 05:00:00,2.92,1006.3
2022-09-14 06:00:00,3.321,1006.2
2022-09-14 07:00:00,3.336,1006.6
2022-09-14 08:00:00,2.959,1007.2
2022-09-14 09:00:00,2.339,1007.6
2022-09-14 10:00:00,1.628,1008.0
2022-09-14 11:00:00,0.878,1008.4
2022-09-14 12:00:00,0.336,1008.7
2022-09-14 13:00:00,0.271,1009.2
2022-09-14 14:00:00,0.703,1009.6
2022-09-14 15:00:00,1.293,1009.6
2022-09-14 16:00:00,1.975,1009.6
2022-09-14 17:00:00,2.703,1009.9
2022-09-14 18:00:00,3.241,1010.0
2022-09-14 19:00:00,3.407,1010.2
2022-09-14 20:00:00,3.131,1010.3
2022-09-14 21:00:00,2.575,1010.6
2022-09-14 22:00:00,1.912,1011.0
2022-09-14 23:00:00,1.155,1011.4
2022-09-15 00:00:00,0.532,1012.0
2022-09-15 01:00:00,0.175,1012.6
2022-09-15 02:00:00,0.369,1013.0
2022-09-15 03:00:00,0.834,1013.4
2022-09-15 04:00:00,1.433,1013.4
2022-09-15 05:00:00,2.129,1013.4
2022-09-15 06:00:00,2.717,1013.6
2022-09-15 07:00:00,3.003,1014.2
2022-09-15 08:00:00,2.962,1015.0
2022-09-15 09:00:00,2.564,1015.8
2022-09-15 10:00:00,2.016,1016.7
2022-09-15 11:00:00,1.388,1017.9
2022-09-15 12:00:00,0.764,1018.7
2022-09-15 13:00:00,0.426,1018.7
2022-09-15 14:00:00,0.524,1018.9
2022-09-15 15:00:00,0.928,1018.6
2022-09-15 16:00:00,1.453,1018.6
2022-09-15 17:00:00,2.125,1018.3
2022-09-15 18:00:00,2.749,1018.1
2022-09-15 19:00:00,3.149,1017.8
2022-09-15 20:00:00,3.161,1017.0
2022-09-15 21:00:00,2.864,1017.6
2022-09-15 22:00:00,2.298,1018.4
2022-09-15 23:00:00,1.656,1018.7
2022-09-16 00:00:00,0.987,1019.5
2022-09-16 01:00:00,0.446,1020.2
2022-09-16 02:00:00,0.251,1020.7
2022-09-16 03:00:00,0.455,1020.9
2022-09-16 04:00:00,0.894,1021.0
2022-09-16 05:00:00,1.405,1020.7
2022-09-16 06:00:00,2.021,1020.6
2022-09-16 07:00:00,2.526,1020.4
2022-09-16 08:00:00,2.723,1020.4
2022-09-16 09:00:00,2.663,1020.4
2022-09-16 10:00:00,2.259,1020.3
2022-09-16 11:00:00,1.817,1020.7
2022-09-16 12:00:00,1.254,1020.9
2022-09-16 13:00:00,0.749,1020.9
2022-09-16 14:00:00,0.476,1021.0
2022-09-16 15:00:00,0.625,1021.2
2022-09-16 16:00:00,1.013,1020.4
2022-09-16 17:00:00,1.546,1019.9
2022-09-16 18:00:00,2.149,1019.3
2022-09-16 19:00:00,2.623,1018.7
2022-09-16 20:00:00,2.952,1018.7
2022-09-16 21:00:00,2.926,1018.8
2022-09-16 22:00:00,2.582,1019.2
2022-09-16 23:00:00,2.124,1019.9
2022-09-17 00:00:00,1.53,1020.7
2022-09-17 01:00:00,0.984,1021.4
2022-09-17 02:00:00,0.559,1022.0
2022-09-17 03:00:00,0.452,1022.3
2022-09-17 04:00:00,0.7,1022.9
2022-09-17 05:00:00,1.087,1023.2
2022-09-17 06:00:00,1.529,1023.6
2022-09-17 07:00:00,2.101,1024.1
2022-09-17 08:00:00,2.502,1024.1
2022-09-17 09:00:00,2.666,1024.4
2022-09-17 10:00:00,2.551,1024.9
2022-09-17 11:00:00,2.195,1025.3
2022-09-17 12:00:00,1.756,1025.6
2022-09-17 13:00:00,1.279,1025.9
2022-09-17 14:00:00,0.876,1026.2
2022-09-17 15:00:00,0.704,1026.3
2022-09-17 16:00:00,0.86,1025.8
2022-09-17 17:00:00,1.223,1025.4
2022-09-17 18:00:00,1.676,1024.3
2022-09-17 19:00:00,2.216,1023.6
2022-09-17 20:00:00,2.658,1022.8
2022-09-17 21:00:00,2.896,1022.6
2022-09-17 22:00:00,2.838,1022.0
2022-09-17 23:00:00,2.53,1021.9
2022-09-18 00:00:00,2.066,1021.9
2022-09-18 01:00:00,1.521,1021.7
2022-09-18 02:00:00,1.028,1021.3
2022-09-18 03:00:00,0.639,1021.1
2022-09-18 04:00:00,0.556,1020.6
2022-09-18 05:00:00,0.804,1020.1
2022-09-18 06:00:00,1.099,1019.3
2022-09-18 07:00:00,1.546,1018.6
2022-09-18 08:00:00,2.01,1018.1
2022-09-18 09:00:00,2.432,1017.7
2022-09-18 10:00:00,2.581,1017.2
2022-09-18 11:00:00,2.449,1016.8
2022-09-18 12:00:00,2.145,1016.6
2022-09-18 13:00:00,1.76,1016.3
2022-09-18 14:00:00,1.349,1016.2
2022-09-18 15:00:00,0.98,1015.3
2022-09-18 16:00:00,0.847,1014.5
2022-09-18 17:00:00,1.052,1014.1
2022-09-18 18:00:00,1.333,1013.5
2022-09-18 19:00:00,1.77,1012.9
2022-09-18 20:00:00,2.235,1012.6
2022-09-18 21:00:00,2.596,1012.3
2022-09-18 22:00:00,2.85,1012.4
2022-09-18 23:00:00,2.759,1012.3
2022-09-19 00:00:00,2.464,1012.6
2022-09-19 01:00:00,2.042,1013.1
2022-09-19 02:00:00,1.538,1012.8
2022-09-19 03:00:00,1.074,1012.5
2022-09-19 04:00:00,0.774,1012.5
2022-09-19 05:00:00,0.707,1012.1
2022-09-19 06:00:00,0.968,1012.1
2022-09-19 07:00:00,1.281,1012.9
2022-09-19 08:00:00,1.693,1013.3
2022-09-19 09:00:00,2.192,1013.8
2022-09-19 10:00:00,2.581,1014.3
2022-09-19 11:00:00,2.685,1014.8
2022-09-19 12:00:00,2.563,1015.3
2022-09-19 13:00:00,2.287,1015.6
2022-09-19 14:00:00,1.919,1015.1
2022-09-19 15:00:00,1.503,1015.2
2022-09-19 16:00:00,1.147,1015.0
2022-09-19 17:00:00,1.03,1014.3
2022-09-19 18:00:00,1.224,1013.6
2022-09-19 19:00:00,1.511,1012.6
2022-09-19 20:00:00,1.936,1012.0
2022-09-19 21:00:00,2.38,1011.5
2022-09-19 22:00:00,2.811,1011.2
2022-09-19 23:00:00,2.993,1010.4
2022-09-20 00:00:00,2.923,1009.7
2022-09-20 01:00:00,2.655,1009.3
2022-09-20 02:00:00,2.201,1008.9
2022-09-20 03:00:00,1.706,1008.9
2022-09-20 04:00:00,1.245,1009.4
2022-09-20 05:00:00,0.875,1009.4
2022-09-20 06:00:00,0.83,1009.6
2022-09-20 07:00:00,1.017,1009.7
2022-09-20 08:00:00,1.317,1009.4
2022-09-20 09:00:00,1.755,1009.8
2022-09-20 10:00:00,2.26,1010.4
2022-09-20 11:00:00,2.545,1010.6
2022-09-20 12:00:00,2.711,1011.2
2022-09-20 13:00:00,2.608,1011.2
2022-09-20 14:00:00,2.313,1011.4
2022-09-20 15:00:00,1.98,1011.7
2022-09-20 16:00:00,1.53,1011.6
2022-09-20 17:00:00,1.154,1011.7
2022-09-20 18:00:00,1.064,1011.8
2022-09-20 19:00:00,1.212,1011.8
2022-09-20 20:00:00,1.484,1011.6
2022-09-20 21:00:00,1.935,1011.8
2022-09-20 22:00:00,2.368,1012.2
2022-09-20 23:00:00,2.783,1012.7
2022-09-21 00:00:00,3.008,1013.1
2022-09-21 01:00:00,2.916,1013.3
2022-09-21 02:00:00,2.631,1013.4
2022-09-21 03:00:00,2.162,1013.3
2022-09-21 04:00:00,1.66,1013.1
2022-09-21 05:00:00,1.165,1012.8
2022-09-21 06:00:00,0.79,1013.1
2022-09-21 07:00:00,0.746,1013.3
2022-09-21 08:00:00,0.923,1013.0
2022-09-21 09:00:00,1.298,1013.3
2022-09-21 10:00:00,1.752,1013.5
2022-09-21 11:00:00,2.199,1014.1
2022-09-21 12:00:00,2.589,1014.3
2022-09-21 13:00:00,2.696,1014.1
2022-09-21 14:00:00,2.569,1014.1
2022-09-21 15:00:00,2.28,1014.1
2022-09-21 16:00:00,1.811,1013.5
2022-09-21 17:00:00,1.376,1013.1
2022-09-21 18:00:00,0.987,1012.2
2022-09-21 19:00:00,0.858,1011.5
2022-09-21 20:00:00,1.033,1011.0
2022-09-21 21:00:00,1.37,1010.5
2022-09-21 22:00:00,1.837,1010.7
2022-09-21 23:00:00,2.337,1010.1
2022-09-22 00:00:00,2.746,1010.2
2022-09-22 01:00:00,3.008,1010.1
2022-09-22 02:00:00,2.893,1009.5
2022-09-22 03:00:00,2.565,1009.4
2022-09-22 04:00:00,2.085,1008.7
2022-09-22 05:00:00,1.488,1007.9
2022-09-22 06:00:00,1.08,1006.9
2022-09-22 07:00:00,0.674,1005.6
2022-09-22 08:00:00,0.644,1004.7
2022-09-22 09:00:00,0.936,1003.7
2022-09-22 10:00:00,1.332,1003.3
2022-09-22 11:00:00,1.854,1002.8
2022-09-22 12:00:00,2.328,1001.7
2022-09-22 13:00:00,2.719,1001.2
2022-09-22 14:00:00,2.822,1002.0
2022-09-22 15:00:00,2.648,1000.3
2022-09-22 16:00:00,2.314,999.2
2022-09-22 17:00:00,1.882,998.4
2022-09-22 18:00:00,1.324,997.5
2022-09-22 19:00:00,0.997,998.6
2022-09-22 20:00:00,0.804,998.6
2022-09-22 21:00:00,1.082,998.6
2022-09-22 22:00:00,1.657,999.1
2022-09-22 23:00:00,1.987,1000.0
2022-09-23 00:00:00,2.541,1000.9
2022-09-23 01:00:00,3.029,1001.5
2022-09-23 02:00:00,2.982,1002.6
2022-09-23 03:00:00,2.946,1002.8
2022-09-23 04:00:00,2.499,1003.5
2022-09-23 05:00:00,1.951,1004.5
2022-09-23 06:00:00,1.437,1004.9
2022-09-23 07:00:00,0.785,1004.9
2022-09-23 08:00:00,0.519,1005.5
2022-09-23 09:00:00,0.557,1006.5
2022-09-23 10:00:00,1.002,1007.3
2022-09-23 11:00:00,1.444,1007.9
2022-09-23 12:00:00,1.982,1008.4
2022-09-23 13:00:00,2.492,1008.3
2022-09-23 14:00:00,2.78,1008.0
2022-09-23 15:00:00,2.861,1008.1
2022-09-23 16:00:00,2.58,1008.0
2022-09-23 17:00:00,2.083,1007.9
2022-09-23 18:00:00,1.615,1007.0
2022-09-23 19:00:00,1.054,1006.7
2022-09-23 20:00:00,0.716,1006.8
2022-09-23 21:00:00,0.629,1007.3
2022-09-23 22:00:00,1.016,1008.2
2022-09-23 23:00:00,1.446,1008.7
2022-09-24 00:00:00,2.029,1009.6
2022-09-24 01:00:00,2.557,1009.8
2022-09-24 02:00:00,2.904,1010.0
2022-09-24 03:00:00,3.027,1009.7
2022-09-24 04:00:00,2.701,1009.8
2022-09-24 05:00:00,2.218,1010.0
2022-09-24 06:00:00,1.646,1010.4
2022-09-24 07:00:00,0.873,1010.1
2022-09-24 08:00:00,0.52,1010.5
2022-09-24 09:00:00,0.321,1010.2
2022-09-24 10:00:00,0.568,1010.5
2022-09-24 11:00:00,1.05,1010.6
2022-09-24 12:00:00,1.452,1011.2
2022-09-24 13:00:00,1.958,1011.4
2022-09-24 14:00:00,2.46,1011.2
2022-09-24 15:00:00,2.668,1010.8
2022-09-24 16:00:00,2.53,1010.4
2022-09-24 17:00:00,2.073,1010.2
2022-09-24 18:00:00,1.508,1009.9
2022-09-24 19:00:00,0.795,1009.4
2022-09-24 20:00:00,0.345,1008.8
2022-09-24 21:00:00,0.086,1009.1
2022-09-24 22:00:00,0.259,1009.0
2022-09-24 23:00:00,0.659,1009.5
2022-09-25 00:00:00,1.202,1009.8
2022-09-25 01:00:00,1.839,1010.4
2022-09-25 02:00:00,2.406,1010.6
2022-09-25 03:00:00,2.732,1010.7
2022-09-25 04:00:00,2.767,1010.7
2022-09-25 05:00:00,2.418,1010.7
2022-09-25 06:00:00,1.932,1010.6
2022-09-25 07:00:00,1.335,1010.2
2022-09-25 08:00:00,0.77,1010.1
2022-09-25 09:00:00,0.453,1009.4
2022-09-25 10:00:00,0.554,1009.5
2022-09-25 11:00:00,0.971,1009.5
2022-09-25 12:00:00,1.525,1008.8
2022-09-25 13:00:00,2.176,1008.8
2022-09-25 14:00:00,2.84,1008.4
2022-09-25 15:00:00,3.235,1008.0
2022-09-25 16:00:00,3.245,1007.6
2022-09-25 17:00:00,2.897,1006.7
2022-09-25 18:00:00,2.338,1005.8
2022-09-25 19:00:00,1.692,1005.0
2022-09-25 20:00:00,0.987,1004.8
2022-09-25 21:00:00,0.491,1004.3
2022-09-25 22:00:00,0.341,1003.7
2022-09-25 23:00:00,0.698,1003.0
2022-09-26 00:00:00,1.214,1002.7
2022-09-26 01:00:00,1.831,1002.3
2022-09-26 02:00:00,2.486,1002.3
2022-09-26 03:00:00,3.007,1001.9
2022-09-26 04:00:00,3.204,1001.8
2022-09-26 05:00:00,3.025,1001.8
2022-09-26 06:00:00,2.504,1001.9
2022-09-26 07:00:00,1.954,1000.7
2022-09-26 08:00:00,1.292,1000.5
2022-09-26 09:00:00,0.608,1000.8
2022-09-26 10:00:00,0.403,1001.4
2022-09-26 11:00:00,0.595,1002.4
2022-09-26 12:00:00,1.147,1003.3
2022-09-26 13:00:00,1.75,1003.8
2022-09-26 14:00:00,2.488,1004.3
2022-09-26 15:00:00,3.073,1004.5
2022-09-26 16:00:00,3.301,1004.3
2022-09-26 17:00:00,3.191,1004.3
2022-09-26 18:00:00,2.737,1003.9
2022-09-26 19:00:00,2.066,1004.1
2022-09-26 20:00:00,1.378,1003.8
2022-09-26 21:00:00,0.657,1004.0
2022-09-26 22:00:00,0.217,1004.4
2022-09-26 23:00:00,0.271,1004.9
2022-09-27 00:00:00,0.774,1006.4
2022-09-27 01:00:00,1.328,1007.9
2022-09-27 02:00:00,2.086,1008.1
2022-09-27 03:00:00,2.828,1008.2
2022-09-27 04:00:00,3.219,1008.3
2022-09-27 05:00:00,3.269,1008.3
2022-09-27 06:00:00,2.95,1008.2
2022-09-27 07:00:00,2.369,1008.0
2022-09-27 08:00:00,1.684,1007.9
2022-09-27 09:00:00,0.951,1008.4
2022-09-27 10:00:00,0.431,1008.5
2022-09-27 11:00:00,0.308,1008.6
2022-09-27 12:00:00,0.688,1009.0
2022-09-27 13:00:00,1.258,1009.2
2022-09-27 14:00:00,1.953,1009.4
2022-09-27 15:00:00,2.658,1009.5
2022-09-27 16:00:00,3.155,1009.2
2022-09-27 17:00:00,3.293,1008.7
2022-09-27 18:00:00,3.083,1008.2
2022-09-27 19:00:00,2.484,1008.0
2022-09-27 20:00:00,1.825,1008.1
2022-09-27 21:00:00,1.039,1008.6
2022-09-27 22:00:00,0.374,1009.3
2022-09-27 23:00:00,0.13,1010.2
2022-09-28 00:00:00,0.336,1010.6
2022-09-28 01:00:00,0.898,1011.1
2022-09-28 02:00:00,1.54,1011.7
2022-09-28 03:00:00,2.266,1012.2
2022-09-28 04:00:00,2.923,1012.4
2022-09-28 05:00:00,3.218,1012.9
2022-09-28 06:00:00,3.114,1013.1
2022-09-28 07:00:00,2.658,1013.3
2022-09-28 08:00:00,2.009,1013.7
2022-09-28 09:00:00,1.288,1013.8
2022-09-28 10:00:00,0.592,1014.1
2022-09-28 11:00:00,0.148,1014.6
2022-09-28 12:00:00,0.229,1015.2
2022-09-28 13:00:00,0.734,1015.6
2022-09-28 14:00:00,1.402,1016.2
2022-09-28 15:00:00,2.125,1016.2
2022-09-28 16:00:00,2.859,1016.3
2022-09-28 17:00:00,3.249,1016.6
2022-09-28 18:00:00,3.257,1016.6
2022-09-28 19:00:00,2.898,1016.7
2022-09-28 20:00:00,2.266,1017.2
2022-09-28 21:00:00,1.52,1018.0
2022-09-28 22:00:00,0.74,1018.3
2022-09-28 23:00:00,0.166,1019.4
2022-09-29 00:00:00,0.02,1020.3
2022-09-29 01:00:00,0.369,1021.4
2022-09-29 02:00:00,0.917,1021.7
2022-09-29 03:00:00,1.603,1022.3
2022-09-29 04:00:00,2.33,1022.8
2022-09-29 05:00:00,2.874,1022.9
2022-09-29 06:00:00,3.04,1023.2
2022-09-29 07:00:00,2.829,1023.4
2022-09-29 08:00:00,2.319,1023.8
2022-09-29 09:00:00,1.707,1024.4
2022-09-29 10:00:00,0.965,1025.0
2022-09-29 11:00:00,0.35,1025.5
2022-09-29 12:00:00,0.072,1026.1
2022-09-29 13:00:00,0.304,1026.4
2022-09-29 14:00:00,0.891,1026.9
2022-09-29 15:00:00,1.571,1026.9
2022-09-29 16:00:00,2.32,1026.7
2022-09-29 17:00:00,2.967,1026.5
2022-09-29 18:00:00,3.221,1026.4
2022-09-29 19:00:00,3.132,1026.3
2022-09-29 20:00:00,2.648,1026.4
2022-09-29 21:00:00,1.971,1026.8
2022-09-29 22:00:00,1.215,1026.8
2022-09-29 23:00:00,0.465,1027.1
2022-09-30 00:00:00,0.018,1027.5
2022-09-30 01:00:00,-0.041,1027.7
2022-09-30 02:00:00,0.396,1027.8
2022-09-30 03:00:00,0.962,1027.9
2022-09-30 04:00:00,1.673,1028.2
2022-09-30 05:00:00,2.374,1028.0
2022-09-30 06:00:00,2.878,1028.1
2022-09-30 07:00:00,2.939,1027.9
2022-09-30 08:00:00,2.652,1027.6
2022-09-30 09:00:00,2.17,1027.9
2022-09-30 10:00:00,1.534,1027.9
2022-09-30 11:00:00,0.871,1028.3
2022-09-30 12:00:00,0.347,1028.4
2022-09-30 13:00:00,0.201,1028.6
2022-09-30 14:00:00,0.572,1028.6
2022-09-30 15:00:00,1.142,1028.4
2022-09-30 16:00:00,1.791,1027.5
2022-09-30 17:00:00,2.492,1027.1
2022-09-30 18:00:00,3.002,1025.8
2022-09-30 19:00:00,3.21,1025.3
2022-09-30 20:00:00,3.0,1025.3
2022-09-30 21:00:00,2.473,1024.9
2022-09-30 22:00:00,1.811,1024.2
2022-09-30 23:00:00,1.061,1023.7
2022-10-01 00:00:00,0.41,1023.8
2022-10-01 01:00:00,0.03,1023.6
2022-10-01 02:00:00,0.12,1023.4
2022-10-01 03:00:00,0.557,1023.0
2022-10-01 04:00:00,1.114,1022.7
2022-10-01 05:00:00,1.778,1022.1
2022-10-01 06:00:00,2.45,1021.7
2022-10-01 07:00:00,2.803,1021.4
2022-10-01 08:00:00,2.857,1021.0
2022-10-01 09:00:00,2.58,1021.0
2022-10-01 10:00:00,2.075,1021.4
2022-10-01 11:00:00,1.44,1020.9
2022-10-01 12:00:00,0.825,1021.3
2022-10-01 13:00:00,0.394,1022.1
2022-10-01 14:00:00,0.383,1021.6
2022-10-01 15:00:00,0.806,1020.9
2022-10-01 16:00:00,1.351,1020.3
2022-10-01 17:00:00,1.995,1019.9
2022-10-01 18:00:00,2.639,1019.4
2022-10-01 19:00:00,3.074,1018.6
2022-10-01 20:00:00,3.188,1018.7
2022-10-01 21:00:00,3.004,1018.6
2022-10-01 22:00:00,2.461,1018.7
2022-10-01 23:00:00,1.848,1018.6
2022-10-02 00:00:00,1.133,1018.2
2022-10-02 01:00:00,0.539,1018.3
2022-10-02 02:00:00,0.207,1018.0
2022-10-02 03:00:00,0.337,1017.9
2022-10-02 04:00:00,0.73,1017.7
2022-10-02 05:00:00,1.256,1017.8
2022-10-02 06:00:00,1.912,1017.8
2022-10-02 07:00:00,2.503,1018.5
2022-10-02 08:00:00,2.873,1018.9
2022-10-02 09:00:00,2.94,1019.1
2022-10-02 10:00:00,2.709,1019.7
2022-10-02 11:00:00,2.2,1020.2
2022-10-02 12:00:00,1.629,1020.9
2022-10-02 13:00:00,1.093,1021.9
2022-10-02 14:00:00,0.689,1022.3
2022-10-02 15:00:00,0.637,1023.2
2022-10-02 16:00:00,1.109,1023.2
2022-10-02 17:00:00,1.552,1023.5
2022-10-02 18:00:00,2.238,1023.3
2022-10-02 19:00:00,2.847,1023.4
2022-10-02 20:00:00,3.241,1023.4
2022-10-02 21:00:00,3.391,1023.9
2022-10-02 22:00:00,3.118,1024.3
2022-10-02 23:00:00,2.656,1024.6
2022-10-03 00:00:00,2.041,1025.1
2022-10-03 01:00:00,1.326,1024.9
2022-10-03 02:00:00,0.763,1025.0
2022-10-03 03:00:00,0.413,1024.7
2022-10-03 04:00:00,0.498,1025.2
2022-10-03 05:00:00,0.881,1025.0
2022-10-03 06:00:00,1.302,1024.6
2022-10-03 07:00:00,1.956,1024.2
2022-10-03 08:00:00,2.556,1023.9
2022-10-03 09:00:00,2.925,1024.0
2022-10-03 10:00:00,2.977,1025.1
2022-10-03 11:00:00,2.682,1025.4
2022-10-03 12:00:00,2.26,1025.4
2022-10-03 13:00:00,1.724,1025.4
2022-10-03 14:00:00,1.187,1026.7
2022-10-03 15:00:00,0.713,1026.5
2022-10-03 16:00:00,0.7,1026.2
2022-10-03 17:00:00,1.056,1025.7
2022-10-03 18:00:00,1.456,1025.8
2022-10-03 19:00:00,2.062,1025.6
2022-10-03 20:00:00,2.6,1025.3
2022-10-03 21:00:00,3.089,1024.7
2022-10-03 22:00:00,3.239,1024.9
2022-10-03 23:00:00,2.98,1024.8
2022-10-04 00:00:00,2.571,1024.6
2022-10-04 01:00:00,1.983,1024.3
2022-10-04 02:00:00,1.331,1023.9
2022-10-04 03:00:00,0.688,1023.6
2022-10-04 04:00:00,0.25,1023.0
2022-10-04 05:00:00,0.363,1022.6
2022-10-04 06:00:00,0.691,1022.3
2022-10-04 07:00:00,1.155,1021.5
2022-10-04 08:00:00,1.742,1021.1
2022-10-04 09:00:00,2.341,1021.0
2022-10-04 10:00:00,2.757,1021.1
2022-10-04 11:00:00,2.808,1020.7
2022-10-04 12:00:00,2.642,1020.3
2022-10-04 13:00:00,2.259,1020.9
2022-10-04 14:00:00,1.706,1020.8
2022-10-04 15:00:00,1.139,1020.7
2022-10-04 16:00:00,0.694,1020.3
2022-10-04 17:00:00,0.607,1019.5
2022-10-04 18:00:00,0.934,1018.6
2022-10-04 19:00:00,1.396,1018.2
2022-10-04 20:00:00,1.95,1017.8
2022-10-04 21:00:00,2.592,1017.6
2022-10-04 22:00:00,3.09,1017.3
2022-10-04 23:00:00,3.287,1017.6
2022-10-05 00:00:00,3.111,1017.5
2022-10-05 01:00:00,2.702,1017.3
2022-10-05 02:00:00,2.134,1017.1
2022-10-05 03:00:00,1.458,1016.8
2022-10-05 04:00:00,0.803,1016.1
2022-10-05 05:00:00,0.347,1015.5
2022-10-05 06:00:00,0.37,1015.1
2022-10-05 07:00:00,0.691,1015.1
2022-10-05 08:00:00,1.167,1014.4
2022-10-05 09:00:00,1.804,1014.3
2022-10-05 10:00:00,2.413,1013.8
2022-10-05 11:00:00,2.886,1014.4
2022-10-05 12:00:00,2.999,1014.4
2022-10-05 13:00:00,2.768,1014.3
2022-10-05 14:00:00,2.397,1014.6
2022-10-05 15:00:00,1.832,1014.5
2022-10-05 16:00:00,1.172,1013.7
2022-10-05 17:00:00,0.726,1013.5
2022-10-05 18:00:00,0.494,1012.3
2022-10-05 19:00:00,0.848,1012.8
2022-10-05 20:00:00,1.314,1012.6
2022-10-05 21:00:00,1.906,1012.6
2022-10-05 22:00:00,2.613,1012.7
2022-10-05 23:00:00,3.185,1013.2
2022-10-06 00:00:00,3.422,1013.1
2022-10-06 01:00:00,3.321,1013.0
2022-10-06 02:00:00,2.894,1013.4
2022-10-06 03:00:00,2.285,1013.3
2022-10-06 04:00:00,1.574,1013.0
2022-10-06 05:00:00,0.834,1012.5
2022-10-06 06:00:00,0.372,1012.3
2022-10-06 07:00:00,0.308,1011.8
2022-10-06 08:00:00,0.653,1011.3
2022-10-06 09:00:00,1.137,1012.0
2022-10-06 10:00:00,1.797,1012.0
2022-10-06 11:00:00,2.533,1012.3
2022-10-06 12:00:00,2.986,1013.0
2022-10-06 13:00:00,3.146,1013.3
2022-10-06 14:00:00,2.93,1013.7
2022-10-06 15:00:00,2.451,1013.5
2022-10-06 16:00:00,1.876,1013.5
2022-10-06 17:00:00,1.131,1013.4
2022-10-06 18:00:00,0.567,1012.9
2022-10-06 19:00:00,0.333,1012.5
2022-10-06 20:00:00,0.622,1012.6
2022-10-06 21:00:00,1.106,1012.5
2022-10-06 22:00:00,1.771,1012.8
2022-10-06 23:00:00,2.508,1013.3
2022-10-07 00:00:00,3.126,1013.5
2022-10-07 01:00:00,3.438,1013.4
2022-10-07 02:00:00,3.298,1013.4
2022-10-07 03:00:00,2.861,1013.4
2022-10-07 04:00:00,2.199,1013.0
2022-10-07 05:00:00,1.422,1012.9
2022-10-07 06:00:00,0.721,1013.0
2022-10-07 07:00:00,0.144,1012.7
2022-10-07 08:00:00,0.136,1012.5
2022-10-07 09:00:00,0.531,1012.6
2022-10-07 10:00:00,1.133,1012.7
2022-10-07 11:00:00,1.809,1012.8
2022-10-07 12:00:00,2.554,1013.2
2022-10-07 13:00:00,3.098,1013.0
2022-10-07 14:00:00,3.235,1013.0
2022-10-07 15:00:00,3.016,1012.7
2022-10-07 16:00:00,2.492,1012.3
2022-10-07 17:00:00,1.804,1011.5
2022-10-07 18:00:00,1.058,1010.8
2022-10-07 19:00:00,0.433,1010.2
2022-10-07 20:00:00,0.171,1010.2
2022-10-07 21:00:00,0.471,1010.1
2022-10-07 22:00:00,1.015,1010.7
2022-10-07 23:00:00,1.757,1011.1
2022-10-08 00:00:00,2.506,1012.2
2022-10-08 01:00:00,3.163,1013.0
2022-10-08 02:00:00,3.424,1013.8
2022-10-08 03:00:00,3.28,1014.8
2022-10-08 04:00:00,2.811,1015.1
2022-10-08 05:00:00,2.088,1015.3
2022-10-08 06:00:00,1.341,1015.8
2022-10-08 07:00:00,0.546,1016.0
2022-10-08 08:00:00,0.028,1016.7
2022-10-08 09:00:00,0.029,1016.6
2022-10-08 10:00:00,0.514,1017.5
2022-10-08 11:00:00,1.147,1018.4
2022-10-08 12:00:00,1.924,1018.6
2022-10-08 13:00:00,2.671,1018.7
2022-10-08 14:00:00,3.173,1019.1
2022-10-08 15:00:00,3.25,1019.1
2022-10-08 16:00:00,2.961,1018.7
2022-10-08 17:00:00,2.347,1018.0
2022-10-08 18:00:00,1.632,1017.4
2022-10-08 19:00:00,0.806,1016.7
2022-10-08 20:00:00,0.168,1016.5
2022-10-08 21:00:00,0.016,1016.5
2022-10-08 22:00:00,0.367,1016.9
2022-10-08 23:00:00,0.933,1017.2
2022-10-09 00:00:00,1.71,1018.0
2022-10-09 01:00:00,2.476,1018.2
2022-10-09 02:00:00,3.116,1018.7
2022-10-09 03:00:00,3.351,1019.0
2022-10-09 04:00:00,3.148,1018.9
2022-10-09 05:00:00,2.618,1018.8
2022-10-09 06:00:00,1.922,1019.0
2022-10-09 07:00:00,1.086,1018.8
2022-10-09 08:00:00,0.35,1018.7
2022-10-09 09:00:00,-0.103,1018.4
2022-10-09 10:00:00,0.048,1017.9
2022-10-09 11:00:00,0.606,1018.1
2022-10-09 12:00:00,1.288,1018.8
2022-10-09 13:00:00,2.041,1019.0
2022-10-09 14:00:00,2.844,1018.4
2022-10-09 15:00:00,3.261,1017.8
2022-10-09 16:00:00,3.239,1017.2
2022-10-09 17:00:00,2.878,1016.4
2022-10-09 18:00:00,2.163,1015.8
2022-10-09 19:00:00,1.378,1015.7
2022-10-09 20:00:00,0.583,1015.9
2022-10-09 21:00:00,-0.03,1016.2
2022-10-09 22:00:00,-0.116,1016.6
2022-10-09 23:00:00,0.329,1017.2
2022-10-10 00:00:00,0.935,1017.9
2022-10-10 01:00:00,1.761,1018.4
2022-10-10 02:00:00,2.547,1019.1
2022-10-10 03:00:00,3.116,1019.8
2022-10-10 04:00:00,3.298,1020.1
2022-10-10 05:00:00,3.058,1020.6
2022-10-10 06:00:00,2.482,1020.8
2022-10-10 07:00:00,1.759,1020.7
2022-10-10 08:00:00,0.963,1020.9
2022-10-10 09:00:00,0.288,1020.8
2022-10-10 10:00:00,-0.004,1021.1
2022-10-10 11:00:00,0.265,1021.5
2022-10-10 12:00:00,0.836,1021.8
2022-10-10 13:00:00,1.605,1021.8
2022-10-10 14:00:00,2.419,1021.8
2022-10-10 15:00:00,3.089,1021.5
2022-10-10 16:00:00,3.391,1021.2
2022-10-10 17:00:00,3.252,1020.8
2022-10-10 18:00:00,2.74,1020.3
2022-10-10 19:00:00,2.033,1019.8
2022-10-10 20:00:00,1.246,1020.1
2022-10-10 21:00:00,0.464,1021.1
2022-10-10 22:00:00,-0.031,1021.6
2022-10-10 23:00:00,0.03,1022.0
2022-10-11 00:00:00,0.544,1022.7
2022-10-11 01:00:00,1.19,1023.3
2022-10-11 02:00:00,1.956,1024.0
2022-10-11 03:00:00,2.724,1024.1
2022-10-11 04:00:00,3.16,1024.0
2022-10-11 05:00:00,3.19,1024.0
2022-10-11 06:00:00,2.831,1024.2
2022-10-11 07:00:00,2.211,1024.3
2022-10-11 08:00:00,1.493,1024.3
2022-10-11 09:00:00,0.718,1024.6
2022-10-11 10:00:00,0.177,1025.0
2022-10-11 11:00:00,0.043,1025.6
2022-10-11 12:00:00,0.45,1026.0
2022-10-11 13:00:00,1.073,1026.4
2022-10-11 14:00:00,1.824,1026.4
2022-10-11 15:00:00,2.605,1026.1
2022-10-11 16:00:00,3.174,1025.7
2022-10-11 17:00:00,3.317,1024.9
2022-10-11 18:00:00,3.073,1024.2
2022-10-11 19:00:00,2.459,1023.7
2022-10-11 20:00:00,1.734,1023.3
2022-10-11 21:00:00,0.927,1023.0
2022-10-11 22:00:00,0.234,1022.9
2022-10-11 23:00:00,-0.107,1023.2
2022-10-12 00:00:00,0.09,1023.3
2022-10-12 01:00:00,0.626,1023.4
2022-10-12 02:00:00,1.305,1023.4
2022-10-12 03:00:00,2.022,1023.6
2022-10-12 04:00:00,2.703,1023.3
2022-10-12 05:00:00,3.038,1023.1
2022-10-12 06:00:00,2.957,1023.1
2022-10-12 07:00:00,2.569,1022.7
2022-10-12 08:00:00,1.955,1022.6
2022-10-12 09:00:00,1.252,1022.9
2022-10-12 10:00:00,0.567,1023.3
2022-10-12 11:00:00,0.14,1023.3
2022-10-12 12:00:00,0.211,1023.4
2022-10-12 13:00:00,0.725,1023.5
2022-10-12 14:00:00,1.37,1023.4
2022-10-12 15:00:00,2.086,1023.3
2022-10-12 16:00:00,2.788,1022.7
2022-10-12 17:00:00,3.217,1021.7
2022-10-12 18:00:00,3.227,1020.9
2022-10-12 19:00:00,2.863,1020.2
2022-10-12 20:00:00,2.232,1019.9
2022-10-12 21:00:00,1.528,1019.4
2022-10-12 22:00:00,0.768,1019.5
2022-10-12 23:00:00,0.157,1019.9
2022-10-13 00:00:00,0.014,1019.9
2022-10-13 01:00:00,0.329,1020.0
2022-10-13 02:00:00,0.853,1019.9
2022-10-13 03:00:00,1.514,1020.0
2022-10-13 04:00:00,2.274,1019.7
2022-10-13 05:00:00,2.831,1019.2
2022-10-13 06:00:00,3.065,1018.6
2022-10-13 07:00:00,2.907,1018.4
2022-10-13 08:00:00,2.476,1017.8
2022-10-13 09:00:00,1.895,1017.5
2022-10-13 10:00:00,1.242,1017.0
2022-10-13 11:00:00,0.667,1016.6
2022-10-13 12:00:00,0.407,1016.5
2022-10-13 13:00:00,0.647,1016.4
2022-10-13 14:00:00,1.129,1016.2
2022-10-13 15:00:00,1.778,1016.4
2022-10-13 16:00:00,2.411,1016.0
2022-10-13 17:00:00,3.023,1015.0
2022-10-13 18:00:00,3.337,1014.5
2022-10-13 19:00:00,3.221,1013.8
2022-10-13 20:00:00,2.768,1013.5
2022-10-13 21:00:00,2.141,1013.2
2022-10-13 22:00:00,1.464,1012.9
2022-10-13 23:00:00,0.786,1012.9
2022-10-14 00:00:00,0.323,1012.7
2022-10-14 01:00:00,0.283,1012.5
2022-10-14 02:00:00,0.631,1012.3
2022-10-14 03:00:00,1.155,1011.6
2022-10-14 04:00:00,1.809,1011.2
2022-10-14 05:00:00,2.428,1010.8
2022-10-14 06:00:00,2.901,1010.4
2022-10-14 07:00:00,3.024,1010.1
2022-10-14 08:00:00,2.801,1009.6
2022-10-14 09:00:00,2.409,1009.3
2022-10-14 10:00:00,1.838,1009.2
2022-10-14 11:00:00,1.231,1008.5
2022-10-14 12:00:00,0.811,1008.3
2022-10-14 13:00:00,0.686,1007.6
2022-10-14 14:00:00,1.127,1007.8
2022-10-14 15:00:00,1.44,1009.1
2022-10-14 16:00:00,2.048,1010.1
2022-10-14 17:00:00,2.695,1010.5
2022-10-14 18:00:00,3.151,1010.3
2022-10-14 19:00:00,3.274,1010.2
2022-10-14 20:00:00,3.09,1010.8
2022-10-14 21:00:00,2.617,1011.6
2022-10-14 22:00:00,2.006,1012.1
2022-10-14 23:00:00,1.34,1013.2
2022-10-15 00:00:00,0.771,1014.0
2022-10-15 01:00:00,0.41,1014.0
2022-10-15 02:00:00,0.495,1014.6
2022-10-15 03:00:00,0.831,1014.6
2022-10-15 04:00:00,1.355,1014.7
2022-10-15 05:00:00,1.919,1015.0
2022-10-15 06:00:00,2.452,1015.2
2022-10-15 07:00:00,2.795,1015.4
2022-10-15 08:00:00,2.779,1015.2
2022-10-15 09:00:00,2.564,1015.0
2022-10-15 10:00:00,2.149,1016.0
2022-10-15 11:00:00,1.565,1016.4
2022-10-15 12:00:00,1.034,1016.6
2022-10-15 13:00:00,0.681,1016.7
2022-10-15 14:00:00,0.726,1016.4
2022-10-15 15:00:00,1.09,1016.5
2022-10-15 16:00:00,1.517,1016.3
2022-10-15 17:00:00,2.114,1015.2
2022-10-15 18:00:00,2.625,1014.7
2022-10-15 19:00:00,3.014,1014.0
2022-10-15 20:00:00,3.072,1013.6
2022-10-15 21:00:00,2.853,1013.7
2022-10-15 22:00:00,2.377,1014.0
2022-10-15 23:00:00,1.818,1014.7
2022-10-16 00:00:00,1.222,1014.6
2022-10-16 01:00:00,0.704,1014.9
2022-10-16 02:00:00,0.471,1015.3
2022-10-16 03:00:00,0.607,1015.4
2022-10-16 04:00:00,0.963,1015.1
2022-10-16 05:00:00,1.434,1014.7
2022-10-16 06:00:00,1.953,1014.6
2022-10-16 07:00:00,2.442,1014.4
2022-10-16 08:00:00,2.667,1014.2
2022-10-16 09:00:00,2.65,1014.3
2022-10-16 10:00:00,2.383,1014.3
2022-10-16 11:00:00,2.005,1014.0
2022-10-16 12:00:00,1.512,1014.5
2022-10-16 13:00:00,1.072,1014.7
2022-10-16 14:00:00,0.813,1014.4
2022-10-16 15:00:00,0.897,1013.9
2022-10-16 16:00:00,1.253,1013.5
2022-10-16 17:00:00,1.678,1012.6
2022-10-16 18:00:00,2.202,1011.5
2022-10-16 19:00:00,2.629,1011.4
2022-10-16 20:00:00,2.956,1011.6
2022-10-16 21:00:00,2.967,1011.5
2022-10-16 22:00:00,2.71,1011.2
2022-10-16 23:00:00,2.325,1010.8
2022-10-17 00:00:00,1.779,1010.6
2022-10-17 01:00:00,1.229,1010.3
2022-10-17 02:00:00,0.799,1010.4
2022-10-17 03:00:00,0.642,1010.7
2022-10-17 04:00:00,0.788,1010.2
2022-10-17 05:00:00,1.106,1009.5
2022-10-17 06:00:00,1.555,1009.7
2022-10-17 07:00:00,2.012,1009.1
2022-10-17 08:00:00,2.461,1009.1
2022-10-17 09:00:00,2.686,1008.9
2022-10-17 10:00:00,2.614,1009.0
2022-10-17 11:00:00,2.388,1009.0
2022-10-17 12:00:00,1.999,1009.0
2022-10-17 13:00:00,1.576,1008.8
2022-10-17 14:00:00,1.219,1008.8
2022-10-17 15:00:00,1.002,1008.5
2022-10-17 16:00:00,1.093,1008.4
2022-10-17 17:00:00,1.403,1007.5
2022-10-17 18:00:00,1.791,1006.6
2022-10-17 19:00:00,2.242,1005.3
2022-10-17 20:00:00,2.703,1005.1
2022-10-17 21:00:00,2.944,1004.8
2022-10-17 22:00:00,2.93,1004.7
2022-10-17 23:00:00,2.718,1004.7
2022-10-18 00:00:00,2.29,1004.3
2022-10-18 01:00:00,1.818,1003.8
2022-10-18 02:00:00,1.343,1003.3
2022-10-18 03:00:00,0.927,1002.8
2022-10-18 04:00:00,0.787,1002.3
2022-10-18 05:00:00,0.982,1001.9
2022-10-18 06:00:00,1.256,1001.5
2022-10-18 07:00:00,1.69,1001.4
2022-10-18 08:00:00,2.126,1000.9
2022-10-18 09:00:00,2.544,1001.8
2022-10-18 10:00:00,2.743,1001.6
2022-10-18 11:00:00,2.692,1001.2
2022-10-18 12:00:00,2.445,1001.3
2022-10-18 13:00:00,2.047,1001.5
2022-10-18 14:00:00,1.678,1001.4
2022-10-18 15:00:00,1.334,1001.5
2022-10-18 16:00:00,1.098,1001.5
2022-10-18 17:00:00,1.202,1001.4
2022-10-18 18:00:00,1.524,1001.6
2022-10-18 19:00:00,1.799,1002.0
2022-10-18 20:00:00,2.286,1002.4
2022-10-18 21:00:00,2.64,1003.1
2022-10-18 22:00:00,2.907,1003.5
2022-10-18 23:00:00,2.951,1003.7
2022-10-19 00:00:00,2.682,1003.8
2022-10-19 01:00:00,2.351,1004.0
2022-10-19 02:00:00,1.843,1004.0
2022-10-19 03:00:00,1.394,1003.9
2022-10-19 04:00:00,0.918,1004.1
2022-10-19 05:00:00,0.851,1004.3
2022-10-19 06:00:00,1.017,1004.6
2022-10-19 07:00:00,1.254,1004.8
2022-10-19 08:00:00,1.695,1005.0
2022-10-19 09:00:00,2.115,1005.5
2022-10-19 10:00:00,2.542,1006.0
2022-10-19 11:00:00,2.701,1006.4
2022-10-19 12:00:00,2.619,1007.1
2022-10-19 13:00:00,2.377,1007.7
2022-10-19 14:00:00,2.021,1008.2
2022-10-19 15:00:00,1.592,1008.4
2022-10-19 16:00:00,1.168,1008.3
2022-10-19 17:00:00,1.009,1008.0
2022-10-19 18:00:00,1.078,1008.1
2022-10-19 19:00:00,1.337,1008.0
2022-10-19 20:00:00,1.664,1008.1
2022-10-19 21:00:00,2.127,1007.9
2022-10-19 22:00:00,2.542,1008.5
2022-10-19 23:00:00,2.844,1009.6
2022-10-20 00:00:00,2.803,1010.3
2022-10-20 01:00:00,2.582,1010.8
2022-10-20 02:00:00,2.145,1011.2
2022-10-20 03:00:00,1.68,1011.8
2022-10-20 04:00:00,1.129,1011.7
2022-10-20 05:00:00,0.768,1012.1
2022-10-20 06:00:00,0.581,1012.1
2022-10-20 07:00:00,0.765,1011.9
2022-10-20 08:00:00,1.063,1012.0
2022-10-20 09:00:00,1.479,1012.4
2022-10-20 10:00:00,1.942,1013.0
2022-10-20 11:00:00,2.328,1013.3
2022-10-20 12:00:00,2.551,1013.9
2022-10-20 13:00:00,2.477,1014.4
2022-10-20 14:00:00,2.197,1014.7
2022-10-20 15:00:00,1.848,1014.4
2022-10-20 16:00:00,1.398,1013.9
2022-10-20 17:00:00,0.95,1013.3
2022-10-20 18:00:00,0.757,1012.7
2022-10-20 19:00:00,0.8,1012.5
2022-10-20 20:00:00,1.142,1012.4
2022-10-20 21:00:00,1.504,1012.3
2022-10-20 22:00:00,1.979,1013.0
2022-10-20 23:00:00,2.47,1014.2
2022-10-21 00:00:00,2.737,1015.2
2022-10-21 01:00:00,2.736,1015.9
2022-10-21 02:00:00,2.465,1016.5
2022-10-21 03:00:00,2.036,1017.2
2022-10-21 04:00:00,1.5,1016.8
2022-10-21 05:00:00,1.014,1016.9
2022-10-21 06:00:00,0.584,1017.5
2022-10-21 07:00:00,0.476,1017.3
2022-10-21 08:00:00,0.717,1017.0
2022-10-21 09:00:00,1.101,1017.5
2022-10-21 10:00:00,1.571,1018.4
2022-10-21 11:00:00,2.097,1019.0
2022-10-21 12:00:00,2.531,1019.9
2022-10-21 13:00:00,2.737,1020.7
2022-10-21 14:00:00,2.63,1021.0
2022-10-21 15:00:00,2.287,1020.9
2022-10-21 16:00:00,1.829,1020.8
2022-10-21 17:00:00,1.299,1020.4
2022-10-21 18:00:00,0.834,1019.7
2022-10-21 19:00:00,0.63,1019.3
2022-10-21 20:00:00,0.749,1019.2
2022-10-21 21:00:00,1.105,1019.0
2022-10-21 22:00:00,1.579,1019.3
2022-10-21 23:00:00,2.069,1020.0
2022-10-22 00:00:00,2.583,1020.6
2022-10-22 01:00:00,2.834,1021.0
2022-10-22 02:00:00,2.762,1021.6
2022-10-22 03:00:00,2.467,1022.0
2022-10-22 04:00:00,1.973,1022.2
2022-10-22 05:00:00,1.397,1022.3
2022-10-22 06:00:00,0.845,1022.8
2022-10-22 07:00:00,0.431,1022.7
2022-10-22 08:00:00,0.408,1022.5
2022-10-22 09:00:00,0.729,1022.9
2022-10-22 10:00:00,1.211,1023.4
2022-10-22 11:00:00,1.763,1023.4
2022-10-22 12:00:00,2.333,1024.2
2022-10-22 13:00:00,2.713,1025.0
2022-10-22 14:00:00,2.848,1025.1
2022-10-22 15:00:00,2.625,1025.3
2022-10-22 16:00:00,2.182,1024.8
2022-10-22 17:00:00,1.657,1024.4
2022-10-22 18:00:00,1.066,1024.6
2022-10-22 19:00:00,0.574,1024.3
2022-10-22 20:00:00,0.381,1024.4
2022-10-22 21:00:00,0.651,1024.3
2022-10-22 22:00:00,1.061,1024.6
2022-10-22 23:00:00,1.641,1024.8
2022-10-23 00:00:00,2.199,1025.7
2022-10-23 01:00:00,2.709,1025.5
2022-10-23 02:00:00,2.954,1026.1
2022-10-23 03:00:00,2.801,1026.3
2022-10-23 04:00:00,2.401,1026.5
2022-10-23 05:00:00,1.809,1026.2
2022-10-23 06:00:00,1.189,1026.7
2022-10-23 07:00:00,0.612,1026.4
2022-10-23 08:00:00,0.254,1026.2
2022-10-23 09:00:00,0.362,1026.5
2022-10-23 10:00:00,0.826,1026.3
2022-10-23 11:00:00,1.374,1026.9
2022-10-23 12:00:00,1.954,1027.3
2022-10-23 13:00:00,2.593,1027.9
2022-10-23 14:00:00,2.948,1028.0
2022-10-23 15:00:00,2.956,1028.2
2022-10-23 16:00:00,2.604,1027.9
2022-10-23 17:00:00,2.062,1027.4
2022-10-23 18:00:00,1.44,1027.2
2022-10-23 19:00:00,0.794,1026.6
2022-10-23 20:00:00,0.326,1026.6
2022-10-23 21:00:00,0.279,1026.8
2022-10-23 22:00:00,0.623,1026.2
2022-10-23 23:00:00,1.197,1026.3
2022-10-24 00:00:00,1.84,1026.1
2022-10-24 01:00:00,2.481,1025.7
2022-10-24 02:00:00,2.939,1025.5
2022-10-24 03:00:00,3.051,1025.2
2022-10-24 04:00:00,2.775,1024.6
2022-10-24 05:00:00,2.328,1024.6
2022-10-24 06:00:00,1.699,1024.1
2022-10-24 07:00:00,0.984,1023.5
2022-10-24 08:00:00,0.451,1024.1
2022-10-24 09:00:00,0.214,1024.4
2022-10-24 10:00:00,0.509,1023.6
2022-10-24 11:00:00,1.064,1023.8
2022-10-24 12:00:00,1.669,1024.3
2022-10-24 13:00:00,2.371,1024.4
2022-10-24 14:00:00,2.945,1024.2
2022-10-24 15:00:00,3.157,1024.0
2022-10-24 16:00:00,3.011,1023.9
2022-10-24 17:00:00,2.558,1023.6
2022-10-24 18:00:00,1.886,1023.2
2022-10-24 19:00:00,1.208,1023.4
2022-10-24 20:00:00,0.511,1023.3
2022-10-24 21:00:00,0.108,1022.6
2022-10-24 22:00:00,0.256,1022.5
2022-10-24 23:00:00,0.733,1022.6
2022-10-25 00:00:00,1.362,1023.1
2022-10-25 01:00:00,2.032,1023.1
2022-10-25 02:00:00,2.695,1023.0
2022-10-25 03:00:00,3.06,1023.1
2022-10-25 04:00:00,3.066,1023.1
2022-10-25 05:00:00,2.684,1022.6
2022-10-25 06:00:00,2.095,1022.3
2022-10-25 07:00:00,1.424,1022.2
2022-10-25 08:00:00,0.712,1022.0
2022-10-25 09:00:00,0.253,1022.1
2022-10-25 10:00:00,0.22,1022.2
2022-10-25 11:00:00,0.693,1022.3
2022-10-25 12:00:00,1.308,1022.4
2022-10-25 13:00:00,2.028,1022.7
2022-10-25 14:00:00,2.751,1022.7
2022-10-25 15:00:00,3.224,1022.6
2022-10-25 16:00:00,3.295,1022.2
2022-10-25 17:00:00,2.99,1021.3
2022-10-25 18:00:00,2.392,1020.7
2022-10-25 19:00:00,1.667,1020.1
2022-10-25 20:00:00,0.859,1019.8
2022-10-25 21:00:00,0.215,1019.5
2022-10-25 22:00:00,-0.05,1019.0
2022-10-25 23:00:00,0.23,1019.0
2022-10-26 00:00:00,0.791,1018.8
2022-10-26 01:00:00,1.48,1018.3
2022-10-26 02:00:00,2.232,1017.9
2022-10-26 03:00:00,2.863,1017.5
2022-10-26 04:00:00,3.145,1016.9
2022-10-26 05:00:00,3.001,1016.3
2022-10-26 06:00:00,2.58,1015.6
2022-10-26 07:00:00,1.943,1015.1
2022-10-26 08:00:00,1.211,1014.4
2022-10-26 09:00:00,0.55,1014.1
2022-10-26 10:00:00,0.203,1013.3
2022-10-26 11:00:00,0.391,1012.9
2022-10-26 12:00:00,0.933,1012.6
2022-10-26 13:00:00,1.633,1012.2
2022-10-26 14:00:00,2.405,1011.8
2022-10-26 15:00:00,3.105,1010.8
2022-10-26 16:00:00,3.473,1009.6
2022-10-26 17:00:00,3.485,1008.7
2022-10-26 18:00:00,3.0,1008.0
2022-10-26 19:00:00,2.321,1006.8
2022-10-26 20:00:00,1.522,1006.6
2022-10-26 21:00:00,0.717,1005.9
2022-10-26 22:00:00,0.136,1006.1
2022-10-26 23:00:00,0.025,1005.9
2022-10-27 00:00:00,0.43,1006.2
2022-10-27 01:00:00,1.029,1006.0
2022-10-27 02:00:00,1.764,1006.4
2022-10-27 03:00:00,2.549,1006.3
2022-10-27 04:00:00,3.087,1005.9
2022-10-27 05:00:00,3.269,1006.2
2022-10-27 06:00:00,3.018,1006.8
2022-10-27 07:00:00,2.474,1007.4
2022-10-27 08:00:00,1.809,1008.2
2022-10-27 09:00:00,1.025,1009.1
2022-10-27 10:00:00,0.432,1010.0
2022-10-27 11:00:00,0.213,1010.9
2022-10-27 12:00:00,0.552,1012.1
2022-10-27 13:00:00,1.128,1013.5
2022-10-27 14:00:00,1.89,1014.1
2022-10-27 15:00:00,2.648,1014.9
2022-10-27 16:00:00,3.259,1016.0
2022-10-27 17:00:00,3.489,1016.5
2022-10-27 18:00:00,3.261,1017.4
2022-10-27 19:00:00,2.728,1018.4
2022-10-27 20:00:00,2.018,1019.3
2022-10-27 21:00:00,1.159,1020.6
2022-10-27 22:00:00,0.382,1022.1
2022-10-27 23:00:00,-0.125,1023.8
2022-10-28 00:00:00,-0.098,1024.9
2022-10-28 01:00:00,0.346,1025.8
2022-10-28 02:00:00,0.957,1026.8
2022-10-28 03:00:00,1.716,1027.8
2022-10-28 04:00:00,2.472,1028.6
2022-10-28 05:00:00,2.918,1029.4
2022-10-28 06:00:00,2.991,1030.3
2022-10-28 07:00:00,2.702,1030.9
2022-10-28 08:00:00,2.175,1031.2
2022-10-28 09:00:00,1.508,1031.9
2022-10-28 10:00:00,0.839,1032.3
2022-10-28 11:00:00,0.365,1032.9
2022-10-28 12:00:00,0.295,1033.6
2022-10-28 13:00:00,0.772,1034.4
2022-10-28 14:00:00,1.367,1034.9
2022-10-28 15:00:00,2.123,1034.9
2022-10-28 16:00:00,2.853,1035.1
2022-10-28 17:00:00,3.326,1034.7
2022-10-28 18:00:00,3.447,1034.2
2022-10-28 19:00:00,3.164,1033.9
2022-10-28 20:00:00,2.546,1034.1
2022-10-28 21:00:00,1.78,1034.2
2022-10-28 22:00:00,0.965,1034.2
2022-10-28 23:00:00,0.244,1033.9
2022-10-29 00:00:00,-0.148,1033.9
2022-10-29 01:00:00,0.015,1033.9
2022-10-29 02:00:00,0.468,1034.0
2022-10-29 03:00:00,1.091,1033.8
2022-10-29 04:00:00,1.836,1033.2
2022-10-29 05:00:00,2.539,1033.2
2022-10-29 06:00:00,2.903,1033.2
2022-10-29 07:00:00,2.896,1033.3
2022-10-29 08:00:00,2.573,1033.0
2022-10-29 09:00:00,2.017,1032.5
2022-10-29 10:00:00,1.331,1032.1
2022-10-29 11:00:00,0.684,1032.1
2022-10-29 12:00:00,0.199,1032.3
2022-10-29 13:00:00,0.257,1032.7
2022-10-29 14:00:00,0.775,1033.0
2022-10-29 15:00:00,1.391,1033.0
2022-10-29 16:00:00,2.122,1032.5
2022-10-29 17:00:00,2.825,1031.8
2022-10-29 18:00:00,3.284,1030.9
2022-10-29 19:00:00,3.313,1030.5
2022-10-29 20:00:00,2.972,1029.7
2022-10-29 21:00:00,2.386,1029.4
2022-10-29 22:00:00,1.65,1029.5
2022-10-29 23:00:00,0.851,1029.7
2022-10-30 00:00:00,0.181,1029.1
2022-10-30 01:00:00,-0.125,1028.7
2022-10-30 02:00:00,0.056,1028.2
2022-10-30 03:00:00,0.518,1027.8
2022-10-30 04:00:00,1.139,1027.4
2022-10-30 05:00:00,1.876,1026.7
2022-10-30 06:00:00,2.505,1026.3
2022-10-30 07:00:00,2.841,1026.1
2022-10-30 08:00:00,2.76,1025.6
2022-10-30 09:00:00,2.441,1025.5
2022-10-30 10:00:00,1.906,1025.4
2022-10-30 11:00:00,1.217,1025.2
2022-10-30 12:00:00,0.608,1025.1
2022-10-30 13:00:00,0.205,1025.1
2022-10-30 14:00:00,0.313,1024.8
2022-10-30 15:00:00,0.812,1024.5
2022-10-30 16:00:00,1.409,1024.3
2022-10-30 17:00:00,2.118,1023.3
2022-10-30 18:00:00,2.777,1022.5
2022-10-30 19:00:00,3.223,1022.0
2022-10-30 20:00:00,3.243,1021.4
2022-10-30 21:00:00,2.924,1020.8
2022-10-30 22:00:00,2.372,1020.6
2022-10-30 23:00:00,1.653,1020.6
2022-10-31 00:00:00,0.915,1020.5
2022-10-31 01:00:00,0.274,1020.8
2022-10-31 02:00:00,0.01,1020.8
2022-10-31 03:00:00,0.223,1020.7
2022-10-31 04:00:00,0.664,1020.1
2022-10-31 05:00:00,1.257,1020.1
2022-10-31 06:00:00,1.948,1019.6
2022-10-31 07:00:00,2.563,1019.3
2022-10-31 08:00:00,2.885,1019.1
2022-10-31 09:00:00,2.799,1018.5
2022-10-31 10:00:00,2.508,1018.8
2022-10-31 11:00:00,2.017,1018.6
2022-10-31 12:00:00,1.39,1018.8
2022-10-31 13:00:00,0.813,1018.6
2022-10-31 14:00:00,0.479,1018.4
2022-10-31 15:00:00,0.608,1018.0
2022-10-31 16:00:00,1.038,1017.4
2022-10-31 17:00:00,1.578,1016.3
2022-10-31 18:00:00,2.237,1015.5
2022-10-31 19:00:00,2.828,1015.0
2022-10-31 20:00:00,3.247,1014.5
2022-10-31 21:00:00,3.267,1014.3
2022-10-31 22:00:00,2.948,1014.5
2022-10-31 23:00:00,2.425,1014.9
2022-11-01 00:00:00,1.752,1015.0
2022-11-01 01:00:00,1.035,1015.1
2022-11-01 02:00:00,0.417,1015.1
2022-11-01 03:00:00,0.159,1015.1
2022-11-01 04:00:00,0.38,1014.5
2022-11-01 05:00:00,0.774,1014.4
2022-11-01 06:00:00,1.34,1014.5
2022-11-01 07:00:00,2.001,1014.5
2022-11-01 08:00:00,2.596,1014.5
2022-11-01 09:00:00,2.895,1014.7
2022-11-01 10:00:00,2.863,1015.0
2022-11-01 11:00:00,2.559,1014.8
2022-11-01 12:00:00,2.105,1015.3
2022-11-01 13:00:00,1.535,1015.6
2022-11-01 14:00:00,0.934,1015.7
2022-11-01 15:00:00,0.598,1015.5
2022-11-01 16:00:00,0.632,1015.1
2022-11-01 17:00:00,1.011,1014.1
2022-11-01 18:00:00,1.526,1013.5
2022-11-01 19:00:00,2.138,1013.2
2022-11-01 20:00:00,2.753,1012.9
2022-11-01 21:00:00,3.171,1013.3
2022-11-01 22:00:00,3.239,1013.9
2022-11-01 23:00:00,3.001,1014.3
2022-11-02 00:00:00,2.508,1014.4
2022-11-02 01:00:00,1.867,1015.0
2022-11-02 02:00:00,1.174,1015.3
2022-11-02 03:00:00,0.574,1015.5
2022-11-02 04:00:00,0.235,1015.6
2022-11-02 05:00:00,0.408,1016.6
2022-11-02 06:00:00,0.781,1017.3
2022-11-02 07:00:00,1.326,1018.0
2022-11-02 08:00:00,1.961,1018.7
2022-11-02 09:00:00,2.522,1019.8
2022-11-02 10:00:00,2.827,1020.9
2022-11-02 11:00:00,2.846,1021.6
2022-11-02 12:00:00,2.5,1023.1
2022-11-02 13:00:00,2.102,1024.2
2022-11-02 14:00:00,1.514,1024.7
2022-11-02 15:00:00,0.905,1025.3
2022-11-02 16:00:00,0.476,1025.2
2022-11-02 17:00:00,0.49,1024.6
2022-11-02 18:00:00,0.785,1024.3
2022-11-02 19:00:00,1.292,1024.3
2022-11-02 20:00:00,1.902,1024.7
2022-11-02 21:00:00,2.498,1025.3
2022-11-02 22:00:00,2.961,1025.5
2022-11-02 23:00:00,3.101,1026.1
2022-11-03 00:00:00,2.876,1027.0
2022-11-03 01:00:00,2.46,1027.1
2022-11-03 02:00:00,1.835,1027.7
2022-11-03 03:00:00,1.16,1028.0
2022-11-03 04:00:00,0.539,1028.0
2022-11-03 05:00:00,0.215,1027.9
2022-11-03 06:00:00,0.34,1028.3
2022-11-03 07:00:00,0.68,1028.4
2022-11-03 08:00:00,1.214,1028.7
2022-11-03 09:00:00,1.849,1029.1
2022-11-03 10:00:00,2.523,1029.5
2022-11-03 11:00:00,2.874,1029.8
2022-11-03 12:00:00,2.948,1030.4
2022-11-03 13:00:00,2.699,1030.5
2022-11-03 14:00:00,2.257,1030.3
2022-11-03 15:00:00,1.677,1030.1
2022-11-03 16:00:00,1.032,1029.4
2022-11-03 17:00:00,0.571,1028.4
2022-11-03 18:00:00,0.471,1027.8
2022-11-03 19:00:00,0.73,1027.5
2022-11-03 20:00:00,1.199,1027.0
2022-11-03 21:00:00,1.794,1026.8
2022-11-03 22:00:00,2.436,1026.6
2022-11-03 23:00:00,2.94,1026.8
2022-11-04 00:00:00,3.122,1027.0
2022-11-04 01:00:00,2.917,1026.9
2022-11-04 02:00:00,2.501,1027.2
2022-11-04 03:00:00,1.901,1027.3
2022-11-04 04:00:00,1.198,1027.4
2022-11-04 05:00:00,0.547,1027.8
2022-11-04 06:00:00,0.129,1027.3
2022-11-04 07:00:00,0.213,1027.1
2022-11-04 08:00:00,0.669,1026.9
2022-11-04 09:00:00,1.197,1027.1
2022-11-04 10:00:00,1.873,1026.9
2022-11-04 11:00:00,2.515,1027.0
2022-11-04 12:00:00,2.935,1027.5
2022-11-04 13:00:00,2.98,1028.1
2022-11-04 14:00:00,2.694,1028.0
2022-11-04 15:00:00,2.224,1027.7
2022-11-04 16:00:00,1.559,1026.7
2022-11-04 17:00:00,0.853,1025.8
2022-11-04 18:00:00,0.338,1025.0
2022-11-04 19:00:00,0.2,1025.0
2022-11-04 20:00:00,0.518,1024.5
2022-11-04 21:00:00,0.983,1024.6
2022-11-04 22:00:00,1.642,1024.9
2022-11-04 23:00:00,2.309,1025.4
2022-11-05 00:00:00,2.916,1025.5
2022-11-05 01:00:00,3.046,1025.5
2022-11-05 02:00:00,2.876,1025.4
2022-11-05 03:00:00,2.439,1025.1
2022-11-05 04:00:00,1.798,1024.9
2022-11-05 05:00:00,1.136,1024.5
2022-11-05 06:00:00,0.467,1024.4
2022-11-05 07:00:00,0.073,1024.4
2022-11-05 08:00:00,0.206,1024.1
2022-11-05 09:00:00,0.686,1024.0
2022-11-05 10:00:00,1.299,1023.9
2022-11-05 11:00:00,1.981,1024.0
2022-11-05 12:00:00,2.645,1024.0
2022-11-05 13:00:00,3.078,1024.3
2022-11-05 14:00:00,3.07,1024.2
2022-11-05 15:00:00,2.742,1024.4
2022-11-05 16:00:00,2.183,1023.8
2022-11-05 17:00:00,1.491,1022.8
2022-11-05 18:00:00,0.785,1022.4
2022-11-05 19:00:00,0.214,1022.3
2022-11-05 20:00:00,0.096,1022.1
2022-11-05 21:00:00,0.452,1022.4
2022-11-05 22:00:00,0.975,1022.8
2022-11-05 23:00:00,1.655,1023.4
2022-11-06 00:00:00,2.375,1023.8
2022-11-06 01:00:00,2.884,1023.9
2022-11-06 02:00:00,3.045,1023.9
2022-11-06 03:00:00,2.846,1023.9
2022-11-06 04:00:00,2.388,1023.6
2022-11-06 05:00:00,1.72,1023.3
2022-11-06 06:00:00,1.0,1022.9
2022-11-06 07:00:00,0.329,1022.6
2022-11-06 08:00:00,0.061,1022.3
2022-11-06 09:00:00,0.273,1021.8
2022-11-06 10:00:00,0.788,1021.9
2022-11-06 11:00:00,1.463,1022.3
2022-11-06 12:00:00,2.181,1022.9
2022-11-06 13:00:00,2.869,1023.5
2022-11-06 14:00:00,3.217,1023.6
2022-11-06 15:00:00,3.133,1022.9
2022-11-06 16:00:00,2.702,1022.0
2022-11-06 17:00:00,2.082,1021.6
2022-11-06 18:00:00,1.358,1021.1
2022-11-06 19:00:00,0.628,1020.7
2022-11-06 20:00:00,0.08,1020.9
2022-11-06 21:00:00,0.065,1021.0
2022-11-06 22:00:00,0.504,1020.9
2022-11-06 23:00:00,1.076,1021.1
2022-11-07 00:00:00,1.799,1021.1
2022-11-07 01:00:00,2.544,1020.5
2022-11-07 02:00:00,3.019,1020.9
2022-11-07 03:00:00,3.134,1020.7
2022-11-07 04:00:00,2.86,1020.3
2022-11-07 05:00:00,2.345,1020.3
2022-11-07 06:00:00,1.675,1019.6
2022-11-07 07:00:00,0.895,1019.6
2022-11-07 08:00:00,0.328,1019.1
2022-11-07 09:00:00,0.097,1018.8
2022-11-07 10:00:00,0.461,1018.4
2022-11-07 11:00:00,0.991,1018.4
2022-11-07 12:00:00,1.695,1018.7
2022-11-07 13:00:00,2.423,1019.3
2022-11-07 14:00:00,3.052,1019.0
2022-11-07 15:00:00,3.239,1018.5
2022-11-07 16:00:00,3.089,1018.2
2022-11-07 17:00:00,2.541,1017.5
2022-11-07 18:00:00,1.897,1017.3
2022-11-07 19:00:00,1.068,1017.2
2022-11-07 20:00:00,0.311,1017.1
2022-11-07 21:00:00,-0.096,1017.0
2022-11-07 22:00:00,-0.061,1017.8
2022-11-07 23:00:00,0.431,1019.5
2022-11-08 00:00:00,0.977,1020.9
2022-11-08 01:00:00,1.757,1021.8
2022-11-08 02:00:00,2.497,1023.1
2022-11-08 03:00:00,2.902,1024.1
2022-11-08 04:00:00,2.908,1024.7
2022-11-08 05:00:00,2.539,1025.3
2022-11-08 06:00:00,1.978,1026.1
2022-11-08 07:00:00,1.263,1026.9
2022-11-08 08:00:00,0.545,1027.2
2022-11-08 09:00:00,0.108,1027.6
2022-11-08 10:00:00,0.061,1028.3
2022-11-08 11:00:00,0.523,1029.0
2022-11-08 12:00:00,1.148,1029.9
2022-11-08 13:00:00,1.875,1030.5
2022-11-08 14:00:00,2.637,1030.9
2022-11-08 15:00:00,3.157,1031.3
2022-11-08 16:00:00,3.19,1031.4
2022-11-08 17:00:00,2.862,1031.0
2022-11-08 18:00:00,2.255,1031.0
2022-11-08 19:00:00,1.543,1031.6
2022-11-08 20:00:00,0.793,1032.2
2022-11-08 21:00:00,0.106,1032.7
2022-11-08 22:00:00,-0.184,1033.4
2022-11-08 23:00:00,0.04,1034.3
2022-11-09 00:00:00,0.505,1034.8
2022-11-09 01:00:00,1.175,1035.3
2022-11-09 02:00:00,1.931,1036.0
2022-11-09 03:00:00,2.565,1036.5
2022-11-09 04:00:00,2.863,1036.7
2022-11-09 05:00:00,2.802,1037.1
2022-11-09 06:00:00,2.407,1037.2
2022-11-09 07:00:00,1.87,1037.8
2022-11-09 08:00:00,1.159,1037.8
2022-11-09 09:00:00,0.572,1038.0
2022-11-09 10:00:00,0.229,1038.1
2022-11-09 11:00:00,0.373,1037.9
2022-11-09 12:00:00,0.853,1037.7
2022-11-09 13:00:00,1.495,1038.1
2022-11-09 14:00:00,2.194,1037.9
2022-11-09 15:00:00,2.845,1038.0
2022-11-09 16:00:00,3.203,1037.3
2022-11-09 17:00:00,3.148,1037.2
2022-11-09 18:00:00,2.782,1036.3
2022-11-09 19:00:00,2.187,1035.7
2022-11-09 20:00:00,1.465,1035.0
2022-11-09 21:00:00,0.753,1034.5
2022-11-09 22:00:00,0.233,1034.1
2022-11-09 23:00:00,0.114,1033.8
2022-11-10 00:00:00,0.462,1033.3
2022-11-10 01:00:00,0.939,1032.8
2022-11-10 02:00:00,1.561,1032.6
2022-11-10 03:00:00,2.251,1032.1
2022-11-10 04:00:00,2.749,1031.9
2022-11-10 05:00:00,2.914,1031.5
2022-11-10 06:00:00,2.645,1030.1
2022-11-10 07:00:00,2.244,1029.4
2022-11-10 08:00:00,1.649,1028.9
2022-11-10 09:00:00,0.963,1028.3
2022-11-10 10:00:00,0.45,1027.8
2022-11-10 11:00:00,0.194,1027.2
2022-11-10 12:00:00,0.508,1027.0
2022-11-10 13:00:00,1.008,1026.9
2022-11-10 14:00:00,1.631,1026.0
2022-11-10 15:00:00,2.302,1025.4
2022-11-10 16:00:00,2.873,1024.3
2022-11-10 17:00:00,3.093,1023.5
2022-11-10 18:00:00,2.898,1022.7
2022-11-10 19:00:00,2.468,1022.2
2022-11-10 20:00:00,1.795,1022.0
2022-11-10 21:00:00,1.092,1021.8
2022-11-10 22:00:00,0.373,1021.8
2022-11-10 23:00:00,-0.076,1021.9
2022-11-11 00:00:00,-0.028,1021.9
2022-11-11 01:00:00,0.315,1021.8
2022-11-11 02:00:00,0.886,1021.5
2022-11-11 03:00:00,1.518,1021.5
2022-11-11 04:00:00,2.162,1021.1
2022-11-11 05:00:00,2.585,1021.0
2022-11-11 06:00:00,2.643,1020.5
2022-11-11 07:00:00,2.415,1020.6
2022-11-11 08:00:00,1.99,1020.3
2022-11-11 09:00:00,1.407,1020.4
2022-11-11 10:00:00,0.862,1020.2
2022-11-11 11:00:00,0.468,1020.2
2022-11-11 12:00:00,0.463,1020.2
2022-11-11 13:00:00,0.868,1020.6
2022-11-11 14:00:00,1.409,1020.2
2022-11-11 15:00:00,2.049,1019.4
2022-11-11 16:00:00,2.69,1018.5
2022-11-11 17:00:00,3.129,1017.3
2022-11-11 18:00:00,3.238,1016.5
2022-11-11 19:00:00,3.001,1015.4
2022-11-11 20:00:00,2.49,1014.9
2022-11-11 21:00:00,1.897,1014.2
2022-11-11 22:00:00,1.222,1013.2
2022-11-11 23:00:00,0.669,1012.3
2022-11-12 00:00:00,0.417,1010.8
2022-11-12 01:00:00,0.597,1009.1
2022-11-12 02:00:00,0.981,1007.3
2022-11-12 03:00:00,1.569,1005.6
2022-11-12 04:00:00,2.138,1004.4
2022-11-12 05:00:00,2.674,1003.5
2022-11-12 06:00:00,2.958,1002.7
2022-11-12 07:00:00,2.927,1001.5
2022-11-12 08:00:00,2.635,1000.2
2022-11-12 09:00:00,2.173,999.1
2022-11-12 10:00:00,1.597,998.1
2022-11-12 11:00:00,1.144,996.9
2022-11-12 12:00:00,0.807,995.6
2022-11-12 13:00:00,0.975,994.4
2022-11-12 14:00:00,1.373,993.9
2022-11-12 15:00:00,1.876,994.8
2022-11-12 16:00:00,2.445,996.2
2022-11-12 17:00:00,2.939,996.4
2022-11-12 18:00:00,3.188,997.6
2022-11-12 19:00:00,3.144,999.1
2022-11-12 20:00:00,2.762,1000.8
2022-11-12 21:00:00,2.212,1002.5
2022-11-12 22:00:00,1.604,1002.9
2022-11-12 23:00:00,0.943,1004.6
2022-11-13 00:00:00,0.454,1005.0
2022-11-13 01:00:00,0.343,1006.0
2022-11-13 02:00:00,0.562,1006.9
2022-11-13 03:00:00,0.988,1007.1
2022-11-13 04:00:00,1.523,1007.2
2022-11-13 05:00:00,2.134,1007.6
2022-11-13 06:00:00,2.533,1007.6
2022-11-13 07:00:00,2.745,1008.0
2022-11-13 08:00:00,2.654,1007.8
2022-11-13 09:00:00,2.279,1008.0
2022-11-13 10:00:00,1.91,1008.0
2022-11-13 11:00:00,1.375,1007.9
2022-11-13 12:00:00,0.99,1008.5
2022-11-13 13:00:00,0.865,1008.1
2022-11-13 14:00:00,1.071,1008.3
2022-11-13 15:00:00,1.483,1007.4
2022-11-13 16:00:00,1.986,1006.7
2022-11-13 17:00:00,2.552,1006.5
2022-11-13 18:00:00,2.968,1006.0
2022-11-13 19:00:00,3.206,1005.5
2022-11-13 20:00:00,3.081,1005.9
2022-11-13 21:00:00,2.723,1006.9
2022-11-13 22:00:00,2.196,1007.8
2022-11-13 23:00:00,1.534,1008.8
2022-11-14 00:00:00,1.036,1009.8
2022-11-14 01:00:00,0.647,1011.2
2022-11-14 02:00:00,0.567,1012.3
2022-11-14 03:00:00,0.865,1013.0
2022-11-14 04:00:00,1.215,1013.6
2022-11-14 05:00:00,1.722,1014.8
2022-11-14 06:00:00,2.218,1015.4
2022-11-14 07:00:00,2.538,1016.4
2022-11-14 08:00:00,2.622,1017.1
2022-11-14 09:00:00,2.433,1017.9
2022-11-14 10:00:00,2.076,1018.8
2022-11-14 11:00:00,1.596,1019.6
2022-11-14 12:00:00,1.059,1020.7
2022-11-14 13:00:00,0.71,1021.9
2022-11-14 14:00:00,0.626,1022.5
2022-11-14 15:00:00,0.854,1022.7
2022-11-14 16:00:00,1.265,1023.1
2022-11-14 17:00:00,1.738,1023.4
2022-11-14 18:00:00,2.215,1023.4
2022-11-14 19:00:00,2.61,1023.6
2022-11-14 20:00:00,2.74,1024.3
2022-11-14 21:00:00,2.536,1025.0
2022-11-14 22:00:00,2.206,1025.9
2022-11-14 23:00:00,1.721,1026.9
2022-11-15 00:00:00,1.18,1027.6
2022-11-15 01:00:00,0.735,1028.3
2022-11-15 02:00:00,0.468,1029.0
2022-11-15 03:00:00,0.521,1029.7
2022-11-15 04:00:00,0.814,1029.7
2022-11-15 05:00:00,1.198,1030.0
2022-11-15 06:00:00,1.637,1030.3
2022-11-15 07:00:00,2.116,1030.6
2022-11-15 08:00:00,2.408,1030.8
2022-11-15 09:00:00,2.442,1030.8
2022-11-15 10:00:00,2.288,1031.7
2022-11-15 11:00:00,1.94,1031.9
2022-11-15 12:00:00,1.506,1032.7
2022-11-15 13:00:00,1.084,1033.0
2022-11-15 14:00:00,0.814,1032.9
2022-11-15 15:00:00,0.83,1032.7
2022-11-15 16:00:00,1.074,1032.1
2022-11-15 17:00:00,1.449,1031.4
2022-11-15 18:00:00,1.929,1030.2
2022-11-15 19:00:00,2.38,1030.1
2022-11-15 20:00:00,2.659,1029.9
2022-11-15 21:00:00,2.773,1029.5
2022-11-15 22:00:00,2.604,1029.2
2022-11-15 23:00:00,2.192,1028.3
2022-11-16 00:00:00,1.771,1027.6
2022-11-16 01:00:00,1.207,1028.9
2022-11-16 02:00:00,0.751,1027.4
2022-11-16 03:00:00,0.59,1028.8
2022-11-16 04:00:00,0.63,1027.3
2022-11-16 05:00:00,0.943,1026.4
2022-11-16 06:00:00,1.336,1024.4
2022-11-16 07:00:00,1.879,1022.8
2022-11-16 08:00:00,2.318,1021.6
2022-11-16 09:00:00,2.658,1019.1
2022-11-16 10:00:00,2.707,1016.5
2022-11-16 11:00:00,2.627,1014.4
2022-11-16 12:00:00,2.315,1013.4
2022-11-16 13:00:00,1.933,1011.4
2022-11-16 14:00:00,1.578,1009.5
2022-11-16 15:00:00,1.331,1007.5
2022-11-16 16:00:00,1.322,1005.5
2022-11-16 17:00:00,1.631,1003.6
2022-11-16 18:00:00,1.877,1002.6
2022-11-16 19:00:00,2.247,1003.4
2022-11-16 20:00:00,2.559,1004.6
2022-11-16 21:00:00,2.85,1005.9
2022-11-16 22:00:00,2.846,1006.9
2022-11-16 23:00:00,2.588,1007.9
2022-11-17 00:00:00,2.162,1008.7
2022-11-17 01:00:00,1.681,1008.5
2022-11-17 02:00:00,1.228,1008.9
2022-11-17 03:00:00,0.716,1009.4
2022-11-17 04:00:00,0.553,1009.1
2022-11-17 05:00:00,0.665,1009.4
2022-11-17 06:00:00,0.955,1009.0
2022-11-17 07:00:00,1.425,1008.8
2022-11-17 08:00:00,1.939,1009.0
2022-11-17 09:00:00,2.333,1008.8
2022-11-17 10:00:00,2.564,1008.8
2022-11-17 11:00:00,2.616,1008.6
2022-11-17 12:00:00,2.372,1008.8
2022-11-17 13:00:00,2.053,1008.9
2022-11-17 14:00:00,1.557,1008.5
2022-11-17 15:00:00,1.135,1008.5
2022-11-17 16:00:00,0.865,1008.1
2022-11-17 17:00:00,0.88,1007.7
2022-11-17 18:00:00,1.125,1008.0
2022-11-17 19:00:00,1.424,1008.1
2022-11-17 20:00:00,1.846,1008.5
2022-11-17 21:00:00,2.245,1009.1
2022-11-17 22:00:00,2.563,1010.0
2022-11-17 23:00:00,2.548,1011.1
2022-11-18 00:00:00,2.362,1011.9
2022-11-18 01:00:00,2.007,1012.5
2022-11-18 02:00:00,1.531,1013.4
2022-11-18 03:00:00,1.135,1013.6
2022-11-18 04:00:00,0.707,1014.0
2022-11-18 05:00:00,0.588,1014.4
2022-11-18 06:00:00,0.787,1014.8
2022-11-18 07:00:00,1.03,1015.3
2022-11-18 08:00:00,1.463,1015.4
2022-11-18 09:00:00,1.958,1015.5
2022-11-18 10:00:00,2.39,1016.1
2022-11-18 11:00:00,2.599,1016.6
2022-11-18 12:00:00,2.554,1017.0
2022-11-18 13:00:00,2.323,1017.2
2022-11-18 14:00:00,1.937,1017.0
2022-11-18 15:00:00,1.48,1016.6
2022-11-18 16:00:00,1.098,1016.1
2022-11-18 17:00:00,0.791,1015.1
2022-11-18 18:00:00,0.811,1014.6
2022-11-18 19:00:00,1.094,1014.6
2022-11-18 20:00:00,1.442,1014.5
2022-11-18 21:00:00,1.896,1015.0
2022-11-18 22:00:00,2.38,1015.1
2022-11-18 23:00:00,2.644,1015.7
2022-11-19 00:00:00,2.664,1016.4
2022-11-19 01:00:00,2.447,1017.0
2022-11-19 02:00:00,2.063,1017.7
2022-11-19 03:00:00,1.568,1018.2
2022-11-19 04:00:00,1.017,1018.6
2022-11-19 05:00:00,0.606,1018.8
2022-11-19 06:00:00,0.453,1019.2
2022-11-19 07:00:00,0.65,1020.1
2022-11-19 08:00:00,1.019,1020.3
2022-11-19 09:00:00,1.534,1020.2
2022-11-19 10:00:00,2.112,1020.7
2022-11-19 11:00:00,2.579,1021.4
2022-11-19 12:00:00,2.826,1021.7
2022-11-19 13:00:00,2.756,1022.5
2022-11-19 14:00:00,2.53,1022.2
2022-11-19 15:00:00,2.031,1022.1
2022-11-19 16:00:00,1.498,1021.4
2022-11-19 17:00:00,0.969,1020.1
2022-11-19 18:00:00,0.691,1018.8
2022-11-19 19:00:00,0.771,1018.2
2022-11-19 20:00:00,0.984,1017.6
2022-11-19 21:00:00,1.407,1017.2
2022-11-19 22:00:00,1.925,1017.3
2022-11-19 23:00:00,2.398,1017.5
2022-11-20 00:00:00,2.705,1017.7
2022-11-20 01:00:00,2.702,1017.9
2022-11-20 02:00:00,2.455,1017.7
2022-11-20 03:00:00,2.039,1017.5
2022-11-20 04:00:00,1.475,1017.1
2022-11-20 05:00:00,0.913,1016.5
2022-11-20 06:00:00,0.562,1015.5
2022-11-20 07:00:00,0.488,1014.3
2022-11-20 08:00:00,0.78,1013.5
2022-11-20 09:00:00,1.237,1012.6
2022-11-20 10:00:00,1.799,1011.7
2022-11-20 11:00:00,2.38,1011.7
2022-11-20 12:00:00,2.804,1011.8
2022-11-20 13:00:00,2.992,1012.8
2022-11-20 14:00:00,2.823,1013.0
2022-11-20 15:00:00,2.37,1013.6
2022-11-20 16:00:00,1.84,1013.2
2022-11-20 17:00:00,1.185,1012.8
2022-11-20 18:00:00,0.556,1013.1
2022-11-20 19:00:00,0.276,1013.7
2022-11-20 20:00:00,0.357,1014.6
2022-11-20 21:00:00,0.729,1016.0
2022-11-20 22:00:00,1.188,1017.2
2022-11-20 23:00:00,1.686,1018.7
2022-11-21 00:00:00,2.274,1019.7
2022-11-21 01:00:00,2.543,1020.2
2022-11-21 02:00:00,2.475,1021.0
2022-11-21 03:00:00,2.115,1022.3
2022-11-21 04:00:00,1.62,1022.7
2022-11-21 05:00:00,1.033,1023.4
2022-11-21 06:00:00,0.504,1024.4
2022-11-21 07:00:00,0.137,1025.6
2022-11-21 08:00:00,0.175,1026.7
2022-11-21 09:00:00,0.522,1027.4
2022-11-21 10:00:00,1.015,1028.5
2022-11-21 11:00:00,1.667,1029.5
2022-11-21 12:00:00,2.294,1030.5
2022-11-21 13:00:00,2.682,1030.9
2022-11-21 14:00:00,2.807,1030.5
2022-11-21 15:00:00,2.558,1030.3
2022-11-21 16:00:00,2.101,1029.3
2022-11-21 17:00:00,1.482,1027.8
2022-11-21 18:00:00,0.829,1026.6
2022-11-21 19:00:00,0.284,1025.2
2022-11-21 20:00:00,0.087,1024.1
2022-11-21 21:00:00,0.269,1023.6
2022-11-21 22:00:00,0.721,1023.2
2022-11-21 23:00:00,1.279,1022.1
2022-11-22 00:00:00,1.929,1021.3
2022-11-22 01:00:00,2.39,1021.0
2022-11-22 02:00:00,2.569,1020.8
2022-11-22 03:00:00,2.518,1020.9
2022-11-22 04:00:00,2.062,1020.7
2022-11-22 05:00:00,1.526,1020.7
2022-11-22 06:00:00,0.893,1021.0
2022-11-22 07:00:00,0.287,1021.5
2022-11-22 08:00:00,0.017,1022.4
2022-11-22 09:00:00,0.117,1023.0
2022-11-22 10:00:00,0.595,1023.9
2022-11-22 11:00:00,1.171,1024.6
2022-11-22 12:00:00,1.848,1025.5
2022-11-22 13:00:00,2.557,1026.2
2022-11-22 14:00:00,2.964,1026.7
2022-11-22 15:00:00,2.975,1026.3
2022-11-22 16:00:00,2.631,1025.8
2022-11-22 17:00:00,2.04,1024.9
2022-11-22 18:00:00,1.383,1024.2
2022-11-22 19:00:00,0.683,1023.7
2022-11-22 20:00:00,0.133,1023.1
2022-11-22 21:00:00,0.039,1022.7
2022-11-22 22:00:00,0.446,1022.7
2022-11-22 23:00:00,0.948,1022.6
2022-11-23 00:00:00,1.603,1022.6
2022-11-23 01:00:00,2.304,1022.2
2022-11-23 02:00:00,2.808,1021.8
2022-11-23 03:00:00,2.973,1021.3
2022-11-23 04:00:00,2.747,1020.9
2022-11-23 05:00:00,2.28,1020.3
2022-11-23 06:00:00,1.665,1019.9
2022-11-23 07:00:00,0.995,1019.4
2022-11-23 08:00:00,0.468,1018.9
2022-11-23 09:00:00,0.226,1018.9
2022-11-23 10:00:00,0.544,1019.0
2022-11-23 11:00:00,1.062,1019.3
2022-11-23 12:00:00,1.775,1019.7
2022-11-23 13:00:00,2.511,1020.3
2022-11-23 14:00:00,3.112,1020.6
2022-11-23 15:00:00,3.319,1020.6
2022-11-23 16:00:00,3.116,1020.7
2022-11-23 17:00:00,2.601,1020.6
2022-11-23 18:00:00,1.89,1020.6
2022-11-23 19:00:00,1.074,1020.8
2022-11-23 20:00:00,0.282,1021.5
2022-11-23 21:00:00,-0.234,1022.5
2022-11-23 22:00:00,-0.23,1023.0
2022-11-23 23:00:00,0.239,1023.8
2022-11-24 00:00:00,0.896,1024.8
2022-11-24 01:00:00,1.599,1025.5
2022-11-24 02:00:00,2.372,1026.5
2022-11-24 03:00:00,2.868,1027.0
2022-11-24 04:00:00,2.929,1027.6
2022-11-24 05:00:00,2.692,1028.2
2022-11-24 06:00:00,2.108,1028.5
2022-11-24 07:00:00,1.467,1029.0
2022-11-24 08:00:00,0.762,1029.0
2022-11-24 09:00:00,0.252,1029.2
2022-11-24 10:00:00,0.215,1029.6
2022-11-24 11:00:00,0.696,1029.9
2022-11-24 12:00:00,1.345,1030.1
2022-11-24 13:00:00,2.154,1030.5
2022-11-24 14:00:00,2.907,1030.2
2022-11-24 15:00:00,3.478,1030.0
2022-11-24 16:00:00,3.565,1029.1
2022-11-24 17:00:00,3.219,1028.0
2022-11-24 18:00:00,2.564,1027.1
2022-11-24 19:00:00,1.769,1026.4
2022-11-24 20:00:00,0.844,1025.5
2022-11-24 21:00:00,0.037,1025.4
2022-11-24 22:00:00,-0.395,1024.5
2022-11-24 23:00:00,-0.281,1024.4
2022-11-25 00:00:00,0.256,1024.2
2022-11-25 01:00:00,0.9,1024.0
2022-11-25 02:00:00,1.739,1023.2
2022-11-25 03:00:00,2.536,1022.7
2022-11-25 04:00:00,2.921,1022.6
2022-11-25 05:00:00,2.888,1021.4
2022-11-25 06:00:00,2.577,1020.6
2022-11-25 07:00:00,1.957,1020.1
2022-11-25 08:00:00,1.289,1018.7
2022-11-25 09:00:00,0.575,1017.5
2022-11-25 10:00:00,0.089,1016.1
2022-11-25 11:00:00,0.174,1014.9
2022-11-25 12:00:00,0.755,1014.3
2022-11-25 13:00:00,1.481,1013.7
2022-11-25 14:00:00,2.342,1012.3
2022-11-25 15:00:00,3.193,1010.5
2022-11-25 16:00:00,3.69,1008.4
2022-11-25 17:00:00,3.739,1006.0
2022-11-25 18:00:00,3.36,1005.1
2022-11-25 19:00:00,2.659,1004.4
2022-11-25 20:00:00,1.832,1003.8
2022-11-25 21:00:00,0.946,1003.7
2022-11-25 22:00:00,0.194,1003.6
2022-11-25 23:00:00,-0.164,1003.7
2022-11-26 00:00:00,0.066,1004.0
2022-11-26 01:00:00,0.57,1004.5
2022-11-26 02:00:00,1.291,1005.1
2022-11-26 03:00:00,2.074,1005.8
2022-11-26 04:00:00,2.794,1006.1
2022-11-26 05:00:00,3.136,1006.7
2022-11-26 06:00:00,3.009,1007.2
2022-11-26 07:00:00,2.598,1007.9
2022-11-26 08:00:00,1.983,1008.5
2022-11-26 09:00:00,1.221,1009.2
2022-11-26 10:00:00,0.495,1010.2
2022-11-26 11:00:00,0.101,1010.4
2022-11-26 12:00:00,0.238,1011.6
2022-11-26 13:00:00,0.776,1012.5
2022-11-26 14:00:00,1.49,1012.7
2022-11-26 15:00:00,2.3,1012.6
2022-11-26 16:00:00,3.086,1012.5
2022-11-26 17:00:00,3.512,1011.7
2022-11-26 18:00:00,3.447,1011.1
2022-11-26 19:00:00,3.074,1010.4
2022-11-26 20:00:00,2.435,1010.7
2022-11-26 21:00:00,1.581,1010.6
2022-11-26 22:00:00,0.717,1010.7
2022-11-26 23:00:00,0.07,1011.0
2022-11-27 00:00:00,-0.18,1010.5
2022-11-27 01:00:00,0.112,1010.6
2022-11-27 02:00:00,0.572,1011.2
2022-11-27 03:00:00,1.273,1009.9
2022-11-27 04:00:00,2.074,1009.8
2022-11-27 05:00:00,2.714,1010.5
2022-11-27 06:00:00,3.026,1010.1
2022-11-27 07:00:00,2.916,1010.2
2022-11-27 08:00:00,2.55,1010.3
2022-11-27 09:00:00,1.921,1009.7
2022-11-27 10:00:00,1.256,1009.6
2022-11-27 11:00:00,0.622,1009.7
2022-11-27 12:00:00,0.333,1009.8
2022-11-27 13:00:00,0.598,1009.5
2022-11-27 14:00:00,1.179,1008.9
2022-11-27 15:00:00,1.911,1008.6
2022-11-27 16:00:00,2.699,1008.2
2022-11-27 17:00:00,3.456,1007.0
2022-11-27 18:00:00,3.839,1006.0
2022-11-27 19:00:00,3.758,1005.4
2022-11-27 20:00:00,3.24,1004.4
2022-11-27 21:00:00,2.6,1003.9
2022-11-27 22:00:00,1.749,1003.5
2022-11-27 23:00:00,0.962,1000.3
2022-11-28 00:00:00,0.288,997.9
2022-11-28 01:00:00,0.084,995.4
2022-11-28 02:00:00,0.36,992.9
2022-11-28 03:00:00,0.961,991.0
2022-11-28 04:00:00,1.636,989.6
2022-11-28 05:00:00,2.434,989.2
2022-11-28 06:00:00,3.004,990.4
2022-11-28 07:00:00,3.328,991.0
2022-11-28 08:00:00,3.127,991.9
2022-11-28 09:00:00,2.647,992.2
2022-11-28 10:00:00,2.027,993.0
2022-11-28 11:00:00,1.243,993.8
2022-11-28 12:00:00,0.669,994.9
2022-11-28 13:00:00,0.163,996.5
2022-11-28 14:00:00,0.415,997.7
2022-11-28 15:00:00,1.01,1000.3
2022-11-28 16:00:00,1.631,1001.3
2022-11-28 17:00:00,2.386,1001.9
2022-11-28 18:00:00,3.036,1002.9
2022-11-28 19:00:00,3.447,1004.0
2022-11-28 20:00:00,3.398,1005.1
2022-11-28 21:00:00,2.983,1006.7
2022-11-28 22:00:00,2.338,1008.2
2022-11-28 23:00:00,1.567,1009.9
2022-11-29 00:00:00,0.837,1011.3
2022-11-29 01:00:00,0.203,1012.8
2022-11-29 02:00:00,0.005,1013.9
2022-11-29 03:00:00,0.303,1014.9
2022-11-29 04:00:00,0.746,1016.1
2022-11-29 05:00:00,1.422,1016.9
2022-11-29 06:00:00,2.192,1017.5
2022-11-29 07:00:00,2.791,1018.4
2022-11-29 08:00:00,3.083,1019.5
2022-11-29 09:00:00,2.917,1020.8
2022-11-29 10:00:00,2.538,1021.5
2022-11-29 11:00:00,1.985,1022.5
2022-11-29 12:00:00,1.316,1023.4
2022-11-29 13:00:00,0.717,1023.9
2022-11-29 14:00:00,0.41,1025.0
2022-11-29 15:00:00,0.614,1025.6
2022-11-29 16:00:00,1.111,1026.1
2022-11-29 17:00:00,1.697,1025.7
2022-11-29 18:00:00,2.416,1025.1
2022-11-29 19:00:00,3.041,1024.7
2022-11-29 20:00:00,3.384,1025.0
2022-11-29 21:00:00,3.295,1025.8
2022-11-29 22:00:00,2.894,1026.2
2022-11-29 23:00:00,2.337,1026.3
2022-11-30 00:00:00,1.559,1026.2
2022-11-30 01:00:00,0.828,1026.0
2022-11-30 02:00:00,0.186,1026.3
2022-11-30 03:00:00,-0.003,1026.6
2022-11-30 04:00:00,0.303,1026.6
2022-11-30 05:00:00,0.753,1026.5
2022-11-30 06:00:00,1.393,1025.7
2022-11-30 07:00:00,2.131,1025.5
2022-11-30 08:00:00,2.703,1024.4
2022-11-30 09:00:00,2.985,1023.7
2022-11-30 10:00:00,2.872,1023.6
2022-11-30 11:00:00,2.565,1022.7
2022-11-30 12:00:00,2.048,1022.0
2022-11-30 13:00:00,1.45,1021.8
2022-11-30 14:00:00,0.852,1020.9
2022-11-30 15:00:00,0.577,1019.3
2022-11-30 16:00:00,0.753,1016.8
2022-11-30 17:00:00,1.18,1014.2
2022-11-30 18:00:00,1.831,1010.7
2022-11-30 19:00:00,2.417,1009.0
2022-11-30 20:00:00,3.026,1007.9
2022-11-30 21:00:00,3.367,1006.5
2022-11-30 22:00:00,3.382,1004.5
2022-11-30 23:00:00,3.01,1002.3
2022-12-01 00:00:00,2.444,1000.5
2022-12-01 01:00:00,1.797,1000.7
2022-12-01 02:00:00,0.968,1002.7
2022-12-01 03:00:00,0.498,1003.5
2022-12-01 04:00:00,0.296,1004.0
2022-12-01 05:00:00,0.545,1005.8
2022-12-01 06:00:00,0.976,1006.5
2022-12-01 07:00:00,1.557,1008.5
2022-12-01 08:00:00,2.171,1009.3
2022-12-01 09:00:00,2.741,1010.0
2022-12-01 10:00:00,2.998,1011.6
2022-12-01 11:00:00,2.808,1012.9
2022-12-01 12:00:00,2.345,1014.0
2022-12-01 13:00:00,1.87,1015.1
2022-12-01 14:00:00,1.267,1015.8
2022-12-01 15:00:00,0.472,1016.5
2022-12-01 16:00:00,0.272,1016.9
2022-12-01 17:00:00,0.227,1017.0
2022-12-01 18:00:00,0.652,1017.3
2022-12-01 19:00:00,1.23,1017.9
2022-12-01 20:00:00,1.87,1019.2
2022-12-01 21:00:00,2.501,1020.9
2022-12-01 22:00:00,2.82,1022.5
2022-12-01 23:00:00,2.852,1023.8
2022-12-02 00:00:00,2.501,1024.6
2022-12-02 01:00:00,2.005,1025.5
2022-12-02 02:00:00,1.337,1026.4
2022-12-02 03:00:00,0.579,1026.8
2022-12-02 04:00:00,0.078,1027.3
2022-12-02 05:00:00,-0.04,1027.9
2022-12-02 06:00:00,0.272,1028.5
2022-12-02 07:00:00,0.74,1028.9
2022-12-02 08:00:00,1.375,1029.4
2022-12-02 09:00:00,2.096,1030.5
2022-12-02 10:00:00,2.696,1031.5
2022-12-02 11:00:00,2.91,1032.1
2022-12-02 12:00:00,2.839,1032.8
2022-12-02 13:00:00,2.471,1033.1
2022-12-02 14:00:00,1.928,1033.9
2022-12-02 15:00:00,1.278,1033.7
2022-12-02 16:00:00,0.718,1032.9
2022-12-02 17:00:00,0.314,1032.4
2022-12-02 18:00:00,0.33,1031.3
2022-12-02 19:00:00,0.724,1031.3
2022-12-02 20:00:00,1.175,1031.6
2022-12-02 21:00:00,1.867,1031.5
2022-12-02 22:00:00,2.476,1031.8
2022-12-02 23:00:00,2.886,1031.9
2022-12-03 00:00:00,2.911,1032.2
2022-12-03 01:00:00,2.575,1032.2
2022-12-03 02:00:00,2.109,1031.6
2022-12-03 03:00:00,1.49,1030.9
2022-12-03 04:00:00,0.802,1030.5
2022-12-03 05:00:00,0.288,1030.3
2022-12-03 06:00:00,0.1,1029.9
2022-12-03 07:00:00,0.39,1029.3
2022-12-03 08:00:00,0.946,1028.1
2022-12-03 09:00:00,1.539,1026.8
2022-12-03 10:00:00,2.23,1025.4
2022-12-03 11:00:00,2.831,1024.0
2022-12-03 12:00:00,3.114,1023.0
2022-12-03 13:00:00,3.029,1021.9
2022-12-03 14:00:00,2.623,1020.6
2022-12-03 15:00:00,2.063,1019.2
2022-12-03 16:00:00,1.421,1017.3
2022-12-03 17:00:00,0.765,1015.2
2022-12-03 18:00:00,0.31,1013.6
2022-12-03 19:00:00,0.329,1012.1
2022-12-03 20:00:00,0.76,1011.6
2022-12-03 21:00:00,1.236,1010.7
2022-12-03 22:00:00,1.912,1010.4
2022-12-03 23:00:00,2.581,1010.2
2022-12-04 00:00:00,2.984,1009.9
2022-12-04 01:00:00,3.006,1011.7
2022-12-04 02:00:00,2.588,1013.0
2022-12-04 03:00:00,2.083,1014.3
2022-12-04 04:00:00,1.494,1014.9
2022-12-04 05:00:00,0.805,1014.7
2022-12-04 06:00:00,0.3,1015.2
2022-12-04 07:00:00,0.117,1016.6
2022-12-04 08:00:00,0.397,1017.4
2022-12-04 09:00:00,0.854,1017.7
2022-12-04 10:00:00,1.524,1018.0
2022-12-04 11:00:00,2.228,1018.8
2022-12-04 12:00:00,2.789,1020.2
2022-12-04 13:00:00,2.991,1020.9
2022-12-04 14:00:00,2.806,1021.2
2022-12-04 15:00:00,2.479,1020.7
2022-12-04 16:00:00,1.917,1020.2
2022-12-04 17:00:00,1.175,1019.3
2022-12-04 18:00:00,0.576,1019.0
2022-12-04 19:00:00,0.167,1019.1
2022-12-04 20:00:00,0.191,1019.9
2022-12-04 21:00:00,0.591,1020.5
2022-12-04 22:00:00,1.108,1021.5
2022-12-04 23:00:00,1.782,1021.8
2022-12-05 00:00:00,2.428,1021.8
2022-12-05 01:00:00,2.791,1022.2
2022-12-05 02:00:00,2.832,1022.0
2022-12-05 03:00:00,2.564,1022.3
2022-12-05 04:00:00,2.064,1022.2
2022-12-05 05:00:00,1.471,1022.2
2022-12-05 06:00:00,0.907,1022.6
2022-12-05 07:00:00,0.439,1022.9
2022-12-05 08:00:00,0.39,1023.3
2022-12-05 09:00:00,0.79,1023.1
2022-12-05 10:00:00,1.305,1023.4
2022-12-05 11:00:00,1.964,1023.8
2022-12-05 12:00:00,2.618,1024.5
2022-12-05 13:00:00,3.098,1025.2
2022-12-05 14:00:00,3.279,1025.4
2022-12-05 15:00:00,3.045,1025.8
2022-12-05 16:00:00,2.506,1025.4
2022-12-05 17:00:00,1.82,1024.7
2022-12-05 18:00:00,1.138,1024.6
2022-12-05 19:00:00,0.451,1024.4
2022-12-05 20:00:00,0.075,1024.5
2022-12-05 21:00:00,0.204,1025.3
2022-12-05 22:00:00,0.664,1026.4
2022-12-05 23:00:00,1.232,1027.2
2022-12-06 00:00:00,1.9,1027.2
2022-12-06 01:00:00,2.525,1027.4
2022-12-06 02:00:00,2.858,1027.9
2022-12-06 03:00:00,2.812,1028.3
2022-12-06 04:00:00,2.495,1028.4
2022-12-06 05:00:00,1.961,1028.7
2022-12-06 06:00:00,1.319,1028.7
2022-12-06 07:00:00,0.741,1029.1
2022-12-06 08:00:00,0.327,1029.6
2022-12-06 09:00:00,0.393,1029.6
2022-12-06 10:00:00,0.811,1029.3
2022-12-06 11:00:00,1.396,1029.6
2022-12-06 12:00:00,2.049,1029.8
2022-12-06 13:00:00,2.76,1029.9
2022-12-06 14:00:00,3.2,1030.4
2022-12-06 15:00:00,3.236,1030.5
2022-12-06 16:00:00,2.951,1029.7
2022-12-06 17:00:00,2.406,1029.4
2022-12-06 18:00:00,1.709,1028.9
2022-12-06 19:00:00,0.99,1028.7
2022-12-06 20:00:00,0.33,1029.0
2022-12-06 21:00:00,0.087,1029.0
2022-12-06 22:00:00,0.318,1029.2
2022-12-06 23:00:00,0.798,1029.4
2022-12-07 00:00:00,1.384,1029.4
2022-12-07 01:00:00,2.069,1029.3
2022-12-07 02:00:00,2.683,1029.0
2022-12-07 03:00:00,2.945,1029.1
2022-12-07 04:00:00,2.818,1028.5
2022-12-07 05:00:00,2.511,1028.2
2022-12-07 06:00:00,1.928,1027.5
2022-12-07 07:00:00,1.332,1027.8
2022-12-07 08:00:00,0.739,1026.8
2022-12-07 09:00:00,0.417,1026.5
2022-12-07 10:00:00,0.622,1025.7
2022-12-07 11:00:00,1.104,1025.4
2022-12-07 12:00:00,1.691,1024.9
2022-12-07 13:00:00,2.352,1024.5
2022-12-07 14:00:00,2.974,1024.2
2022-12-07 15:00:00,3.28,1023.4
2022-12-07 16:00:00,3.225,1022.5
2022-12-07 17:00:00,2.829,1021.4
2022-12-07 18:00:00,2.231,1020.7
2022-12-07 19:00:00,1.498,1019.8
2022-12-07 20:00:00,0.799,1019.3
2022-12-07 21:00:00,0.244,1018.5
2022-12-07 22:00:00,0.116,1017.6
2022-12-07 23:00:00,0.449,1017.0
2022-12-08 00:00:00,0.918,1016.4
2022-12-08 01:00:00,1.572,1015.9
2022-12-08 02:00:00,2.286,1016.1
2022-12-08 03:00:00,2.781,1015.5
2022-12-08 04:00:00,2.964,1015.4
2022-12-08 05:00:00,2.778,1015.4
2022-12-08 06:00:00,2.398,1015.8
2022-12-08 07:00:00,1.825,1016.5
2022-12-08 08:00:00,1.168,1017.1
2022-12-08 09:00:00,0.65,1017.5
2022-12-08 10:00:00,0.433,1018.2
2022-12-08 11:00:00,0.737,1019.0
2022-12-08 12:00:00,1.211,1019.1
2022-12-08 13:00:00,1.861,1019.9
2022-12-08 14:00:00,2.493,1019.8
2022-12-08 15:00:00,3.039,1020.4
2022-12-08 16:00:00,3.249,1019.8
2022-12-08 17:00:00,3.076,1019.6
2022-12-08 18:00:00,2.599,1019.0
2022-12-08 19:00:00,2.005,1019.0
2022-12-08 20:00:00,1.292,1019.7
2022-12-08 21:00:00,0.567,1020.5
2022-12-08 22:00:00,0.13,1020.9
2022-12-08 23:00:00,0.155,1021.2
2022-12-09 00:00:00,0.549,1021.9
2022-12-09 01:00:00,1.073,1022.5
2022-12-09 02:00:00,1.696,1022.9
2022-12-09 03:00:00,2.332,1023.2
2022-12-09 04:00:00,2.752,1023.4
2022-12-09 05:00:00,2.795,1023.3
2022-12-09 06:00:00,2.567,1022.9
2022-12-09 07:00:00,2.105,1023.1
2022-12-09 08:00:00,1.518,1023.0
2022-12-09 09:00:00,0.951,1023.0
2022-12-09 10:00:00,0.588,1022.9
2022-12-09 11:00:00,0.583,1023.4
2022-12-09 12:00:00,0.962,1023.7
2022-12-09 13:00:00,1.484,1023.8
2022-12-09 14:00:00,2.151,1023.9
2022-12-09 15:00:00,2.786,1023.8
2022-12-09 16:00:00,3.209,1023.1
2022-12-09 17:00:00,3.286,1022.6
2022-12-09 18:00:00,2.986,1022.4
2022-12-09 19:00:00,2.479,1022.2
2022-12-09 20:00:00,1.825,1022.5
2022-12-09 21:00:00,1.12,1022.8
2022-12-09 22:00:00,0.545,1023.4
2022-12-09 23:00:00,0.275,1023.5
2022-12-10 00:00:00,0.486,1023.9
2022-12-10 01:00:00,0.933,1024.2
2022-12-10 02:00:00,1.493,1024.7
2022-12-10 03:00:00,2.148,1025.1
2022-12-10 04:00:00,2.723,1025.5
2022-12-10 05:00:00,3.052,1025.9
2022-12-10 06:00:00,3.009,1026.3
2022-12-10 07:00:00,2.699,1026.9
2022-12-10 08:00:00,2.217,1027.1
2022-12-10 09:00:00,1.598,1027.4
2022-12-10 10:00:00,1.066,1027.6
2022-12-10 11:00:00,0.749,1028.4
2022-12-10 12:00:00,0.826,1029.0
2022-12-10 13:00:00,1.271,1029.8
2022-12-10 14:00:00,1.765,1030.1
2022-12-10 15:00:00,2.365,1030.6
2022-12-10 16:00:00,2.927,1030.5
2022-12-10 17:00:00,3.225,1030.4
2022-12-10 18:00:00,3.192,1029.9
2022-12-10 19:00:00,2.848,1029.6
2022-12-10 20:00:00,2.294,1029.8
2022-12-10 21:00:00,1.63,1029.8
2022-12-10 22:00:00,0.982,1030.6
2022-12-10 23:00:00,0.543,1031.5
2022-12-11 00:00:00,0.374,1031.3
2022-12-11 01:00:00,0.64,1030.7
2022-12-11 02:00:00,1.086,1029.7
2022-12-11 03:00:00,1.643,1029.3
2022-12-11 04:00:00,2.217,1030.3
2022-12-11 05:00:00,2.616,1030.3
2022-12-11 06:00:00,2.82,1030.1
2022-12-11 07:00:00,2.657,1030.3
2022-12-11 08:00:00,2.277,1029.9
2022-12-11 09:00:00,1.849,1029.8
2022-12-11 10:00:00,1.264,1029.9
2022-12-11 11:00:00,0.855,1029.6
2022-12-11 12:00:00,0.649,1029.7
2022-12-11 13:00:00,0.905,1029.1
2022-12-11 14:00:00,1.388,1029.1
2022-12-11 15:00:00,1.971,1028.7
2022-12-11 16:00:00,2.517,1027.9
2022-12-11 17:00:00,2.973,1026.7
2022-12-11 18:00:00,3.204,1025.5
2022-12-11 19:00:00,3.02,1024.7
2022-12-11 20:00:00,2.567,1024.2
2022-12-11 21:00:00,2.006,1023.7
2022-12-11 22:00:00,1.374,1023.3
2022-12-11 23:00:00,0.756,1022.5
2022-12-12 00:00:00,0.415,1022.0
2022-12-12 01:00:00,0.432,1021.7
2022-12-12 02:00:00,0.785,1020.9
2022-12-12 03:00:00,1.293,1020.6
2022-12-12 04:00:00,1.789,1020.5
2022-12-12 05:00:00,2.404,1020.0
2022-12-12 06:00:00,2.768,1019.7
2022-12-12 07:00:00,2.842,1019.5
2022-12-12 08:00:00,2.646,1019.3
2022-12-12 09:00:00,2.228,1018.9
2022-12-12 10:00:00,1.741,1019.2
2022-12-12 11:00:00,1.219,1019.9
2022-12-12 12:00:00,0.837,1020.5
2022-12-12 13:00:00,0.796,1021.1
2022-12-12 14:00:00,1.154,1021.4
2022-12-12 15:00:00,1.597,1021.4
2022-12-12 16:00:00,2.126,1021.0
2022-12-12 17:00:00,2.671,1020.6
2022-12-12 18:00:00,3.089,1020.7
2022-12-12 19:00:00,3.134,1020.5
2022-12-12 20:00:00,2.929,1020.6
2022-12-12 21:00:00,2.415,1020.9
2022-12-12 22:00:00,1.874,1021.2
2022-12-12 23:00:00,1.266,1021.5
2022-12-13 00:00:00,0.74,1021.7
2022-12-13 01:00:00,0.473,1021.4
2022-12-13 02:00:00,0.662,1021.6
2022-12-13 03:00:00,1.002,1021.9
2022-12-13 04:00:00,1.467,1021.8
2022-12-13 05:00:00,2.032,1021.3
2022-12-13 06:00:00,2.561,1021.4
2022-12-13 07:00:00,2.816,1021.8
2022-12-13 08:00:00,2.773,1021.4
2022-12-13 09:00:00,2.532,1021.0
2022-12-13 10:00:00,2.123,1020.8
2022-12-13 11:00:00,1.622,1021.4
2022-12-13 12:00:00,1.143,1021.4
2022-12-13 13:00:00,0.898,1021.6
2022-12-13 14:00:00,1.004,1022.0
2022-12-13 15:00:00,1.343,1021.6
2022-12-13 16:00:00,1.768,1021.0
2022-12-13 17:00:00,2.27,1020.2
2022-12-13 18:00:00,2.767,1019.3
2022-12-13 19:00:00,3.054,1019.1
2022-12-13 20:00:00,3.037,1018.8
2022-12-13 21:00:00,2.724,1018.7
2022-12-13 22:00:00,2.275,1018.5
2022-12-13 23:00:00,1.696,1018.0
2022-12-14 00:00:00,1.127,1018.1
2022-12-14 01:00:00,0.659,1017.3
2022-12-14 02:00:00,0.549,1016.4
2022-12-14 03:00:00,0.772,1015.6
2022-12-14 04:00:00,1.138,1015.1
2022-12-14 05:00:00,1.621,1014.3
2022-12-14 06:00:00,2.184,1014.0
2022-12-14 07:00:00,2.588,1014.5
2022-12-14 08:00:00,2.691,1014.5
2022-12-14 09:00:00,2.541,1014.7
2022-12-14 10:00:00,2.246,1015.2
2022-12-14 11:00:00,1.779,1015.2
2022-12-14 12:00:00,1.251,1015.4
2022-12-14 13:00:00,0.778,1015.5
2022-12-14 14:00:00,0.627,1015.5
2022-12-14 15:00:00,0.761,1015.6
2022-12-14 16:00:00,1.22,1014.8
2022-12-14 17:00:00,1.636,1013.9
2022-12-14 18:00:00,2.185,1013.7
2022-12-14 19:00:00,2.593,1013.8
2022-12-14 20:00:00,2.855,1015.0
2022-12-14 21:00:00,2.794,1016.2
2022-12-14 22:00:00,2.459,1016.9
2022-12-14 23:00:00,2.043,1017.6
2022-12-15 00:00:00,1.585,1018.7
2022-12-15 01:00:00,1.11,1019.5
2022-12-15 02:00:00,0.864,1020.0
2022-12-15 03:00:00,0.846,1020.8
2022-12-15 04:00:00,1.16,1022.1
2022-12-15 05:00:00,1.488,1022.4
2022-12-15 06:00:00,1.979,1022.6
2022-12-15 07:00:00,2.519,1023.5
2022-12-15 08:00:00,2.772,1023.7
2022-12-15 09:00:00,2.892,1023.9
2022-12-15 10:00:00,2.652,1024.2
2022-12-15 11:00:00,2.325,1024.2
2022-12-15 12:00:00,1.851,1023.9
2022-12-15 13:00:00,1.422,1025.0
2022-12-15 14:00:00,1.103,1025.0
2022-12-15 15:00:00,1.016,1025.3
2022-12-15 16:00:00,1.268,1025.2
2022-12-15 17:00:00,1.593,1024.4
2022-12-15 18:00:00,2.093,1023.4
2022-12-15 19:00:00,2.648,1023.2
2022-12-15 20:00:00,3.032,1023.2
2022-12-15 21:00:00,3.145,1023.6
2022-12-15 22:00:00,3.026,1022.5
2022-12-15 23:00:00,2.639,1023.0
2022-12-16 00:00:00,2.171,1022.1
2022-12-16 01:00:00,1.545,1021.8
2022-12-16 02:00:00,1.153,1020.1
2022-12-16 03:00:00,0.911,1019.8
2022-12-16 04:00:00,0.955,1020.9
2022-12-16 05:00:00,1.239,1019.2
2022-12-16 06:00:00,1.751,1018.4
2022-12-16 07:00:00,2.253,1018.1
2022-12-16 08:00:00,2.728,1017.5
2022-12-16 09:00:00,3.063,1015.8
2022-12-16 10:00:00,3.164,1015.3
2022-12-16 11:00:00,2.881,1014.5
2022-12-16 12:00:00,2.603,1014.3
2022-12-16 13:00:00,2.086,1013.1
2022-12-16 14:00:00,1.65,1012.0
2022-12-16 15:00:00,1.333,1011.1
2022-12-16 16:00:00,1.156,1008.9
2022-12-16 17:00:00,1.447,1007.2
2022-12-16 18:00:00,1.826,1006.3
2022-12-16 19:00:00,2.282,1005.4
2022-12-16 20:00:00,2.645,1004.5
2022-12-16 21:00:00,3.141,1003.9
2022-12-16 22:00:00,3.241,1003.1
2022-12-16 23:00:00,3.079,
2022-12-17 00:00:00,2.773,1001.8
2022-12-17 01:00:00,2.247,1000.7
2022-12-17 02:00:00,1.793,999.2
2022-12-17 03:00:00,1.385,998.1
2022-12-17 04:00:00,1.134,996.8
2022-12-17 05:00:00,1.332,995.9
2022-12-17 06:00:00,1.618,995.1
2022-12-17 07:00:00,2.052,995.6
2022-12-17 08:00:00,2.539,995.4
2022-12-17 09:00:00,3.007,995.3
2022-12-17 10:00:00,3.288,995.8
2022-12-17 11:00:00,3.227,996.8
2022-12-17 12:00:00,2.927,997.6
2022-12-17 13:00:00,2.469,998.4
2022-12-17 14:00:00,1.926,999.4
2022-12-17 15:00:00,1.442,1000.1
2022-12-17 16:00:00,1.057,999.8
2022-12-17 17:00:00,0.972,999.8
2022-12-17 18:00:00,1.22,999.8
2022-12-17 19:00:00,1.527,1000.5
2022-12-17 20:00:00,1.971,1001.4
2022-12-17 21:00:00,2.434,1002.2
2022-12-17 22:00:00,2.845,1003.3
2022-12-17 23:00:00,2.892,1004.0
2022-12-18 00:00:00,2.754,1004.5
2022-12-18 01:00:00,2.416,1005.1
2022-12-18 02:00:00,1.893,1005.6
2022-12-18 03:00:00,1.453,1006.0
2022-12-18 04:00:00,1.012,1006.2
2022-12-18 05:00:00,0.831,1006.2
2022-12-18 06:00:00,1.044,1006.4
2022-12-18 07:00:00,1.343,1007.5
2022-12-18 08:00:00,1.779,1008.1
2022-12-18 09:00:00,2.327,1008.0
2022-12-18 10:00:00,2.797,1008.0
2022-12-18 11:00:00,3.074,1008.1
2022-12-18 12:00:00,2.996,1008.3
2022-12-18 13:00:00,2.692,1008.9
2022-12-18 14:00:00,2.281,1009.2
2022-12-18 15:00:00,1.741,1009.4
2022-12-18 16:00:00,1.242,1008.8
2022-12-18 17:00:00,0.895,1008.1
2022-12-18 18:00:00,0.915,1008.0
2022-12-18 19:00:00,1.204,1008.3
2022-12-18 20:00:00,1.507,1008.9
2022-12-18 21:00:00,1.977,1009.8
2022-12-18 22:00:00,2.48,1010.6
2022-12-18 23:00:00,2.805,1011.4
2022-12-19 00:00:00,2.835,1012.0
2022-12-19 01:00:00,2.561,1012.1
2022-12-19 02:00:00,2.159,1012.3
2022-12-19 03:00:00,1.619,1012.8
2022-12-19 04:00:00,1.071,1013.2
2022-12-19 05:00:00,0.657,1013.3
2022-12-19 06:00:00,0.505,1013.6
2022-12-19 07:00:00,0.798,1014.3
2022-12-19 08:00:00,1.182,1014.7
2022-12-19 09:00:00,1.698,1015.1
2022-12-19 10:00:00,2.3,1015.5
2022-12-19 11:00:00,2.785,1015.9
2022-12-19 12:00:00,2.979,1016.1
2022-12-19 13:00:00,2.883,1016.4
2022-12-19 14:00:00,2.508,1016.6
2022-12-19 15:00:00,1.964,1016.9
2022-12-19 16:00:00,1.326,1016.3
2022-12-19 17:00:00,0.701,1016.2
2022-12-19 18:00:00,0.376,1016.0
2022-12-19 19:00:00,0.348,1016.7
2022-12-19 20:00:00,0.616,1017.3
2022-12-19 21:00:00,1.037,1017.6
2022-12-19 22:00:00,1.653,1018.2
2022-12-19 23:00:00,2.162,1018.5
2022-12-20 00:00:00,2.533,1018.8
2022-12-20 01:00:00,2.573,1018.8
2022-12-20 02:00:00,2.342,1019.3
2022-12-20 03:00:00,1.929,1020.1
2022-12-20 04:00:00,1.348,1020.9
2022-12-20 05:00:00,0.791,1021.3
2022-12-20 06:00:00,0.4,1021.6
2022-12-20 07:00:00,0.348,1022.1
2022-12-20 08:00:00,0.697,1022.2
2022-12-20 09:00:00,1.167,1022.5
2022-12-20 10:00:00,1.81,1023.3
2022-12-20 11:00:00,2.482,1024.2
2022-12-20 12:00:00,2.966,1024.7
2022-12-20 13:00:00,3.166,1025.4
2022-12-20 14:00:00,2.996,1026.1
2022-12-20 15:00:00,2.565,1026.4
2022-12-20 16:00:00,1.926,1026.1
2022-12-20 17:00:00,1.213,1025.5
2022-12-20 18:00:00,0.63,1025.2
2022-12-20 19:00:00,0.295,1025.5
2022-12-20 20:00:00,0.33,1026.1
2022-12-20 21:00:00,0.686,1026.6
2022-12-20 22:00:00,1.201,1027.2
2022-12-20 23:00:00,1.868,1027.9
2022-12-21 00:00:00,2.494,1028.5
2022-12-21 01:00:00,2.875,1028.8
2022-12-21 02:00:00,2.899,1028.9
2022-12-21 03:00:00,2.607,1028.9
2022-12-21 04:00:00,2.103,1029.3
2022-12-21 05:00:00,1.501,1029.2
2022-12-21 06:00:00,0.916,1029.1
2022-12-21 07:00:00,0.492,1029.3
2022-12-21 08:00:00,0.506,1029.7
2022-12-21 09:00:00,0.914,1030.0
2022-12-21 10:00:00,1.461,1030.4
2022-12-21 11:00:00,2.123,1030.7
2022-12-21 12:00:00,2.8,1031.2
2022-12-21 13:00:00,3.294,1031.3
2022-12-21 14:00:00,3.398,1031.6
2022-12-21 15:00:00,3.121,1032.0
2022-12-21 16:00:00,2.494,1031.7
2022-12-21 17:00:00,1.803,1031.1
2022-12-21 18:00:00,1.011,1030.7
2022-12-21 19:00:00,0.298,1030.7
2022-12-21 20:00:00,-0.087,1031.2
2022-12-21 21:00:00,0.025,1031.2
2022-12-21 22:00:00,0.51,1031.4
2022-12-21 23:00:00,1.13,1031.5
2022-12-22 00:00:00,1.846,1031.8
2022-12-22 01:00:00,2.506,1032.1
2022-12-22 02:00:00,2.899,1032.0
2022-12-22 03:00:00,2.847,1032.1
2022-12-22 04:00:00,2.525,1032.3
2022-12-22 05:00:00,1.935,1032.3
2022-12-22 06:00:00,1.253,1032.5
2022-12-22 07:00:00,0.574,1033.1
2022-12-22 08:00:00,0.125,1033.2
2022-12-22 09:00:00,0.181,1033.1
2022-12-22 10:00:00,0.74,1033.2
2022-12-22 11:00:00,1.424,1033.2
2022-12-22 12:00:00,2.184,1033.3
2022-12-22 13:00:00,2.918,1033.3
2022-12-22 14:00:00,3.431,1033.6
2022-12-22 15:00:00,3.514,1032.5
2022-12-22 16:00:00,3.13,1031.8
2022-12-22 17:00:00,2.509,1030.9
2022-12-22 18:00:00,1.667,1030.5
2022-12-22 19:00:00,0.807,1029.4
2022-12-22 20:00:00,0.127,1029.3
2022-12-22 21:00:00,-0.266,1028.6
2022-12-22 22:00:00,-0.016,1028.1
2022-12-22 23:00:00,0.531,1027.1
2022-12-23 00:00:00,1.224,1025.8
2022-12-23 01:00:00,2.101,1024.0
2022-12-23 02:00:00,2.851,1023.4
2022-12-23 03:00:00,3.174,1021.4
2022-12-23 04:00:00,3.229,1018.9
2022-12-23 05:00:00,2.899,1016.2
2022-12-23 06:00:00,2.368,1013.7
2022-12-23 07:00:00,1.637,1011.1
2022-12-23 08:00:00,1.065,1008.4
2022-12-23 09:00:00,0.622,1005.5
2022-12-23 10:00:00,0.766,1003.4
2022-12-23 11:00:00,1.314,1000.7
2022-12-23 12:00:00,2.081,997.6
2022-12-23 13:00:00,2.942,996.3
2022-12-23 14:00:00,3.624,994.5
2022-12-23 15:00:00,4.18,992.4
2022-12-23 16:00:00,4.113,989.9
2022-12-23 17:00:00,3.66,987.0
2022-12-23 18:00:00,3.002,984.4
2022-12-23 19:00:00,2.211,982.7
2022-12-23 20:00:00,1.161,981.8
2022-12-23 21:00:00,0.436,980.5
2022-12-23 22:00:00,0.126,980.7
2022-12-23 23:00:00,0.178,981.7
2022-12-24 00:00:00,0.898,983.1
2022-12-24 01:00:00,1.447,985.6
2022-12-24 02:00:00,2.37,987.3
2022-12-24 03:00:00,2.9,990.1
2022-12-24 04:00:00,3.236,992.8
2022-12-24 05:00:00,2.989,994.5
2022-12-24 06:00:00,2.512,995.8
2022-12-24 07:00:00,1.87,997.6
2022-12-24 08:00:00,1.018,998.8
2022-12-24 09:00:00,0.197,999.6
2022-12-24 10:00:00,-0.105,1000.3
2022-12-24 11:00:00,0.142,1001.4
2022-12-24 12:00:00,0.787,1002.5
2022-12-24 13:00:00,1.579,1003.6
2022-12-24 14:00:00,2.438,1004.2
2022-12-24 15:00:00,3.245,1004.7
2022-12-24 16:00:00,3.642,1004.4
2022-12-24 17:00:00,3.546,1003.5
2022-12-24 18:00:00,3.104,1003.1
2022-12-24 19:00:00,2.363,1003.1
2022-12-24 20:00:00,1.422,1003.6
2022-12-24 21:00:00,0.483,1004.1
2022-12-24 22:00:00,-0.241,1004.9
2022-12-24 23:00:00,-0.498,1005.6
2022-12-25 00:00:00,-0.168,1006.4
2022-12-25 01:00:00,0.428,1006.7
2022-12-25 02:00:00,1.215,1007.1
2022-12-25 03:00:00,2.1,1007.6
2022-12-25 04:00:00,2.799,1007.6
2022-12-25 05:00:00,3.056,1007.6
2022-12-25 06:00:00,2.871,1007.4
2022-12-25 07:00:00,2.4,1007.7
2022-12-25 08:00:00,1.768,1007.9
2022-12-25 09:00:00,0.917,1007.8
2022-12-25 10:00:00,0.284,1008.0
2022-12-25 11:00:00,-0.004,1008.5
2022-12-25 12:00:00,0.16,1009.0
2022-12-25 13:00:00,0.802,1009.6
2022-12-25 14:00:00,1.554,1010.0
2022-12-25 15:00:00,2.464,1010.1
2022-12-25 16:00:00,3.192,1009.3
2022-12-25 17:00:00,3.519,1008.8
2022-12-25 18:00:00,3.395,1008.3
2022-12-25 19:00:00,2.841,1008.5
2022-12-25 20:00:00,2.048,1009.2
2022-12-25 21:00:00,1.121,1010.0
2022-12-25 22:00:00,0.181,1010.6
2022-12-25 23:00:00,-0.5,1011.4
2022-12-26 00:00:00,-0.661,1012.3
2022-12-26 01:00:00,-0.212,1012.8
2022-12-26 02:00:00,0.392,1012.7
2022-12-26 03:00:00,1.246,1013.1
2022-12-26 04:00:00,2.128,1013.2
2022-12-26 05:00:00,2.772,1013.3
2022-12-26 06:00:00,3.042,1013.6
2022-12-26 07:00:00,2.834,1014.4
2022-12-26 08:00:00,2.37,1015.0
2022-12-26 09:00:00,1.695,1015.7
2022-12-26 10:00:00,0.914,1016.4
2022-12-26 11:00:00,0.296,1017.6
2022-12-26 12:00:00,-0.033,1018.5
2022-12-26 13:00:00,0.292,1019.7
2022-12-26 14:00:00,0.884,1020.4
2022-12-26 15:00:00,1.677,1020.5
2022-12-26 16:00:00,2.541,1020.5
2022-12-26 17:00:00,3.252,1020.5
2022-12-26 18:00:00,3.558,1020.2
2022-12-26 19:00:00,3.36,1019.9
2022-12-26 20:00:00,2.797,1020.3
2022-12-26 21:00:00,2.062,1020.8
2022-12-26 22:00:00,1.208,1020.9
2022-12-26 23:00:00,0.317,1021.5
2022-12-27 00:00:00,-0.278,1021.8
2022-12-27 01:00:00,-0.449,1022.2
2022-12-27 02:00:00,0.072,1021.9
2022-12-27 03:00:00,0.709,1022.3
2022-12-27 04:00:00,1.453,1021.6
2022-12-27 05:00:00,2.293,1021.3
2022-12-27 06:00:00,2.883,1021.4
2022-12-27 07:00:00,3.04,1021.4
2022-12-27 08:00:00,2.821,1021.4
2022-12-27 09:00:00,2.278,1021.5
2022-12-27 10:00:00,1.538,1021.5
2022-12-27 11:00:00,0.782,1021.8
2022-12-27 12:00:00,0.12,1022.4
2022-12-27 13:00:00,-0.153,1022.6
2022-12-27 14:00:00,0.21,1022.8
2022-12-27 15:00:00,0.818,1022.8
2022-12-27 16:00:00,1.551,1022.6
2022-12-27 17:00:00,2.378,1021.9
2022-12-27 18:00:00,3.05,1021.3
2022-12-27 19:00:00,3.331,1021.2
2022-12-27 20:00:00,3.154,1021.9
2022-12-27 21:00:00,2.63,1022.5
2022-12-27 22:00:00,1.917,1023.1
2022-12-27 23:00:00,1.111,1024.1
2022-12-28 00:00:00,0.284,1025.1
2022-12-28 01:00:00,-0.305,1025.6
2022-12-28 02:00:00,-0.322,1025.7
2022-12-28 03:00:00,0.127,1025.8
2022-12-28 04:00:00,0.703,1025.6
2022-12-28 05:00:00,1.51,1025.5
2022-12-28 06:00:00,2.318,1026.1
2022-12-28 07:00:00,2.884,1026.5
2022-12-28 08:00:00,3.03,1026.4
2022-12-28 09:00:00,2.793,1026.1
2022-12-28 10:00:00,2.219,1025.9
2022-12-28 11:00:00,1.582,1026.2
2022-12-28 12:00:00,0.796,1026.0
2022-12-28 13:00:00,0.204,1026.6
2022-12-28 14:00:00,0.003,1026.7
2022-12-28 15:00:00,0.361,1026.5
2022-12-28 16:00:00,0.918,1025.3
2022-12-28 17:00:00,1.609,1024.0
2022-12-28 18:00:00,2.365,1023.3
2022-12-28 19:00:00,3.023,1023.0
2022-12-28 20:00:00,3.282,1022.7
2022-12-28 21:00:00,3.094,1022.9
2022-12-28 22:00:00,2.594,1023.1
2022-12-28 23:00:00,1.885,1023.6
2022-12-29 00:00:00,1.116,1023.8
2022-12-29 01:00:00,0.325,1024.0
2022-12-29 02:00:00,-0.16,1024.0
2022-12-29 03:00:00,-0.217,1024.2
2022-12-29 04:00:00,0.258,1023.9
2022-12-29 05:00:00,0.827,1024.0
2022-12-29 06:00:00,1.622,1024.2
2022-12-29 07:00:00,2.343,1024.4
2022-12-29 08:00:00,2.881,1024.3
2022-12-29 09:00:00,3.014,1024.2
2022-12-29 10:00:00,2.732,1024.8
2022-12-29 11:00:00,2.276,1024.7
2022-12-29 12:00:00,1.608,1025.2
2022-12-29 13:00:00,0.919,1026.0
2022-12-29 14:00:00,0.29,1026.3
2022-12-29 15:00:00,0.121,1026.1
2022-12-29 16:00:00,0.426,1025.1
2022-12-29 17:00:00,0.906,1024.2
2022-12-29 18:00:00,1.569,1023.0
2022-12-29 19:00:00,2.276,1022.4
2022-12-29 20:00:00,2.898,1021.7
2022-12-29 21:00:00,3.154,1022.3
2022-12-29 22:00:00,2.97,1022.4
2022-12-29 23:00:00,2.561,1022.6
2022-12-30 00:00:00,1.9,1023.2
2022-12-30 01:00:00,1.158,1023.4
2022-12-30 02:00:00,0.547,1023.8
2022-12-30 03:00:00,0.002,1024.0
2022-12-30 04:00:00,0.05,1023.9
2022-12-30 05:00:00,0.463,1023.7
2022-12-30 06:00:00,1.036,1023.8
2022-12-30 07:00:00,1.758,1024.0
2022-12-30 08:00:00,2.422,1024.1
2022-12-30 09:00:00,2.905,1024.0
2022-12-30 10:00:00,3.028,1023.9
2022-12-30 11:00:00,2.784,1024.1
2022-12-30 12:00:00,2.319,1024.3
2022-12-30 13:00:00,1.652,1024.2
2022-12-30 14:00:00,0.981,1024.3
2022-12-30 15:00:00,0.444,1024.4
2022-12-30 16:00:00,0.194,1023.1
2022-12-30 17:00:00,0.457,1022.6
2022-12-30 18:00:00,0.937,1021.9
2022-12-30 19:00:00,1.555,1021.3
2022-12-30 20:00:00,2.239,1021.2
2022-12-30 21:00:00,2.779,1021.3
2022-12-30 22:00:00,3.064,1021.0
2022-12-30 23:00:00,2.91,1021.0
2022-12-31 00:00:00,2.489,1021.4
2022-12-31 01:00:00,1.92,1021.8
2022-12-31 02:00:00,1.234,1021.7
2022-12-31 03:00:00,0.585,1021.5
2022-12-31 04:00:00,0.169,1021.1
2022-12-31 05:00:00,0.228,1020.6
2022-12-31 06:00:00,0.661,1020.2
2022-12-31 07:00:00,1.252,1020.5
2022-12-31 08:00:00,1.909,1020.0
2022-12-31 09:00:00,2.518,1019.6
2022-12-31 10:00:00,3.011,1018.8
2022-12-31 11:00:00,3.065,1018.5
2022-12-31 12:00:00,2.786,1019.0
2022-12-31 13:00:00,2.314,1018.9
2022-12-31 14:00:00,1.681,1018.6
2022-12-31 15:00:00,1.018,1017.6
2022-12-31 16:00:00,0.42,1016.1
2022-12-31 17:00:00,0.173,1015.2
2022-12-31 18:00:00,0.369,1014.8
2022-12-31 19:00:00,0.813,1014.1
2022-12-31 20:00:00,1.416,1013.7
2022-12-31 21:00:00,2.021,1012.8
2022-12-31 22:00:00,2.619,1011.9
2022-12-31 23:00:00,2.912,1010.7
2023-01-01 00:00:00,2.801,1009.8
2023-01-01 01:00:00,2.488,1008.3
2023-01-01 02:00:00,1.967,1007.8
2023-01-01 03:00:00,1.365,1006.8
2023-01-01 04:00:00,0.781,1005.6
2023-01-01 05:00:00,0.407,1004.9
2023-01-01 06:00:00,0.515,1003.9
2023-01-01 07:00:00,0.92,1003.1
2023-01-01 08:00:00,1.469,1003.3
2023-01-01 09:00:00,2.079,1002.9
2023-01-01 10:00:00,2.701,1003.1
2023-01-01 11:00:00,3.111,1003.8
2023-01-01 12:00:00,3.146,1004.3
2023-01-01 13:00:00,2.886,1005.1
2023-01-01 14:00:00,2.397,1006.2
2023-01-01 15:00:00,1.805,1007.0
2023-01-01 16:00:00,1.09,1007.7
2023-01-01 17:00:00,0.54,1007.9
2023-01-01 18:00:00,0.252,1008.2
2023-01-01 19:00:00,0.499,1009.1
2023-01-01 20:00:00,0.843,1009.7
2023-01-01 21:00:00,1.367,1011.1
2023-01-01 22:00:00,2.009,1011.7
2023-01-01 23:00:00,2.54,1012.6
2023-01-02 00:00:00,2.824,1012.7
2023-01-02 01:00:00,2.705,1013.4
2023-01-02 02:00:00,2.366,1014.2
2023-01-02 03:00:00,1.859,1014.9
2023-01-02 04:00:00,1.244,1015.5
2023-01-02 05:00:00,0.687,1015.1
2023-01-02 06:00:00,0.441,1015.1
2023-01-02 07:00:00,0.554,1015.5
2023-01-02 08:00:00,0.949,1016.0
2023-01-02 09:00:00,1.452,1016.3
2023-01-02 10:00:00,2.063,1016.9
2023-01-02 11:00:00,2.676,1017.1
2023-01-02 12:00:00,3.049,1017.4
2023-01-02 13:00:00,3.115,1017.5
2023-01-02 14:00:00,2.819,1018.1
2023-01-02 15:00:00,2.359,1018.6
2023-01-02 16:00:00,1.694,1018.1
2023-01-02 17:00:00,1.023,1017.7
2023-01-02 18:00:00,0.51,1017.4
2023-01-02 19:00:00,0.295,1017.1
2023-01-02 20:00:00,0.472,1017.5
2023-01-02 21:00:00,0.848,1017.9
2023-01-02 22:00:00,1.374,1018.9
2023-01-02 23:00:00,2.016,1019.6
2023-01-03 00:00:00,2.538,1020.5
2023-01-03 01:00:00,2.775,1020.7
2023-01-03 02:00:00,2.672,1021.1
2023-01-03 03:00:00,2.312,1021.5
2023-01-03 04:00:00,1.825,1021.6
2023-01-03 05:00:00,1.248,1020.9
2023-01-03 06:00:00,0.743,1021.0
2023-01-03 07:00:00,0.44,1021.4
2023-01-03 08:00:00,0.573,1021.2
2023-01-03 09:00:00,0.973,1020.7
2023-01-03 10:00:00,1.53,1020.6
2023-01-03 11:00:00,2.162,1020.9
2023-01-03 12:00:00,2.694,1020.1
2023-01-03 13:00:00,3.1,1019.7
2023-01-03 14:00:00,3.081,1019.5
2023-01-03 15:00:00,2.792,1019.1
2023-01-03 16:00:00,2.245,1017.5
2023-01-03 17:00:00,1.621,1015.9
2023-01-03 18:00:00,1.007,1014.8
2023-01-03 19:00:00,0.503,1012.6
2023-01-03 20:00:00,0.306,1010.9
2023-01-03 21:00:00,0.537,1010.5
2023-01-03 22:00:00,0.98,1009.8
2023-01-03 23:00:00,1.497,1010.2
2023-01-04 00:00:00,2.157,1009.7
2023-01-04 01:00:00,2.589,1009.9
2023-01-04 02:00:00,2.908,1009.8
2023-01-04 03:00:00,2.743,1009.7
2023-01-04 04:00:00,2.35,1009.6
2023-01-04 05:00:00,1.868,1008.9
2023-01-04 06:00:00,1.266,1008.4
2023-01-04 07:00:00,0.787,1008.8
2023-01-04 08:00:00,0.542,1009.2
2023-01-04 09:00:00,0.715,1008.5
2023-01-04 10:00:00,1.202,1008.7
2023-01-04 11:00:00,1.756,1009.0
2023-01-04 12:00:00,2.342,1010.2
2023-01-04 13:00:00,2.93,1010.9
2023-01-04 14:00:00,3.226,1011.5
2023-01-04 15:00:00,3.155,1013.1
2023-01-04 16:00:00,2.772,1013.0
2023-01-04 17:00:00,2.171,1012.2
2023-01-04 18:00:00,1.507,1012.3
2023-01-04 19:00:00,0.875,1012.6
2023-01-04 20:00:00,0.413,1013.3
2023-01-04 21:00:00,0.219,1014.0
2023-01-04 22:00:00,0.544,1014.5
2023-01-04 23:00:00,1.048,1014.7
2023-01-05 00:00:00,1.586,1014.9
2023-01-05 01:00:00,2.268,1014.2
2023-01-05 02:00:00,2.705,1013.9
2023-01-05 03:00:00,2.876,1013.1
2023-01-05 04:00:00,2.762,1013.3
2023-01-05 05:00:00,2.337,1012.6
2023-01-05 06:00:00,1.877,1012.0
2023-01-05 07:00:00,1.299,1012.3
2023-01-05 08:00:00,0.912,1013.0
2023-01-05 09:00:00,0.699,1013.4
2023-01-05 10:00:00,1.034,1014.5
2023-01-05 11:00:00,1.578,1015.5
2023-01-05 12:00:00,2.071,1015.6
2023-01-05 13:00:00,2.726,1016.0
2023-01-05 14:00:00,3.196,1016.6
2023-01-05 15:00:00,3.46,1016.8
2023-01-05 16:00:00,3.271,1016.3
2023-01-05 17:00:00,2.768,1016.2
2023-01-05 18:00:00,2.203,1015.8
2023-01-05 19:00:00,1.524,1015.7
2023-01-05 20:00:00,0.885,1016.0
2023-01-05 21:00:00,0.449,1016.0
2023-01-05 22:00:00,0.542,1016.0
2023-01-05 23:00:00,0.869,1015.9
2023-01-06 00:00:00,1.303,1016.0
2023-01-06 01:00:00,1.904,1016.1
2023-01-06 02:00:00,2.51,1016.3
2023-01-06 03:00:00,2.866,1016.1
2023-01-06 04:00:00,3.005,1016.2
2023-01-06 05:00:00,2.667,1016.7
2023-01-06 06:00:00,2.29,1015.7
2023-01-06 07:00:00,1.821,1016.1
2023-01-06 08:00:00,1.247,1015.5
2023-01-06 09:00:00,0.834,1016.0
2023-01-06 10:00:00,0.852,1015.6
2023-01-06 11:00:00,1.262,1015.4
2023-01-06 12:00:00,1.736,1016.2
2023-01-06 13:00:00,2.31,1017.0
2023-01-06 14:00:00,2.905,1016.4
2023-01-06 15:00:00,3.309,1015.9
2023-01-06 16:00:00,3.453,1015.5
2023-01-06 17:00:00,3.091,1014.6
2023-01-06 18:00:00,2.645,1014.2
2023-01-06 19:00:00,1.953,1014.3
2023-01-06 20:00:00,1.258,1014.6
2023-01-06 21:00:00,0.66,1015.2
2023-01-06 22:00:00,0.359,1015.7
2023-01-06 23:00:00,0.522,1016.1
2023-01-07 00:00:00,0.945,1016.3
2023-01-07 01:00:00,1.463,1016.6
2023-01-07 02:00:00,2.088,1016.9
2023-01-07 03:00:00,2.634,1017.1
2023-01-07 04:00:00,2.96,1017.2
2023-01-07 05:00:00,2.916,1017.1
2023-01-07 06:00:00,2.539,1016.9
2023-01-07 07:00:00,2.072,1017.3
2023-01-07 08:00:00,1.464,1017.3
2023-01-07 09:00:00,0.915,1016.9
2023-01-07 10:00:00,0.63,1017.1
2023-01-07 11:00:00,0.764,1017.4
2023-01-07 12:00:00,1.182,1017.6
2023-01-07 13:00:00,1.799,1017.7
2023-01-07 14:00:00,2.398,1017.9
2023-01-07 15:00:00,3.0,1018.0
2023-01-07 16:00:00,3.302,1017.4
2023-01-07 17:00:00,3.23,1016.6
2023-01-07 18:00:00,2.897,1016.1
2023-01-07 19:00:00,2.341,1015.9
2023-01-07 20:00:00,1.655,1016.5
2023-01-07 21:00:00,0.941,1017.0
2023-01-07 22:00:00,0.422,1017.3
2023-01-07 23:00:00,0.293,1018.0
2023-01-08 00:00:00,0.585,1018.5
2023-01-08 01:00:00,1.011,1019.2
2023-01-08 02:00:00,1.606,1019.9
2023-01-08 03:00:00,2.23,1020.4
2023-01-08 04:00:00,2.681,1021.0
2023-01-08 05:00:00,2.857,1021.4
2023-01-08 06:00:00,2.674,1021.4
2023-01-08 07:00:00,2.268,1022.4
2023-01-08 08:00:00,1.755,1023.3
2023-01-08 09:00:00,1.133,1023.7
2023-01-08 10:00:00,0.666,1024.0
2023-01-08 11:00:00,0.455,1024.9
2023-01-08 12:00:00,0.739,1025.3
2023-01-08 13:00:00,1.236,1025.8
2023-01-08 14:00:00,1.862,1026.4
2023-01-08 15:00:00,2.486,1026.5
2023-01-08 16:00:00,2.973,1025.6
2023-01-08 17:00:00,3.186,1024.7
2023-01-08 18:00:00,3.066,1023.9
2023-01-08 19:00:00,2.619,1023.6
2023-01-08 20:00:00,1.983,1023.1
2023-01-08 21:00:00,1.296,1023.2
2023-01-08 22:00:00,0.681,1022.7
2023-01-08 23:00:00,0.258,1022.6
2023-01-09 00:00:00,0.28,1022.3
2023-01-09 01:00:00,0.661,1021.9
2023-01-09 02:00:00,1.11,1020.9
2023-01-09 03:00:00,1.733,1020.5
2023-01-09 04:00:00,2.328,1020.2
2023-01-09 05:00:00,2.692,1019.3
2023-01-09 06:00:00,2.715,1018.3
2023-01-09 07:00:00,2.513,1017.7
2023-01-09 08:00:00,2.031,1017.0
2023-01-09 09:00:00,1.495,1015.9
2023-01-09 10:00:00,0.966,1015.3
2023-01-09 11:00:00,0.603,1013.9
2023-01-09 12:00:00,0.624,1013.6
2023-01-09 13:00:00,1.01,1013.2
2023-01-09 14:00:00,1.492,1013.1
2023-01-09 15:00:00,2.151,1012.9
2023-01-09 16:00:00,2.703,1011.9
2023-01-09 17:00:00,3.096,1010.5
2023-01-09 18:00:00,3.184,1009.7
2023-01-09 19:00:00,2.867,1009.1
2023-01-09 20:00:00,2.348,1008.8
2023-01-09 21:00:00,1.69,1009.0
2023-01-09 22:00:00,1.075,1009.0
2023-01-09 23:00:00,0.512,1009.1
2023-01-10 00:00:00,0.264,1009.3
2023-01-10 01:00:00,0.459,1009.7
2023-01-10 02:00:00,0.924,1010.0
2023-01-10 03:00:00,1.449,1010.1
2023-01-10 04:00:00,2.106,1009.9
2023-01-10 05:00:00,2.587,1010.1
2023-01-10 06:00:00,2.852,1010.2
2023-01-10 07:00:00,2.776,1010.7
2023-01-10 08:00:00,2.436,1011.1
2023-01-10 09:00:00,1.924,1011.4
2023-01-10 10:00:00,1.38,1011.6
2023-01-10 11:00:00,0.877,1012.0
2023-01-10 12:00:00,0.591,1012.4
2023-01-10 13:00:00,0.775,1013.1
2023-01-10 14:00:00,1.221,1013.8
2023-01-10 15:00:00,1.739,1014.6
2023-01-10 16:00:00,2.316,1014.3
2023-01-10 17:00:00,2.832,1014.0
2023-01-10 18:00:00,3.143,1014.1
2023-01-10 19:00:00,3.054,1014.1
2023-01-10 20:00:00,2.63,1014.6
2023-01-10 21:00:00,2.054,1015.7
2023-01-10 22:00:00,1.428,1016.4
2023-01-10 23:00:00,0.815,1017.3
2023-01-11 00:00:00,0.381,1018.1
2023-01-11 01:00:00,0.309,1018.5
2023-01-11 02:00:00,0.702,1019.7
2023-01-11 03:00:00,1.119,1020.5
2023-01-11 04:00:00,1.681,1021.1
2023-01-11 05:00:00,2.263,1021.3
2023-01-11 06:00:00,2.719,1021.7
2023-01-11 07:00:00,2.867,1022.3
2023-01-11 08:00:00,2.678,1022.4
2023-01-11 09:00:00,2.241,1022.9
2023-01-11 10:00:00,1.723,1023.6
2023-01-11 11:00:00,1.156,1024.4
2023-01-11 12:00:00,0.734,1024.4
2023-01-11 13:00:00,0.648,1024.7
2023-01-11 14:00:00,0.958,1025.8
2023-01-11 15:00:00,1.384,1026.2
2023-01-11 16:00:00,1.946,1026.1
2023-01-11 17:00:00,2.501,1025.5
2023-01-11 18:00:00,2.955,1025.1
2023-01-11 19:00:00,3.116,1025.3
2023-01-11 20:00:00,2.884,1025.6
2023-01-11 21:00:00,2.428,1025.7
2023-01-11 22:00:00,1.846,1026.0
2023-01-11 23:00:00,1.217,1026.4
2023-01-12 00:00:00,0.661,1026.7
2023-01-12 01:00:00,0.305,1026.8
2023-01-12 02:00:00,0.417,1026.8
2023-01-12 03:00:00,0.785,1026.5
2023-01-12 04:00:00,1.278,1026.5
2023-01-12 05:00:00,1.83,1026.1
2023-01-12 06:00:00,2.383,1025.9
2023-01-12 07:00:00,2.71,1025.9
2023-01-12 08:00:00,2.727,1026.0
2023-01-12 09:00:00,2.432,1025.9
2023-01-12 10:00:00,2.012,1025.3
2023-01-12 11:00:00,1.475,1025.5
2023-01-12 12:00:00,0.963,1025.2
2023-01-12 13:00:00,0.604,1025.7
2023-01-12 14:00:00,0.688,1025.5
2023-01-12 15:00:00,1.05,1025.5
2023-01-12 16:00:00,1.517,1025.1
2023-01-12 17:00:00,2.005,1023.4
2023-01-12 18:00:00,2.598,1022.1
2023-01-12 19:00:00,2.931,1021.2
2023-01-12 20:00:00,2.977,1020.6
2023-01-12 21:00:00,2.662,1020.0
2023-01-12 22:00:00,2.249,1019.8
2023-01-12 23:00:00,1.678,1018.7
2023-01-13 00:00:00,1.118,1017.7
2023-01-13 01:00:00,0.663,1015.8
2023-01-13 02:00:00,0.473,1014.3
2023-01-13 03:00:00,0.778,1011.9
2023-01-13 04:00:00,1.153,1009.9
2023-01-13 05:00:00,1.723,1007.8
2023-01-13 06:00:00,2.304,1005.6
2023-01-13 07:00:00,2.738,1004.5
2023-01-13 08:00:00,3.073,1003.1
2023-01-13 09:00:00,2.889,1002.6
2023-01-13 10:00:00,2.584,1001.6
2023-01-13 11:00:00,2.138,1000.4
2023-01-13 12:00:00,1.476,1000.5
2023-01-13 13:00:00,1.029,1000.8
2023-01-13 14:00:00,0.754,1000.8
2023-01-13 15:00:00,0.894,1000.2
2023-01-13 16:00:00,1.238,999.1
2023-01-13 17:00:00,1.697,998.3
2023-01-13 18:00:00,2.264,998.4
2023-01-13 19:00:00,2.758,998.4
2023-01-13 20:00:00,2.99,998.5
2023-01-13 21:00:00,2.918,999.4
2023-01-13 22:00:00,2.618,1000.4
2023-01-13 23:00:00,2.188,1001.5
2023-01-14 00:00:00,1.625,1002.1
2023-01-14 01:00:00,1.01,1003.6
2023-01-14 02:00:00,0.684,1004.0
2023-01-14 03:00:00,0.51,1003.6
2023-01-14 04:00:00,0.867,1004.3
2023-01-14 05:00:00,1.29,1004.6
2023-01-14 06:00:00,1.86,1004.3
2023-01-14 07:00:00,2.38,1004.8
2023-01-14 08:00:00,2.809,1004.9
2023-01-14 09:00:00,2.981,1005.8
2023-01-14 10:00:00,2.805,1006.3
2023-01-14 11:00:00,2.415,1006.5
2023-01-14 12:00:00,1.923,1007.0
2023-01-14 13:00:00,1.325,1007.3
2023-01-14 14:00:00,0.908,1008.3
2023-01-14 15:00:00,0.74,1009.3
2023-01-14 16:00:00,0.824,1009.3
2023-01-14 17:00:00,1.216,1008.7
2023-01-14 18:00:00,1.675,1008.7
2023-01-14 19:00:00,2.222,1008.8
2023-01-14 20:00:00,2.698,1010.0
2023-01-14 21:00:00,2.904,1010.4
2023-01-14 22:00:00,2.791,1010.9
2023-01-14 23:00:00,2.54,1011.5
2023-01-15 00:00:00,2.026,1011.8
2023-01-15 01:00:00,1.505,1012.1
2023-01-15 02:00:00,1.084,1012.0
2023-01-15 03:00:00,0.74,1011.6
2023-01-15 04:00:00,0.784,1011.8
2023-01-15 05:00:00,1.147,1011.6
2023-01-15 06:00:00,1.591,1012.0
2023-01-15 07:00:00,2.154,1012.3
2023-01-15 08:00:00,2.695,1012.7
2023-01-15 09:00:00,3.081,1013.5
2023-01-15 10:00:00,3.169,1013.7
2023-01-15 11:00:00,2.963,1013.7
2023-01-15 12:00:00,2.564,1013.7
2023-01-15 13:00:00,2.096,1013.8
2023-01-15 14:00:00,1.567,1014.8
2023-01-15 15:00:00,1.173,1015.3
2023-01-15 16:00:00,0.962,1014.7
2023-01-15 17:00:00,1.192,1014.1
2023-01-15 18:00:00,1.551,1014.1
2023-01-15 19:00:00,1.979,1014.3
2023-01-15 20:00:00,2.453,1014.7
2023-01-15 21:00:00,2.918,1014.8
2023-01-15 22:00:00,3.12,1015.5
2023-01-15 23:00:00,3.067,1015.8
2023-01-16 00:00:00,2.737,1015.8
2023-01-16 01:00:00,2.257,1015.5
2023-01-16 02:00:00,1.762,1015.2
2023-01-16 03:00:00,1.314,1015.0
2023-01-16 04:00:00,0.977,1014.4
2023-01-16 05:00:00,1.054,1013.8
2023-01-16 06:00:00,1.459,1012.8
2023-01-16 07:00:00,1.877,1012.9
2023-01-16 08:00:00,2.406,1012.6
2023-01-16 09:00:00,2.864,1011.8
2023-01-16 10:00:00,3.191,1011.7
2023-01-16 11:00:00,3.215,1011.1
2023-01-16 12:00:00,2.937,1010.7
2023-01-16 13:00:00,2.507,1010.3
2023-01-16 14:00:00,1.895,1009.7
2023-01-16 15:00:00,1.394,1009.0
2023-01-16 16:00:00,0.909,1008.1
2023-01-16 17:00:00,0.807,1006.6
2023-01-16 18:00:00,0.976,1005.5
2023-01-16 19:00:00,1.297,1004.9
2023-01-16 20:00:00,1.766,1004.8
2023-01-16 21:00:00,2.315,1005.0
2023-01-16 22:00:00,2.751,1005.0
2023-01-16 23:00:00,2.875,1005.1
2023-01-17 00:00:00,2.763,1005.1
2023-01-17 01:00:00,2.399,1005.1
2023-01-17 02:00:00,1.91,1004.9
2023-01-17 03:00:00,1.378,1004.5
2023-01-17 04:00:00,0.909,1004.0
2023-01-17 05:00:00,0.703,1003.4
2023-01-17 06:00:00,0.916,1003.5
2023-01-17 07:00:00,1.264,1003.7
2023-01-17 08:00:00,1.766,1003.5
2023-01-17 09:00:00,2.355,1003.2
2023-01-17 10:00:00,2.861,1003.2
2023-01-17 11:00:00,3.154,1003.4
2023-01-17 12:00:00,3.073,1003.9
2023-01-17 13:00:00,2.759,1003.9
2023-01-17 14:00:00,2.276,1003.8
2023-01-17 15:00:00,1.689,1003.9
2023-01-17 16:00:00,1.055,1003.3
2023-01-17 17:00:00,0.561,1002.1
2023-01-17 18:00:00,0.441,1001.8
2023-01-17 19:00:00,0.671,1001.2
2023-01-17 20:00:00,0.986,1001.3
2023-01-17 21:00:00,1.531,1001.5
2023-01-17 22:00:00,2.147,1001.5
2023-01-17 23:00:00,2.65,1002.0
2023-01-18 00:00:00,2.793,1001.8
2023-01-18 01:00:00,2.653,1001.7
2023-01-18 02:00:00,2.306,1001.7
2023-01-18 03:00:00,1.852,1001.3
2023-01-18 04:00:00,1.269,1001.4
2023-01-18 05:00:00,0.741,1000.9
2023-01-18 06:00:00,0.509,1000.8
2023-01-18 07:00:00,0.713,1000.9
2023-01-18 08:00:00,1.174,1000.2
2023-01-18 09:00:00,1.762,1001.4
2023-01-18 10:00:00,2.423,1001.5
2023-01-18 11:00:00,2.983,1001.7
2023-01-18 12:00:00,3.328,1002.0
2023-01-18 13:00:00,3.276,1002.9
2023-01-18 14:00:00,2.899,1003.6
2023-01-18 15:00:00,2.367,1003.8
2023-01-18 16:00:00,1.67,1003.3
2023-01-18 17:00:00,0.912,1002.9
2023-01-18 18:00:00,0.407,1002.9
2023-01-18 19:00:00,0.229,1003.2
2023-01-18 20:00:00,0.45,1003.6
2023-01-18 21:00:00,0.885,1004.9
2023-01-18 22:00:00,1.475,1006.1
2023-01-18 23:00:00,2.156,1007.3
2023-01-19 00:00:00,2.633,1008.4
2023-01-19 01:00:00,2.834,1008.9
2023-01-19 02:00:00,2.66,1009.8
2023-01-19 03:00:00,2.307,1010.4
2023-01-19 04:00:00,1.727,1011.1
2023-01-19 05:00:00,1.104,1011.6
2023-01-19 06:00:00,0.533,1012.7
2023-01-19 07:00:00,0.28,1012.6
2023-01-19 08:00:00,0.527,1012.9
2023-01-19 09:00:00,1.021,1013.2
2023-01-19 10:00:00,1.668,1013.2
2023-01-19 11:00:00,2.404,1014.4
2023-01-19 12:00:00,3.01,1015.4
2023-01-19 13:00:00,3.37,1016.6
2023-01-19 14:00:00,3.337,1016.3
2023-01-19 15:00:00,2.931,1016.4
2023-01-19 16:00:00,2.305,1015.7
2023-01-19 17:00:00,1.526,1014.5
2023-01-19 18:00:00,0.744,1014.0
2023-01-19 19:00:00,0.199,1013.8
2023-01-19 20:00:00,-0.037,1013.6
2023-01-19 21:00:00,0.254,1013.7
2023-01-19 22:00:00,0.777,1013.1
2023-01-19 23:00:00,1.493,1012.0
2023-01-20 00:00:00,2.176,1011.1
2023-01-20 01:00:00,2.787,1009.8
2023-01-20 02:00:00,2.982,1008.6
2023-01-20 03:00:00,2.852,1007.3
2023-01-20 04:00:00,2.471,1005.9
2023-01-20 05:00:00,1.861,1003.3
2023-01-20 06:00:00,1.229,1003.6
2023-01-20 07:00:00,0.683,1003.0
2023-01-20 08:00:00,0.499,1000.0
2023-01-20 09:00:00,0.846,1001.7
2023-01-20 10:00:00,1.372,1001.5
2023-01-20 11:00:00,2.096,1001.8
2023-01-20 12:00:00,2.889,1001.5
2023-01-20 13:00:00,3.515,1002.0
2023-01-20 14:00:00,3.879,1002.2
2023-01-20 15:00:00,3.761,1002.3
2023-01-20 16:00:00,3.206,1002.3
2023-01-20 17:00:00,2.543,1002.5
2023-01-20 18:00:00,1.714,1002.6
2023-01-20 19:00:00,0.794,1003.3
2023-01-20 20:00:00,0.276,1004.3
2023-01-20 21:00:00,0.052,1005.3
2023-01-20 22:00:00,0.436,1006.3
2023-01-20 23:00:00,1.0,1007.3
2023-01-21 00:00:00,1.664,1008.5
2023-01-21 01:00:00,2.464,1009.1
2023-01-21 02:00:00,3.08,1010.0
2023-01-21 03:00:00,3.272,1010.5
2023-01-21 04:00:00,3.049,1011.1
2023-01-21 05:00:00,2.546,1011.6
2023-01-21 06:00:00,1.832,1012.2
2023-01-21 07:00:00,1.1,1012.9
2023-01-21 08:00:00,0.457,1013.6
2023-01-21 09:00:00,0.175,1014.2
2023-01-21 10:00:00,0.548,1014.8
2023-01-21 11:00:00,1.168,1016.0
2023-01-21 12:00:00,1.914,1017.1
2023-01-21 13:00:00,2.774,1018.4
2023-01-21 14:00:00,3.511,1019.1
2023-01-21 15:00:00,3.805,1019.8
2023-01-21 16:00:00,3.63,1019.7
2023-01-21 17:00:00,3.095,1019.4
2023-01-21 18:00:00,2.299,1019.2
2023-01-21 19:00:00,1.393,1019.7
2023-01-21 20:00:00,0.475,1020.0
2023-01-21 21:00:00,-0.198,1020.7
2023-01-21 22:00:00,-0.262,1021.2
2023-01-21 23:00:00,0.14,1021.8
2023-01-22 00:00:00,0.781,1022.4
2023-01-22 01:00:00,1.546,1023.0
2023-01-22 02:00:00,2.415,1023.0
2023-01-22 03:00:00,3.063,1023.1
2023-01-22 04:00:00,3.253,1023.0
2023-01-22 05:00:00,3.0,1022.7
2023-01-22 06:00:00,2.446,1022.8
2023-01-22 07:00:00,1.711,1023.3
2023-01-22 08:00:00,0.863,1023.3
2023-01-22 09:00:00,0.171,1023.5
2023-01-22 10:00:00,-0.078,1023.6
2023-01-22 11:00:00,0.266,1023.4
2023-01-22 12:00:00,0.947,1022.9
2023-01-22 13:00:00,1.793,1023.1
2023-01-22 14:00:00,2.667,1023.6
2023-01-22 15:00:00,3.415,1023.3
2023-01-22 16:00:00,3.721,1022.5
2023-01-22 17:00:00,3.554,1021.3
2023-01-22 18:00:00,2.958,1020.5
2023-01-22 19:00:00,2.163,1019.5
2023-01-22 20:00:00,1.206,1019.4
2023-01-22 21:00:00,0.254,1019.2
2023-01-22 22:00:00,-0.39,1018.9
2023-01-22 23:00:00,-0.44,1017.8
2023-01-23 00:00:00,0.122,1015.9
2023-01-23 01:00:00,0.866,1015.2
2023-01-23 02:00:00,1.703,1014.5
2023-01-23 03:00:00,2.588,1013.5
2023-01-23 04:00:00,3.258,1012.4
2023-01-23 05:00:00,3.375,1009.8
2023-01-23 06:00:00,3.135,1008.6
2023-01-23 07:00:00,2.606,1007.3
2023-01-23 08:00:00,1.797,1005.6
2023-01-23 09:00:00,0.979,1003.6
2023-01-23 10:00:00,0.322,1000.9
2023-01-23 11:00:00,0.104,1000.0
2023-01-23 12:00:00,0.513,1000.0
2023-01-23 13:00:00,1.297,999.1
2023-01-23 14:00:00,2.184,999.2
2023-01-23 15:00:00,3.118,999.3
2023-01-23 16:00:00,3.756,997.9
2023-01-23 17:00:00,4.091,996.6
2023-01-23 18:00:00,3.776,995.8
2023-01-23 19:00:00,3.193,996.6
2023-01-23 20:00:00,2.306,997.5
2023-01-23 21:00:00,1.272,998.2
2023-01-23 22:00:00,0.412,999.2
2023-01-23 23:00:00,-0.208,1000.4
2023-01-24 00:00:00,-0.229,1001.8
2023-01-24 01:00:00,0.272,1003.0
2023-01-24 02:00:00,0.932,1004.3
2023-01-24 03:00:00,1.829,1005.8
2023-01-24 04:00:00,2.656,1007.3
2023-01-24 05:00:00,3.163,1008.3
2023-01-24 06:00:00,3.167,1009.2
2023-01-24 07:00:00,2.85,1010.1
2023-01-24 08:00:00,2.24,1010.8
2023-01-24 09:00:00,1.462,1011.3
2023-01-24 10:00:00,0.602,1011.6
2023-01-24 11:00:00,-0.066,1012.4
2023-01-24 12:00:00,-0.296,1013.4
2023-01-24 13:00:00,0.21,1013.8
2023-01-24 14:00:00,0.932,1014.3
2023-01-24 15:00:00,1.788,1014.8
2023-01-24 16:00:00,2.623,1014.6
2023-01-24 17:00:00,3.288,1014.5
2023-01-24 18:00:00,3.503,1014.5
2023-01-24 19:00:00,3.251,1015.3
2023-01-24 20:00:00,2.596,1016.1
2023-01-24 21:00:00,1.76,1017.1
2023-01-24 22:00:00,0.829,1018.2
2023-01-24 23:00:00,0.025,1019.1
2023-01-25 00:00:00,-0.489,1019.6
2023-01-25 01:00:00,-0.372,1020.4
2023-01-25 02:00:00,0.23,1021.2
2023-01-25 03:00:00,0.968,1021.5
2023-01-25 04:00:00,1.87,1022.5
2023-01-25 05:00:00,2.655,1022.2
2023-01-25 06:00:00,3.205,1022.7
2023-01-25 07:00:00,3.234,1024.0
2023-01-25 08:00:00,2.805,1024.1
2023-01-25 09:00:00,2.164,1024.4
2023-01-25 10:00:00,1.423,1025.0
2023-01-25 11:00:00,0.569,1025.7
2023-01-25 12:00:00,-0.046,1026.5
2023-01-25 13:00:00,-0.106,1026.7
2023-01-25 14:00:00,0.392,1026.9
2023-01-25 15:00:00,1.12,1026.1
2023-01-25 16:00:00,1.911,1025.9
2023-01-25 17:00:00,2.729,1025.3
2023-01-25 18:00:00,3.382,1025.7
2023-01-25 19:00:00,3.51,1025.1
2023-01-25 20:00:00,3.196,1024.5
2023-01-25 21:00:00,2.578,1023.2
2023-01-25 22:00:00,1.831,1021.9
2023-01-25 23:00:00,1.054,1020.2
2023-01-26 00:00:00,0.291,1019.2
2023-01-26 01:00:00,-0.178,1016.9
2023-01-26 02:00:00,0.202,1014.1
2023-01-26 03:00:00,0.873,1011.9
2023-01-26 04:00:00,1.59,1008.9
2023-01-26 05:00:00,2.489,1005.3
2023-01-26 06:00:00,3.295,1001.6
2023-01-26 07:00:00,3.664,999.2
2023-01-26 08:00:00,3.653,996.3
2023-01-26 09:00:00,3.201,994.4
2023-01-26 10:00:00,2.584,993.2
2023-01-26 11:00:00,1.762,992.3
2023-01-26 12:00:00,0.995,991.3
2023-01-26 13:00:00,0.53,992.5
2023-01-26 14:00:00,0.386,993.3
2023-01-26 15:00:00,0.783,994.0
2023-01-26 16:00:00,1.444,994.5
2023-01-26 17:00:00,2.086,995.1
2023-01-26 18:00:00,2.765,995.7
2023-01-26 19:00:00,3.281,996.5
2023-01-26 20:00:00,3.25,997.9
2023-01-26 21:00:00,2.887,999.1
2023-01-26 22:00:00,2.344,1000.6
2023-01-26 23:00:00,1.515,1002.1
2023-01-27 00:00:00,0.765,1003.7
2023-01-27 01:00:00,0.0,1005.0
2023-01-27 02:00:00,-0.28,1006.0
2023-01-27 03:00:00,-0.026,1007.3
2023-01-27 04:00:00,0.529,1008.3
2023-01-27 05:00:00,1.267,1009.3
2023-01-27 06:00:00,2.083,1010.1
2023-01-27 07:00:00,2.747,1011.6
2023-01-27 08:00:00,3.032,1012.6
2023-01-27 09:00:00,2.961,1013.3
2023-01-27 10:00:00,2.551,1014.3
2023-01-27 11:00:00,1.936,1015.0
2023-01-27 12:00:00,1.218,1016.0
2023-01-27 13:00:00,0.488,1017.1
2023-01-27 14:00:00,0.008,1018.0
2023-01-27 15:00:00,0.11,1018.5
2023-01-27 16:00:00,0.514,1018.5
2023-01-27 17:00:00,1.074,1018.1
2023-01-27 18:00:00,1.817,1017.3
2023-01-27 19:00:00,2.515,1017.7
2023-01-27 20:00:00,2.992,1018.2
2023-01-27 21:00:00,3.048,1018.9
2023-01-27 22:00:00,2.764,1019.7
2023-01-27 23:00:00,2.268,1020.6
2023-01-28 00:00:00,1.632,1021.1
2023-01-28 01:00:00,0.98,1021.2
2023-01-28 02:00:00,0.419,1021.3
2023-01-28 03:00:00,0.243,1021.4
2023-01-28 04:00:00,0.557,1021.6
2023-01-28 05:00:00,1.039,1021.2
2023-01-28 06:00:00,1.683,1021.1
2023-01-28 07:00:00,2.387,1021.3
2023-01-28 08:00:00,2.932,1021.5
2023-01-28 09:00:00,3.136,1021.4
2023-01-28 10:00:00,2.973,1020.7
2023-01-28 11:00:00,2.57,1021.2
2023-01-28 12:00:00,1.959,1020.7
2023-01-28 13:00:00,1.273,1020.6
2023-01-28 14:00:00,0.664,1020.6
2023-01-28 15:00:00,0.209,1021.1
2023-01-28 16:00:00,0.241,1020.9
2023-01-28 17:00:00,0.675,1020.3
2023-01-28 18:00:00,1.177,1020.1
2023-01-28 19:00:00,1.886,1020.3
2023-01-28 20:00:00,2.472,1020.9
2023-01-28 21:00:00,2.888,1021.5
2023-01-28 22:00:00,2.916,1022.6
2023-01-28 23:00:00,2.695,1023.5
2023-01-29 00:00:00,2.215,1024.0
2023-01-29 01:00:00,1.643,1024.7
2023-01-29 02:00:00,1.038,1025.3
2023-01-29 03:00:00,0.527,1025.8
2023-01-29 04:00:00,0.419,1025.8
2023-01-29 05:00:00,0.706,1026.1
2023-01-29 06:00:00,1.164,1026.2
2023-01-29 07:00:00,1.76,1026.7
2023-01-29 08:00:00,2.378,1027.0
2023-01-29 09:00:00,2.866,1027.3
2023-01-29 10:00:00,3.036,1027.3
2023-01-29 11:00:00,2.856,1027.0
2023-01-29 12:00:00,2.401,1027.3
2023-01-29 13:00:00,1.841,1026.9
2023-01-29 14:00:00,1.209,1026.2
2023-01-29 15:00:00,0.608,1025.6
2023-01-29 16:00:00,0.203,1024.0
2023-01-29 17:00:00,0.249,1022.3
2023-01-29 18:00:00,0.612,1020.9
2023-01-29 19:00:00,1.105,1019.9
2023-01-29 20:00:00,1.713,1019.2
2023-01-29 21:00:00,2.188,1018.6
2023-01-29 22:00:00,2.618,1018.7
2023-01-29 23:00:00,2.645,1018.1
2023-01-30 00:00:00,2.466,1018.0
2023-01-30 01:00:00,2.047,1018.1
2023-01-30 02:00:00,1.498,1017.3
2023-01-30 03:00:00,1.023,1017.8
2023-01-30 04:00:00,0.565,1017.9
2023-01-30 05:00:00,0.514,1017.8
2023-01-30 06:00:00,0.81,1017.8
2023-01-30 07:00:00,1.272,1018.5
2023-01-30 08:00:00,1.863,1018.7
2023-01-30 09:00:00,2.472,1019.1
2023-01-30 10:00:00,2.91,1019.3
2023-01-30 11:00:00,3.029,1020.2
2023-01-30 12:00:00,2.886,1020.8
2023-01-30 13:00:00,2.488,1021.2
2023-01-30 14:00:00,2.007,1021.4
2023-01-30 15:00:00,1.369,1021.5
2023-01-30 16:00:00,0.757,1022.0
2023-01-30 17:00:00,0.398,1020.5
2023-01-30 18:00:00,0.42,1019.6
2023-01-30 19:00:00,0.764,1018.5
2023-01-30 20:00:00,1.19,1018.8
2023-01-30 21:00:00,1.663,1018.4
2023-01-30 22:00:00,2.286,1018.8
2023-01-30 23:00:00,2.634,1018.7
2023-01-31 00:00:00,2.717,1017.8
2023-01-31 01:00:00,2.592,1018.0
2023-01-31 02:00:00,2.157,1017.4
2023-01-31 03:00:00,1.718,1017.2
2023-01-31 04:00:00,1.196,1017.2
2023-01-31 05:00:00,0.804,1017.6
2023-01-31 06:00:00,0.748,1017.5
2023-01-31 07:00:00,1.04,1017.7
2023-01-31 08:00:00,1.438,1018.2
2023-01-31 09:00:00,1.987,1018.2
2023-01-31 10:00:00,2.495,1018.9
2023-01-31 11:00:00,2.902,1019.6
2023-01-31 12:00:00,3.064,1020.4
2023-01-31 13:00:00,2.893,1020.8
2023-01-31 14:00:00,2.523,1021.3
2023-01-31 15:00:00,1.978,1021.7
2023-01-31 16:00:00,1.338,1022.0
2023-01-31 17:00:00,0.753,1021.6
2023-01-31 18:00:00,0.372,1020.9
2023-01-31 19:00:00,0.356,1021.3
2023-01-31 20:00:00,0.56,1021.7
2023-01-31 21:00:00,0.995,1022.1
2023-01-31 22:00:00,1.497,1022.4
2023-01-31 23:00:00,2.021,1023.5
2023-02-01 00:00:00,2.395,1023.7
2023-02-01 01:00:00,2.493,1024.3
2023-02-01 02:00:00,2.344,1024.9
2023-02-01 03:00:00,2.039,1025.3
2023-02-01 04:00:00,1.536,1025.2
2023-02-01 05:00:00,1.075,1025.1
2023-02-01 06:00:00,0.7,1024.5
2023-02-01 07:00:00,0.629,1024.6
2023-02-01 08:00:00,0.95,1024.6
2023-02-01 09:00:00,1.321,1024.4
2023-02-01 10:00:00,1.928,1024.6
2023-02-01 11:00:00,2.482,1024.8
2023-02-01 12:00:00,2.88,1025.0
2023-02-01 13:00:00,3.053,1025.4
2023-02-01 14:00:00,2.964,1025.8
2023-02-01 15:00:00,2.622,1025.5
2023-02-01 16:00:00,2.021,1024.8
2023-02-01 17:00:00,1.429,1023.7
2023-02-01 18:00:00,0.878,1023.0
2023-02-01 19:00:00,0.505,1022.3
2023-02-01 20:00:00,0.554,1022.2
2023-02-01 21:00:00,0.748,1022.0
2023-02-01 22:00:00,1.146,1022.6
2023-02-01 23:00:00,1.646,1023.3
2023-02-02 00:00:00,2.181,1023.6
2023-02-02 01:00:00,2.502,1024.1
2023-02-02 02:00:00,2.543,1024.3
2023-02-02 03:00:00,2.335,1024.2
2023-02-02 04:00:00,1.947,1024.7
2023-02-02 05:00:00,1.527,1024.4
2023-02-02 06:00:00,1.014,1024.1
2023-02-02 07:00:00,0.684,1024.4
2023-02-02 08:00:00,0.611,1023.9
2023-02-02 09:00:00,0.912,1023.7
2023-02-02 10:00:00,1.37,1023.7
2023-02-02 11:00:00,1.895,1023.6
2023-02-02 12:00:00,2.397,1023.5
2023-02-02 13:00:00,2.82,1023.0
2023-02-02 14:00:00,3.024,1022.4
2023-02-02 15:00:00,2.883,1021.9
2023-02-02 16:00:00,2.418,1020.9
2023-02-02 17:00:00,1.873,1019.5
2023-02-02 18:00:00,1.242,1017.2
2023-02-02 19:00:00,0.719,1015.5
2023-02-02 20:00:00,0.342,1014.2
2023-02-02 21:00:00,0.408,1013.0
2023-02-02 22:00:00,0.702,1012.4
2023-02-02 23:00:00,1.157,1012.2
2023-02-03 00:00:00,1.708,1010.7
2023-02-03 01:00:00,2.236,1009.5
2023-02-03 02:00:00,2.569,1008.8
2023-02-03 03:00:00,2.539,1007.9
2023-02-03 04:00:00,2.334,1006.3
2023-02-03 05:00:00,1.957,1005.4
2023-02-03 06:00:00,1.416,1004.3
2023-02-03 07:00:00,0.925,1003.7
2023-02-03 08:00:00,0.579,1002.9
2023-02-03 09:00:00,0.561,1003.0
2023-02-03 10:00:00,0.924,1003.9
2023-02-03 11:00:00,1.306,1004.8
2023-02-03 12:00:00,1.881,1007.0
2023-02-03 13:00:00,2.384,1008.3
2023-02-03 14:00:00,2.773,1009.8
2023-02-03 15:00:00,2.865,1010.5
2023-02-03 16:00:00,2.559,1010.6
2023-02-03 17:00:00,2.114,1010.1
2023-02-03 18:00:00,1.557,1010.1
2023-02-03 19:00:00,0.894,1010.3
2023-02-03 20:00:00,0.283,1011.3
2023-02-03 21:00:00,0.127,1012.4
2023-02-03 22:00:00,0.18,1014.7
2023-02-03 23:00:00,0.531,1017.0
2023-02-04 00:00:00,0.988,1018.2
2023-02-04 01:00:00,1.516,1019.7
2023-02-04 02:00:00,2.005,1021.9
2023-02-04 03:00:00,2.153,1023.8
2023-02-04 04:00:00,2.11,1025.1
2023-02-04 05:00:00,1.79,1026.0
2023-02-04 06:00:00,1.307,1026.8
2023-02-04 07:00:00,0.773,1028.0
2023-02-04 08:00:00,0.301,1029.0
2023-02-04 09:00:00,0.027,1029.6
2023-02-04 10:00:00,0.17,1030.6
2023-02-04 11:00:00,0.555,1031.0
2023-02-04 12:00:00,1.032,1031.8
2023-02-04 13:00:00,1.656,1032.6
2023-02-04 14:00:00,2.16,1033.0
2023-02-04 15:00:00,2.509,1033.6
2023-02-04 16:00:00,2.493,1033.7
2023-02-04 17:00:00,2.099,1033.0
2023-02-04 18:00:00,1.663,1032.2
2023-02-04 19:00:00,1.005,1031.8
2023-02-04 20:00:00,0.316,1031.9
2023-02-04 21:00:00,-0.104,1032.2
2023-02-04 22:00:00,-0.201,1032.4
2023-02-04 23:00:00,0.039,1032.7
2023-02-05 00:00:00,0.471,1032.2
2023-02-05 01:00:00,1.035,1032.1
2023-02-05 02:00:00,1.663,1032.6
2023-02-05 03:00:00,2.068,1032.1
2023-02-05 04:00:00,2.24,1031.1
2023-02-05 05:00:00,2.126,1029.9
2023-02-05 06:00:00,1.792,1028.9
2023-02-05 07:00:00,1.347,1027.8
2023-02-05 08:00:00,0.786,1026.8
2023-02-05 09:00:00,0.345,1025.9
2023-02-05 10:00:00,0.278,1024.8
2023-02-05 11:00:00,0.565,1024.4
2023-02-05 12:00:00,0.95,1023.9
2023-02-05 13:00:00,1.535,1023.2
2023-02-05 14:00:00,2.227,1022.3
2023-02-05 15:00:00,2.697,1021.4
2023-02-05 16:00:00,2.912,1020.3
2023-02-05 17:00:00,2.754,1018.5
2023-02-05 18:00:00,2.364,1017.0
2023-02-05 19:00:00,1.843,1016.1
2023-02-05 20:00:00,1.191,1015.7
2023-02-05 21:00:00,0.568,1015.4
2023-02-05 22:00:00,0.236,1015.1
2023-02-05 23:00:00,0.245,1015.0
2023-02-06 00:00:00,0.668,1015.0
2023-02-06 01:00:00,1.171,1015.0
2023-02-06 02:00:00,1.792,1015.1
2023-02-06 03:00:00,2.413,1015.2
2023-02-06 04:00:00,2.697,1015.3
2023-02-06 05:00:00,2.693,1014.9
2023-02-06 06:00:00,2.494,1014.6
2023-02-06 07:00:00,1.988,1014.0
2023-02-06 08:00:00,1.415,1014.0
2023-02-06 09:00:00,0.832,1013.6
2023-02-06 10:00:00,0.47,1013.9
2023-02-06 11:00:00,0.526,1014.4
2023-02-06 12:00:00,0.851,1014.9
2023-02-06 13:00:00,1.373,1014.8
2023-02-06 14:00:00,2.068,1014.6
2023-02-06 15:00:00,2.665,1015.4
2023-02-06 16:00:00,3.062,1015.2
2023-02-06 17:00:00,3.129,1014.9
2023-02-06 18:00:00,2.851,1015.1
2023-02-06 19:00:00,2.386,1014.8
2023-02-06 20:00:00,1.729,1015.1
2023-02-06 21:00:00,1.025,1015.7
2023-02-06 22:00:00,0.464,1015.7
2023-02-06 23:00:00,0.315,1016.3
2023-02-07 00:00:00,0.513,1017.9
2023-02-07 01:00:00,0.948,1018.5
2023-02-07 02:00:00,1.556,1020.1
2023-02-07 03:00:00,2.262,1021.3
2023-02-07 04:00:00,2.754,1022.7
2023-02-07 05:00:00,2.909,1023.8
2023-02-07 06:00:00,2.839,1024.7
2023-02-07 07:00:00,2.431,1025.2
2023-02-07 08:00:00,1.965,1025.7
2023-02-07 09:00:00,1.322,1026.0
2023-02-07 10:00:00,0.829,1026.9
2023-02-07 11:00:00,0.645,1027.7
2023-02-07 12:00:00,0.806,1028.2
2023-02-07 13:00:00,1.273,1028.4
2023-02-07 14:00:00,1.941,1029.0
2023-02-07 15:00:00,2.561,1029.4
2023-02-07 16:00:00,3.164,1029.2
2023-02-07 17:00:00,3.43,1027.6
2023-02-07 18:00:00,3.352,1026.7
2023-02-07 19:00:00,2.999,1025.9
2023-02-07 20:00:00,2.415,1025.5
2023-02-07 21:00:00,1.716,1023.8
2023-02-07 22:00:00,1.081,1023.8
2023-02-07 23:00:00,0.633,1023.6
2023-02-08 00:00:00,0.592,1022.1
2023-02-08 01:00:00,0.939,1020.5
2023-02-08 02:00:00,1.388,1021.7
2023-02-08 03:00:00,1.885,1019.9
2023-02-08 04:00:00,2.542,1018.9
2023-02-08 05:00:00,2.846,1017.3
2023-02-08 06:00:00,2.934,1016.4
2023-02-08 07:00:00,2.726,1015.9
2023-02-08 08:00:00,2.154,1015.8
2023-02-08 09:00:00,1.498,1015.8
2023-02-08 10:00:00,0.999,1015.9
2023-02-08 11:00:00,0.407,1016.3
2023-02-08 12:00:00,0.31,1016.6
2023-02-08 13:00:00,0.619,1017.2
2023-02-08 14:00:00,1.137,1018.0
2023-02-08 15:00:00,1.821,1018.6
2023-02-08 16:00:00,2.373,1019.2
2023-02-08 17:00:00,2.831,1019.1
2023-02-08 18:00:00,2.958,1018.5
2023-02-08 19:00:00,2.759,1018.2
2023-02-08 20:00:00,2.237,1018.9
2023-02-08 21:00:00,1.612,1019.5
2023-02-08 22:00:00,0.912,1020.3
2023-02-08 23:00:00,0.39,1021.0
2023-02-09 00:00:00,0.082,1022.1
2023-02-09 01:00:00,0.252,1022.4
2023-02-09 02:00:00,0.748,1022.4
2023-02-09 03:00:00,1.322,1023.1
2023-02-09 04:00:00,1.943,1023.5
2023-02-09 05:00:00,2.488,1024.3
2023-02-09 06:00:00,2.788,1024.6
2023-02-09 07:00:00,2.707,1024.1
2023-02-09 08:00:00,2.356,1024.7
2023-02-09 09:00:00,1.83,1024.8
2023-02-09 10:00:00,1.157,1026.0
2023-02-09 11:00:00,0.583,1026.1
2023-02-09 12:00:00,0.217,1026.2
2023-02-09 13:00:00,0.295,1025.8
2023-02-09 14:00:00,0.848,1026.6
2023-02-09 15:00:00,1.35,1026.3
2023-02-09 16:00:00,2.082,1025.8
2023-02-09 17:00:00,2.665,1024.9
2023-02-09 18:00:00,3.033,1024.2
2023-02-09 19:00:00,3.058,1022.9
2023-02-09 20:00:00,2.684,1021.3
2023-02-09 21:00:00,2.133,1020.8
2023-02-09 22:00:00,1.494,1019.5
2023-02-09 23:00:00,0.852,1018.5
2023-02-10 00:00:00,0.429,1017.7
2023-02-10 01:00:00,0.355,1016.2
2023-02-10 02:00:00,0.768,1014.7
2023-02-10 03:00:00,1.322,1012.8
2023-02-10 04:00:00,1.887,1011.6
2023-02-10 05:00:00,2.574,1010.2
2023-02-10 06:00:00,3.056,1008.3
2023-02-10 07:00:00,3.223,1006.6
2023-02-10 08:00:00,2.984,1005.4
2023-02-10 09:00:00,2.46,1005.0
2023-02-10 10:00:00,1.891,1004.9
2023-02-10 11:00:00,1.216,1004.4
2023-02-10 12:00:00,0.704,1004.2
2023-02-10 13:00:00,0.444,1004.7
2023-02-10 14:00:00,0.71,1005.1
2023-02-10 15:00:00,1.154,1005.6
2023-02-10 16:00:00,1.743,1005.8
2023-02-10 17:00:00,2.302,1005.6
2023-02-10 18:00:00,2.787,1005.5
2023-02-10 19:00:00,3.021,1006.1
2023-02-10 20:00:00,2.853,1007.1
2023-02-10 21:00:00,2.413,1007.5
2023-02-10 22:00:00,1.888,1009.0
2023-02-10 23:00:00,1.191,1010.3
2023-02-11 00:00:00,0.591,1011.6
2023-02-11 01:00:00,0.205,1011.5
2023-02-11 02:00:00,0.314,1011.4
2023-02-11 03:00:00,0.765,1012.7
2023-02-11 04:00:00,1.322,1012.4
2023-02-11 05:00:00,1.957,1012.5
2023-02-11 06:00:00,2.573,1011.8
2023-02-11 07:00:00,2.859,1012.5
2023-02-11 08:00:00,2.861,1013.1
2023-02-11 09:00:00,2.513,1013.7
2023-02-11 10:00:00,2.006,1014.3
2023-02-11 11:00:00,1.427,1015.6
2023-02-11 12:00:00,0.736,1017.3
2023-02-11 13:00:00,0.31,1019.1
2023-02-11 14:00:00,0.26,1020.2
2023-02-11 15:00:00,0.534,1020.9
2023-02-11 16:00:00,1.012,1021.7
2023-02-11 17:00:00,1.61,1022.0
2023-02-11 18:00:00,2.216,1022.2
2023-02-11 19:00:00,2.714,1022.6
2023-02-11 20:00:00,2.807,1022.7
2023-02-11 21:00:00,2.581,1022.9
2023-02-11 22:00:00,2.168,1023.6
2023-02-11 23:00:00,1.593,1024.3
2023-02-12 00:00:00,0.997,1024.2
2023-02-12 01:00:00,0.529,1024.5
2023-02-12 02:00:00,0.324,1024.0
2023-02-12 03:00:00,0.545,1024.1
2023-02-12 04:00:00,0.988,1023.7
2023-02-12 05:00:00,1.499,1022.6
2023-02-12 06:00:00,2.138,1022.6
2023-02-12 07:00:00,2.613,1021.6
2023-02-12 08:00:00,2.884,1020.8
2023-02-12 09:00:00,2.772,1020.2
2023-02-12 10:00:00,2.377,1020.5
2023-02-12 11:00:00,1.84,1020.6
2023-02-12 12:00:00,1.224,1020.6
2023-02-12 13:00:00,0.65,1020.3
2023-02-12 14:00:00,0.346,1020.1
2023-02-12 15:00:00,0.427,1019.6
2023-02-12 16:00:00,0.758,1019.0
2023-02-12 17:00:00,1.268,1017.7
2023-02-12 18:00:00,1.872,1016.2
2023-02-12 19:00:00,2.421,1015.2
2023-02-12 20:00:00,2.728,1015.0
2023-02-12 21:00:00,2.741,1014.5
2023-02-12 22:00:00,2.536,1014.0
2023-02-12 23:00:00,2.08,1013.9
2023-02-13 00:00:00,1.517,1013.8
2023-02-13 01:00:00,0.956,1012.9
2023-02-13 02:00:00,0.559,1012.6
2023-02-13 03:00:00,0.514,1011.9
2023-02-13 04:00:00,0.815,1011.1
2023-02-13 05:00:00,1.254,1010.0
2023-02-13 06:00:00,1.878,1009.0
2023-02-13 07:00:00,2.484,1008.6
2023-02-13 08:00:00,2.931,1007.1
2023-02-13 09:00:00,3.132,1005.9
2023-02-13 10:00:00,2.985,1005.4
2023-02-13 11:00:00,2.605,1004.6
2023-02-13 12:00:00,2.103,1004.2
2023-02-13 13:00:00,1.438,1004.3
2023-02-13 14:00:00,0.938,1003.7
2023-02-13 15:00:00,0.67,1003.0
2023-02-13 16:00:00,0.816,1002.7
2023-02-13 17:00:00,1.132,1002.3
2023-02-13 18:00:00,1.613,1001.7
2023-02-13 19:00:00,2.21,1001.7
2023-02-13 20:00:00,2.66,1001.3
2023-02-13 21:00:00,2.963,1000.9
2023-02-13 22:00:00,2.947,1001.1
2023-02-13 23:00:00,2.657,1001.8
2023-02-14 00:00:00,2.285,1001.7
2023-02-14 01:00:00,1.675,1002.4
2023-02-14 02:00:00,1.166,1002.6
2023-02-14 03:00:00,0.817,1002.4
2023-02-14 04:00:00,0.848,1002.5
2023-02-14 05:00:00,1.197,1003.2
2023-02-14 06:00:00,1.649,1003.2
2023-02-14 07:00:00,2.247,1003.6
2023-02-14 08:00:00,2.771,1003.8
2023-02-14 09:00:00,3.227,1004.7
2023-02-14 10:00:00,3.308,1006.1
2023-02-14 11:00:00,3.086,1007.5
2023-02-14 12:00:00,2.642,1009.3
2023-02-14 13:00:00,2.06,1010.9
2023-02-14 14:00:00,1.412,1011.9
2023-02-14 15:00:00,0.872,1012.8
2023-02-14 16:00:00,0.577,1013.7
2023-02-14 17:00:00,0.742,1014.1
2023-02-14 18:00:00,0.995,1014.3
2023-02-14 19:00:00,1.446,1014.5
2023-02-14 20:00:00,1.976,1015.7
2023-02-14 21:00:00,2.469,1017.0
2023-02-14 22:00:00,2.749,1017.8
2023-02-14 23:00:00,2.751,1019.5
2023-02-15 00:00:00,2.47,1021.0
2023-02-15 01:00:00,1.998,1021.5
2023-02-15 02:00:00,1.461,1022.0
2023-02-15 03:00:00,0.963,1022.3
2023-02-15 04:00:00,0.578,1022.6
2023-02-15 05:00:00,0.6,1022.7
2023-02-15 06:00:00,0.949,1021.8
2023-02-15 07:00:00,1.403,1022.2
2023-02-15 08:00:00,2.021,1022.3
2023-02-15 09:00:00,2.567,1022.2
2023-02-15 10:00:00,3.011,1021.5
2023-02-15 11:00:00,3.109,1021.7
2023-02-15 12:00:00,2.862,1021.8
2023-02-15 13:00:00,2.447,1021.9
2023-02-15 14:00:00,1.826,1020.6
2023-02-15 15:00:00,1.169,1020.4
2023-02-15 16:00:00,0.579,1019.0
2023-02-15 17:00:00,0.253,1017.1
2023-02-15 18:00:00,0.267,1015.3
2023-02-15 19:00:00,0.632,1012.8
2023-02-15 20:00:00,1.122,1011.6
2023-02-15 21:00:00,1.698,1010.7
2023-02-15 22:00:00,2.275,1009.8
2023-02-15 23:00:00,2.662,1009.9
2023-02-16 00:00:00,2.673,1010.4
2023-02-16 01:00:00,2.482,1010.6
2023-02-16 02:00:00,2.073,1010.5
2023-02-16 03:00:00,1.484,1010.3
2023-02-16 04:00:00,0.916,1010.0
2023-02-16 05:00:00,0.546,1010.0
2023-02-16 06:00:00,0.568,1009.5
2023-02-16 07:00:00,0.863,1009.5
2023-02-16 08:00:00,1.372,1010.1
2023-02-16 09:00:00,1.953,1011.1
2023-02-16 10:00:00,2.563,1011.8
2023-02-16 11:00:00,3.01,1012.5
2023-02-16 12:00:00,3.172,1013.2
2023-02-16 13:00:00,2.994,1014.1
2023-02-16 14:00:00,2.533,1014.0
2023-02-16 15:00:00,1.949,1014.5
2023-02-16 16:00:00,1.267,1015.0
2023-02-16 17:00:00,0.632,1014.5
2023-02-16 18:00:00,0.24,1013.7
2023-02-16 19:00:00,0.22,1013.5
2023-02-16 20:00:00,0.554,1013.7
2023-02-16 21:00:00,1.005,1013.1
2023-02-16 22:00:00,1.636,1012.9
2023-02-16 23:00:00,2.271,1013.1
2023-02-17 00:00:00,2.684,1012.5
2023-02-17 01:00:00,2.755,1012.3
2023-02-17 02:00:00,2.534,1011.7
2023-02-17 03:00:00,2.093,1011.3
2023-02-17 04:00:00,1.585,1010.7
2023-02-17 05:00:00,0.968,1010.0
2023-02-17 06:00:00,0.472,1008.4
2023-02-17 07:00:00,0.488,1007.6
2023-02-17 08:00:00,0.808,1006.4
2023-02-17 09:00:00,1.372,1005.1
2023-02-17 10:00:00,2.067,1004.0
2023-02-17 11:00:00,2.662,1003.2
2023-02-17 12:00:00,3.345,1002.3
2023-02-17 13:00:00,3.476,1002.1
2023-02-17 14:00:00,3.31,1001.2
2023-02-17 15:00:00,2.875,999.5
2023-02-17 16:00:00,2.168,998.5
2023-02-17 17:00:00,1.439,997.1
2023-02-17 18:00:00,0.709,996.3
2023-02-17 19:00:00,0.251,995.6
2023-02-17 20:00:00,0.253,997.5
2023-02-17 21:00:00,0.58,998.8
2023-02-17 22:00:00,1.074,999.9
2023-02-17 23:00:00,1.729,1002.0
2023-02-18 00:00:00,2.449,1003.0
2023-02-18 01:00:00,2.883,1006.1
2023-02-18 02:00:00,2.942,1007.1
2023-02-18 03:00:00,2.594,1008.9
2023-02-18 04:00:00,2.088,1010.7
2023-02-18 05:00:00,1.502,1012.4
2023-02-18 06:00:00,0.784,1013.6
2023-02-18 07:00:00,0.258,1015.5
2023-02-18 08:00:00,0.088,1016.8
2023-02-18 09:00:00,0.521,1018.0
2023-02-18 10:00:00,1.108,1019.7
2023-02-18 11:00:00,1.822,1020.9
2023-02-18 12:00:00,2.683,1022.3
2023-02-18 13:00:00,3.313,1023.4
2023-02-18 14:00:00,3.521,1024.0
2023-02-18 15:00:00,3.408,1024.4
2023-02-18 16:00:00,2.877,1024.3
2023-02-18 17:00:00,2.146,1023.9
2023-02-18 18:00:00,1.309,1023.3
2023-02-18 19:00:00,0.612,1022.5
2023-02-18 20:00:00,0.014,1022.5
2023-02-18 21:00:00,0.012,1022.7
2023-02-18 22:00:00,0.411,1023.1
2023-02-18 23:00:00,0.961,1023.5
2023-02-19 00:00:00,1.669,1024.2
2023-02-19 01:00:00,2.416,1025.1
2023-02-19 02:00:00,2.893,1025.9
2023-02-19 03:00:00,2.984,1026.4
2023-02-19 04:00:00,2.677,1026.2
2023-02-19 05:00:00,2.126,1026.2
2023-02-19 06:00:00,1.388,1026.4
2023-02-19 07:00:00,0.636,1026.8
2023-02-19 08:00:00,0.047,1026.8
2023-02-19 09:00:00,-0.074,1027.3
2023-02-19 10:00:00,0.382,1027.5
2023-02-19 11:00:00,0.978,1028.0
2023-02-19 12:00:00,1.831,1028.6
2023-02-19 13:00:00,2.633,1029.2
2023-02-19 14:00:00,3.31,1028.9
2023-02-19 15:00:00,3.512,1028.0
2023-02-19 16:00:00,3.263,1027.9
2023-02-19 17:00:00,2.685,1026.6
2023-02-19 18:00:00,1.932,1025.7
2023-02-19 19:00:00,1.02,1023.6
2023-02-19 20:00:00,0.156,1023.0
2023-02-19 21:00:00,-0.422,1021.8
2023-02-19 22:00:00,-0.359,1020.4
2023-02-19 23:00:00,0.185,1020.2
2023-02-20 00:00:00,0.893,1019.2
2023-02-20 01:00:00,1.758,1018.4
2023-02-20 02:00:00,2.59,1017.0
2023-02-20 03:00:00,3.166,1016.2
2023-02-20 04:00:00,3.246,1015.0
2023-02-20 05:00:00,2.905,1014.2
2023-02-20 06:00:00,2.312,1013.3
2023-02-20 07:00:00,1.501,1012.4
2023-02-20 08:00:00,0.687,1010.9
2023-02-20 09:00:00,0.06,1009.9
2023-02-20 10:00:00,-0.081,1008.6
2023-02-20 11:00:00,0.419,1007.8
2023-02-20 12:00:00,1.152,1007.1
2023-02-20 13:00:00,2.022,1006.6
2023-02-20 14:00:00,2.942,1005.6
2023-02-20 15:00:00,3.62,1004.7
2023-02-20 16:00:00,3.797,1003.7
2023-02-20 17:00:00,3.496,1002.2
2023-02-20 18:00:00,2.856,1001.3
2023-02-20 19:00:00,1.983,1000.3
2023-02-20 20:00:00,1.088,1000.3
2023-02-20 21:00:00,0.188,1001.1
2023-02-20 22:00:00,-0.331,1001.4
2023-02-20 23:00:00,-0.171,1002.3
2023-02-21 00:00:00,0.415,1002.9
2023-02-21 01:00:00,1.201,1003.6
2023-02-21 02:00:00,2.074,1004.0
2023-02-21 03:00:00,2.915,1003.9
2023-02-21 04:00:00,3.411,1004.4
2023-02-21 05:00:00,3.364,1004.2
2023-02-21 06:00:00,2.959,1004.5
2023-02-21 07:00:00,2.264,1004.1
2023-02-21 08:00:00,1.42,1004.4
2023-02-21 09:00:00,0.568,1005.2
2023-02-21 10:00:00,-0.068,1005.4
2023-02-21 11:00:00,-0.136,1005.0
2023-02-21 12:00:00,0.432,1005.1
2023-02-21 13:00:00,1.187,1005.6
2023-02-21 14:00:00,2.111,1004.9
2023-02-21 15:00:00,3.04,1004.8
2023-02-21 16:00:00,3.712,1003.6
2023-02-21 17:00:00,3.804,1002.6
2023-02-21 18:00:00,3.463,1002.6
2023-02-21 19:00:00,2.726,1002.2
2023-02-21 20:00:00,1.888,1002.6
2023-02-21 21:00:00,0.937,1002.6
2023-02-21 22:00:00,0.104,1003.5
2023-02-21 23:00:00,-0.265,1004.4
2023-02-22 00:00:00,0.031,1005.3
2023-02-22 01:00:00,0.701,1006.1
2023-02-22 02:00:00,1.499,1006.9
2023-02-22 03:00:00,2.37,1007.7
2023-02-22 04:00:00,3.181,1008.3
2023-02-22 05:00:00,3.505,1009.4
2023-02-22 06:00:00,3.367,1010.6
2023-02-22 07:00:00,2.916,1011.4
2023-02-22 08:00:00,2.11,1012.1
2023-02-22 09:00:00,1.226,1013.8
2023-02-22 10:00:00,0.318,1015.1
2023-02-22 11:00:00,-0.244,1015.8
2023-02-22 12:00:00,-0.18,1017.0
2023-02-22 13:00:00,0.426,1018.8
2023-02-22 14:00:00,1.218,1019.1
2023-02-22 15:00:00,2.115,1018.9
2023-02-22 16:00:00,3.018,1019.5
2023-02-22 17:00:00,3.534,1019.5
2023-02-22 18:00:00,3.624,1018.7
2023-02-22 19:00:00,3.212,1018.8
2023-02-22 20:00:00,2.535,1018.8
2023-02-22 21:00:00,1.634,1019.5
2023-02-22 22:00:00,0.7,1020.1
2023-02-22 23:00:00,-0.055,1020.2
2023-02-23 00:00:00,-0.271,1020.3
2023-02-23 01:00:00,0.084,1019.7
2023-02-23 02:00:00,0.768,1019.1
2023-02-23 03:00:00,1.616,1018.3
2023-02-23 04:00:00,2.537,1020.0
2023-02-23 05:00:00,3.203,1018.5
2023-02-23 06:00:00,3.536,1018.3
2023-02-23 07:00:00,3.386,1016.3
2023-02-23 08:00:00,2.844,1015.6
2023-02-23 09:00:00,2.105,1014.2
2023-02-23 10:00:00,1.234,1013.0
2023-02-23 11:00:00,0.475,1013.0
2023-02-23 12:00:00,-0.006,1013.6
2023-02-23 13:00:00,0.127,1014.1
2023-02-23 14:00:00,0.793,1014.4
2023-02-23 15:00:00,1.474,1014.5
2023-02-23 16:00:00,2.366,1015.3
2023-02-23 17:00:00,3.121,1015.0
2023-02-23 18:00:00,3.471,1015.0
2023-02-23 19:00:00,3.458,1016.0
2023-02-23 20:00:00,3.123,1016.5
2023-02-23 21:00:00,2.431,1016.6
2023-02-23 22:00:00,1.583,1016.9
2023-02-23 23:00:00,0.734,1016.5
2023-02-24 00:00:00,0.143,1016.5
2023-02-24 01:00:00,-0.01,1015.6
2023-02-24 02:00:00,0.37,1014.0
2023-02-24 03:00:00,1.1,1013.3
2023-02-24 04:00:00,1.912,1014.0
2023-02-24 05:00:00,2.696,1014.0
2023-02-24 06:00:00,3.287,1012.8
2023-02-24 07:00:00,3.559,1012.2
2023-02-24 08:00:00,3.178,1012.0
2023-02-24 09:00:00,2.75,1011.7
2023-02-24 10:00:00,1.863,1011.6
2023-02-24 11:00:00,0.963,1011.5
2023-02-24 12:00:00,0.263,1012.5
2023-02-24 13:00:00,-0.027,1014.1
2023-02-24 14:00:00,0.17,1015.5
2023-02-24 15:00:00,0.656,1016.6
2023-02-24 16:00:00,1.35,1018.0
2023-02-24 17:00:00,2.076,1019.1
2023-02-24 18:00:00,2.779,1020.5
2023-02-24 19:00:00,3.053,1021.8
2023-02-24 20:00:00,2.924,1023.0
2023-02-24 21:00:00,2.501,1024.4
2023-02-24 22:00:00,1.901,1025.9
2023-02-24 23:00:00,1.194,1027.6
2023-02-25 00:00:00,0.505,1029.0
2023-02-25 01:00:00,0.119,1029.9
2023-02-25 02:00:00,0.238,1031.1
2023-02-25 03:00:00,0.776,1032.2
2023-02-25 04:00:00,1.382,1032.5
2023-02-25 05:00:00,2.077,1033.1
2023-02-25 06:00:00,2.812,1033.8
2023-02-25 07:00:00,3.235,1034.1
2023-02-25 08:00:00,3.271,1034.0
2023-02-25 09:00:00,2.972,1033.9
2023-02-25 10:00:00,2.346,1033.8
2023-02-25 11:00:00,1.588,1034.0
2023-02-25 12:00:00,0.801,1034.2
2023-02-25 13:00:00,0.206,1033.4
2023-02-25 14:00:00,0.008,1032.7
2023-02-25 15:00:00,0.307,1032.5
2023-02-25 16:00:00,0.726,1032.7
2023-02-25 17:00:00,1.317,1031.3
2023-02-25 18:00:00,2.087,1028.2
2023-02-25 19:00:00,2.672,1027.7
2023-02-25 20:00:00,2.918,1027.2
2023-02-25 21:00:00,2.77,1025.9
2023-02-25 22:00:00,2.384,1025.0
2023-02-25 23:00:00,1.781,1025.0
2023-02-26 00:00:00,1.099,1024.1
2023-02-26 01:00:00,0.526,1024.1
2023-02-26 02:00:00,0.173,1023.5
2023-02-26 03:00:00,0.34,1022.5
2023-02-26 04:00:00,0.775,1021.9
2023-02-26 05:00:00,1.354,1021.3
2023-02-26 06:00:00,2.055,1020.7
2023-02-26 07:00:00,2.713,1020.0
2023-02-26 08:00:00,3.103,1019.0
2023-02-26 09:00:00,3.113,1018.7
2023-02-26 10:00:00,2.778,1018.2
2023-02-26 11:00:00,2.272,1017.4
2023-02-26 12:00:00,1.615,1017.3
2023-02-26 13:00:00,0.933,1016.9
2023-02-26 14:00:00,0.413,1015.3
2023-02-26 15:00:00,0.277,1014.0
2023-02-26 16:00:00,0.558,1012.5
2023-02-26 17:00:00,0.954,1010.3
2023-02-26 18:00:00,1.561,1008.7
2023-02-26 19:00:00,2.204,1007.2
2023-02-26 20:00:00,2.68,1006.1
2023-02-26 21:00:00,2.926,1005.7
2023-02-26 22:00:00,2.723,1005.7
2023-02-26 23:00:00,2.39,1006.3
2023-02-27 00:00:00,1.899,1006.7
2023-02-27 01:00:00,1.277,1007.0
2023-02-27 02:00:00,0.761,1007.6
2023-02-27 03:00:00,0.464,1008.7
2023-02-27 04:00:00,0.7,1009.0
2023-02-27 05:00:00,1.049,1009.3
2023-02-27 06:00:00,1.648,1009.9
2023-02-27 07:00:00,2.231,1010.7
2023-02-27 08:00:00,2.83,1011.1
2023-02-27 09:00:00,3.185,1012.0
2023-02-27 10:00:00,3.134,1013.4
2023-02-27 11:00:00,2.832,1014.4
2023-02-27 12:00:00,2.333,1015.3
2023-02-27 13:00:00,1.721,1015.8
2023-02-27 14:00:00,1.139,1017.0
2023-02-27 15:00:00,0.661,1016.5
2023-02-27 16:00:00,0.571,1016.8
2023-02-27 17:00:00,0.79,1016.6
2023-02-27 18:00:00,1.097,1016.6
2023-02-27 19:00:00,1.639,1015.9
2023-02-27 20:00:00,2.206,1015.6
2023-02-27 21:00:00,2.61,1015.7
2023-02-27 22:00:00,2.821,1015.7
2023-02-27 23:00:00,2.71,1016.2
2023-02-28 00:00:00,2.431,1014.7
2023-02-28 01:00:00,1.983,1014.6
2023-02-28 02:00:00,1.453,1013.5
2023-02-28 03:00:00,1.012,1015.0
2023-02-28 04:00:00,0.85,1012.8
2023-02-28 05:00:00,0.976,1012.8
2023-02-28 06:00:00,1.375,1011.7
2023-02-28 07:00:00,1.873,1010.8
2023-02-28 08:00:00,2.431,1009.3
2023-02-28 09:00:00,2.886,1008.6
2023-02-28 10:00:00,3.241,1008.6
2023-02-28 11:00:00,3.266,1008.3
2023-02-28 12:00:00,2.886,1008.5
2023-02-28 13:00:00,2.517,1008.8
2023-02-28 14:00:00,2.006,1008.0
2023-02-28 15:00:00,1.45,1008.5
2023-02-28 16:00:00,1.074,1008.8
2023-02-28 17:00:00,0.84,1008.3
2023-02-28 18:00:00,1.083,1007.9
2023-02-28 19:00:00,1.376,1008.2
2023-02-28 20:00:00,1.813,1008.9
2023-02-28 21:00:00,2.327,1009.6
2023-02-28 22:00:00,2.664,1010.7
2023-02-28 23:00:00,2.874,1011.3
2023-03-01 00:00:00,2.74,1012.1
2023-03-01 01:00:00,2.479,1013.4
2023-03-01 02:00:00,2.048,1013.4
2023-03-01 03:00:00,1.614,1014.0
2023-03-01 04:00:00,1.146,1014.5
2023-03-01 05:00:00,0.92,1014.7
2023-03-01 06:00:00,1.067,1015.0
2023-03-01 07:00:00,1.361,1015.7
2023-03-01 08:00:00,1.743,1016.5
2023-03-01 09:00:00,2.24,1017.6
2023-03-01 10:00:00,2.639,1018.8
2023-03-01 11:00:00,2.906,1019.5
2023-03-01 12:00:00,2.899,1020.6
2023-03-01 13:00:00,2.614,1021.3
2023-03-01 14:00:00,2.207,1020.8
2023-03-01 15:00:00,1.692,1020.6
2023-03-01 16:00:00,1.135,1020.7
2023-03-01 17:00:00,0.724,1020.1
2023-03-01 18:00:00,0.588,1019.8
2023-03-01 19:00:00,0.749,1019.6
2023-03-01 20:00:00,1.038,1019.3
2023-03-01 21:00:00,1.43,1018.9
2023-03-01 22:00:00,1.971,1019.5
2023-03-01 23:00:00,2.402,1019.5
2023-03-02 00:00:00,2.593,1019.7
2023-03-02 01:00:00,2.547,1018.3
2023-03-02 02:00:00,2.28,1018.0
2023-03-02 03:00:00,1.913,1017.5
2023-03-02 04:00:00,1.45,1016.8
2023-03-02 05:00:00,1.004,1015.9
2023-03-02 06:00:00,0.807,1014.8
2023-03-02 07:00:00,0.963,1013.3
2023-03-02 08:00:00,1.353,1011.4
2023-03-02 09:00:00,1.753,1010.0
2023-03-02 10:00:00,2.261,1009.0
2023-03-02 11:00:00,2.704,1008.0
2023-03-02 12:00:00,3.004,1006.1
2023-03-02 13:00:00,3.066,1004.9
2023-03-02 14:00:00,2.813,1003.4
2023-03-02 15:00:00,2.503,1002.3
2023-03-02 16:00:00,1.985,1001.5
2023-03-02 17:00:00,1.385,1000.7
2023-03-02 18:00:00,0.906,1000.2
2023-03-02 19:00:00,0.753,999.9
2023-03-02 20:00:00,0.842,1000.7
2023-03-02 21:00:00,1.191,1001.0
2023-03-02 22:00:00,1.583,1001.5
2023-03-02 23:00:00,2.064,1002.4
2023-03-03 00:00:00,2.474,1003.4
2023-03-03 01:00:00,2.657,1003.8
2023-03-03 02:00:00,2.608,1005.7
2023-03-03 03:00:00,2.268,1006.9
2023-03-03 04:00:00,1.863,1008.0
2023-03-03 05:00:00,1.386,1008.7
2023-03-03 06:00:00,1.01,1009.5
2023-03-03 07:00:00,0.803,1010.1
2023-03-03 08:00:00,0.905,1011.3
2023-03-03 09:00:00,1.22,1012.4
2023-03-03 10:00:00,1.602,1013.9
2023-03-03 11:00:00,2.176,1015.4
2023-03-03 12:00:00,2.617,1016.7
2023-03-03 13:00:00,2.997,1017.3
2023-03-03 14:00:00,3.022,1017.7
2023-03-03 15:00:00,2.745,1018.6
2023-03-03 16:00:00,2.369,1018.7
2023-03-03 17:00:00,1.836,1019.0
2023-03-03 18:00:00,1.23,1018.1
2023-03-03 19:00:00,0.825,1018.0
2023-03-03 20:00:00,0.634,1018.2
2023-03-03 21:00:00,0.848,1017.8
2023-03-03 22:00:00,1.05,1017.3
2023-03-03 23:00:00,1.557,1016.9
2023-03-04 00:00:00,2.087,1016.9
2023-03-04 01:00:00,2.501,1017.1
2023-03-04 02:00:00,2.77,1016.0
2023-03-04 03:00:00,2.688,1015.0
2023-03-04 04:00:00,2.411,1014.5
2023-03-04 05:00:00,2.029,1013.0
2023-03-04 06:00:00,1.578,1012.0
2023-03-04 07:00:00,1.213,1010.5
2023-03-04 08:00:00,1.014,1007.7
2023-03-04 09:00:00,1.186,1003.9
2023-03-04 10:00:00,1.646,1003.3
2023-03-04 11:00:00,2.045,1001.4
2023-03-04 12:00:00,2.589,998.9
2023-03-04 13:00:00,3.169,997.9
2023-03-04 14:00:00,3.527,996.8
2023-03-04 15:00:00,3.466,997.2
2023-03-04 16:00:00,3.177,998.2
2023-03-04 17:00:00,2.614,998.7
2023-03-04 18:00:00,2.186,999.5
2023-03-04 19:00:00,1.527,1001.3
2023-03-04 20:00:00,1.139,1003.4
2023-03-04 21:00:00,0.978,1005.3
2023-03-04 22:00:00,1.141,1007.2
2023-03-04 23:00:00,1.451,1009.5
2023-03-05 00:00:00,1.888,1011.3
2023-03-05 01:00:00,2.37,1012.2
2023-03-05 02:00:00,2.774,1012.8
2023-03-05 03:00:00,2.954,1014.0
2023-03-05 04:00:00,2.821,1015.1
2023-03-05 05:00:00,2.524,1015.4
2023-03-05 06:00:00,2.026,1016.0
2023-03-05 07:00:00,1.467,1016.1
2023-03-05 08:00:00,1.078,1016.1
2023-03-05 09:00:00,0.88,1016.7
2023-03-05 10:00:00,1.143,1016.8
2023-03-05 11:00:00,1.543,1016.8
2023-03-05 12:00:00,1.987,1017.0
2023-03-05 13:00:00,2.521,1016.9
2023-03-05 14:00:00,2.966,1016.9
2023-03-05 15:00:00,3.113,1017.1
2023-03-05 16:00:00,2.938,1016.2
2023-03-05 17:00:00,2.499,1015.7
2023-03-05 18:00:00,1.978,1015.2
2023-03-05 19:00:00,1.328,1015.4
2023-03-05 20:00:00,0.766,1015.6
2023-03-05 21:00:00,0.461,1015.9
2023-03-05 22:00:00,0.427,1016.1
2023-03-05 23:00:00,0.849,1016.6
2023-03-06 00:00:00,1.342,1016.9
2023-03-06 01:00:00,1.887,1017.0
2023-03-06 02:00:00,2.401,1016.7
2023-03-06 03:00:00,2.664,1016.8
2023-03-06 04:00:00,2.648,1016.1
2023-03-06 05:00:00,2.342,1015.9
2023-03-06 06:00:00,1.904,1015.8
2023-03-06 07:00:00,1.33,1015.5
2023-03-06 08:00:00,0.716,1015.7
2023-03-06 09:00:00,0.327,1016.0
2023-03-06 10:00:00,0.303,1016.0
2023-03-06 11:00:00,0.724,1015.8
2023-03-06 12:00:00,1.252,1016.1
2023-03-06 13:00:00,1.852,1015.5
2023-03-06 14:00:00,2.477,1014.9
2023-03-06 15:00:00,2.856,1014.4
2023-03-06 16:00:00,2.948,1013.7
2023-03-06 17:00:00,2.704,1012.9
2023-03-06 18:00:00,2.2,1011.6
2023-03-06 19:00:00,1.632,1010.8
2023-03-06 20:00:00,0.953,1010.2
2023-03-06 21:00:00,0.479,1009.6
2023-03-06 22:00:00,0.311,1009.4
2023-03-06 23:00:00,0.579,1009.4
2023-03-07 00:00:00,1.09,1009.8
2023-03-07 01:00:00,1.631,1008.8
2023-03-07 02:00:00,2.308,1008.7
2023-03-07 03:00:00,2.804,1008.1
2023-03-07 04:00:00,3.078,1008.3
2023-03-07 05:00:00,2.952,1007.9
2023-03-07 06:00:00,2.556,1007.3
2023-03-07 07:00:00,2.061,1006.2
2023-03-07 08:00:00,1.428,1005.7
2023-03-07 09:00:00,0.916,1005.2
2023-03-07 10:00:00,0.71,1004.9
2023-03-07 11:00:00,0.882,1004.8
2023-03-07 12:00:00,1.331,1004.8
2023-03-07 13:00:00,1.929,1004.6
2023-03-07 14:00:00,2.585,1004.6
2023-03-07 15:00:00,3.149,1004.5
2023-03-07 16:00:00,3.432,1004.5
2023-03-07 17:00:00,3.315,1004.5
2023-03-07 18:00:00,2.93,1004.7
2023-03-07 19:00:00,2.31,1005.3
2023-03-07 20:00:00,1.589,1006.2
2023-03-07 21:00:00,0.928,1007.4
2023-03-07 22:00:00,0.466,1009.0
2023-03-07 23:00:00,0.472,1010.5
2023-03-08 00:00:00,0.838,1011.5
2023-03-08 01:00:00,1.354,1012.0
2023-03-08 02:00:00,1.991,1012.4
2023-03-08 03:00:00,2.668,1012.6
2023-03-08 04:00:00,3.075,1012.9
2023-03-08 05:00:00,3.179,1013.0
2023-03-08 06:00:00,2.881,1013.4
2023-03-08 07:00:00,2.372,1013.4
2023-03-08 08:00:00,1.737,1013.6
2023-03-08 09:00:00,1.101,1014.1
2023-03-08 10:00:00,0.63,1014.5
2023-03-08 11:00:00,0.48,1014.8
2023-03-08 12:00:00,0.823,1015.3
2023-03-08 13:00:00,1.37,1015.7
2023-03-08 14:00:00,2.057,1015.9
2023-03-08 15:00:00,2.738,1015.9
2023-03-08 16:00:00,3.227,1016.1
2023-03-08 17:00:00,3.384,1016.6
2023-03-08 18:00:00,3.129,1016.3
2023-03-08 19:00:00,2.606,1016.2
2023-03-08 20:00:00,1.959,1016.3
2023-03-08 21:00:00,1.25,1016.2
2023-03-08 22:00:00,0.713,1016.5
2023-03-08 23:00:00,0.479,1016.9
2023-03-09 00:00:00,0.681,1017.4
2023-03-09 01:00:00,1.21,1017.9
2023-03-09 02:00:00,1.831,1018.3
2023-03-09 03:00:00,2.492,1018.2
2023-03-09 04:00:00,3.031,1018.3
2023-03-09 05:00:00,3.299,1018.4
2023-03-09 06:00:00,3.214,1018.7
2023-03-09 07:00:00,2.789,1018.4
2023-03-09 08:00:00,2.167,1018.2
2023-03-09 09:00:00,1.46,1018.3
2023-03-09 10:00:00,0.835,1018.3
2023-03-09 11:00:00,0.458,1018.5
2023-03-09 12:00:00,0.54,1018.8
2023-03-09 13:00:00,1.019,1018.8
2023-03-09 14:00:00,1.581,1018.8
2023-03-09 15:00:00,2.272,1018.7
2023-03-09 16:00:00,2.906,1018.5
2023-03-09 17:00:00,3.271,1018.1
2023-03-09 18:00:00,3.27,1017.8
2023-03-09 19:00:00,2.928,1018.0
2023-03-09 20:00:00,2.349,1018.5
2023-03-09 21:00:00,1.677,1019.1
2023-03-09 22:00:00,0.975,1019.8
2023-03-09 23:00:00,0.545,1020.2
2023-03-10 00:00:00,0.468,1020.5
2023-03-10 01:00:00,0.886,1020.8
2023-03-10 02:00:00,1.457,1021.0
2023-03-10 03:00:00,2.135,1021.1
2023-03-10 04:00:00,2.809,1021.1
2023-03-10 05:00:00,3.225,1021.1
2023-03-10 06:00:00,3.34,1020.4
2023-03-10 07:00:00,3.074,1019.8
2023-03-10 08:00:00,2.524,1018.8
2023-03-10 09:00:00,1.847,1019.1
2023-03-10 10:00:00,1.137,1018.9
2023-03-10 11:00:00,0.523,1019.0
2023-03-10 12:00:00,0.286,1018.4
2023-03-10 13:00:00,0.556,1017.7
2023-03-10 14:00:00,1.063,1017.0
2023-03-10 15:00:00,1.71,1016.6
2023-03-10 16:00:00,2.408,1015.6
2023-03-10 17:00:00,2.966,1014.5
2023-03-10 18:00:00,3.234,1012.9
2023-03-10 19:00:00,3.08,1011.8
2023-03-10 20:00:00,2.644,1011.1
2023-03-10 21:00:00,2.04,1010.3
2023-03-10 22:00:00,1.344,1010.1
2023-03-10 23:00:00,0.778,1010.0
2023-03-11 00:00:00,0.435,1009.7
2023-03-11 01:00:00,0.631,1009.6
2023-03-11 02:00:00,1.178,1009.3
2023-03-11 03:00:00,1.778,1008.8
2023-03-11 04:00:00,2.473,1008.3
2023-03-11 05:00:00,3.091,1008.1
2023-03-11 06:00:00,3.457,1007.4
2023-03-11 07:00:00,3.383,1006.8
2023-03-11 08:00:00,2.972,1006.7
2023-03-11 09:00:00,2.374,1006.4
2023-03-11 10:00:00,1.689,1007.2
2023-03-11 11:00:00,0.99,1006.9
2023-03-11 12:00:00,0.542,1007.5
2023-03-11 13:00:00,0.538,1007.8
2023-03-11 14:00:00,0.96,1007.9
2023-03-11 15:00:00,1.503,1008.3
2023-03-11 16:00:00,2.138,1008.5
2023-03-11 17:00:00,2.819,1008.6
2023-03-11 18:00:00,3.286,1008.4
2023-03-11 19:00:00,3.305,1008.5
2023-03-11 20:00:00,3.122,1009.1
2023-03-11 21:00:00,2.582,1009.5
2023-03-11 22:00:00,1.895,1010.2
2023-03-11 23:00:00,1.285,1010.8
2023-03-12 00:00:00,0.726,1011.2
2023-03-12 01:00:00,0.638,1011.8
2023-03-12 02:00:00,0.922,1012.0
2023-03-12 03:00:00,1.436,1012.4
2023-03-12 04:00:00,2.138,1012.6
2023-03-12 05:00:00,2.764,1013.1
2023-03-12 06:00:00,3.341,1013.6
2023-03-12 07:00:00,3.495,1013.6
2023-03-12 08:00:00,3.367,1013.8
2023-03-12 09:00:00,2.865,1014.1
2023-03-12 10:00:00,2.232,1014.4
2023-03-12 11:00:00,1.513,1015.4
2023-03-12 12:00:00,0.887,1015.9
2023-03-12 13:00:00,0.533,1016.0
2023-03-12 14:00:00,0.712,1016.1
2023-03-12 15:00:00,1.135,1016.5
2023-03-12 16:00:00,1.673,1016.2
2023-03-12 17:00:00,2.325,1017.1
2023-03-12 18:00:00,2.891,1017.5
2023-03-12 19:00:00,3.24,1017.3
2023-03-12 20:00:00,3.226,1017.4
2023-03-12 21:00:00,2.897,1016.9
2023-03-12 22:00:00,2.349,1017.2
2023-03-12 23:00:00,1.755,1018.0
2023-03-13 00:00:00,1.126,1018.3
2023-03-13 01:00:00,0.723,1018.6
2023-03-13 02:00:00,0.727,1018.6
2023-03-13 03:00:00,1.102,1018.9
2023-03-13 04:00:00,1.62,1018.6
2023-03-13 05:00:00,2.261,1018.6
2023-03-13 06:00:00,2.842,1018.1
2023-03-13 07:00:00,3.288,1017.6
2023-03-13 08:00:00,3.31,1017.5
2023-03-13 09:00:00,3.026,1017.3
2023-03-13 10:00:00,2.593,1017.3
2023-03-13 11:00:00,1.939,1017.2
2023-03-13 12:00:00,1.241,1017.2
2023-03-13 13:00:00,0.679,1017.8
2023-03-13 14:00:00,0.431,1017.8
2023-03-13 15:00:00,0.679,1017.7
2023-03-13 16:00:00,1.085,1017.0
2023-03-13 17:00:00,1.605,1016.6
2023-03-13 18:00:00,2.256,1015.7
2023-03-13 19:00:00,2.766,1015.1
2023-03-13 20:00:00,3.043,1014.0
2023-03-13 21:00:00,2.98,1013.4
2023-03-13 22:00:00,2.609,1012.9
2023-03-13 23:00:00,2.15,1012.4
2023-03-14 00:00:00,1.571,1012.0
2023-03-14 01:00:00,1.05,1011.5
2023-03-14 02:00:00,0.757,1011.0
2023-03-14 03:00:00,0.875,1010.1
2023-03-14 04:00:00,1.339,1008.9
2023-03-14 05:00:00,1.922,1008.0
2023-03-14 06:00:00,2.544,1006.1
2023-03-14 07:00:00,3.152,1004.3
2023-03-14 08:00:00,3.575,1002.6
2023-03-14 09:00:00,3.593,1001.1
2023-03-14 10:00:00,3.309,1000.1
2023-03-14 11:00:00,2.832,999.0
2023-03-14 12:00:00,2.191,998.6
2023-03-14 13:00:00,1.556,998.4
2023-03-14 14:00:00,1.009,996.5
2023-03-14 15:00:00,0.909,994.9
2023-03-14 16:00:00,1.25,994.2
2023-03-14 17:00:00,1.617,993.0
2023-03-14 18:00:00,2.18,991.1
2023-03-14 19:00:00,2.862,989.9
2023-03-14 20:00:00,3.285,989.6
2023-03-14 21:00:00,3.403,990.2
2023-03-14 22:00:00,3.254,990.7
2023-03-14 23:00:00,2.794,990.8
2023-03-15 00:00:00,2.221,990.8
2023-03-15 01:00:00,1.676,990.1
2023-03-15 02:00:00,1.176,989.6
2023-03-15 03:00:00,0.964,989.1
2023-03-15 04:00:00,1.106,989.4
2023-03-15 05:00:00,1.665,990.6
2023-03-15 06:00:00,2.153,992.2
2023-03-15 07:00:00,2.754,993.3
2023-03-15 08:00:00,3.234,994.3
2023-03-15 09:00:00,3.475,995.4
2023-03-15 10:00:00,3.547,996.4
2023-03-15 11:00:00,3.113,997.5
2023-03-15 12:00:00,2.546,998.6
2023-03-15 13:00:00,1.912,999.5
2023-03-15 14:00:00,1.251,1000.2
2023-03-15 15:00:00,0.778,1000.5
2023-03-15 16:00:00,0.599,1000.5
2023-03-15 17:00:00,0.731,1001.2
2023-03-15 18:00:00,1.093,1001.2
2023-03-15 19:00:00,1.654,1001.5
2023-03-15 20:00:00,2.248,1002.3
2023-03-15 21:00:00,2.669,1003.4
2023-03-15 22:00:00,2.899,1004.5
2023-03-15 23:00:00,2.796,1005.7
2023-03-16 00:00:00,2.484,1007.4
2023-03-16 01:00:00,2.021,1008.3
2023-03-16 02:00:00,1.443,1008.8
2023-03-16 03:00:00,0.995,1009.5
2023-03-16 04:00:00,0.721,1009.6
2023-03-16 05:00:00,0.907,1009.8
2023-03-16 06:00:00,1.274,1010.5
2023-03-16 07:00:00,1.743,1010.7
2023-03-16 08:00:00,2.389,1010.7
2023-03-16 09:00:00,2.959,1010.9
2023-03-16 10:00:00,3.302,1011.8
2023-03-16 11:00:00,3.284,1012.4
2023-03-16 12:00:00,3.008,1012.9
2023-03-16 13:00:00,2.525,1013.2
2023-03-16 14:00:00,1.902,1013.3
2023-03-16 15:00:00,1.256,1012.9
2023-03-16 16:00:00,0.722,1012.7
2023-03-16 17:00:00,0.548,1011.8
2023-03-16 18:00:00,0.7,1010.9
2023-03-16 19:00:00,0.994,1010.3
2023-03-16 20:00:00,1.477,1010.4
2023-03-16 21:00:00,2.066,1010.2
2023-03-16 22:00:00,2.567,1010.5
2023-03-16 23:00:00,2.856,1010.7
2023-03-17 00:00:00,2.811,1011.4
2023-03-17 01:00:00,2.519,1012.1
2023-03-17 02:00:00,2.044,1012.4
2023-03-17 03:00:00,1.48,1012.4
2023-03-17 04:00:00,0.943,1012.5
2023-03-17 05:00:00,0.667,1012.6
2023-03-17 06:00:00,0.753,1012.5
2023-03-17 07:00:00,1.122,1012.4
2023-03-17 08:00:00,1.646,1012.3
2023-03-17 09:00:00,2.276,1011.6
2023-03-17 10:00:00,2.873,1011.8
2023-03-17 11:00:00,3.255,1011.7
2023-03-17 12:00:00,3.32,1011.6
2023-03-17 13:00:00,3.048,1011.2
2023-03-17 14:00:00,2.537,1010.6
2023-03-17 15:00:00,1.929,1009.9
2023-03-17 16:00:00,1.209,1008.8
2023-03-17 17:00:00,0.63,1007.6
2023-03-17 18:00:00,0.4,1005.9
2023-03-17 19:00:00,0.541,1004.7
2023-03-17 20:00:00,0.904,1003.4
2023-03-17 21:00:00,1.484,1001.7
2023-03-17 22:00:00,2.125,1001.6
2023-03-17 23:00:00,2.722,1001.1
2023-03-18 00:00:00,3.09,1000.8
2023-03-18 01:00:00,3.054,1000.6
2023-03-18 02:00:00,2.767,1000.9
2023-03-18 03:00:00,2.265,1000.8
2023-03-18 04:00:00,1.672,1001.1
2023-03-18 05:00:00,1.017,1000.7
2023-03-18 06:00:00,0.656,1001.2
2023-03-18 07:00:00,0.669,1000.9
2023-03-18 08:00:00,1.055,1001.0
2023-03-18 09:00:00,1.644,1000.7
2023-03-18 10:00:00,2.293,1001.1
2023-03-18 11:00:00,2.97,1002.2
2023-03-18 12:00:00,3.485,1003.1
2023-03-18 13:00:00,3.522,1003.7
2023-03-18 14:00:00,3.262,1003.8
2023-03-18 15:00:00,2.75,1003.5
2023-03-18 16:00:00,2.049,1003.3
2023-03-18 17:00:00,1.297,1003.2
2023-03-18 18:00:00,0.578,1002.9
2023-03-18 19:00:00,0.171,1002.3
2023-03-18 20:00:00,0.329,1001.8
2023-03-18 21:00:00,0.786,1001.4
2023-03-18 22:00:00,1.368,1001.7
2023-03-18 23:00:00,2.13,1003.0
2023-03-19 00:00:00,2.725,1004.2
2023-03-19 01:00:00,3.12,1004.9
2023-03-19 02:00:00,3.142,1005.0
2023-03-19 03:00:00,2.826,1005.4
2023-03-19 04:00:00,2.307,1006.1
2023-03-19 05:00:00,1.594,1006.1
2023-03-19 06:00:00,0.891,1006.5
2023-03-19 07:00:00,0.406,1006.6
2023-03-19 08:00:00,0.337,1006.4
2023-03-19 09:00:00,0.779,1007.6
2023-03-19 10:00:00,1.324,1008.7
2023-03-19 11:00:00,2.019,1009.7
2023-03-19 12:00:00,2.786,1010.8
2023-03-19 13:00:00,3.292,1010.8
2023-03-19 14:00:00,3.467,1010.8
2023-03-19 15:00:00,3.215,1010.6
2023-03-19 16:00:00,2.607,1010.5
2023-03-19 17:00:00,1.846,1010.5
2023-03-19 18:00:00,1.0,1010.2
2023-03-19 19:00:00,0.214,1010.5
2023-03-19 20:00:00,-0.185,1010.9
2023-03-19 21:00:00,-0.091,1011.4
2023-03-19 22:00:00,0.361,1012.0
2023-03-19 23:00:00,1.015,1013.3
2023-03-20 00:00:00,1.814,1014.8
2023-03-20 01:00:00,2.552,1016.4
2023-03-20 02:00:00,2.991,1017.5
2023-03-20 03:00:00,2.984,1018.4
2023-03-20 04:00:00,2.599,1019.1
2023-03-20 05:00:00,1.979,1019.7
2023-03-20 06:00:00,1.198,1020.4
2023-03-20 07:00:00,0.431,1020.7
2023-03-20 08:00:00,-0.129,1021.0
2023-03-20 09:00:00,-0.141,1021.6
2023-03-20 10:00:00,0.324,1022.3
2023-03-20 11:00:00,0.996,1022.9
2023-03-20 12:00:00,1.868,1023.1
2023-03-20 13:00:00,2.671,1023.4
2023-03-20 14:00:00,3.275,1023.4
2023-03-20 15:00:00,3.386,1023.2
2023-03-20 16:00:00,3.041,1022.3
2023-03-20 17:00:00,2.414,1021.6
2023-03-20 18:00:00,1.634,1020.8
2023-03-20 19:00:00,0.755,1020.2
2023-03-20 20:00:00,-0.01,1019.8
2023-03-20 21:00:00,-0.388,1019.6
2023-03-20 22:00:00,-0.119,1019.7
2023-03-20 23:00:00,0.514,1020.5
2023-03-21 00:00:00,1.252,1021.3
2023-03-21 01:00:00,2.058,1022.0
2023-03-21 02:00:00,2.795,1022.6
2023-03-21 03:00:00,3.144,1022.7
2023-03-21 04:00:00,3.053,1022.9
2023-03-21 05:00:00,2.591,1023.3
2023-03-21 06:00:00,1.882,1023.9
2023-03-21 07:00:00,1.046,1024.2
2023-03-21 08:00:00,0.217,1024.2
2023-03-21 09:00:00,-0.237,1024.6
2023-03-21 10:00:00,-0.234,1025.2
2023-03-21 11:00:00,0.349,1025.6
2023-03-21 12:00:00,1.061,1025.6
2023-03-21 13:00:00,1.958,1025.5
2023-03-21 14:00:00,2.837,1025.6
2023-03-21 15:00:00,3.379,1025.9
2023-03-21 16:00:00,3.444,1025.4
2023-03-21 17:00:00,3.026,1025.1
2023-03-21 18:00:00,2.4,1024.4
2023-03-21 19:00:00,1.544,1024.0
2023-03-21 20:00:00,0.662,1023.9
2023-03-21 21:00:00,-0.056,1023.7
2023-03-21 22:00:00,-0.353,1024.0
2023-03-21 23:00:00,0.067,1024.6
2023-03-22 00:00:00,0.747,1025.4
2023-03-22 01:00:00,1.587,1026.1
2023-03-22 02:00:00,2.493,1026.8
2023-03-22 03:00:00,3.159,1027.2
2023-03-22 04:00:00,3.498,1027.2
2023-03-22 05:00:00,3.247,1027.3
2023-03-22 06:00:00,2.699,1027.6
2023-03-22 07:00:00,1.893,1028.2
2023-03-22 08:00:00,1.012,1028.6
2023-03-22 09:00:00,0.197,1029.1
2023-03-22 10:00:00,-0.294,1029.8
2023-03-22 11:00:00,-0.186,1030.3
2023-03-22 12:00:00,0.43,1030.6
2023-03-22 13:00:00,1.211,1030.7
2023-03-22 14:00:00,2.139,1030.9
2023-03-22 15:00:00,2.955,1030.5
2023-03-22 16:00:00,3.422,1030.0
2023-03-22 17:00:00,3.368,1029.3
2023-03-22 18:00:00,2.952,1028.0
2023-03-22 19:00:00,2.232,1027.1
2023-03-22 20:00:00,1.356,1026.1
2023-03-22 21:00:00,0.496,1025.5
2023-03-22 22:00:00,-0.165,1025.0
2023-03-22 23:00:00,-0.259,1024.6
2023-03-23 00:00:00,0.243,1024.0
2023-03-23 01:00:00,0.963,1023.9
2023-03-23 02:00:00,1.838,1023.5
2023-03-23 03:00:00,2.749,1023.0
2023-03-23 04:00:00,3.348,1022.4
2023-03-23 05:00:00,3.503,1022.1
2023-03-23 06:00:00,3.209,1021.5
2023-03-23 07:00:00,2.566,1020.3
2023-03-23 08:00:00,1.74,1019.3
2023-03-23 09:00:00,0.854,1018.7
2023-03-23 10:00:00,0.081,1018.3
2023-03-23 11:00:00,-0.29,1017.0
2023-03-23 12:00:00,-0.002,1016.4
2023-03-23 13:00:00,0.664,1015.1
2023-03-23 14:00:00,1.516,1014.3
2023-03-23 15:00:00,2.425,1013.1
2023-03-23 16:00:00,3.204,1011.5
2023-03-23 17:00:00,3.571,1009.6
2023-03-23 18:00:00,3.463,1008.1
2023-03-23 19:00:00,2.949,1006.5
2023-03-23 20:00:00,2.232,1005.5
2023-03-23 21:00:00,1.373,1004.6
2023-03-23 22:00:00,0.513,1003.6
2023-03-23 23:00:00,0.066,1004.0
2023-03-24 00:00:00,0.049,1003.5
2023-03-24 01:00:00,0.69,1004.0
2023-03-24 02:00:00,1.426,1004.7
2023-03-24 03:00:00,2.268,1004.5
2023-03-24 04:00:00,3.075,1004.8
2023-03-24 05:00:00,3.523,1005.2
2023-03-24 06:00:00,3.546,1006.3
2023-03-24 07:00:00,3.17,1007.0
2023-03-24 08:00:00,2.469,1007.5
2023-03-24 09:00:00,1.689,1008.5
2023-03-24 10:00:00,0.81,1009.8
2023-03-24 11:00:00,0.033,1010.5
2023-03-24 12:00:00,-0.232,1010.9
2023-03-24 13:00:00,0.204,1011.8
2023-03-24 14:00:00,0.787,1011.9
2023-03-24 15:00:00,1.606,1012.8
2023-03-24 16:00:00,2.442,1012.7
2023-03-24 17:00:00,3.149,1012.8
2023-03-24 18:00:00,3.371,1012.1
2023-03-24 19:00:00,3.177,1012.0
2023-03-24 20:00:00,2.661,1012.8
2023-03-24 21:00:00,1.893,1013.4
2023-03-24 22:00:00,1.068,1013.9
2023-03-24 23:00:00,0.372,1015.2
2023-03-25 00:00:00,-0.011,1016.8
2023-03-25 01:00:00,0.23,1017.7
2023-03-25 02:00:00,0.794,1018.6
2023-03-25 03:00:00,1.529,1018.8
2023-03-25 04:00:00,2.352,1019.5
2023-03-25 05:00:00,3.055,1020.0
2023-03-25 06:00:00,3.464,1020.4
2023-03-25 07:00:00,3.369,1020.6
2023-03-25 08:00:00,2.941,1020.7
2023-03-25 09:00:00,2.248,1021.4
2023-03-25 10:00:00,1.469,1021.5
2023-03-25 11:00:00,0.667,1021.7
2023-03-25 12:00:00,0.117,1022.5
2023-03-25 13:00:00,0.008,1022.1
2023-03-25 14:00:00,0.415,1022.8
2023-03-25 15:00:00,1.045,1021.4
2023-03-25 16:00:00,1.739,1021.8
2023-03-25 17:00:00,2.516,1019.4
2023-03-25 18:00:00,3.071,1018.6
2023-03-25 19:00:00,3.237,1018.2
2023-03-25 20:00:00,3.004,1017.5
2023-03-25 21:00:00,2.457,1016.1
2023-03-25 22:00:00,1.836,1014.7
2023-03-25 23:00:00,1.141,1014.3
2023-03-26 00:00:00,0.575,1012.2
2023-03-26 01:00:00,0.353,1011.2
2023-03-26 02:00:00,0.602,1011.0
2023-03-26 03:00:00,1.216,1009.2
2023-03-26 04:00:00,1.915,1008.0
2023-03-26 05:00:00,2.732,1006.0
2023-03-26 06:00:00,3.233,1005.3
2023-03-26 07:00:00,3.536,1006.3
2023-03-26 08:00:00,3.323,1005.0
2023-03-26 09:00:00,2.905,1004.7
2023-03-26 10:00:00,2.258,1005.1
2023-03-26 11:00:00,1.344,1006.4
2023-03-26 12:00:00,0.761,1007.4
2023-03-26 13:00:00,0.275,1007.9
2023-03-26 14:00:00,0.247,1008.2
2023-03-26 15:00:00,0.653,1008.6
2023-03-26 16:00:00,1.197,1008.4
2023-03-26 17:00:00,1.91,1008.2
2023-03-26 18:00:00,2.56,1007.9
2023-03-26 19:00:00,2.898,1008.2
2023-03-26 20:00:00,3.029,1008.6
2023-03-26 21:00:00,2.713,1009.2
2023-03-26 22:00:00,2.217,1010.0
2023-03-26 23:00:00,1.632,1010.7
2023-03-27 00:00:00,1.045,1011.7
2023-03-27 01:00:00,0.525,1012.8
2023-03-27 02:00:00,0.433,1013.7
2023-03-27 03:00:00,0.821,1014.4
2023-03-27 04:00:00,1.304,1015.5
2023-03-27 05:00:00,1.987,1015.7
2023-03-27 06:00:00,2.606,1015.9
2023-03-27 07:00:00,3.027,1015.7
2023-03-27 08:00:00,3.175,1016.2
2023-03-27 09:00:00,2.958,1016.7
2023-03-27 10:00:00,2.455,1018.1
2023-03-27 11:00:00,1.824,1017.7
2023-03-27 12:00:00,1.12,1018.5
2023-03-27 13:00:00,0.473,1018.0
2023-03-27 14:00:00,0.16,1017.9
2023-03-27 15:00:00,0.264,1018.2
2023-03-27 16:00:00,0.661,1017.3
2023-03-27 17:00:00,1.105,1016.5
2023-03-27 18:00:00,1.825,1015.7
2023-03-27 19:00:00,2.331,1015.3
2023-03-27 20:00:00,2.747,1015.3
2023-03-27 21:00:00,2.795,1015.1
2023-03-27 22:00:00,2.442,1015.2
2023-03-27 23:00:00,2.129,1015.5
2023-03-28 00:00:00,1.543,1015.6
2023-03-28 01:00:00,1.052,1016.2
2023-03-28 02:00:00,0.672,1017.0
2023-03-28 03:00:00,0.637,1016.4
2023-03-28 04:00:00,1.032,1016.1
2023-03-28 05:00:00,1.468,1016.1
2023-03-28 06:00:00,2.019,1016.0
2023-03-28 07:00:00,2.579,1015.8
2023-03-28 08:00:00,2.983,1015.9
2023-03-28 09:00:00,3.078,1016.1
2023-03-28 10:00:00,2.885,1016.2
2023-03-28 11:00:00,2.436,1016.4
2023-03-28 12:00:00,1.837,1016.6
2023-03-28 13:00:00,1.267,1016.8
2023-03-28 14:00:00,0.706,1017.3
2023-03-28 15:00:00,0.411,1017.8
2023-03-28 16:00:00,0.491,1018.0
2023-03-28 17:00:00,0.825,1018.0
2023-03-28 18:00:00,1.253,1017.8
2023-03-28 19:00:00,1.794,1017.3
2023-03-28 20:00:00,2.267,1016.8
2023-03-28 21:00:00,2.542,1016.6
2023-03-28 22:00:00,2.59,1016.9
2023-03-28 23:00:00,2.375,1017.4
2023-03-29 00:00:00,1.995,1018.1
2023-03-29 01:00:00,1.545,1018.6
2023-03-29 02:00:00,1.083,1019.0
2023-03-29 03:00:00,0.788,1019.4
2023-03-29 04:00:00,0.8,1019.6
2023-03-29 05:00:00,1.093,1019.5
2023-03-29 06:00:00,1.48,1018.9
2023-03-29 07:00:00,1.958,1018.2
2023-03-29 08:00:00,2.454,1019.1
2023-03-29 09:00:00,2.803,1019.3
2023-03-29 10:00:00,2.894,1020.0
2023-03-29 11:00:00,2.718,1020.7
2023-03-29 12:00:00,2.284,1021.2
2023-03-29 13:00:00,1.794,1021.0
2023-03-29 14:00:00,1.271,1021.2
2023-03-29 15:00:00,0.747,1021.0
2023-03-29 16:00:00,0.53,1020.3
2023-03-29 17:00:00,0.627,1019.5
2023-03-29 18:00:00,0.911,1018.4
2023-03-29 19:00:00,1.287,1017.7
2023-03-29 20:00:00,1.783,1016.7
2023-03-29 21:00:00,2.212,1015.9
2023-03-29 22:00:00,2.528,1015.5
2023-03-29 23:00:00,2.562,1015.5
2023-03-30 00:00:00,2.348,1015.4
2023-03-30 01:00:00,2.01,1015.6
2023-03-30 02:00:00,1.585,1015.3
2023-03-30 03:00:00,1.177,1014.8
2023-03-30 04:00:00,0.854,1014.0
2023-03-30 05:00:00,0.894,1013.4
2023-03-30 06:00:00,1.132,1014.4
2023-03-30 07:00:00,1.435,1015.0
2023-03-30 08:00:00,1.844,1015.6
2023-03-30 09:00:00,2.348,1016.4
2023-03-30 10:00:00,2.65,1017.9
2023-03-30 11:00:00,2.745,1019.1
2023-03-30 12:00:00,2.62,1020.2
2023-03-30 13:00:00,2.179,1020.7
2023-03-30 14:00:00,1.793,1021.3
2023-03-30 15:00:00,1.254,1021.8
2023-03-30 16:00:00,0.768,1021.8
2023-03-30 17:00:00,0.533,1021.9
2023-03-30 18:00:00,0.573,1021.8
2023-03-30 19:00:00,0.787,1021.5
2023-03-30 20:00:00,1.16,1021.5
2023-03-30 21:00:00,1.618,1021.4
2023-03-30 22:00:00,2.068,1022.2
2023-03-30 23:00:00,2.356,1022.3
2023-03-31 00:00:00,2.363,1023.1
2023-03-31 01:00:00,2.241,1023.9
2023-03-31 02:00:00,1.899,1024.6
2023-03-31 03:00:00,1.478,1024.9
2023-03-31 04:00:00,1.046,1025.6
2023-03-31 05:00:00,0.757,1026.0
2023-03-31 06:00:00,0.71,1026.2
2023-03-31 07:00:00,0.969,1025.9
2023-03-31 08:00:00,1.266,1026.6
2023-03-31 09:00:00,1.726,1026.7
2023-03-31 10:00:00,2.211,1027.1
2023-03-31 11:00:00,2.55,1027.8
2023-03-31 12:00:00,2.635,1028.1
2023-03-31 13:00:00,2.519,1028.1
2023-03-31 14:00:00,2.192,1027.9
2023-03-31 15:00:00,1.741,1027.3
2023-03-31 16:00:00,1.193,1026.4
2023-03-31 17:00:00,0.704,1024.7
2023-03-31 18:00:00,0.458,1023.7
2023-03-31 19:00:00,0.584,1022.8
2023-03-31 20:00:00,0.802,1021.4
2023-03-31 21:00:00,1.194,1020.1
2023-03-31 22:00:00,1.68,1021.5
2023-03-31 23:00:00,2.104,1020.1
2023-04-01 00:00:00,2.519,1018.8
2023-04-01 01:00:00,2.616,1018.3
2023-04-01 02:00:00,2.403,1017.8
2023-04-01 03:00:00,2.119,1016.4
2023-04-01 04:00:00,1.73,1014.2
2023-04-01 05:00:00,1.278,1012.7
2023-04-01 06:00:00,1.046,1011.2
2023-04-01 07:00:00,0.954,1010.1
2023-04-01 08:00:00,1.202,1008.2
2023-04-01 09:00:00,1.648,1007.6
2023-04-01 10:00:00,2.074,1006.3
2023-04-01 11:00:00,2.548,1004.9
2023-04-01 12:00:00,2.883,1004.1
2023-04-01 13:00:00,3.004,1002.7
2023-04-01 14:00:00,2.857,1000.7
2023-04-01 15:00:00,2.553,998.8
2023-04-01 16:00:00,1.992,997.4
2023-04-01 17:00:00,1.471,996.2
2023-04-01 18:00:00,1.015,994.2
2023-04-01 19:00:00,0.733,992.8
2023-04-01 20:00:00,0.751,991.2
2023-04-01 21:00:00,1.07,991.3
2023-04-01 22:00:00,1.451,991.3
2023-04-01 23:00:00,1.943,991.3
2023-04-02 00:00:00,2.453,991.1
2023-04-02 01:00:00,2.75,991.9
2023-04-02 02:00:00,2.746,992.3
2023-04-02 03:00:00,2.524,992.0
2023-04-02 04:00:00,2.166,991.2
2023-04-02 05:00:00,1.691,991.2
2023-04-02 06:00:00,1.168,992.2
2023-04-02 07:00:00,0.916,993.3
2023-04-02 08:00:00,0.775,994.7
2023-04-02 09:00:00,1.229,996.5
2023-04-02 10:00:00,1.589,999.9
2023-04-02 11:00:00,1.99,1002.7
2023-04-02 12:00:00,2.479,1004.8
2023-04-02 13:00:00,2.864,1006.3
2023-04-02 14:00:00,2.937,1007.6
2023-04-02 15:00:00,2.657,1008.5
2023-04-02 16:00:00,2.189,1009.6
2023-04-02 17:00:00,1.639,1010.3
2023-04-02 18:00:00,1.219,1011.4
2023-04-02 19:00:00,0.712,1012.3
2023-04-02 20:00:00,0.463,1012.7
2023-04-02 21:00:00,0.749,1013.4
2023-04-02 22:00:00,1.028,1014.2
2023-04-02 23:00:00,1.644,1015.3
2023-04-03 00:00:00,2.112,1016.9
2023-04-03 01:00:00,2.609,1017.7
2023-04-03 02:00:00,2.813,1018.7
2023-04-03 03:00:00,2.74,1019.0
2023-04-03 04:00:00,2.446,1019.4
2023-04-03 05:00:00,1.926,1019.9
2023-04-03 06:00:00,1.364,1020.2
2023-04-03 07:00:00,0.873,1020.3
2023-04-03 08:00:00,0.586,1020.4
2023-04-03 09:00:00,0.757,1020.4
2023-04-03 10:00:00,1.097,1021.3
2023-04-03 11:00:00,1.575,1022.1
2023-04-03 12:00:00,2.114,1023.0
2023-04-03 13:00:00,2.615,1023.2
2023-04-03 14:00:00,2.939,1022.7
2023-04-03 15:00:00,2.9,1021.5
2023-04-03 16:00:00,2.582,1020.2
2023-04-03 17:00:00,2.011,1019.2
2023-04-03 18:00:00,1.432,1017.9
2023-04-03 19:00:00,0.819,1016.0
2023-04-03 20:00:00,0.332,1015.4
2023-04-03 21:00:00,0.265,1014.9
2023-04-03 22:00:00,0.643,1014.8
2023-04-03 23:00:00,1.132,1014.8
2023-04-04 00:00:00,1.715,1015.0
2023-04-04 01:00:00,2.267,1014.9
2023-04-04 02:00:00,2.712,1015.5
2023-04-04 03:00:00,2.927,1015.4
2023-04-04 04:00:00,2.709,1016.9
2023-04-04 05:00:00,2.261,1016.9
2023-04-04 06:00:00,1.685,1017.0
2023-04-04 07:00:00,1.107,1016.7
2023-04-04 08:00:00,0.578,1016.3
2023-04-04 09:00:00,0.394,1016.9
2023-04-04 10:00:00,0.627,1017.6
2023-04-04 11:00:00,1.071,1018.0
2023-04-04 12:00:00,1.66,1018.3
2023-04-04 13:00:00,2.316,1018.0
2023-04-04 14:00:00,2.802,1018.3
2023-04-04 15:00:00,3.07,1018.6
2023-04-04 16:00:00,2.88,1018.4
2023-04-04 17:00:00,2.511,1018.4
2023-04-04 18:00:00,1.959,1018.8
2023-04-04 19:00:00,1.276,1018.6
2023-04-04 20:00:00,0.686,1018.7
2023-04-04 21:00:00,0.358,1019.5
2023-04-04 22:00:00,0.456,1020.3
2023-04-04 23:00:00,0.891,1021.5
2023-04-05 00:00:00,1.464,1022.4
2023-04-05 01:00:00,2.089,1023.0
2023-04-05 02:00:00,2.675,1023.2
2023-04-05 03:00:00,3.043,1023.6
2023-04-05 04:00:00,2.988,1024.1
2023-04-05 05:00:00,2.721,1024.7
2023-04-05 06:00:00,2.111,1024.4
2023-04-05 07:00:00,1.504,1024.7
2023-04-05 08:00:00,0.864,1025.6
2023-04-05 09:00:00,0.371,1026.7
2023-04-05 10:00:00,0.358,1027.4
2023-04-05 11:00:00,0.761,1028.8
2023-04-05 12:00:00,1.257,1029.8
2023-04-05 13:00:00,1.914,1030.1
2023-04-05 14:00:00,2.513,1030.2
2023-04-05 15:00:00,2.974,1030.8
2023-04-05 16:00:00,3.05,1030.0
2023-04-05 17:00:00,2.768,1029.2
2023-04-05 18:00:00,2.362,1028.9
2023-04-05 19:00:00,1.638,1027.5
2023-04-05 20:00:00,1.026,1027.1
2023-04-05 21:00:00,0.524,1027.1
2023-04-05 22:00:00,0.265,1026.4
2023-04-05 23:00:00,0.606,1025.7
2023-04-06 00:00:00,1.128,1025.3
2023-04-06 01:00:00,1.758,1025.6
2023-04-06 02:00:00,2.453,1024.2
2023-04-06 03:00:00,2.94,1024.0
2023-04-06 04:00:00,3.163,1023.3
2023-04-06 05:00:00,3.018,1022.7
2023-04-06 06:00:00,2.531,1021.5
2023-04-06 07:00:00,1.872,1021.1
2023-04-06 08:00:00,1.174,1020.7
2023-04-06 09:00:00,0.54,1020.7
2023-04-06 10:00:00,0.239,1018.7
2023-04-06 11:00:00,0.354,1020.4
2023-04-06 12:00:00,0.84,1020.6
2023-04-06 13:00:00,1.483,1020.1
2023-04-06 14:00:00,2.191,1020.3
2023-04-06 15:00:00,2.789,1020.6
2023-04-06 16:00:00,3.132,1020.8
2023-04-06 17:00:00,3.084,1020.4
2023-04-06 18:00:00,2.66,1019.8
2023-04-06 19:00:00,2.12,1019.2
2023-04-06 20:00:00,1.424,1017.9
2023-04-06 21:00:00,0.769,1017.7
2023-04-06 22:00:00,0.328,1017.4
2023-04-06 23:00:00,0.379,1017.7
2023-04-07 00:00:00,0.842,1018.8
2023-04-07 01:00:00,1.438,1020.4
2023-04-07 02:00:00,2.084,1020.0
2023-04-07 03:00:00,2.841,1020.1
2023-04-07 04:00:00,3.208,1020.1
2023-04-07 05:00:00,3.228,1020.3
2023-04-07 06:00:00,2.894,1020.8
2023-04-07 07:00:00,2.24,1020.6
2023-04-07 08:00:00,1.538,1021.1
2023-04-07 09:00:00,0.804,1021.4
2023-04-07 10:00:00,0.19,1022.1
2023-04-07 11:00:00,-0.003,1022.3
2023-04-07 12:00:00,0.253,1023.1
2023-04-07 13:00:00,0.804,1022.8
2023-04-07 14:00:00,1.503,1022.3
2023-04-07 15:00:00,2.201,1021.7
2023-04-07 16:00:00,2.831,1020.8
2023-04-07 17:00:00,2.988,1020.7
2023-04-07 18:00:00,2.772,1020.4
2023-04-07 19:00:00,2.345,1020.8
2023-04-07 20:00:00,1.66,1021.2
2023-04-07 21:00:00,0.989,1021.6
2023-04-07 22:00:00,0.368,1022.5
2023-04-07 23:00:00,0.103,1023.8
2023-04-08 00:00:00,0.302,1024.2
2023-04-08 01:00:00,0.878,1025.4
2023-04-08 02:00:00,1.551,1026.1
2023-04-08 03:00:00,2.267,1026.7
2023-04-08 04:00:00,2.822,1027.4
2023-04-08 05:00:00,3.13,1028.3
2023-04-08 06:00:00,2.958,1029.0
2023-04-08 07:00:00,2.531,1029.4
2023-04-08 08:00:00,1.877,1029.5
2023-04-08 09:00:00,1.187,1029.8
2023-04-08 10:00:00,0.498,1030.7
2023-04-08 11:00:00,-0.005,1031.5
2023-04-08 12:00:00,0.012,1032.2
2023-04-08 13:00:00,0.456,1032.3
2023-04-08 14:00:00,1.048,1032.2
2023-04-08 15:00:00,1.728,1032.1
2023-04-08 16:00:00,2.442,1031.7
2023-04-08 17:00:00,2.888,1030.8
2023-04-08 18:00:00,2.957,1030.2
2023-04-08 19:00:00,2.66,1029.3
2023-04-08 20:00:00,2.083,1028.6
2023-04-08 21:00:00,1.425,1028.5
2023-04-08 22:00:00,0.768,1028.3
2023-04-08 23:00:00,0.264,1028.5
2023-04-09 00:00:00,0.209,1029.2
2023-04-09 01:00:00,0.605,1030.3
2023-04-09 02:00:00,1.204,1030.8
2023-04-09 03:00:00,1.898,1030.9
2023-04-09 04:00:00,2.626,1031.4
2023-04-09 05:00:00,3.126,1031.7
2023-04-09 06:00:00,3.243,1032.0
2023-04-09 07:00:00,2.949,1032.1
2023-04-09 08:00:00,2.394,1032.2
2023-04-09 09:00:00,1.69,1032.1
2023-04-09 10:00:00,0.963,1032.8
2023-04-09 11:00:00,0.268,1033.6
2023-04-09 12:00:00,-0.054,1034.3
2023-04-09 13:00:00,0.13,1034.4
2023-04-09 14:00:00,0.627,1034.6
2023-04-09 15:00:00,1.268,1034.6
2023-04-09 16:00:00,1.968,1034.1
2023-04-09 17:00:00,2.59,1033.6
2023-04-09 18:00:00,2.913,1032.9
2023-04-09 19:00:00,2.813,1032.2
2023-04-09 20:00:00,2.463,1031.3
2023-04-09 21:00:00,1.85,1030.5
2023-04-09 22:00:00,1.217,1030.3
2023-04-09 23:00:00,0.578,1030.2
2023-04-10 00:00:00,0.181,1030.4
2023-04-10 01:00:00,0.286,1031.1
2023-04-10 02:00:00,0.772,1031.3
2023-04-10 03:00:00,1.396,1030.9
2023-04-10 04:00:00,2.068,1030.6
2023-04-10 05:00:00,2.731,1030.3
2023-04-10 06:00:00,3.144,1030.0
2023-04-10 07:00:00,3.12,1029.7
2023-04-10 08:00:00,2.753,1029.7
2023-04-10 09:00:00,2.15,1029.8
2023-04-10 10:00:00,1.422,1030.1
2023-04-10 11:00:00,0.709,1030.4
2023-04-10 12:00:00,0.086,1030.6
2023-04-10 13:00:00,-0.079,1030.3
2023-04-10 14:00:00,0.241,1029.8
2023-04-10 15:00:00,0.739,1029.5
2023-04-10 16:00:00,1.386,1028.8
2023-04-10 17:00:00,2.076,1027.7
2023-04-10 18:00:00,2.622,1026.8
2023-04-10 19:00:00,2.85,1025.9
2023-04-10 20:00:00,2.711,1025.2
2023-04-10 21:00:00,2.31,1024.8
2023-04-10 22:00:00,1.729,1024.3
2023-04-10 23:00:00,1.097,1024.0
2023-04-11 00:00:00,0.54,1023.9
2023-04-11 01:00:00,0.276,1024.1
2023-04-11 02:00:00,0.531,1024.2
2023-04-11 03:00:00,1.027,1023.7
2023-04-11 04:00:00,1.668,1023.0
2023-04-11 05:00:00,2.377,1022.5
2023-04-11 06:00:00,2.937,1021.8
2023-04-11 07:00:00,3.246,1021.1
2023-04-11 08:00:00,3.181,1020.7
2023-04-11 09:00:00,2.753,1019.8
2023-04-11 10:00:00,2.179,1019.9
2023-04-11 11:00:00,1.427,1020.3
2023-04-11 12:00:00,0.742,1020.0
2023-04-11 13:00:00,0.216,1019.4
2023-04-11 14:00:00,0.131,1018.7
2023-04-11 15:00:00,0.444,1017.5
2023-04-11 16:00:00,0.917,1016.2
2023-04-11 17:00:00,1.518,1014.7
2023-04-11 18:00:00,2.19,1013.2
2023-04-11 19:00:00,2.667,1011.8
2023-04-11 20:00:00,2.809,1010.2
2023-04-11 21:00:00,2.668,1009.7
2023-04-11 22:00:00,2.261,1009.2
2023-04-11 23:00:00,1.737,1008.9
2023-04-12 00:00:00,1.125,1008.0
2023-04-12 01:00:00,0.618,1007.5
2023-04-12 02:00:00,0.424,1006.9
2023-04-12 03:00:00,0.674,1006.0
2023-04-12 04:00:00,1.183,1005.1
2023-04-12 05:00:00,1.753,1005.0
2023-04-12 06:00:00,2.404,1004.1
2023-04-12 07:00:00,2.983,1003.8
2023-04-12 08:00:00,3.247,1003.6
2023-04-12 09:00:00,3.18,1004.1
2023-04-12 10:00:00,2.727,1005.3
2023-04-12 11:00:00,2.105,1006.4
2023-04-12 12:00:00,1.405,1006.9
2023-04-12 13:00:00,0.735,1007.2
2023-04-12 14:00:00,0.302,1007.1
2023-04-12 15:00:00,0.267,1007.4
2023-04-12 16:00:00,0.534,1006.7
2023-04-12 17:00:00,1.008,1005.6
2023-04-12 18:00:00,1.618,1005.9
2023-04-12 19:00:00,2.237,1006.1
2023-04-12 20:00:00,2.756,1006.1
2023-04-12 21:00:00,2.865,1006.2
2023-04-12 22:00:00,2.701,1006.6
2023-04-12 23:00:00,2.365,1007.4
2023-04-13 00:00:00,1.81,1008.0
2023-04-13 01:00:00,1.231,1008.7
2023-04-13 02:00:00,0.744,1009.4
2023-04-13 03:00:00,0.585,1009.6
2023-04-13 04:00:00,0.881,1010.3
2023-04-13 05:00:00,1.315,1010.4
2023-04-13 06:00:00,1.902,1010.4
2023-04-13 07:00:00,2.523,1010.1
2023-04-13 08:00:00,3.085,1010.0
2023-04-13 09:00:00,3.32,1009.7
2023-04-13 10:00:00,3.193,1009.6
2023-04-13 11:00:00,2.771,1009.7
2023-04-13 12:00:00,2.246,1009.5
2023-04-13 13:00:00,1.564,1009.2
2023-04-13 14:00:00,0.909,1009.0
2023-04-13 15:00:00,0.417,1008.8
2023-04-13 16:00:00,0.388,1008.0
2023-04-13 17:00:00,0.647,1007.4
2023-04-13 18:00:00,1.11,1006.8
2023-04-13 19:00:00,1.659,1006.4
2023-04-13 20:00:00,2.22,1005.5
2023-04-13 21:00:00,2.722,1005.2
2023-04-13 22:00:00,2.862,1005.1
2023-04-13 23:00:00,2.75,1005.5
2023-04-14 00:00:00,2.348,1006.0
2023-04-14 01:00:00,1.845,1006.5
2023-04-14 02:00:00,1.263,1006.6
2023-04-14 03:00:00,0.788,1007.2
2023-04-14 04:00:00,0.581,1007.4
2023-04-14 05:00:00,0.811,1007.5
2023-04-14 06:00:00,1.235,1007.8
2023-04-14 07:00:00,1.801,1007.8
2023-04-14 08:00:00,2.417,1008.0
2023-04-14 09:00:00,2.937,1008.2
2023-04-14 10:00:00,3.196,1009.0
2023-04-14 11:00:00,3.124,1009.8
2023-04-14 12:00:00,2.759,1010.2
2023-04-14 13:00:00,2.217,1010.3
2023-04-14 14:00:00,1.58,1010.6
2023-04-14 15:00:00,0.914,1010.9
2023-04-14 16:00:00,0.394,1011.0
2023-04-14 17:00:00,0.268,1010.9
2023-04-14 18:00:00,0.55,1011.4
2023-04-14 19:00:00,0.97,1011.4
2023-04-14 20:00:00,1.538,1011.5
2023-04-14 21:00:00,2.171,1011.3
2023-04-14 22:00:00,2.695,1011.6
2023-04-14 23:00:00,2.91,1011.6
2023-04-15 00:00:00,2.793,1011.9
2023-04-15 01:00:00,2.492,1012.8
2023-04-15 02:00:00,1.975,1013.2
2023-04-15 03:00:00,1.363,1013.4
2023-04-15 04:00:00,0.844,1013.5
2023-04-15 05:00:00,0.573,1014.0
2023-04-15 06:00:00,0.736,1014.0
2023-04-15 07:00:00,1.129,1014.1
2023-04-15 08:00:00,1.668,1014.6
2023-04-15 09:00:00,2.322,1014.7
2023-04-15 10:00:00,2.915,1014.7
2023-04-15 11:00:00,3.246,1015.3
2023-04-15 12:00:00,3.207,1015.9
2023-04-15 13:00:00,2.887,1016.0
2023-04-15 14:00:00,2.379,1016.4
2023-04-15 15:00:00,1.661,1015.9
2023-04-15 16:00:00,1.019,1015.6
2023-04-15 17:00:00,0.451,1015.4
2023-04-15 18:00:00,0.244,1015.1
2023-04-15 19:00:00,0.483,1014.8
2023-04-15 20:00:00,0.906,1014.2
2023-04-15 21:00:00,1.493,1014.1
2023-04-15 22:00:00,2.176,1013.9
2023-04-15 23:00:00,2.736,1014.3
2023-04-16 00:00:00,3.005,1014.6
2023-04-16 01:00:00,2.926,1014.5
2023-04-16 02:00:00,2.603,1014.4
2023-04-16 03:00:00,2.083,1013.7
2023-04-16 04:00:00,1.412,1013.3
2023-04-16 05:00:00,0.825,1012.8
2023-04-16 06:00:00,0.46,1012.4
2023-04-16 07:00:00,0.583,1012.2
2023-04-16 08:00:00,1.05,1012.5
2023-04-16 09:00:00,1.61,1012.4
2023-04-16 10:00:00,2.308,1013.1
2023-04-16 11:00:00,2.943,1012.7
2023-04-16 12:00:00,3.362,1012.8
2023-04-16 13:00:00,3.381,1012.7
2023-04-16 14:00:00,3.047,1012.9
2023-04-16 15:00:00,2.484,1012.6
2023-04-16 16:00:00,1.794,1012.6
2023-04-16 17:00:00,1.012,1012.1
2023-04-16 18:00:00,0.394,1011.9
2023-04-16 19:00:00,0.171,1012.0
2023-04-16 20:00:00,0.394,1011.0
2023-04-16 21:00:00,0.9,1011.4
2023-04-16 22:00:00,1.552,1011.0
2023-04-16 23:00:00,2.266,1010.6
2023-04-17 00:00:00,2.919,1010.2
2023-04-17 01:00:00,3.209,1010.2
2023-04-17 02:00:00,3.14,1010.0
2023-04-17 03:00:00,2.759,1009.8
2023-04-17 04:00:00,2.155,1009.3
2023-04-17 05:00:00,1.434,1009.1
2023-04-17 06:00:00,0.77,1008.7
2023-04-17 07:00:00,0.34,1008.0
2023-04-17 08:00:00,0.441,1007.7
2023-04-17 09:00:00,0.888,1007.0
2023-04-17 10:00:00,1.518,1006.7
2023-04-17 11:00:00,2.263,1006.9
2023-04-17 12:00:00,2.957,1006.5
2023-04-17 13:00:00,3.394,1006.4
2023-04-17 14:00:00,3.439,1006.2
2023-04-17 15:00:00,3.121,1005.8
2023-04-17 16:00:00,2.547,1004.4
2023-04-17 17:00:00,1.818,1003.6
2023-04-17 18:00:00,1.043,1003.0
2023-04-17 19:00:00,0.407,1001.9
2023-04-17 20:00:00,0.173,1000.6
2023-04-17 21:00:00,0.525,999.9
2023-04-17 22:00:00,1.112,999.6
2023-04-17 23:00:00,1.86,1000.0
2023-04-18 00:00:00,2.6,1000.7
2023-04-18 01:00:00,3.221,1001.2
2023-04-18 02:00:00,3.509,1001.7
2023-04-18 03:00:00,3.372,1002.3
2023-04-18 04:00:00,2.903,1002.5
2023-04-18 05:00:00,2.193,1002.7
2023-04-18 06:00:00,1.42,1002.2
2023-04-18 07:00:00,0.685,1002.4
2023-04-18 08:00:00,0.254,1002.5
2023-04-18 09:00:00,0.345,1002.4
2023-04-18 10:00:00,0.824,1002.7
2023-04-18 11:00:00,1.521,1002.9
2023-04-18 12:00:00,2.298,1003.0
2023-04-18 13:00:00,3.047,1003.2
2023-04-18 14:00:00,3.448,1003.5
2023-04-18 15:00:00,3.487,1003.7
2023-04-18 16:00:00,3.078,1004.1
2023-04-18 17:00:00,2.435,1004.5
2023-04-18 18:00:00,1.624,1004.9
2023-04-18 19:00:00,0.835,1004.9
2023-04-18 20:00:00,0.196,1005.1
2023-04-18 21:00:00,0.073,1005.4
2023-04-18 22:00:00,0.517,1005.8
2023-04-18 23:00:00,1.127,1006.8
2023-04-19 00:00:00,1.905,1007.9
2023-04-19 01:00:00,2.711,1008.9
2023-04-19 02:00:00,3.329,1009.8
2023-04-19 03:00:00,3.506,1010.2
2023-04-19 04:00:00,3.277,1010.6
2023-04-19 05:00:00,2.73,1010.9
2023-04-19 06:00:00,1.985,1010.9
2023-04-19 07:00:00,1.134,1011.0
2023-04-19 08:00:00,0.365,1011.4
2023-04-19 09:00:00,-0.063,1011.7
2023-04-19 10:00:00,0.114,1012.2
2023-04-19 11:00:00,0.673,1013.1
2023-04-19 12:00:00,1.393,1013.6
2023-04-19 13:00:00,2.2,1013.6
2023-04-19 14:00:00,2.989,1013.5
2023-04-19 15:00:00,3.368,1013.8
2023-04-19 16:00:00,3.296,1014.5
2023-04-19 17:00:00,2.885,1015.2
2023-04-19 18:00:00,2.205,1015.1
2023-04-19 19:00:00,1.404,1015.0
2023-04-19 20:00:00,0.618,1015.1
2023-04-19 21:00:00,0.057,1015.8
2023-04-19 22:00:00,-0.008,1016.7
2023-04-19 23:00:00,0.526,1017.3
2023-04-20 00:00:00,1.191,1018.1
2023-04-20 01:00:00,2.013,1019.2
2023-04-20 02:00:00,2.819,1019.5
2023-04-20 03:00:00,3.336,1020.0
2023-04-20 04:00:00,3.438,1020.3
2023-04-20 05:00:00,3.097,1020.8
2023-04-20 06:00:00,2.466,1020.5
2023-04-20 07:00:00,1.696,1020.7
2023-04-20 08:00:00,0.804,1021.2
2023-04-20 09:00:00,0.078,1021.9
2023-04-20 10:00:00,-0.284,1022.3
2023-04-20 11:00:00,-0.015,1022.3
2023-04-20 12:00:00,0.592,1022.9
2023-04-20 13:00:00,1.34,1023.0
2023-04-20 14:00:00,2.177,1023.0
2023-04-20 15:00:00,2.89,1022.7
2023-04-20 16:00:00,3.23,1022.1
2023-04-20 17:00:00,3.116,1021.1
2023-04-20 18:00:00,2.645,1020.4
2023-04-20 19:00:00,1.964,1019.5
2023-04-20 20:00:00,1.189,1019.2
2023-04-20 21:00:00,0.448,1019.6
2023-04-20 22:00:00,0.013,1019.6
2023-04-20 23:00:00,0.141,1019.3
2023-04-21 00:00:00,0.756,1020.1
2023-04-21 01:00:00,1.474,1020.7
2023-04-21 02:00:00,2.246,1020.7
2023-04-21 03:00:00,2.994,1020.9
2023-04-21 04:00:00,3.45,1020.8
2023-04-21 05:00:00,3.393,1021.5
2023-04-21 06:00:00,2.961,1021.4
2023-04-21 07:00:00,2.297,1021.1
2023-04-21 08:00:00,1.462,1021.2
2023-04-21 09:00:00,0.627,1022.0
2023-04-21 10:00:00,-0.002,1022.2
2023-04-21 11:00:00,-0.184,1022.7
2023-04-21 12:00:00,0.207,1022.8
2023-04-21 13:00:00,0.803,1022.4
2023-04-21 14:00:00,1.602,1023.0
2023-04-21 15:00:00,2.373,1022.7
2023-04-21 16:00:00,3.026,1022.8
2023-04-21 17:00:00,3.162,1022.1
2023-04-21 18:00:00,2.986,1021.3
2023-04-21 19:00:00,2.51,1020.4
2023-04-21 20:00:00,1.821,1020.3
2023-04-21 21:00:00,1.081,1020.0
2023-04-21 22:00:00,0.389,1020.3
2023-04-21 23:00:00,0.14,1020.3
2023-04-22 00:00:00,0.495,1020.5
2023-04-22 01:00:00,1.083,1020.8
2023-04-22 02:00:00,1.833,1020.8
2023-04-22 03:00:00,2.578,1021.1
2023-04-22 04:00:00,3.28,1020.8
2023-04-22 05:00:00,3.526,1020.5
2023-04-22 06:00:00,3.398,1020.2
2023-04-22 07:00:00,2.884,1020.0
2023-04-22 08:00:00,2.146,1020.1
2023-04-22 09:00:00,1.347,1019.9
2023-04-22 10:00:00,0.548,1020.2
2023-04-22 11:00:00,0.026,1020.6
2023-04-22 12:00:00,0.007,1021.0
2023-04-22 13:00:00,0.419,1020.7
2023-04-22 14:00:00,1.035,1021.0
2023-04-22 15:00:00,1.791,1021.0
2023-04-22 16:00:00,2.52,1020.7
2023-04-22 17:00:00,3.044,1020.6
2023-04-22 18:00:00,3.11,1020.5
2023-04-22 19:00:00,2.789,1019.9
2023-04-22 20:00:00,2.319,1019.7
2023-04-22 21:00:00,1.614,1019.7
2023-04-22 22:00:00,0.932,1019.7
2023-04-22 23:00:00,0.447,1019.8
2023-04-23 00:00:00,0.294,1019.7
2023-04-23 01:00:00,0.762,1019.5
2023-04-23 02:00:00,1.35,1019.2
2023-04-23 03:00:00,2.107,1018.5
2023-04-23 04:00:00,2.808,1017.8
2023-04-23 05:00:00,3.324,1017.1
2023-04-23 06:00:00,3.501,1017.2
2023-04-23 07:00:00,3.216,1016.6
2023-04-23 08:00:00,2.695,1016.0
2023-04-23 09:00:00,1.963,1015.6
2023-04-23 10:00:00,1.225,1015.5
2023-04-23 11:00:00,0.549,1015.4
2023-04-23 12:00:00,0.121,1015.3
2023-04-23 13:00:00,0.285,1014.9
2023-04-23 14:00:00,0.723,1015.0
2023-04-23 15:00:00,1.337,1014.9
2023-04-23 16:00:00,2.038,1015.0
2023-04-23 17:00:00,2.704,1014.0
2023-04-23 18:00:00,3.124,1013.9
2023-04-23 19:00:00,3.123,1013.3
2023-04-23 20:00:00,2.778,1012.9
2023-04-23 21:00:00,2.231,1012.5
2023-04-23 22:00:00,1.654,1012.2
2023-04-23 23:00:00,1.069,1012.0
2023-04-24 00:00:00,0.665,1012.1
2023-04-24 01:00:00,0.718,1012.5
2023-04-24 02:00:00,1.163,1012.4
2023-04-24 03:00:00,1.738,1012.7
2023-04-24 04:00:00,2.373,1012.9
2023-04-24 05:00:00,3.005,1013.3
2023-04-24 06:00:00,3.403,1013.8
2023-04-24 07:00:00,3.442,1014.3
2023-04-24 08:00:00,3.127,1014.3
2023-04-24 09:00:00,2.549,1014.3
2023-04-24 10:00:00,1.853,1014.7
2023-04-24 11:00:00,1.123,1015.3
2023-04-24 12:00:00,0.514,1015.9
2023-04-24 13:00:00,0.263,1016.2
2023-04-24 14:00:00,0.463,1016.4
2023-04-24 15:00:00,0.903,1016.4
2023-04-24 16:00:00,1.481,1016.4
2023-04-24 17:00:00,2.116,1015.7
2023-04-24 18:00:00,2.716,1015.4
2023-04-24 19:00:00,3.027,1015.3
2023-04-24 20:00:00,2.927,1015.6
2023-04-24 21:00:00,2.596,1015.8
2023-04-24 22:00:00,2.101,1016.5
2023-04-24 23:00:00,1.486,1016.7
2023-04-25 00:00:00,0.988,1016.9
2023-04-25 01:00:00,0.668,1017.6
2023-04-25 02:00:00,0.804,1017.8
2023-04-25 03:00:00,1.248,1017.9
2023-04-25 04:00:00,1.794,1018.1
2023-04-25 05:00:00,2.409,1018.6
2023-04-25 06:00:00,2.961,1018.8
2023-04-25 07:00:00,3.253,1018.7
2023-04-25 08:00:00,3.248,1019.1
2023-04-25 09:00:00,2.865,1019.2
2023-04-25 10:00:00,2.334,1019.4
2023-04-25 11:00:00,1.67,1019.9
2023-04-25 12:00:00,1.021,1020.0
2023-04-25 13:00:00,0.52,1020.2
2023-04-25 14:00:00,0.383,1020.3
2023-04-25 15:00:00,0.634,1020.3
2023-04-25 16:00:00,1.024,1020.3
2023-04-25 17:00:00,1.57,1020.0
2023-04-25 18:00:00,2.155,1020.0
2023-04-25 19:00:00,2.634,1020.3
2023-04-25 20:00:00,2.835,1020.5
2023-04-25 21:00:00,2.711,1020.8
2023-04-25 22:00:00,2.405,1021.0
2023-04-25 23:00:00,1.921,1021.0
2023-04-26 00:00:00,1.378,1021.6
2023-04-26 01:00:00,0.941,1022.8
2023-04-26 02:00:00,0.713,1023.2
2023-04-26 03:00:00,0.899,1022.9
2023-04-26 04:00:00,1.291,1023.3
2023-04-26 05:00:00,1.814,1023.4
2023-04-26 06:00:00,2.365,1023.3
2023-04-26 07:00:00,2.841,1023.4
2023-04-26 08:00:00,3.084,1023.6
2023-04-26 09:00:00,3.011,1023.7
2023-04-26 10:00:00,2.666,1024.0
2023-04-26 11:00:00,2.142,1024.6
2023-04-26 12:00:00,1.542,1024.9
2023-04-26 13:00:00,0.957,1025.2
2023-04-26 14:00:00,0.534,1025.3
2023-04-26 15:00:00,0.44,1025.1
2023-04-26 16:00:00,0.7,1024.7
2023-04-26 17:00:00,1.094,1024.3
2023-04-26 18:00:00,1.576,1024.2
2023-04-26 19:00:00,2.12,1024.0
2023-04-26 20:00:00,2.524,1023.4
2023-04-26 21:00:00,2.671,1023.4
2023-04-26 22:00:00,2.566,1023.4
2023-04-26 23:00:00,2.251,1023.6
2023-04-27 00:00:00,1.818,1024.3
2023-04-27 01:00:00,1.32,1024.7
2023-04-27 02:00:00,0.895,1024.4
2023-04-27 03:00:00,0.767,1024.2
2023-04-27 04:00:00,0.974,1024.0
2023-04-27 05:00:00,1.326,1023.7
2023-04-27 06:00:00,1.793,1023.4
2023-04-27 07:00:00,2.307,1023.4
2023-04-27 08:00:00,2.72,1023.2
2023-04-27 09:00:00,2.956,1023.1
2023-04-27 10:00:00,2.851,1023.1
2023-04-27 11:00:00,2.502,1023.6
2023-04-27 12:00:00,2.037,1024.1
2023-04-27 13:00:00,1.456,1024.0
2023-04-27 14:00:00,0.944,1023.6
2023-04-27 15:00:00,0.585,1023.3
2023-04-27 16:00:00,0.561,1023.1
2023-04-27 17:00:00,0.8,1022.8
2023-04-27 18:00:00,1.137,1022.8
2023-04-27 19:00:00,1.604,1022.4
2023-04-27 20:00:00,2.092,1022.0
2023-04-27 21:00:00,2.473,1022.0
2023-04-27 22:00:00,2.58,1022.0
2023-04-27 23:00:00,2.436,1022.0
2023-04-28 00:00:00,2.186,1022.5
2023-04-28 01:00:00,1.746,1022.8
2023-04-28 02:00:00,1.295,1022.6
2023-04-28 03:00:00,0.932,1022.6
2023-04-28 04:00:00,0.793,1022.9
2023-04-28 05:00:00,1.025,1023.4
2023-04-28 06:00:00,1.338,1023.1
2023-04-28 07:00:00,1.776,1023.0
2023-04-28 08:00:00,2.259,1022.7
2023-04-28 09:00:00,2.695,1022.9
2023-04-28 10:00:00,2.862,1023.5
2023-04-28 11:00:00,2.748,1023.9
2023-04-28 12:00:00,2.428,1024.1
2023-04-28 13:00:00,1.984,1024.1
2023-04-28 14:00:00,1.485,1024.0
2023-04-28 15:00:00,0.982,1024.1
2023-04-28 16:00:00,0.663,1023.7
2023-04-28 17:00:00,0.617,1023.2
2023-04-28 18:00:00,0.875,1023.3
2023-04-28 19:00:00,1.203,1022.9
2023-04-28 20:00:00,1.663,1022.1
2023-04-28 21:00:00,2.147,1021.6
2023-04-28 22:00:00,2.492,1021.6
2023-04-28 23:00:00,2.608,1021.6
2023-04-29 00:00:00,2.479,1021.8
2023-04-29 01:00:00,2.199,1022.1
2023-04-29 02:00:00,1.796,1022.0
2023-04-29 03:00:00,1.348,1021.7
2023-04-29 04:00:00,1.024,1021.2
2023-04-29 05:00:00,0.904,1020.6
2023-04-29 06:00:00,1.105,1020.0
2023-04-29 07:00:00,1.402,1019.2
2023-04-29 08:00:00,1.831,1019.3
2023-04-29 09:00:00,2.293,1019.0
2023-04-29 10:00:00,2.7,1019.2
2023-04-29 11:00:00,2.862,1019.5
2023-04-29 12:00:00,2.755,1019.8
2023-04-29 13:00:00,2.471,1019.9
2023-04-29 14:00:00,1.998,1019.5
2023-04-29 15:00:00,1.511,1019.4
2023-04-29 16:00:00,1.058,1019.4
2023-04-29 17:00:00,0.711,1018.9
2023-04-29 18:00:00,0.754,1018.5
2023-04-29 19:00:00,1.003,1017.8
2023-04-29 20:00:00,1.338,1017.4
2023-04-29 21:00:00,1.798,1016.9
2023-04-29 22:00:00,2.275,1016.8
2023-04-29 23:00:00,2.606,1016.4
2023-04-30 00:00:00,2.732,1016.5
2023-04-30 01:00:00,2.583,1016.8
2023-04-30 02:00:00,2.322,1016.2
2023-04-30 03:00:00,1.888,1015.1
2023-04-30 04:00:00,1.426,1014.1
2023-04-30 05:00:00,1.118,1012.7
2023-04-30 06:00:00,1.021,1011.6
2023-04-30 07:00:00,1.167,1011.7
2023-04-30 08:00:00,1.505,1011.2
2023-04-30 09:00:00,1.954,1011.0
2023-04-30 10:00:00,2.381,1010.5
2023-04-30 11:00:00,2.801,1010.3
2023-04-30 12:00:00,2.941,1009.8
2023-04-30 13:00:00,2.847,1009.7
2023-04-30 14:00:00,2.575,1009.2
2023-04-30 15:00:00,2.112,1008.2
2023-04-30 16:00:00,1.635,1007.5
2023-04-30 17:00:00,1.156,1006.7
2023-04-30 18:00:00,0.844,1005.8
2023-04-30 19:00:00,0.932,1004.3
2023-04-30 20:00:00,1.197,1003.0
2023-04-30 21:00:00,1.647,1002.3
2023-04-30 22:00:00,2.164,1001.0
2023-04-30 23:00:00,2.655,999.2
2023-05-01 00:00:00,3.028,997.2
2023-05-01 01:00:00,3.141,995.7
2023-05-01 02:00:00,2.963,993.9
2023-05-01 03:00:00,2.633,992.0
2023-05-01 04:00:00,2.174,989.3
2023-05-01 05:00:00,1.733,987.0
2023-05-01 06:00:00,1.372,985.7
2023-05-01 07:00:00,1.244,984.7
2023-05-01 08:00:00,1.509,984.3
2023-05-01 09:00:00,1.809,983.6
2023-05-01 10:00:00,2.268,983.2
2023-05-01 11:00:00,2.718,983.4
2023-05-01 12:00:00,3.132,984.3
2023-05-01 13:00:00,3.252,985.3
2023-05-01 14:00:00,3.062,988.3
2023-05-01 15:00:00,2.593,990.3
2023-05-01 16:00:00,2.057,991.8
2023-05-01 17:00:00,1.514,992.5
2023-05-01 18:00:00,0.972,993.4
2023-05-01 19:00:00,0.768,993.3
2023-05-01 20:00:00,0.939,993.4
2023-05-01 21:00:00,1.203,994.1
2023-05-01 22:00:00,1.687,995.0
2023-05-01 23:00:00,2.326,995.6
2023-05-02 00:00:00,2.794,996.5
2023-05-02 01:00:00,3.116,997.5
2023-05-02 02:00:00,3.072,998.1
2023-05-02 03:00:00,2.779,998.3
2023-05-02 04:00:00,2.359,998.0
2023-05-02 05:00:00,1.801,998.0
2023-05-02 06:00:00,1.24,997.6
2023-05-02 07:00:00,0.816,997.1
2023-05-02 08:00:00,0.775,996.8
2023-05-02 09:00:00,1.109,996.8
2023-05-02 10:00:00,1.507,996.7
2023-05-02 11:00:00,2.053,996.5
2023-05-02 12:00:00,2.591,996.5
2023-05-02 13:00:00,3.018,996.3
2023-05-02 14:00:00,3.134,995.7
2023-05-02 15:00:00,2.922,995.1
2023-05-02 16:00:00,2.523,994.2
2023-05-02 17:00:00,1.932,995.2
2023-05-02 18:00:00,1.344,994.8
2023-05-02 19:00:00,0.913,994.5
2023-05-02 20:00:00,0.679,994.0
2023-05-02 21:00:00,0.949,994.2
2023-05-02 22:00:00,1.387,994.8
2023-05-02 23:00:00,1.92,995.3
2023-05-03 00:00:00,2.541,995.8
2023-05-03 01:00:00,3.021,996.5
2023-05-03 02:00:00,3.28,996.8
2023-05-03 03:00:00,3.141,996.6
2023-05-03 04:00:00,2.752,997.0
2023-05-03 05:00:00,2.211,996.8
2023-05-03 06:00:00,1.56,996.4
2023-05-03 07:00:00,1.009,996.2
2023-05-03 08:00:00,0.651,996.4
2023-05-03 09:00:00,0.732,996.5
2023-05-03 10:00:00,1.153,997.0
2023-05-03 11:00:00,1.671,997.6
2023-05-03 12:00:00,2.265,997.8
2023-05-03 13:00:00,2.832,998.3
2023-05-03 14:00:00,3.2,998.9
2023-05-03 15:00:00,3.191,999.3
2023-05-03 16:00:00,2.857,999.9
2023-05-03 17:00:00,2.383,999.5
2023-05-03 18:00:00,1.76,999.7
2023-05-03 19:00:00,1.175,999.7
2023-05-03 20:00:00,0.744,999.7
2023-05-03 21:00:00,0.688,1000.2
2023-05-03 22:00:00,1.087,1001.0
2023-05-03 23:00:00,1.624,1001.7
2023-05-04 00:00:00,2.266,1002.6
2023-05-04 01:00:00,2.91,1003.1
2023-05-04 02:00:00,3.344,1003.9
2023-05-04 03:00:00,3.459,1004.5
2023-05-04 04:00:00,3.182,1005.1
2023-05-04 05:00:00,2.649,1005.1
2023-05-04 06:00:00,2.003,1005.4
2023-05-04 07:00:00,1.317,1006.0
2023-05-04 08:00:00,0.732,1006.5
2023-05-04 09:00:00,0.499,1007.2
2023-05-04 10:00:00,0.711,1008.0
2023-05-04 11:00:00,1.169,1009.0
2023-05-04 12:00:00,1.735,1009.7
2023-05-04 13:00:00,2.4,1010.3
2023-05-04 14:00:00,2.954,1010.9
2023-05-04 15:00:00,3.215,1011.7
2023-05-04 16:00:00,3.088,1012.1
2023-05-04 17:00:00,2.667,1012.7
2023-05-04 18:00:00,2.093,1013.2
2023-05-04 19:00:00,1.43,1013.4
2023-05-04 20:00:00,0.831,1013.7
2023-05-04 21:00:00,0.491,1014.3
2023-05-04 22:00:00,0.644,1014.8
2023-05-04 23:00:00,1.136,1015.3
2023-05-05 00:00:00,1.73,1015.7
2023-05-05 01:00:00,2.413,1016.2
2023-05-05 02:00:00,3.031,1016.7
2023-05-05 03:00:00,3.363,1017.1
2023-05-05 04:00:00,3.329,1017.6
2023-05-05 05:00:00,2.901,1018.0
2023-05-05 06:00:00,2.274,1018.2
2023-05-05 07:00:00,1.544,1018.6
2023-05-05 08:00:00,0.818,1019.0
2023-05-05 09:00:00,0.296,1019.4
2023-05-05 10:00:00,0.212,1020.2
2023-05-05 11:00:00,0.586,1020.9
2023-05-05 12:00:00,1.097,1021.5
2023-05-05 13:00:00,1.782,1022.2
2023-05-05 14:00:00,2.517,1022.7
2023-05-05 15:00:00,3.004,1023.1
2023-05-05 16:00:00,3.106,1023.4
2023-05-05 17:00:00,2.901,1023.4
2023-05-05 18:00:00,2.395,1023.0
2023-05-05 19:00:00,1.778,1022.4
2023-05-05 20:00:00,1.048,1022.0
2023-05-05 21:00:00,0.468,1021.8
2023-05-05 22:00:00,0.301,1021.6
2023-05-05 23:00:00,0.652,1021.4
2023-05-06 00:00:00,1.24,1021.4
2023-05-06 01:00:00,1.924,1021.8
2023-05-06 02:00:00,2.624,1021.6
2023-05-06 03:00:00,3.185,1021.4
2023-05-06 04:00:00,3.401,1021.2
2023-05-06 05:00:00,3.216,1021.2
2023-05-06 06:00:00,2.661,1020.9
2023-05-06 07:00:00,1.973,1021.1
2023-05-06 08:00:00,1.159,1021.1
2023-05-06 09:00:00,0.438,1021.1
2023-05-06 10:00:00,-0.029,1021.3
2023-05-06 11:00:00,0.009,1021.6
2023-05-06 12:00:00,0.485,1021.5
2023-05-06 13:00:00,1.108,1021.2
2023-05-06 14:00:00,1.869,1020.9
2023-05-06 15:00:00,2.57,1020.2
2023-05-06 16:00:00,3.011,1019.5
2023-05-06 17:00:00,3.062,1018.8
2023-05-06 18:00:00,2.743,1018.1
2023-05-06 19:00:00,2.203,1017.5
2023-05-06 20:00:00,1.515,1016.9
2023-05-06 21:00:00,0.806,1016.5
2023-05-06 22:00:00,0.361,1016.2
2023-05-06 23:00:00,0.349,1016.1
2023-05-07 00:00:00,0.828,1016.6
2023-05-07 01:00:00,1.461,1016.9
2023-05-07 02:00:00,2.193,1017.1
2023-05-07 03:00:00,2.918,1017.1
2023-05-07 04:00:00,3.408,1017.1
2023-05-07 05:00:00,3.486,1016.6
2023-05-07 06:00:00,3.183,1016.2
2023-05-07 07:00:00,2.557,1015.9
2023-05-07 08:00:00,1.786,1015.7
2023-05-07 09:00:00,0.974,1015.4
2023-05-07 10:00:00,0.269,1015.3
2023-05-07 11:00:00,-0.018,1015.4
2023-05-07 12:00:00,0.2,1015.0
2023-05-07 13:00:00,0.703,1014.5
2023-05-07 14:00:00,1.407,1013.7
2023-05-07 15:00:00,2.158,1013.2
2023-05-07 16:00:00,2.814,1012.8
2023-05-07 17:00:00,3.146,1011.9
2023-05-07 18:00:00,3.063,1010.5
2023-05-07 19:00:00,2.666,1009.7
2023-05-07 20:00:00,2.06,1008.7
2023-05-07 21:00:00,1.349,1007.6
2023-05-07 22:00:00,0.716,1007.2
2023-05-07 23:00:00,0.349,1006.7
2023-05-08 00:00:00,0.508,1006.6
2023-05-08 01:00:00,1.052,1006.7
2023-05-08 02:00:00,1.741,1006.7
2023-05-08 03:00:00,2.488,1007.0
2023-05-08 04:00:00,3.171,1007.2
2023-05-08 05:00:00,3.521,1007.0
2023-05-08 06:00:00,3.528,1006.2
2023-05-08 07:00:00,3.067,1006.0
2023-05-08 08:00:00,2.414,1005.4
2023-05-08 09:00:00,1.662,1004.9
2023-05-08 10:00:00,0.82,1004.9
2023-05-08 11:00:00,0.189,1005.2
2023-05-08 12:00:00,-0.014,1005.8
2023-05-08 13:00:00,0.317,1005.7
2023-05-08 14:00:00,0.891,1005.7
2023-05-08 15:00:00,1.582,1004.8
2023-05-08 16:00:00,2.363,1004.6
2023-05-08 17:00:00,2.972,1004.4
2023-05-08 18:00:00,3.154,1004.4
2023-05-08 19:00:00,3.014,1004.3
2023-05-08 20:00:00,2.571,1004.6
2023-05-08 21:00:00,1.936,1005.2
2023-05-08 22:00:00,1.287,1005.8
2023-05-08 23:00:00,0.661,1006.9
2023-05-09 00:00:00,0.425,1008.0
2023-05-09 01:00:00,0.736,1009.2
2023-05-09 02:00:00,1.277,1010.6
2023-05-09 03:00:00,1.958,1011.4
2023-05-09 04:00:00,2.661,1012.1
2023-05-09 05:00:00,3.273,1012.0
2023-05-09 06:00:00,3.567,1012.1
2023-05-09 07:00:00,3.427,1012.4
2023-05-09 08:00:00,2.96,1012.7
2023-05-09 09:00:00,2.277,1012.9
2023-05-09 10:00:00,1.509,1013.4
2023-05-09 11:00:00,0.715,1014.2
2023-05-09 12:00:00,0.178,1014.4
2023-05-09 13:00:00,0.083,1015.2
2023-05-09 14:00:00,0.448,1015.6
2023-05-09 15:00:00,0.953,1015.9
2023-05-09 16:00:00,1.627,1016.2
2023-05-09 17:00:00,2.363,1016.2
2023-05-09 18:00:00,2.869,1016.3
2023-05-09 19:00:00,3.022,1015.9
2023-05-09 20:00:00,2.788,1015.4
2023-05-09 21:00:00,2.357,1015.2
2023-05-09 22:00:00,1.745,1015.2
2023-05-09 23:00:00,1.07,1015.5
2023-05-10 00:00:00,0.565,1016.0
2023-05-10 01:00:00,0.369,1017.2
2023-05-10 02:00:00,0.741,1017.7
2023-05-10 03:00:00,1.26,1018.2
2023-05-10 04:00:00,1.946,1018.7
2023-05-10 05:00:00,2.625,1018.9
2023-05-10 06:00:00,3.184,1019.0
2023-05-10 07:00:00,3.409,1018.9
2023-05-10 08:00:00,3.217,1019.0
2023-05-10 09:00:00,2.717,1019.0
2023-05-10 10:00:00,2.037,1019.5
2023-05-10 11:00:00,1.273,1020.1
2023-05-10 12:00:00,0.538,1020.3
2023-05-10 13:00:00,0.053,1020.3
2023-05-10 14:00:00,0.046,1020.0
2023-05-10 15:00:00,0.423,1019.3
2023-05-10 16:00:00,0.961,1018.5
2023-05-10 17:00:00,1.627,1017.3
2023-05-10 18:00:00,2.331,1016.4
2023-05-10 19:00:00,2.831,1015.7
2023-05-10 20:00:00,2.906,1014.9
2023-05-10 21:00:00,2.687,1014.6
2023-05-10 22:00:00,2.244,1014.3
2023-05-10 23:00:00,1.636,1014.4
2023-05-11 00:00:00,1.028,1015.0
2023-05-11 01:00:00,0.541,1015.6
2023-05-11 02:00:00,0.416,1016.1
2023-05-11 03:00:00,0.78,1016.4
2023-05-11 04:00:00,1.295,1016.4
2023-05-11 05:00:00,1.951,1016.3
2023-05-11 06:00:00,2.633,1016.1
2023-05-11 07:00:00,3.177,1016.0
2023-05-11 08:00:00,3.373,1016.3
2023-05-11 09:00:00,3.197,1016.4
2023-05-11 10:00:00,2.702,1016.5
2023-05-11 11:00:00,2.073,1016.7
2023-05-11 12:00:00,1.328,1017.0
2023-05-11 13:00:00,0.626,1017.4
2023-05-11 14:00:00,0.189,1017.2
2023-05-11 15:00:00,0.199,1016.8
2023-05-11 16:00:00,0.576,1015.9
2023-05-11 17:00:00,1.093,1015.1
2023-05-11 18:00:00,1.766,1014.3
2023-05-11 19:00:00,2.454,1013.8
2023-05-11 20:00:00,2.866,1013.8
2023-05-11 21:00:00,2.947,1014.2
2023-05-11 22:00:00,2.724,1014.8
2023-05-11 23:00:00,2.314,1014.9
2023-05-12 00:00:00,1.763,1015.1
2023-05-12 01:00:00,1.098,1015.6
2023-05-12 02:00:00,0.616,1016.0
2023-05-12 03:00:00,0.511,1016.1
2023-05-12 04:00:00,0.778,1015.9
2023-05-12 05:00:00,1.284,1015.7
2023-05-12 06:00:00,1.947,1015.5
2023-05-12 07:00:00,2.581,1015.5
2023-05-12 08:00:00,3.14,1015.5
2023-05-12 09:00:00,3.34,1015.2
2023-05-12 10:00:00,3.169,1015.5
2023-05-12 11:00:00,2.706,1015.8
2023-05-12 12:00:00,2.057,1016.3
2023-05-12 13:00:00,1.353,1016.4
2023-05-12 14:00:00,0.696,1015.8
2023-05-12 15:00:00,0.228,1015.1
2023-05-12 16:00:00,0.26,1014.7
2023-05-12 17:00:00,0.586,1014.2
2023-05-12 18:00:00,1.099,1013.7
2023-05-12 19:00:00,1.768,1013.1
2023-05-12 20:00:00,2.416,1012.8
2023-05-12 21:00:00,2.882,1012.8
2023-05-12 22:00:00,2.996,1012.6
2023-05-12 23:00:00,2.809,1012.6
2023-05-13 00:00:00,2.399,1013.0
2023-05-13 01:00:00,1.811,1013.3
2023-05-13 02:00:00,1.188,1013.6
2023-05-13 03:00:00,0.66,1013.3
2023-05-13 04:00:00,0.508,1013.2
2023-05-13 05:00:00,0.783,1013.0
2023-05-13 06:00:00,1.227,1012.8
2023-05-13 07:00:00,1.839,1012.6
2023-05-13 08:00:00,2.476,1012.8
2023-05-13 09:00:00,3.048,1013.3
2023-05-13 10:00:00,3.269,1013.7
2023-05-13 11:00:00,3.166,1014.4
2023-05-13 12:00:00,2.716,1014.8
2023-05-13 13:00:00,2.108,1015.1
2023-05-13 14:00:00,1.406,1015.2
2023-05-13 15:00:00,0.693,1015.0
2023-05-13 16:00:00,0.258,1014.5
2023-05-13 17:00:00,0.2,1013.4
2023-05-13 18:00:00,0.559,1013.0
2023-05-13 19:00:00,1.068,1012.5
2023-05-13 20:00:00,1.731,1012.5
2023-05-13 21:00:00,2.378,1013.1
2023-05-13 22:00:00,2.916,1013.3
2023-05-13 23:00:00,3.051,1014.0
2023-05-14 00:00:00,2.848,1014.9
2023-05-14 01:00:00,2.476,1015.7
2023-05-14 02:00:00,1.898,1016.8
2023-05-14 03:00:00,1.232,1017.8
2023-05-14 04:00:00,0.709,1019.1
2023-05-14 05:00:00,0.399,1020.2
2023-05-14 06:00:00,0.601,1020.5
2023-05-14 07:00:00,0.964,1020.8
2023-05-14 08:00:00,1.59,1021.2
2023-05-14 09:00:00,2.298,1021.4
2023-05-14 10:00:00,2.915,1021.6
2023-05-14 11:00:00,3.186,1021.9
2023-05-14 12:00:00,3.113,1022.0
2023-05-14 13:00:00,2.736,1021.9
2023-05-14 14:00:00,2.155,1021.9
2023-05-14 15:00:00,1.471,1021.3
2023-05-14 16:00:00,0.744,1020.7
2023-05-14 17:00:00,0.251,1020.2
2023-05-14 18:00:00,0.151,1019.7
2023-05-14 19:00:00,0.514,1019.3
2023-05-14 20:00:00,1.028,1018.8
2023-05-14 21:00:00,1.645,1019.1
2023-05-14 22:00:00,2.364,1019.4
2023-05-14 23:00:00,2.882,1020.0
2023-05-15 00:00:00,3.057,1020.9
2023-05-15 01:00:00,2.872,1021.9
2023-05-15 02:00:00,2.433,1022.5
2023-05-15 03:00:00,1.834,1022.7
2023-05-15 04:00:00,1.133,1022.6
2023-05-15 05:00:00,0.516,1022.4
2023-05-15 06:00:00,0.208,1022.0
2023-05-15 07:00:00,0.372,1021.9
2023-05-15 08:00:00,0.837,1021.9
2023-05-15 09:00:00,1.42,1021.8
2023-05-15 10:00:00,2.127,1022.2
2023-05-15 11:00:00,2.737,1022.1
2023-05-15 12:00:00,3.103,1022.0
2023-05-15 13:00:00,3.019,1021.4
2023-05-15 14:00:00,2.681,1021.1
2023-05-15 15:00:00,2.124,1020.1
2023-05-15 16:00:00,1.422,1018.9
2023-05-15 17:00:00,0.738,1017.4
2023-05-15 18:00:00,0.209,1015.8
2023-05-15 19:00:00,0.165,1014.8
2023-05-15 20:00:00,0.559,1013.2
2023-05-15 21:00:00,1.097,1012.1
2023-05-15 22:00:00,1.809,1011.5
2023-05-15 23:00:00,2.509,1011.3
2023-05-16 00:00:00,3.045,1011.1
2023-05-16 01:00:00,3.214,1011.3
2023-05-16 02:00:00,2.974,1011.5
2023-05-16 03:00:00,2.503,1011.0
2023-05-16 04:00:00,1.822,1010.4
2023-05-16 05:00:00,1.077,1009.6
2023-05-16 06:00:00,0.431,1008.8
2023-05-16 07:00:00,0.058,1008.3
2023-05-16 08:00:00,0.253,1007.6
2023-05-16 09:00:00,0.757,1007.1
2023-05-16 10:00:00,1.39,1006.7
2023-05-16 11:00:00,2.133,1006.7
2023-05-16 12:00:00,2.797,1006.2
2023-05-16 13:00:00,3.166,1005.7
2023-05-16 14:00:00,3.116,1004.8
2023-05-16 15:00:00,2.715,1004.0
2023-05-16 16:00:00,2.159,1002.7
2023-05-16 17:00:00,1.452,1001.2
2023-05-16 18:00:00,0.793,999.7
2023-05-16 19:00:00,0.312,998.4
2023-05-16 20:00:00,0.321,997.2
2023-05-16 21:00:00,0.749,996.4
2023-05-16 22:00:00,1.399,996.2
2023-05-16 23:00:00,2.083,996.2
2023-05-17 00:00:00,2.825,996.3
2023-05-17 01:00:00,3.328,996.8
2023-05-17 02:00:00,3.416,997.2
2023-05-17 03:00:00,3.17,997.3
2023-05-17 04:00:00,2.571,997.9
2023-05-17 05:00:00,1.921,998.6
2023-05-17 06:00:00,1.136,999.5
2023-05-17 07:00:00,0.478,1000.0
2023-05-17 08:00:00,0.161,1001.1
2023-05-17 09:00:00,0.384,1002.2
2023-05-17 10:00:00,0.852,1003.2
2023-05-17 11:00:00,1.505,1003.9
2023-05-17 12:00:00,2.261,1004.5
2023-05-17 13:00:00,2.901,1005.2
2023-05-17 14:00:00,3.188,1005.8
2023-05-17 15:00:00,3.075,1006.4
2023-05-17 16:00:00,2.634,1006.8
2023-05-17 17:00:00,2.061,1007.1
2023-05-17 18:00:00,1.341,1007.3
2023-05-17 19:00:00,0.671,1007.9
2023-05-17 20:00:00,0.24,1008.7
2023-05-17 21:00:00,0.311,1009.9
2023-05-17 22:00:00,0.852,1011.3
2023-05-17 23:00:00,1.457,1012.7
2023-05-18 00:00:00,2.172,1014.3
2023-05-18 01:00:00,2.901,1016.2
2023-05-18 02:00:00,3.305,1017.7
2023-05-18 03:00:00,3.315,1018.8
2023-05-18 04:00:00,2.948,1019.8
2023-05-18 05:00:00,2.324,1020.4
2023-05-18 06:00:00,1.592,1020.8
2023-05-18 07:00:00,0.819,1021.0
2023-05-18 08:00:00,0.194,1021.2
2023-05-18 09:00:00,-0.014,1022.0
2023-05-18 10:00:00,0.271,1023.1
2023-05-18 11:00:00,0.783,1023.9
2023-05-18 12:00:00,1.477,1024.5
2023-05-18 13:00:00,2.241,1025.2
2023-05-18 14:00:00,2.807,1025.4
2023-05-18 15:00:00,3.073,1025.5
2023-05-18 16:00:00,2.896,1025.1
2023-05-18 17:00:00,2.452,1025.1
2023-05-18 18:00:00,1.832,1024.8
2023-05-18 19:00:00,1.103,1024.4
2023-05-18 20:00:00,0.494,1024.1
2023-05-18 21:00:00,0.166,1023.8
2023-05-18 22:00:00,0.312,1024.2
2023-05-18 23:00:00,0.843,1024.7
2023-05-19 00:00:00,1.542,1025.1
2023-05-19 01:00:00,2.279,1026.1
2023-05-19 02:00:00,2.94,1027.3
2023-05-19 03:00:00,3.265,1027.6
2023-05-19 04:00:00,3.168,1027.7
2023-05-19 05:00:00,2.746,1027.7
2023-05-19 06:00:00,2.074,1027.6
2023-05-19 07:00:00,1.309,1027.6
2023-05-19 08:00:00,0.537,1027.9
2023-05-19 09:00:00,-0.02,1028.0
2023-05-19 10:00:00,-0.123,1028.5
2023-05-19 11:00:00,0.249,1028.7
2023-05-19 12:00:00,0.791,1028.8
2023-05-19 13:00:00,1.519,1028.6
2023-05-19 14:00:00,2.305,1028.4
2023-05-19 15:00:00,2.815,1027.9
2023-05-19 16:00:00,3.006,1027.1
2023-05-19 17:00:00,2.748,1026.3
2023-05-19 18:00:00,2.294,1025.4
2023-05-19 19:00:00,1.637,1024.9
2023-05-19 20:00:00,0.932,1024.4
2023-05-19 21:00:00,0.363,1024.2
2023-05-19 22:00:00,0.159,1024.1
2023-05-19 23:00:00,0.525,1024.2
2023-05-20 00:00:00,1.071,1024.7
2023-05-20 01:00:00,1.793,1025.0
2023-05-20 02:00:00,2.519,1024.9
2023-05-20 03:00:00,3.104,1025.2
2023-05-20 04:00:00,3.316,1024.8
2023-05-20 05:00:00,3.151,1024.3
2023-05-20 06:00:00,2.598,1023.7
2023-05-20 07:00:00,1.901,1023.4
2023-05-20 08:00:00,1.139,1023.0
2023-05-20 09:00:00,0.402,1022.8
2023-05-20 10:00:00,-0.073,1022.7
2023-05-20 11:00:00,-0.06,1022.8
2023-05-20 12:00:00,0.359,1022.7
2023-05-20 13:00:00,0.951,1022.4
2023-05-20 14:00:00,1.669,1022.1
2023-05-20 15:00:00,2.411,1021.9
2023-05-20 16:00:00,2.852,1021.2
2023-05-20 17:00:00,2.911,1020.3
2023-05-20 18:00:00,2.656,1019.3
2023-05-20 19:00:00,2.171,1018.0
2023-05-20 20:00:00,1.54,1017.0
2023-05-20 21:00:00,0.892,1016.2
2023-05-20 22:00:00,0.42,1015.3
2023-05-20 23:00:00,0.417,1014.6
2023-05-21 00:00:00,0.821,1013.6
2023-05-21 01:00:00,1.446,1012.5
2023-05-21 02:00:00,2.148,1011.5
2023-05-21 03:00:00,2.817,1010.3
2023-05-21 04:00:00,3.298,1009.9
2023-05-21 05:00:00,3.435,1009.0
2023-05-21 06:00:00,3.128,1008.6
2023-05-21 07:00:00,2.583,1007.9
2023-05-21 08:00:00,1.887,1007.7
2023-05-21 09:00:00,1.1,1007.5
2023-05-21 10:00:00,0.455,1008.1
2023-05-21 11:00:00,0.074,1008.4
2023-05-21 12:00:00,0.171,1009.3
2023-05-21 13:00:00,0.688,1009.7
2023-05-21 14:00:00,1.271,1009.7
2023-05-21 15:00:00,1.94,1009.7
2023-05-21 16:00:00,2.604,1010.2
2023-05-21 17:00:00,2.917,1010.1
2023-05-21 18:00:00,2.915,1010.3
2023-05-21 19:00:00,2.591,1010.4
2023-05-21 20:00:00,2.003,1010.6
2023-05-21 21:00:00,1.415,1011.0
2023-05-21 22:00:00,0.782,1011.7
2023-05-21 23:00:00,0.428,1012.5
2023-05-22 00:00:00,0.548,1013.3
2023-05-22 01:00:00,1.016,1014.5
2023-05-22 02:00:00,1.625,1015.4
2023-05-22 03:00:00,2.307,1015.8
2023-05-22 04:00:00,2.919,1016.1
2023-05-22 05:00:00,3.278,1016.4
2023-05-22 06:00:00,3.275,1016.7
2023-05-22 07:00:00,2.898,1017.0
2023-05-22 08:00:00,2.296,1017.6
2023-05-22 09:00:00,1.567,1018.6
2023-05-22 10:00:00,0.863,1019.7
2023-05-22 11:00:00,0.321,1021.0
2023-05-22 12:00:00,0.12,1022.3
2023-05-22 13:00:00,0.338,1023.1
2023-05-22 14:00:00,0.808,1023.5
2023-05-22 15:00:00,1.405,1024.1
2023-05-22 16:00:00,2.085,1024.5
2023-05-22 17:00:00,2.611,1024.6
2023-05-22 18:00:00,2.858,1024.8
2023-05-22 19:00:00,2.763,1025.0
2023-05-22 20:00:00,2.397,1024.6
2023-05-22 21:00:00,1.897,1024.8
2023-05-22 22:00:00,1.327,1025.0
2023-05-22 23:00:00,0.842,1025.3
2023-05-23 00:00:00,0.627,1025.6
2023-05-23 01:00:00,0.838,1026.1
2023-05-23 02:00:00,1.32,1026.7
2023-05-23 03:00:00,1.883,1026.7
2023-05-23 04:00:00,2.463,1027.1
2023-05-23 05:00:00,2.981,1027.4
2023-05-23 06:00:00,3.212,1027.5
2023-05-23 07:00:00,3.079,1027.4
2023-05-23 08:00:00,2.63,1027.6
2023-05-23 09:00:00,2.027,1027.8
2023-05-23 10:00:00,1.364,1028.2
2023-05-23 11:00:00,0.69,1029.0
2023-05-23 12:00:00,0.211,1029.1
2023-05-23 13:00:00,0.159,1029.1
2023-05-23 14:00:00,0.495,1029.1
2023-05-23 15:00:00,0.94,1029.0
2023-05-23 16:00:00,1.525,1029.0
2023-05-23 17:00:00,2.141,1028.7
2023-05-23 18:00:00,2.585,1028.1
2023-05-23 19:00:00,2.733,1027.6
2023-05-23 20:00:00,2.557,1027.0
2023-05-23 21:00:00,2.162,1026.3
2023-05-23 22:00:00,1.685,1025.6
2023-05-23 23:00:00,1.138,1025.1
2023-05-24 00:00:00,0.725,1025.0
2023-05-24 01:00:00,0.637,1024.8
2023-05-24 02:00:00,0.899,1024.8
2023-05-24 03:00:00,1.365,1024.2
2023-05-24 04:00:00,1.92,1023.5
2023-05-24 05:00:00,2.475,1023.2
2023-05-24 06:00:00,2.91,1022.4
2023-05-24 07:00:00,3.055,1021.9
2023-05-24 08:00:00,2.862,1021.3
2023-05-24 09:00:00,2.414,1020.9
2023-05-24 10:00:00,1.837,1020.6
2023-05-24 11:00:00,1.192,1020.2
2023-05-24 12:00:00,0.612,1019.6
2023-05-24 13:00:00,0.251,1018.6
2023-05-24 14:00:00,0.357,1017.6
2023-05-24 15:00:00,0.714,1016.7
2023-05-24 16:00:00,1.207,1016.0
2023-05-24 17:00:00,1.759,1015.2
2023-05-24 18:00:00,2.32,1014.3
2023-05-24 19:00:00,2.723,1013.2
2023-05-24 20:00:00,2.748,1011.9
2023-05-24 21:00:00,2.544,1011.6
2023-05-24 22:00:00,2.134,1012.0
2023-05-24 23:00:00,1.656,1014.9
2023-05-25 00:00:00,1.12,1014.4
2023-05-25 01:00:00,0.838,1015.1
2023-05-25 02:00:00,0.776,1015.7
2023-05-25 03:00:00,1.125,1015.7
2023-05-25 04:00:00,1.619,1015.6
2023-05-25 05:00:00,2.097,1015.4
2023-05-25 06:00:00,2.594,1015.6
2023-05-25 07:00:00,3.011,1015.9
2023-05-25 08:00:00,3.067,1016.3
2023-05-25 09:00:00,2.873,1016.8
2023-05-25 10:00:00,2.387,1017.5
2023-05-25 11:00:00,1.879,1018.4
2023-05-25 12:00:00,1.237,1018.6
2023-05-25 13:00:00,0.687,1018.6
2023-05-25 14:00:00,0.457,1018.7
2023-05-25 15:00:00,0.557,1018.5
2023-05-25 16:00:00,0.898,1018.2
2023-05-25 17:00:00,1.31,1017.7
2023-05-25 18:00:00,1.846,1018.1
2023-05-25 19:00:00,2.385,1018.2
2023-05-25 20:00:00,2.632,1018.2
2023-05-25 21:00:00,2.623,1018.7
2023-05-25 22:00:00,2.389,1019.2
2023-05-25 23:00:00,2.0,1019.6
2023-05-26 00:00:00,1.509,1020.3
2023-05-26 01:00:00,1.042,1020.9
2023-05-26 02:00:00,0.777,1021.4
2023-05-26 03:00:00,0.844,1021.5
2023-05-26 04:00:00,1.173,1021.7
2023-05-26 05:00:00,1.577,1021.7
2023-05-26 06:00:00,2.09,1021.6
2023-05-26 07:00:00,2.547,1021.5
2023-05-26 08:00:00,2.87,1021.7
2023-05-26 09:00:00,2.872,1021.8
2023-05-26 10:00:00,2.607,1022.1
2023-05-26 11:00:00,2.174,1022.9
2023-05-26 12:00:00,1.632,1023.5
2023-05-26 13:00:00,1.088,1023.9
2023-05-26 14:00:00,0.608,1023.9
2023-05-26 15:00:00,0.428,1023.9
2023-05-26 16:00:00,0.624,1023.6
2023-05-26 17:00:00,0.933,1023.4
2023-05-26 18:00:00,1.391,1023.4
2023-05-26 19:00:00,1.907,1023.4
2023-05-26 20:00:00,2.349,1023.3
2023-05-26 21:00:00,2.513,1023.5
2023-05-26 22:00:00,2.497,1023.5
2023-05-26 23:00:00,2.209,1023.8
2023-05-27 00:00:00,1.828,1023.9
2023-05-27 01:00:00,1.357,1024.4
2023-05-27 02:00:00,0.917,1024.6
2023-05-27 03:00:00,0.691,1024.5
2023-05-27 04:00:00,0.777,1024.7
2023-05-27 05:00:00,1.101,1025.1
2023-05-27 06:00:00,1.496,1025.3
2023-05-27 07:00:00,1.962,1025.3
2023-05-27 08:00:00,2.39,1025.1
2023-05-27 09:00:00,2.667,1025.7
2023-05-27 10:00:00,2.656,1025.8
2023-05-27 11:00:00,2.38,1026.0
2023-05-27 12:00:00,1.965,1026.2
2023-05-27 13:00:00,1.427,1026.1
2023-05-27 14:00:00,0.911,1025.9
2023-05-27 15:00:00,0.525,1025.5
2023-05-27 16:00:00,0.41,1025.0
2023-05-27 17:00:00,0.623,1024.6
2023-05-27 18:00:00,0.968,1024.3
2023-05-27 19:00:00,1.428,1023.8
2023-05-27 20:00:00,1.948,1023.4
2023-05-27 21:00:00,2.367,1022.9
2023-05-27 22:00:00,2.548,1022.6
2023-05-27 23:00:00,2.447,1022.5
2023-05-28 00:00:00,2.175,1022.7
2023-05-28 01:00:00,1.774,1023.0
2023-05-28 02:00:00,1.324,1023.1
2023-05-28 03:00:00,0.877,1022.8
2023-05-28 04:00:00,0.71,1022.6
2023-05-28 05:00:00,0.83,1022.3
2023-05-28 06:00:00,1.139,1021.8
2023-05-28 07:00:00,1.521,1021.4
2023-05-28 08:00:00,1.997,1020.9
2023-05-28 09:00:00,2.417,1020.6
2023-05-28 10:00:00,2.659,1020.4
2023-05-28 11:00:00,2.589,1020.1
2023-05-28 12:00:00,2.352,1019.7
2023-05-28 13:00:00,1.919,1019.5
2023-05-28 14:00:00,1.43,1018.8
2023-05-28 15:00:00,0.894,1018.2
2023-05-28 16:00:00,0.552,1017.6
2023-05-28 17:00:00,0.488,1016.6
2023-05-28 18:00:00,0.717,1015.9
2023-05-28 19:00:00,1.081,1014.8
2023-05-28 20:00:00,1.523,1013.9
2023-05-28 21:00:00,2.017,1013.0
2023-05-28 22:00:00,2.444,1012.3
2023-05-28 23:00:00,2.544,1012.1
2023-05-29 00:00:00,2.492,1012.1
2023-05-29 01:00:00,2.165,1012.4
2023-05-29 02:00:00,1.772,1012.9
2023-05-29 03:00:00,1.293,1013.3
2023-05-29 04:00:00,0.833,1013.4
2023-05-29 05:00:00,0.727,1013.1
2023-05-29 06:00:00,0.873,1012.8
2023-05-29 07:00:00,1.138,1013.1
2023-05-29 08:00:00,1.521,1014.0
2023-05-29 09:00:00,2.039,1015.5
2023-05-29 10:00:00,2.409,1016.7
2023-05-29 11:00:00,2.696,1017.9
2023-05-29 12:00:00,2.632,1018.7
2023-05-29 13:00:00,2.363,1019.8
2023-05-29 14:00:00,1.952,1020.2
2023-05-29 15:00:00,1.453,1020.7
2023-05-29 16:00:00,0.956,1020.9
2023-05-29 17:00:00,0.664,1021.3
2023-05-29 18:00:00,0.693,1021.5
2023-05-29 19:00:00,0.977,1021.7
2023-05-29 20:00:00,1.368,1021.7
2023-05-29 21:00:00,1.891,1021.7
2023-05-29 22:00:00,2.359,1021.8
2023-05-29 23:00:00,2.723,1021.8
2023-05-30 00:00:00,2.816,1022.2
2023-05-30 01:00:00,2.654,1022.8
2023-05-30 02:00:00,2.297,1023.0
2023-05-30 03:00:00,1.809,1023.2
2023-05-30 04:00:00,1.252,1023.5
2023-05-30 05:00:00,0.84,1023.7
2023-05-30 06:00:00,0.654,1023.8
2023-05-30 07:00:00,0.805,1023.5
2023-05-30 08:00:00,1.127,1023.6
2023-05-30 09:00:00,1.571,1023.8
2023-05-30 10:00:00,2.059,1024.3
2023-05-30 11:00:00,2.476,1024.7
2023-05-30 12:00:00,2.675,1024.8
2023-05-30 13:00:00,2.603,1024.8
2023-05-30 14:00:00,2.306,1024.7
2023-05-30 15:00:00,1.85,1024.7
2023-05-30 16:00:00,1.353,1024.9
2023-05-30 17:00:00,0.855,1024.5
2023-05-30 18:00:00,0.548,1024.1
2023-05-30 19:00:00,0.626,1023.5
2023-05-30 20:00:00,0.962,1023.1
2023-05-30 21:00:00,1.411,1022.9
2023-05-30 22:00:00,1.934,1022.5
2023-05-30 23:00:00,2.437,1022.2
2023-05-31 00:00:00,2.787,1022.3
2023-05-31 01:00:00,2.811,1022.5
2023-05-31 02:00:00,2.587,1022.9
2023-05-31 03:00:00,2.116,1023.0
2023-05-31 04:00:00,1.586,1023.1
2023-05-31 05:00:00,1.026,1022.9
2023-05-31 06:00:00,0.564,1022.7
2023-05-31 07:00:00,0.436,1022.6
2023-05-31 08:00:00,0.636,1022.7
2023-05-31 09:00:00,1.024,1022.7
2023-05-31 10:00:00,1.497,
2023-05-31 11:00:00,2.031,1023.1
2023-05-31 12:00:00,2.493,1023.5
2023-05-31 13:00:00,2.633,1023.6
2023-05-31 14:00:00,2.532,1023.4
2023-05-31 15:00:00,2.159,1023.1
2023-05-31 16:00:00,1.68,1022.5
2023-05-31 17:00:00,1.169,1022.1
2023-05-31 18:00:00,0.668,1021.4
2023-05-31 19:00:00,0.426,1020.9
2023-05-31 20:00:00,0.578,1020.1
2023-05-31 21:00:00,1.028,1020.2
2023-05-31 22:00:00,1.562,1019.4
2023-05-31 23:00:00,2.122,1019.1
2023-06-01 00:00:00,2.653,1019.4
2023-06-01 01:00:00,2.959,1019.8
2023-06-01 02:00:00,2.916,1020.2
2023-06-01 03:00:00,2.588,1020.0
2023-06-01 04:00:00,2.051,1019.9
2023-06-01 05:00:00,1.453,1019.5
2023-06-01 06:00:00,0.836,1019.4
2023-06-01 07:00:00,0.374,1019.1
2023-06-01 08:00:00,0.299,1018.8
2023-06-01 09:00:00,0.634,1018.8
2023-06-01 10:00:00,1.074,1018.6
2023-06-01 11:00:00,1.617,1018.7
2023-06-01 12:00:00,2.231,1018.9
2023-06-01 13:00:00,2.654,1018.9
2023-06-01 14:00:00,2.779,1018.4
2023-06-01 15:00:00,2.629,1018.2
2023-06-01 16:00:00,2.184,1017.9
2023-06-01 17:00:00,1.647,1017.3
2023-06-01 18:00:00,1.076,1016.6
2023-06-01 19:00:00,0.59,1016.0
2023-06-01 20:00:00,0.457,1015.4
2023-06-01 21:00:00,0.742,1014.9
2023-06-01 22:00:00,1.254,1014.4
2023-06-01 23:00:00,1.897,1014.4
2023-06-02 00:00:00,2.512,1014.6
2023-06-02 01:00:00,3.001,1015.0
2023-06-02 02:00:00,3.236,1015.4
2023-06-02 03:00:00,3.078,1015.2
2023-06-02 04:00:00,2.623,1015.0
2023-06-02 05:00:00,1.993,1014.3
2023-06-02 06:00:00,1.319,1013.8
2023-06-02 07:00:00,0.645,1013.4
2023-06-02 08:00:00,0.251,1012.7
2023-06-02 09:00:00,0.256,1012.7
2023-06-02 10:00:00,0.65,1012.8
2023-06-02 11:00:00,1.186,1012.8
2023-06-02 12:00:00,1.838,1012.9
2023-06-02 13:00:00,2.439,1012.9
2023-06-02 14:00:00,2.873,1012.8
2023-06-02 15:00:00,2.913,1012.5
2023-06-02 16:00:00,2.677,1012.1
2023-06-02 17:00:00,2.157,1011.5
2023-06-02 18:00:00,1.555,1011.1
2023-06-02 19:00:00,0.944,1010.6
2023-06-02 20:00:00,0.54,1010.1
2023-06-02 21:00:00,0.483,1010.3
2023-06-02 22:00:00,0.919,1010.5
2023-06-02 23:00:00,1.56,1011.6
2023-06-03 00:00:00,2.204,1013.6
2023-06-03 01:00:00,2.847,1013.4
2023-06-03 02:00:00,3.396,1013.9
2023-06-03 03:00:00,3.465,1014.7
2023-06-03 04:00:00,3.279,1014.8
2023-06-03 05:00:00,2.624,1015.1
2023-06-03 06:00:00,1.998,1015.3
2023-06-03 07:00:00,1.212,1015.3
2023-06-03 08:00:00,0.581,1015.4
2023-06-03 09:00:00,0.224,1015.9
2023-06-03 10:00:00,0.297,1016.6
2023-06-03 11:00:00,0.785,1017.1
2023-06-03 12:00:00,1.373,1017.9
2023-06-03 13:00:00,2.101,1018.4
2023-06-03 14:00:00,2.727,1018.8
2023-06-03 15:00:00,3.095,1019.2
2023-06-03 16:00:00,3.042,1019.5
2023-06-03 17:00:00,2.706,1019.8
2023-06-03 18:00:00,2.165,1019.8
2023-06-03 19:00:00,1.515,1020.1
2023-06-03 20:00:00,0.87,1020.2
2023-06-03 21:00:00,0.468,1020.4
2023-06-03 22:00:00,0.561,1020.5
2023-06-03 23:00:00,1.083,1020.7
2023-06-04 00:00:00,1.744,1020.7
2023-06-04 01:00:00,2.462,1020.8
2023-06-04 02:00:00,3.164,1020.6
2023-06-04 03:00:00,3.562,1019.8
2023-06-04 04:00:00,3.556,1019.5
2023-06-04 05:00:00,3.195,1018.6
2023-06-04 06:00:00,2.522,1017.7
2023-06-04 07:00:00,1.783,1017.0
2023-06-04 08:00:00,0.966,1016.6
2023-06-04 09:00:00,0.327,1016.5
2023-06-04 10:00:00,0.04,1016.5
2023-06-04 11:00:00,0.293,1016.4
2023-06-04 12:00:00,0.824,1016.4
2023-06-04 13:00:00,1.493,1016.2
2023-06-04 14:00:00,2.268,1016.4
2023-06-04 15:00:00,2.898,1016.3
2023-06-04 16:00:00,3.205,1016.1
2023-06-04 17:00:00,3.093,1015.8
2023-06-04 18:00:00,2.679,1015.5
2023-06-04 19:00:00,2.097,1015.5
2023-06-04 20:00:00,1.402,1015.8
2023-06-04 21:00:00,0.793,1015.5
2023-06-04 22:00:00,0.5,1015.1
2023-06-04 23:00:00,0.734,1015.3
2023-06-05 00:00:00,1.316,1015.3
2023-06-05 01:00:00,2.018,1015.2
2023-06-05 02:00:00,2.777,1015.1
2023-06-05 03:00:00,3.434,1014.8
2023-06-05 04:00:00,3.771,1013.9
2023-06-05 05:00:00,3.65,1013.0
2023-06-05 06:00:00,3.192,1012.5
2023-06-05 07:00:00,2.513,1011.9
2023-06-05 08:00:00,1.657,1011.3
2023-06-05 09:00:00,0.853,1011.1
2023-06-05 10:00:00,0.21,1010.9
2023-06-05 11:00:00,0.064,1011.1
2023-06-05 12:00:00,0.458,1011.1
2023-06-05 13:00:00,0.989,1010.9
2023-06-05 14:00:00,1.698,1010.6
2023-06-05 15:00:00,2.506,1010.3
2023-06-05 16:00:00,3.095,1009.7
2023-06-05 17:00:00,3.281,1009.3
2023-06-05 18:00:00,3.086,1008.9
2023-06-05 19:00:00,2.595,1008.3
2023-06-05 20:00:00,1.963,1008.4
2023-06-05 21:00:00,1.228,1008.1
2023-06-05 22:00:00,0.637,1008.0
2023-06-05 23:00:00,0.425,1007.7
2023-06-06 00:00:00,0.786,1007.7
2023-06-06 01:00:00,1.369,1007.6
2023-06-06 02:00:00,2.119,1007.5
2023-06-06 03:00:00,2.907,1007.0
2023-06-06 04:00:00,3.549,1006.2
2023-06-06 05:00:00,3.824,1005.6
2023-06-06 06:00:00,3.615,1005.1
2023-06-06 07:00:00,3.081,1004.6
2023-06-06 08:00:00,2.302,1004.1
2023-06-06 09:00:00,1.447,1003.8
2023-06-06 10:00:00,0.67,1003.5
2023-06-06 11:00:00,0.072,1002.8
2023-06-06 12:00:00,0.059,1002.6
2023-06-06 13:00:00,0.449,1002.1
2023-06-06 14:00:00,1.037,1001.5
2023-06-06 15:00:00,1.823,1000.9
2023-06-06 16:00:00,2.594,1000.4
2023-06-06 17:00:00,3.176,999.8
2023-06-06 18:00:00,3.271,998.9
2023-06-06 19:00:00,3.012,998.3
2023-06-06 20:00:00,2.514,998.1
2023-06-06 21:00:00,1.852,998.1
2023-06-06 22:00:00,1.13,998.5
2023-06-06 23:00:00,0.537,998.9
2023-06-07 00:00:00,0.395,999.6
2023-06-07 01:00:00,0.768,1000.5
2023-06-07 02:00:00,1.412,1000.6
2023-06-07 03:00:00,2.157,1000.4
2023-06-07 04:00:00,2.946,1000.2
2023-06-07 05:00:00,3.549,999.8
2023-06-07 06:00:00,3.754,999.3
2023-06-07 07:00:00,3.536,999.0
2023-06-07 08:00:00,2.992,998.7
2023-06-07 09:00:00,2.266,999.1
2023-06-07 10:00:00,1.435,999.5
2023-06-07 11:00:00,0.607,999.9
2023-06-07 12:00:00,0.096,999.9
2023-06-07 13:00:00,0.109,999.7
2023-06-07 14:00:00,0.568,999.3
2023-06-07 15:00:00,1.207,999.4
2023-06-07 16:00:00,1.956,999.6
2023-06-07 17:00:00,2.729,999.8
2023-06-07 18:00:00,3.219,1000.1
2023-06-07 19:00:00,3.294,1000.3
2023-06-07 20:00:00,3.006,1000.5
2023-06-07 21:00:00,2.487,1000.9
2023-06-07 22:00:00,1.784,1001.4
2023-06-07 23:00:00,1.073,1001.8
2023-06-08 00:00:00,0.543,1002.2
2023-06-08 01:00:00,0.444,1002.9
2023-06-08 02:00:00,0.882,1003.2
2023-06-08 03:00:00,1.476,1003.2
2023-06-08 04:00:00,2.209,1003.2
2023-06-08 05:00:00,2.983,1003.4
2023-06-08 06:00:00,3.523,1003.5
2023-06-08 07:00:00,3.712,1003.3
2023-06-08 08:00:00,3.451,1003.3
2023-06-08 09:00:00,2.917,1003.6
2023-06-08 10:00:00,2.172,1004.1
2023-06-08 11:00:00,1.339,1004.7
2023-06-08 12:00:00,0.587,1005.3
2023-06-08 13:00:00,0.098,1005.7
2023-06-08 14:00:00,0.162,1005.8
2023-06-08 15:00:00,0.596,1005.8
2023-06-08 16:00:00,1.213,1005.6
2023-06-08 17:00:00,1.958,1005.1
2023-06-08 18:00:00,2.699,1004.7
2023-06-08 19:00:00,3.174,1004.7
2023-06-08 20:00:00,3.209,1004.8
2023-06-08 21:00:00,2.92,1004.8
2023-06-08 22:00:00,2.396,1004.8
2023-06-08 23:00:00,1.732,1005.2
2023-06-09 00:00:00,1.049,1005.6
2023-06-09 01:00:00,0.519,1005.8
2023-06-09 02:00:00,0.453,1006.3
2023-06-09 03:00:00,0.854,1006.3
2023-06-09 04:00:00,1.441,1006.2
2023-06-09 05:00:00,2.159,1005.9
2023-06-09 06:00:00,2.878,1005.8
2023-06-09 07:00:00,3.432,1005.5
2023-06-09 08:00:00,3.561,1005.6
2023-06-09 09:00:00,3.333,1005.8
2023-06-09 10:00:00,2.783,1006.1
2023-06-09 11:00:00,2.061,1006.6
2023-06-09 12:00:00,1.254,1007.0
2023-06-09 13:00:00,0.538,1007.1
2023-06-09 14:00:00,0.121,1006.9
2023-06-09 15:00:00,0.213,1006.8
2023-06-09 16:00:00,0.666,1006.6
2023-06-09 17:00:00,1.303,1006.4
2023-06-09 18:00:00,2.013,1006.2
2023-06-09 19:00:00,2.702,1005.7
2023-06-09 20:00:00,3.165,1005.7
2023-06-09 21:00:00,3.185,1005.7
2023-06-09 22:00:00,2.897,1006.3
2023-06-09 23:00:00,2.387,1006.0
2023-06-10 00:00:00,1.745,1006.2
2023-06-10 01:00:00,1.019,1006.7
2023-06-10 02:00:00,0.536,1006.9
2023-06-10 03:00:00,0.425,1006.7
2023-06-10 04:00:00,0.811,1006.3
2023-06-10 05:00:00,1.348,1006.0
2023-06-10 06:00:00,2.057,1005.7
2023-06-10 07:00:00,2.78,1005.3
2023-06-10 08:00:00,3.318,1005.5
2023-06-10 09:00:00,3.466,1005.6
2023-06-10 10:00:00,3.223,1005.9
2023-06-10 11:00:00,2.729,1006.4
2023-06-10 12:00:00,2.045,1006.7
2023-06-10 13:00:00,1.262,1007.0
2023-06-10 14:00:00,0.579,1007.2
2023-06-10 15:00:00,0.169,1007.3
2023-06-10 16:00:00,0.294,1007.0
2023-06-10 17:00:00,0.736,1006.8
2023-06-10 18:00:00,1.335,1006.9
2023-06-10 19:00:00,2.052,1007.7
2023-06-10 20:00:00,2.705,1007.4
2023-06-10 21:00:00,3.143,1007.3
2023-06-10 22:00:00,3.179,1007.6
2023-06-10 23:00:00,2.871,1008.0
2023-06-11 00:00:00,2.385,1009.4
2023-06-11 01:00:00,1.697,1009.3
2023-06-11 02:00:00,1.03,1009.8
2023-06-11 03:00:00,0.5,1010.1
2023-06-11 04:00:00,0.388,1010.2
2023-06-11 05:00:00,0.746,1010.1
2023-06-11 06:00:00,1.249,1010.4
2023-06-11 07:00:00,1.885,1010.7
2023-06-11 08:00:00,2.585,1010.7
2023-06-11 09:00:00,3.12,1011.3
2023-06-11 10:00:00,3.251,1011.8
2023-06-11 11:00:00,3.05,1012.1
2023-06-11 12:00:00,2.558,1012.3
2023-06-11 13:00:00,1.91,1012.4
2023-06-11 14:00:00,1.224,1012.4
2023-06-11 15:00:00,0.542,1012.4
2023-06-11 16:00:00,0.181,1012.2
2023-06-11 17:00:00,0.312,1011.8
2023-06-11 18:00:00,0.73,1011.9
2023-06-11 19:00:00,1.361,1011.5
2023-06-11 20:00:00,2.049,1011.4
2023-06-11 21:00:00,2.712,1011.2
2023-06-11 22:00:00,3.141,1010.9
2023-06-11 23:00:00,3.169,1011.1
2023-06-12 00:00:00,2.882,1011.4
2023-06-12 01:00:00,2.372,1011.8
2023-06-12 02:00:00,1.709,1012.2
2023-06-12 03:00:00,1.026,1012.3
2023-06-12 04:00:00,0.474,1012.2
2023-06-12 05:00:00,0.342,1012.1
2023-06-12 06:00:00,0.666,1011.7
2023-06-12 07:00:00,1.161,1011.5
2023-06-12 08:00:00,1.791,1011.4
2023-06-12 09:00:00,2.489,1011.3
2023-06-12 10:00:00,3.022,1011.4
2023-06-12 11:00:00,3.191,1011.6
2023-06-12 12:00:00,2.989,1011.7
2023-06-12 13:00:00,2.575,1011.8
2023-06-12 14:00:00,1.967,1011.5
2023-06-12 15:00:00,1.288,1011.3
2023-06-12 16:00:00,0.649,1011.0
2023-06-12 17:00:00,0.261,1010.5
2023-06-12 18:00:00,0.415,1010.1
2023-06-12 19:00:00,0.852,1009.5
2023-06-12 20:00:00,1.467,1008.8
2023-06-12 21:00:00,2.129,1008.1
2023-06-12 22:00:00,2.81,1007.8
2023-06-12 23:00:00,3.223,1007.9
2023-06-13 00:00:00,3.253,1008.0
2023-06-13 01:00:00,2.941,1007.9
2023-06-13 02:00:00,2.436,1007.6
2023-06-13 03:00:00,1.798,1007.2
2023-06-13 04:00:00,1.116,1006.5
2023-06-13 05:00:00,0.539,1005.8
2023-06-13 06:00:00,0.392,1004.8
2023-06-13 07:00:00,0.71,1004.3
2023-06-13 08:00:00,1.195,1004.3
2023-06-13 09:00:00,1.796,1004.5
2023-06-13 10:00:00,2.483,1004.1
2023-06-13 11:00:00,3.027,1004.3
2023-06-13 12:00:00,3.205,1004.6
2023-06-13 13:00:00,3.061,1004.7
2023-06-13 14:00:00,2.621,1004.6
2023-06-13 15:00:00,2.044,1004.7
2023-06-13 16:00:00,1.383,1004.1
2023-06-13 17:00:00,0.784,1004.2
2023-06-13 18:00:00,0.442,1004.0
2023-06-13 19:00:00,0.575,1003.6
2023-06-13 20:00:00,1.075,1003.2
2023-06-13 21:00:00,1.647,1003.2
2023-06-13 22:00:00,2.329,1003.4
2023-06-13 23:00:00,2.95,1003.3
2023-06-14 00:00:00,3.356,1003.8
2023-06-14 01:00:00,3.351,1004.2
2023-06-14 02:00:00,2.99,1004.2
2023-06-14 03:00:00,2.499,1004.3
2023-06-14 04:00:00,1.784,1004.0
2023-06-14 05:00:00,1.084,1003.6
2023-06-14 06:00:00,0.54,1003.6
2023-06-14 07:00:00,0.377,1003.7
2023-06-14 08:00:00,0.66,1003.4
2023-06-14 09:00:00,1.12,1003.3
2023-06-14 10:00:00,1.734,1003.3
2023-06-14 11:00:00,2.415,1003.5
2023-06-14 12:00:00,2.931,1003.6
2023-06-14 13:00:00,3.174,1003.2
2023-06-14 14:00:00,2.966,1002.9
2023-06-14 15:00:00,2.596,1002.9
2023-06-14 16:00:00,2.051,1002.3
2023-06-14 17:00:00,1.368,1001.8
2023-06-14 18:00:00,0.788,1001.0
2023-06-14 19:00:00,0.54,1000.4
2023-06-14 20:00:00,0.709,999.8
2023-06-14 21:00:00,1.185,999.5
2023-06-14 22:00:00,1.837,999.1
2023-06-14 23:00:00,2.495,999.0
2023-06-15 00:00:00,3.154,999.6
2023-06-15 01:00:00,3.528,999.0
2023-06-15 02:00:00,3.433,998.7
2023-06-15 03:00:00,3.075,998.2
2023-06-15 04:00:00,2.491,997.9
2023-06-15 05:00:00,1.795,997.6
2023-06-15 06:00:00,1.116,997.3
2023-06-15 07:00:00,0.528,997.2
2023-06-15 08:00:00,0.371,997.1
2023-06-15 09:00:00,0.711,997.1
2023-06-15 10:00:00,1.134,997.6
2023-06-15 11:00:00,1.803,998.1
2023-06-15 12:00:00,2.466,998.7
2023-06-15 13:00:00,2.966,999.5
2023-06-15 14:00:00,3.158,1000.2
2023-06-15 15:00:00,2.972,1000.3
2023-06-15 16:00:00,2.567,1000.6
2023-06-15 17:00:00,1.987,1000.7
2023-06-15 18:00:00,1.336,1000.6
2023-06-15 19:00:00,0.819,1000.4
2023-06-15 20:00:00,0.61,1000.4
2023-06-15 21:00:00,0.826,1000.1
2023-06-15 22:00:00,1.381,1000.5
2023-06-15 23:00:00,2.011,1001.3
2023-06-16 00:00:00,2.685,1001.9
2023-06-16 01:00:00,3.274,1002.5
2023-06-16 02:00:00,3.517,1003.3
2023-06-16 03:00:00,3.421,1003.5
2023-06-16 04:00:00,2.95,1003.6
2023-06-16 05:00:00,2.331,1003.9
2023-06-16 06:00:00,1.585,1004.0
2023-06-16 07:00:00,0.899,1004.4
2023-06-16 08:00:00,0.37,1004.5
2023-06-16 09:00:00,0.299,1004.9
2023-06-16 10:00:00,0.665,1005.5
2023-06-16 11:00:00,1.134,1005.6
2023-06-16 12:00:00,1.84,1006.0
2023-06-16 13:00:00,2.466,1006.2
2023-06-16 14:00:00,2.967,1006.0
2023-06-16 15:00:00,3.107,1006.3
2023-06-16 16:00:00,2.848,1006.2
2023-06-16 17:00:00,2.449,1005.3
2023-06-16 18:00:00,1.855,1004.9
2023-06-16 19:00:00,1.221,1004.9
2023-06-16 20:00:00,0.728,1004.7
2023-06-16 21:00:00,0.594,1004.6
2023-06-16 22:00:00,0.939,1004.3
2023-06-16 23:00:00,1.504,1003.8
2023-06-17 00:00:00,2.146,1004.2
2023-06-17 01:00:00,2.84,1004.3
2023-06-17 02:00:00,3.352,1005.0
2023-06-17 03:00:00,3.548,1005.1
2023-06-17 04:00:00,3.356,1005.0
2023-06-17 05:00:00,2.848,1004.4
2023-06-17 06:00:00,2.155,1003.3
2023-06-17 07:00:00,1.472,1003.1
2023-06-17 08:00:00,0.735,1002.9
2023-06-17 09:00:00,0.312,1003.0
2023-06-17 10:00:00,0.349,1003.1
2023-06-17 11:00:00,0.729,1002.7
2023-06-17 12:00:00,1.319,1002.8
2023-06-17 13:00:00,1.959,1002.8
2023-06-17 14:00:00,2.625,1002.8
2023-06-17 15:00:00,3.011,1002.6
2023-06-17 16:00:00,3.117,1002.4
2023-06-17 17:00:00,2.824,1002.1
2023-06-17 18:00:00,2.379,1001.9
2023-06-17 19:00:00,1.755,1002.1
2023-06-17 20:00:00,1.197,1001.9
2023-06-17 21:00:00,0.76,1002.0
2023-06-17 22:00:00,0.758,1002.3
2023-06-17 23:00:00,1.125,1003.0
2023-06-18 00:00:00,1.714,1003.4
2023-06-18 01:00:00,2.342,1003.9
2023-06-18 02:00:00,3.006,1004.4
2023-06-18 03:00:00,3.443,1004.4
2023-06-18 04:00:00,3.498,1004.5
2023-06-18 05:00:00,3.229,1004.2
2023-06-18 06:00:00,2.676,1004.1
2023-06-18 07:00:00,1.983,1003.7
2023-06-18 08:00:00,1.24,1003.7
2023-06-18 09:00:00,0.631,1004.2
2023-06-18 10:00:00,0.307,1005.0
2023-06-18 11:00:00,0.428,1005.7
2023-06-18 12:00:00,0.856,1006.4
2023-06-18 13:00:00,1.391,1007.0
2023-06-18 14:00:00,2.101,1007.4
2023-06-18 15:00:00,2.697,1007.7
2023-06-18 16:00:00,3.057,1008.5
2023-06-18 17:00:00,3.005,1008.9
2023-06-18 18:00:00,2.654,1009.1
2023-06-18 19:00:00,2.145,1009.6
2023-06-18 20:00:00,1.544,1010.5
2023-06-18 21:00:00,0.973,1010.5
2023-06-18 22:00:00,0.663,1010.9
2023-06-18 23:00:00,0.72,1011.6
2023-06-19 00:00:00,1.18,1012.5
2023-06-19 01:00:00,1.76,1013.5
2023-06-19 02:00:00,2.405,1014.3
2023-06-19 03:00:00,2.988,1014.6
2023-06-19 04:00:00,3.339,1014.7
2023-06-19 05:00:00,3.362,1014.9
2023-06-19 06:00:00,3.006,1015.4
2023-06-19 07:00:00,2.392,1015.5
2023-06-19 08:00:00,1.715,1015.8
2023-06-19 09:00:00,1.018,1015.9
2023-06-19 10:00:00,0.437,1016.8
2023-06-19 11:00:00,0.236,1017.4
2023-06-19 12:00:00,0.444,1018.0
2023-06-19 13:00:00,0.901,1018.8
2023-06-19 14:00:00,1.496,1019.1
2023-06-19 15:00:00,2.112,1019.6
2023-06-19 16:00:00,2.669,1019.6
2023-06-19 17:00:00,2.874,1019.5
2023-06-19 18:00:00,2.768,1020.0
2023-06-19 19:00:00,2.405,1019.9
2023-06-19 20:00:00,1.881,1019.9
2023-06-19 21:00:00,1.313,1019.7
2023-06-19 22:00:00,0.798,1019.8
2023-06-19 23:00:00,0.615,1020.1
2023-06-20 00:00:00,0.815,1020.4
2023-06-20 01:00:00,1.291,1021.3
2023-06-20 02:00:00,1.875,1022.1
2023-06-20 03:00:00,2.497,1022.5
2023-06-20 04:00:00,3.026,1022.5
2023-06-20 05:00:00,3.311,1022.9
2023-06-20 06:00:00,3.156,1022.5
2023-06-20 07:00:00,2.736,1022.3
2023-06-20 08:00:00,2.103,1022.6
2023-06-20 09:00:00,1.446,1022.9
2023-06-20 10:00:00,0.783,1023.2
2023-06-20 11:00:00,0.321,1023.8
2023-06-20 12:00:00,0.216,1024.0
2023-06-20 13:00:00,0.581,1024.1
2023-06-20 14:00:00,1.034,1024.0
2023-06-20 15:00:00,1.635,1024.1
2023-06-20 16:00:00,2.268,1024.2
2023-06-20 17:00:00,2.703,1024.4
2023-06-20 18:00:00,2.813,1024.8
2023-06-20 19:00:00,2.647,1024.7
2023-06-20 20:00:00,2.22,1024.7
2023-06-20 21:00:00,1.697,1024.3
2023-06-20 22:00:00,1.136,1024.3
2023-06-20 23:00:00,0.675,1024.5
2023-06-21 00:00:00,0.61,1025.1
2023-06-21 01:00:00,0.948,1025.6
2023-06-21 02:00:00,1.382,1026.2
2023-06-21 03:00:00,1.976,1026.1
2023-06-21 04:00:00,2.574,1026.2
2023-06-21 05:00:00,3.011,1026.3
2023-06-21 06:00:00,3.149,1026.2
2023-06-21 07:00:00,2.961,1026.1
2023-06-21 08:00:00,2.465,1026.5
2023-06-21 09:00:00,1.866,1026.8
2023-06-21 10:00:00,1.213,1026.9
2023-06-21 11:00:00,0.598,1027.3
2023-06-21 12:00:00,0.254,1027.7
2023-06-21 13:00:00,0.31,1027.8
2023-06-21 14:00:00,0.674,1027.7
2023-06-21 15:00:00,1.179,1028.0
2023-06-21 16:00:00,1.775,1028.1
2023-06-21 17:00:00,2.325,1027.9
2023-06-21 18:00:00,2.667,1027.7
2023-06-21 19:00:00,2.693,1027.5
2023-06-21 20:00:00,2.439,1027.1
2023-06-21 21:00:00,2.004,1026.8
2023-06-21 22:00:00,1.465,1026.6
2023-06-21 23:00:00,0.952,1026.4
2023-06-22 00:00:00,0.621,1026.2
2023-06-22 01:00:00,0.675,1026.4
2023-06-22 02:00:00,1.028,1026.5
2023-06-22 03:00:00,1.557,1025.9
2023-06-22 04:00:00,2.085,1025.7
2023-06-22 05:00:00,2.631,1025.4
2023-06-22 06:00:00,2.979,1025.1
2023-06-22 07:00:00,3.009,1024.8
2023-06-22 08:00:00,2.743,1024.6
2023-06-22 09:00:00,2.255,1024.7
2023-06-22 10:00:00,1.639,1025.0
2023-06-22 11:00:00,1.031,1025.0
2023-06-22 12:00:00,0.479,1025.3
2023-06-22 13:00:00,0.286,1025.1
2023-06-22 14:00:00,0.473,1025.4
2023-06-22 15:00:00,0.834,1025.1
2023-06-22 16:00:00,1.363,1024.7
2023-06-22 17:00:00,1.924,1024.4
2023-06-22 18:00:00,2.438,1023.5
2023-06-22 19:00:00,2.677,1023.0
2023-06-22 20:00:00,2.615,1022.3
2023-06-22 21:00:00,2.314,1022.0
2023-06-22 22:00:00,1.87,1021.3
2023-06-22 23:00:00,1.358,1020.9
2023-06-23 00:00:00,0.903,1020.9
2023-06-23 01:00:00,0.641,1020.9
2023-06-23 02:00:00,0.81,1020.7
2023-06-23 03:00:00,1.212,1020.0
2023-06-23 04:00:00,1.712,1019.9
2023-06-23 05:00:00,2.243,1019.6
2023-06-23 06:00:00,2.724,1019.2
2023-06-23 07:00:00,3.002,1018.9
2023-06-23 08:00:00,2.941,1018.5
2023-06-23 09:00:00,2.577,1018.5
2023-06-23 10:00:00,2.125,1018.5
2023-06-23 11:00:00,1.54,1018.8
2023-06-23 12:00:00,0.956,1019.1
2023-06-23 13:00:00,0.53,1019.0
2023-06-23 14:00:00,0.429,1019.0
2023-06-23 15:00:00,0.719,1018.7
2023-06-23 16:00:00,1.109,1018.4
2023-06-23 17:00:00,1.598,1017.7
2023-06-23 18:00:00,2.182,1017.0
2023-06-23 19:00:00,2.588,1016.6
2023-06-23 20:00:00,2.704,1016.4
2023-06-23 21:00:00,2.594,1016.0
2023-06-23 22:00:00,2.234,1015.5
2023-06-23 23:00:00,1.804,1015.4
2023-06-24 00:00:00,1.3,1015.0
2023-06-24 01:00:00,0.845,1015.2
2023-06-24 02:00:00,0.735,1015.3
2023-06-24 03:00:00,0.961,1015.2
2023-06-24 04:00:00,1.324,1015.1
2023-06-24 05:00:00,1.865,1014.9
2023-06-24 06:00:00,2.347,1014.5
2023-06-24 07:00:00,2.764,1013.9
2023-06-24 08:00:00,2.95,1013.5
2023-06-24 09:00:00,2.824,1013.6
2023-06-24 10:00:00,2.434,1013.6
2023-06-24 11:00:00,1.922,1013.4
2023-06-24 12:00:00,1.383,1012.9
2023-06-24 13:00:00,0.821,1012.7
2023-06-24 14:00:00,0.546,1012.6
2023-06-24 15:00:00,0.56,1012.1
2023-06-24 16:00:00,0.902,1011.5
2023-06-24 17:00:00,1.373,1010.7
2023-06-24 18:00:00,1.87,1010.0
2023-06-24 19:00:00,2.387,1009.4
2023-06-24 20:00:00,2.713,1008.6
2023-06-24 21:00:00,2.798,1008.2
2023-06-24 22:00:00,2.582,1008.2
2023-06-24 23:00:00,2.177,1008.2
2023-06-25 00:00:00,1.709,1008.4
2023-06-25 01:00:00,1.252,1009.1
2023-06-25 02:00:00,0.876,1009.4
2023-06-25 03:00:00,0.789,1009.4
2023-06-25 04:00:00,1.089,1009.3
2023-06-25 05:00:00,1.445,1009.4
2023-06-25 06:00:00,1.969,1009.0
2023-06-25 07:00:00,2.439,1009.0
2023-06-25 08:00:00,2.782,1008.7
2023-06-25 09:00:00,2.923,1008.9
2023-06-25 10:00:00,2.717,1009.4
2023-06-25 11:00:00,2.315,1009.4
2023-06-25 12:00:00,1.84,1009.6
2023-06-25 13:00:00,1.287,1009.6
2023-06-25 14:00:00,0.819,1009.7
2023-06-25 15:00:00,0.598,1009.5
2023-06-25 16:00:00,0.735,1009.5
2023-06-25 17:00:00,1.083,1009.3
2023-06-25 18:00:00,1.556,1009.1
2023-06-25 19:00:00,2.065,1008.6
2023-06-25 20:00:00,2.562,1008.5
2023-06-25 21:00:00,2.833,1008.6
2023-06-25 22:00:00,2.804,1008.5
2023-06-25 23:00:00,2.552,1008.4
2023-06-26 00:00:00,2.135,1008.5
2023-06-26 01:00:00,1.625,1009.3
2023-06-26 02:00:00,1.167,1009.5
2023-06-26 03:00:00,0.857,1009.2
2023-06-26 04:00:00,0.862,1009.3
2023-06-26 05:00:00,1.157,1009.4
2023-06-26 06:00:00,1.511,1009.5
2023-06-26 07:00:00,2.028,1009.3
2023-06-26 08:00:00,2.487,1009.7
2023-06-26 09:00:00,2.841,1009.4
2023-06-26 10:00:00,2.872,1009.7
2023-06-26 11:00:00,2.635,1009.8
2023-06-26 12:00:00,2.235,1010.2
2023-06-26 13:00:00,1.738,1010.6
2023-06-26 14:00:00,1.23,1010.6
2023-06-26 15:00:00,0.803,1010.5
2023-06-26 16:00:00,0.647,1010.4
2023-06-26 17:00:00,0.871,1009.8
2023-06-26 18:00:00,1.275,1009.4
2023-06-26 19:00:00,1.783,1008.9
2023-06-26 20:00:00,2.295,1008.4
2023-06-26 21:00:00,2.744,1008.6
2023-06-26 22:00:00,2.95,1008.6
2023-06-26 23:00:00,2.884,1008.5
2023-06-27 00:00:00,2.561,1009.0
2023-06-27 01:00:00,2.107,1009.2
2023-06-27 02:00:00,1.592,1009.5
2023-06-27 03:00:00,1.125,1009.6
2023-06-27 04:00:00,0.848,1009.1
2023-06-27 05:00:00,0.924,1008.3
2023-06-27 06:00:00,1.195,1008.1
2023-06-27 07:00:00,1.613,1007.9
2023-06-27 08:00:00,2.092,1007.9
2023-06-27 09:00:00,2.533,1007.0
2023-06-27 10:00:00,2.839,1007.5
2023-06-27 11:00:00,2.779,1007.2
2023-06-27 12:00:00,2.59,1007.6
2023-06-27 13:00:00,2.149,1006.8
2023-06-27 14:00:00,1.651,1007.6
2023-06-27 15:00:00,1.131,1008.4
2023-06-27 16:00:00,0.751,1008.3
2023-06-27 17:00:00,0.668,1008.0
2023-06-27 18:00:00,1.062,1006.8
2023-06-27 19:00:00,1.376,1006.6
2023-06-27 20:00:00,1.943,1006.6
2023-06-27 21:00:00,2.391,1006.7
2023-06-27 22:00:00,2.819,1006.6
2023-06-27 23:00:00,3.023,1007.6
2023-06-28 00:00:00,2.861,1008.2
2023-06-28 01:00:00,2.493,1008.6
2023-06-28 02:00:00,2.012,1009.0
2023-06-28 03:00:00,1.45,1009.2
2023-06-28 04:00:00,0.99,1009.6
2023-06-28 05:00:00,0.716,1009.6
2023-06-28 06:00:00,0.748,1009.3
2023-06-28 07:00:00,1.129,1009.1
2023-06-28 08:00:00,1.543,1009.2
2023-06-28 09:00:00,2.081,1009.3
2023-06-28 10:00:00,2.508,1009.3
2023-06-28 11:00:00,2.813,1009.6
2023-06-28 12:00:00,2.766,1009.7
2023-06-28 13:00:00,2.46,1009.7
2023-06-28 14:00:00,2.098,1009.5
2023-06-28 15:00:00,1.556,1009.6
2023-06-28 16:00:00,1.058,1009.5
2023-06-28 17:00:00,0.761,1008.7
2023-06-28 18:00:00,0.702,1008.1
2023-06-28 19:00:00,1.1,1008.2
2023-06-28 20:00:00,1.519,1008.0
2023-06-28 21:00:00,2.051,1008.2
2023-06-28 22:00:00,2.624,1008.2
2023-06-28 23:00:00,2.981,1008.9
2023-06-29 00:00:00,3.12,1009.9
2023-06-29 01:00:00,2.877,1010.7
2023-06-29 02:00:00,2.472,1011.2
2023-06-29 03:00:00,1.876,1010.9
2023-06-29 04:00:00,1.304,1011.1
2023-06-29 05:00:00,0.804,1011.5
2023-06-29 06:00:00,0.537,1011.9
2023-06-29 07:00:00,0.67,1012.2
2023-06-29 08:00:00,1.024,1012.6
2023-06-29 09:00:00,1.503,1013.1
2023-06-29 10:00:00,2.058,1013.8
2023-06-29 11:00:00,2.55,1014.4
2023-06-29 12:00:00,2.777,1014.8
2023-06-29 13:00:00,2.744,1015.2
2023-06-29 14:00:00,2.446,1015.4
2023-06-29 15:00:00,2.003,1015.3
2023-06-29 16:00:00,1.453,1015.0
2023-06-29 17:00:00,0.945,1014.9
2023-06-29 18:00:00,0.653,1014.8
2023-06-29 19:00:00,0.688,1014.8
2023-06-29 20:00:00,1.11,1014.7
2023-06-29 21:00:00,1.657,1014.7
2023-06-29 22:00:00,2.202,1014.6
2023-06-29 23:00:00,2.781,1015.0
2023-06-30 00:00:00,3.136,1015.4
2023-06-30 01:00:00,3.181,1016.4
2023-06-30 02:00:00,2.918,1016.6
2023-06-30 03:00:00,2.376,1017.0
2023-06-30 04:00:00,1.777,1017.2
2023-06-30 05:00:00,1.122,1017.0
2023-06-30 06:00:00,0.561,1017.0
2023-06-30 07:00:00,0.36,1016.9
2023-06-30 08:00:00,0.549,1016.9
2023-06-30 09:00:00,0.948,1017.0
2023-06-30 10:00:00,1.462,1017.6
2023-06-30 11:00:00,2.077,1017.8
2023-06-30 12:00:00,2.577,1017.9
2023-06-30 13:00:00,2.818,1018.3
2023-06-30 14:00:00,2.745,1018.5
2023-06-30 15:00:00,2.375,1018.5
2023-06-30 16:00:00,1.91,1018.5
2023-06-30 17:00:00,1.315,1018.2
2023-06-30 18:00:00,0.787,1018.0
2023-06-30 19:00:00,0.512,1017.8
2023-06-30 20:00:00,0.662,1017.6
2023-06-30 21:00:00,1.12,1017.5
2023-06-30 22:00:00,1.707,1017.5
2023-06-30 23:00:00,2.325,1017.6
2023-07-01 00:00:00,2.947,1017.8
2023-07-01 01:00:00,3.261,1018.0
2023-07-01 02:00:00,3.247,1018.5
2023-07-01 03:00:00,2.868,1018.2
2023-07-01 04:00:00,2.321,1018.4
2023-07-01 05:00:00,1.66,1018.2
2023-07-01 06:00:00,0.909,1018.2
2023-07-01 07:00:00,0.372,1018.3
2023-07-01 08:00:00,0.15,1018.3
2023-07-01 09:00:00,0.412,1018.5
2023-07-01 10:00:00,0.88,1018.4
2023-07-01 11:00:00,1.468,1018.7
2023-07-01 12:00:00,2.101,1019.0
2023-07-01 13:00:00,2.638,1019.4
2023-07-01 14:00:00,2.836,1019.2
2023-07-01 15:00:00,2.752,1019.0
2023-07-01 16:00:00,2.347,1018.8
2023-07-01 17:00:00,1.816,1018.4
2023-07-01 18:00:00,1.192,1017.9
2023-07-01 19:00:00,0.64,1017.2
2023-07-01 20:00:00,0.414,1016.9
2023-07-01 21:00:00,0.671,1016.5
2023-07-01 22:00:00,1.178,1015.6
2023-07-01 23:00:00,1.874,1015.6
2023-07-02 00:00:00,2.578,1015.2
2023-07-02 01:00:00,3.173,1015.6
2023-07-02 02:00:00,3.442,1015.7
2023-07-02 03:00:00,3.359,1015.4
2023-07-02 04:00:00,2.923,1015.3
2023-07-02 05:00:00,2.288,1015.3
2023-07-02 06:00:00,1.501,1015.0
2023-07-02 07:00:00,0.729,1014.6
2023-07-02 08:00:00,0.184,1014.4
2023-07-02 09:00:00,0.067,1014.4
2023-07-02 10:00:00,0.382,1014.7
2023-07-02 11:00:00,0.896,1014.8
2023-07-02 12:00:00,1.546,1015.3
2023-07-02 13:00:00,2.292,1014.6
2023-07-02 14:00:00,2.837,1014.0
2023-07-02 15:00:00,3.015,1013.9
2023-07-02 16:00:00,2.842,1013.9
2023-07-02 17:00:00,2.391,1013.3
2023-07-02 18:00:00,1.81,1012.2
2023-07-02 19:00:00,1.12,1011.1
2023-07-02 20:00:00,0.62,1010.4
2023-07-02 21:00:00,0.359,1009.7
2023-07-02 22:00:00,0.695,1010.0
2023-07-02 23:00:00,1.315,1010.3
2023-07-03 00:00:00,2.049,1010.4
2023-07-03 01:00:00,2.785,1010.1
2023-07-03 02:00:00,3.416,1010.5
2023-07-03 03:00:00,3.639,1010.4
2023-07-03 04:00:00,3.51,1010.8
2023-07-03 05:00:00,2.963,1010.5
2023-07-03 06:00:00,2.235,1010.2
2023-07-03 07:00:00,1.457,1009.6
2023-07-03 08:00:00,0.653,1009.3
2023-07-03 09:00:00,0.107,1008.7
2023-07-03 10:00:00,0.025,1008.9
2023-07-03 11:00:00,0.45,1008.9
2023-07-03 12:00:00,1.027,1008.7
2023-07-03 13:00:00,1.773,1009.0
2023-07-03 14:00:00,2.515,1009.6
2023-07-03 15:00:00,3.02,1010.0
2023-07-03 16:00:00,3.143,1010.6
2023-07-03 17:00:00,2.905,1010.5
2023-07-03 18:00:00,2.378,1010.5
2023-07-03 19:00:00,1.745,1010.6
2023-07-03 20:00:00,1.016,1010.7
2023-07-03 21:00:00,0.471,1010.8
2023-07-03 22:00:00,0.297,1010.6
2023-07-03 23:00:00,0.729,1010.5
2023-07-04 00:00:00,1.388,1010.8
2023-07-04 01:00:00,2.172,1011.5
2023-07-04 02:00:00,2.953,1012.1
2023-07-04 03:00:00,3.559,1012.5
2023-07-04 04:00:00,3.754,1012.1
2023-07-04 05:00:00,3.549,1011.9
2023-07-04 06:00:00,2.912,1012.1
2023-07-04 07:00:00,2.169,1011.5
2023-07-04 08:00:00,1.325,1011.5
2023-07-04 09:00:00,0.483,1011.5
2023-07-04 10:00:00,-0.056,1012.1
2023-07-04 11:00:00,-0.091,1012.1
2023-07-04 12:00:00,0.434,1012.8
2023-07-04 13:00:00,1.037,1012.9
2023-07-04 14:00:00,1.843,1013.2
2023-07-04 15:00:00,2.617,1013.2
2023-07-04 16:00:00,3.11,1012.6
2023-07-04 17:00:00,3.211,1012.5
2023-07-04 18:00:00,2.911,1012.8
2023-07-04 19:00:00,2.36,1012.7
2023-07-04 20:00:00,1.612,1012.9
2023-07-04 21:00:00,0.861,1012.9
2023-07-04 22:00:00,0.335,1013.0
2023-07-04 23:00:00,0.223,1013.5
2023-07-05 00:00:00,0.683,1013.1
2023-07-05 01:00:00,1.41,1013.7
2023-07-05 02:00:00,2.197,1013.7
2023-07-05 03:00:00,3.058,1014.3
2023-07-05 04:00:00,3.601,1013.2
2023-07-05 05:00:00,3.807,1013.8
2023-07-05 06:00:00,3.49,1013.9
2023-07-05 07:00:00,2.821,1013.8
2023-07-05 08:00:00,2.099,1013.8
2023-07-05 09:00:00,1.147,1013.7
2023-07-05 10:00:00,0.301,1013.9
2023-07-05 11:00:00,-0.161,1013.9
2023-07-05 12:00:00,-0.151,1014.2
2023-07-05 13:00:00,0.447,1014.4
2023-07-05 14:00:00,1.121,1014.4
2023-07-05 15:00:00,1.918,1014.5
2023-07-05 16:00:00,2.75,1014.4
2023-07-05 17:00:00,3.198,1014.1
2023-07-05 18:00:00,3.229,1013.8
2023-07-05 19:00:00,2.902,1013.8
2023-07-05 20:00:00,2.267,1013.7
2023-07-05 21:00:00,1.55,1013.4
2023-07-05 22:00:00,0.778,1013.3
2023-07-05 23:00:00,0.239,1013.5
2023-07-06 00:00:00,0.186,1013.6
2023-07-06 01:00:00,0.706,1013.7
2023-07-06 02:00:00,1.378,1013.8
2023-07-06 03:00:00,2.253,1013.9
2023-07-06 04:00:00,3.068,1013.9
2023-07-06 05:00:00,3.641,1014.0
2023-07-06 06:00:00,3.746,1014.3
2023-07-06 07:00:00,3.396,1014.3
2023-07-06 08:00:00,2.749,1014.2
2023-07-06 09:00:00,1.953,1014.0
2023-07-06 10:00:00,1.039,1014.1
2023-07-06 11:00:00,0.197,1014.1
2023-07-06 12:00:00,-0.232,1013.9
2023-07-06 13:00:00,-0.077,1013.8
2023-07-06 14:00:00,0.514,1013.6
2023-07-06 15:00:00,1.223,1013.7
2023-07-06 16:00:00,2.058,1013.6
2023-07-06 17:00:00,2.83,1013.3
2023-07-06 18:00:00,3.257,1012.8
2023-07-06 19:00:00,3.245,1012.0
2023-07-06 20:00:00,2.868,1011.6
2023-07-06 21:00:00,2.24,1011.2
2023-07-06 22:00:00,1.471,1010.7
2023-07-06 23:00:00,0.718,1011.3
2023-07-07 00:00:00,0.192,1011.4
2023-07-07 01:00:00,0.192,1011.8
2023-07-07 02:00:00,0.741,1012.2
2023-07-07 03:00:00,1.419,1012.1
2023-07-07 04:00:00,2.252,1012.1
2023-07-07 05:00:00,3.035,1012.0
2023-07-07 06:00:00,3.539,1011.7
2023-07-07 07:00:00,3.654,1011.7
2023-07-07 08:00:00,3.261,1011.9
2023-07-07 09:00:00,2.65,1011.9
2023-07-07 10:00:00,1.821,1012.1
2023-07-07 11:00:00,0.94,1012.1
2023-07-07 12:00:00,0.176,1012.3
2023-07-07 13:00:00,-0.185,1012.4
2023-07-07 14:00:00,0.055,1012.1
2023-07-07 15:00:00,0.632,1012.0
2023-07-07 16:00:00,1.35,1011.5
2023-07-07 17:00:00,2.193,1010.8
2023-07-07 18:00:00,2.933,1010.2
2023-07-07 19:00:00,3.314,1009.7
2023-07-07 20:00:00,3.262,1009.2
2023-07-07 21:00:00,2.842,1009.6
2023-07-07 22:00:00,2.191,1009.8
2023-07-07 23:00:00,1.433,1010.7
2023-07-08 00:00:00,0.72,1010.6
2023-07-08 01:00:00,0.197,1010.9
2023-07-08 02:00:00,0.253,1010.7
2023-07-08 03:00:00,0.761,1010.4
2023-07-08 04:00:00,1.421,1010.3
2023-07-08 05:00:00,2.232,1010.5
2023-07-08 06:00:00,2.956,1010.5
2023-07-08 07:00:00,3.466,1010.7
2023-07-08 08:00:00,3.522,1010.9
2023-07-08 09:00:00,3.184,1011.0
2023-07-08 10:00:00,2.55,1011.2
2023-07-08 11:00:00,1.763,1011.4
2023-07-08 12:00:00,0.95,1011.4
2023-07-08 13:00:00,0.245,1011.6
2023-07-08 14:00:00,-0.048,1011.5
2023-07-08 15:00:00,0.236,1011.4
2023-07-08 16:00:00,0.782,1011.6
2023-07-08 17:00:00,1.499,1011.3
2023-07-08 18:00:00,2.296,1011.1
2023-07-08 19:00:00,2.979,1011.1
2023-07-08 20:00:00,3.29,1010.7
2023-07-08 21:00:00,3.249,1010.7
2023-07-08 22:00:00,2.793,1010.2
2023-07-08 23:00:00,2.207,1010.4
2023-07-09 00:00:00,1.472,1010.6
2023-07-09 01:00:00,0.747,1010.4
2023-07-09 02:00:00,0.304,1011.1
2023-07-09 03:00:00,0.352,1010.9
2023-07-09 04:00:00,0.839,1011.0
2023-07-09 05:00:00,1.455,1011.2
2023-07-09 06:00:00,2.167,1011.0
2023-07-09 07:00:00,2.875,1011.1
2023-07-09 08:00:00,3.328,1011.2
2023-07-09 09:00:00,3.39,1011.2
2023-07-09 10:00:00,3.028,1011.3
2023-07-09 11:00:00,2.434,1011.4
2023-07-09 12:00:00,1.729,1011.9
2023-07-09 13:00:00,0.969,1011.9
2023-07-09 14:00:00,0.328,1012.0
2023-07-09 15:00:00,0.135,1012.0
2023-07-09 16:00:00,0.43,1011.9
2023-07-09 17:00:00,0.978,1011.6
2023-07-09 18:00:00,1.67,1011.3
2023-07-09 19:00:00,2.429,1011.2
2023-07-09 20:00:00,3.053,1011.0
2023-07-09 21:00:00,3.362,1011.0
2023-07-09 22:00:00,3.235,1011.1
2023-07-09 23:00:00,2.791,1011.2
2023-07-10 00:00:00,2.219,1011.5
2023-07-10 01:00:00,1.486,1011.5
2023-07-10 02:00:00,0.801,1011.2
2023-07-10 03:00:00,0.383,1010.9
2023-07-10 04:00:00,0.423,1010.9
2023-07-10 05:00:00,0.866,1010.2
2023-07-10 06:00:00,1.451,1009.7
2023-07-10 07:00:00,2.161,1009.7
2023-07-10 08:00:00,2.8,1009.2
2023-07-10 09:00:00,3.257,1009.1
2023-07-10 10:00:00,3.275,1009.0
2023-07-10 11:00:00,2.935,1009.5
2023-07-10 12:00:00,2.437,1009.7
2023-07-10 13:00:00,1.739,1009.1
2023-07-10 14:00:00,1.044,1009.0
2023-07-10 15:00:00,0.497,1009.1
2023-07-10 16:00:00,0.316,1008.9
2023-07-10 17:00:00,0.67,1008.6
2023-07-10 18:00:00,1.203,1008.3
2023-07-10 19:00:00,1.859,1008.0
2023-07-10 20:00:00,2.583,1007.6
2023-07-10 21:00:00,3.157,1007.2
2023-07-10 22:00:00,3.414,1007.5
2023-07-10 23:00:00,3.279,1007.6
2023-07-11 00:00:00,2.845,1007.5
2023-07-11 01:00:00,2.247,1007.4
2023-07-11 02:00:00,1.544,1007.3
2023-07-11 03:00:00,0.893,1007.3
2023-07-11 04:00:00,0.476,1007.4
2023-07-11 05:00:00,0.503,1007.2
2023-07-11 06:00:00,0.888,1007.0
2023-07-11 07:00:00,1.403,1006.8
2023-07-11 08:00:00,2.07,1006.8
2023-07-11 09:00:00,2.67,1007.4
2023-07-11 10:00:00,3.083,1007.9
2023-07-11 11:00:00,3.123,1008.2
2023-07-11 12:00:00,2.814,1008.6
2023-07-11 13:00:00,2.353,1009.0
2023-07-11 14:00:00,1.722,1009.0
2023-07-11 15:00:00,1.077,1008.8
2023-07-11 16:00:00,0.569,1008.9
2023-07-11 17:00:00,0.459,1008.9
2023-07-11 18:00:00,0.768,1008.6
2023-07-11 19:00:00,1.281,1009.0
2023-07-11 20:00:00,1.903,1009.3
2023-07-11 21:00:00,2.559,1009.2
2023-07-11 22:00:00,3.098,1009.3
2023-07-11 23:00:00,3.302,1009.4
2023-07-12 00:00:00,3.16,1009.7
2023-07-12 01:00:00,2.769,1010.4
2023-07-12 02:00:00,2.163,1010.6
2023-07-12 03:00:00,1.479,1010.8
2023-07-12 04:00:00,0.817,1011.2
2023-07-12 05:00:00,0.419,1011.0
2023-07-12 06:00:00,0.431,1010.9
2023-07-12 07:00:00,0.776,1010.9
2023-07-12 08:00:00,1.244,1011.3
2023-07-12 09:00:00,1.902,1011.6
2023-07-12 10:00:00,2.481,1011.9
2023-07-12 11:00:00,2.887,1012.5
2023-07-12 12:00:00,2.943,1012.5
2023-07-12 13:00:00,2.687,1012.8
2023-07-12 14:00:00,2.271,1012.7
2023-07-12 15:00:00,1.673,1012.6
2023-07-12 16:00:00,1.068,1012.1
2023-07-12 17:00:00,0.616,1011.9
2023-07-12 18:00:00,0.52,1011.6
2023-07-12 19:00:00,0.876,1011.4
2023-07-12 20:00:00,1.359,1011.0
2023-07-12 21:00:00,1.98,1011.0
2023-07-12 22:00:00,2.597,1010.9
2023-07-12 23:00:00,3.104,1011.6
2023-07-13 00:00:00,3.308,1012.2
2023-07-13 01:00:00,3.151,1012.5
2023-07-13 02:00:00,2.676,1012.8
2023-07-13 03:00:00,2.122,1013.0
2023-07-13 04:00:00,1.429,1012.7
2023-07-13 05:00:00,0.803,1012.5
2023-07-13 06:00:00,0.379,1012.2
2023-07-13 07:00:00,0.41,1012.0
2023-07-13 08:00:00,0.758,1012.3
2023-07-13 09:00:00,1.251,1012.3
2023-07-13 10:00:00,1.839,1012.8
2023-07-13 11:00:00,2.464,1013.1
2023-07-13 12:00:00,2.824,1013.2
2023-07-13 13:00:00,2.907,1012.9
2023-07-13 14:00:00,2.679,1013.0
2023-07-13 15:00:00,2.26,1012.6
2023-07-13 16:00:00,1.72,1012.2
2023-07-13 17:00:00,1.136,1011.5
2023-07-13 18:00:00,0.693,1011.0
2023-07-13 19:00:00,0.619,1010.7
2023-07-13 20:00:00,0.943,1010.6
2023-07-13 21:00:00,1.414,1010.4
2023-07-13 22:00:00,2.032,1010.5
2023-07-13 23:00:00,2.653,1010.5
2023-07-14 00:00:00,3.169,1010.8
2023-07-14 01:00:00,3.327,1011.0
2023-07-14 02:00:00,3.149,1011.8
2023-07-14 03:00:00,2.666,1011.7
2023-07-14 04:00:00,2.069,1011.9
2023-07-14 05:00:00,1.393,1012.5
2023-07-14 06:00:00,0.76,1013.0
2023-07-14 07:00:00,0.323,1012.0
2023-07-14 08:00:00,0.414,1012.8
2023-07-14 09:00:00,0.731,1013.9
2023-07-14 10:00:00,1.216,1012.4
2023-07-14 11:00:00,1.784,1013.2
2023-07-14 12:00:00,2.451,1013.0
2023-07-14 13:00:00,2.794,1013.7
2023-07-14 14:00:00,2.866,1013.5
2023-07-14 15:00:00,2.647,1013.9
2023-07-14 16:00:00,2.147,1014.4
2023-07-14 17:00:00,1.644,1014.0
2023-07-14 18:00:00,1.138,1014.1
2023-07-14 19:00:00,0.655,1014.3
2023-07-14 20:00:00,0.63,1013.7
2023-07-14 21:00:00,1.026,1013.6
2023-07-14 22:00:00,1.462,1013.2
2023-07-14 23:00:00,2.083,1013.6
2023-07-15 00:00:00,2.657,1013.5
2023-07-15 01:00:00,3.164,1014.2
2023-07-15 02:00:00,3.293,1014.3
2023-07-15 03:00:00,3.09,1014.2
2023-07-15 04:00:00,2.609,1014.6
2023-07-15 05:00:00,1.965,1014.7
2023-07-15 06:00:00,1.298,1014.5
2023-07-15 07:00:00,0.674,1014.4
2023-07-15 08:00:00,0.306,1013.8
2023-07-15 09:00:00,0.382,1013.6
2023-07-15 10:00:00,0.771,1014.3
2023-07-15 11:00:00,1.251,1014.4
2023-07-15 12:00:00,1.872,1014.1
2023-07-15 13:00:00,2.433,1014.6
2023-07-15 14:00:00,2.798,1015.3
2023-07-15 15:00:00,2.799,1015.5
2023-07-15 16:00:00,2.575,1015.0
2023-07-15 17:00:00,2.113,1014.4
2023-07-15 18:00:00,1.551,1014.0
2023-07-15 19:00:00,1.028,1013.8
2023-07-15 20:00:00,0.697,1013.6
2023-07-15 21:00:00,0.642,1013.0
2023-07-15 22:00:00,1.048,1012.5
2023-07-15 23:00:00,1.572,1013.0
2023-07-16 00:00:00,2.185,1013.7
2023-07-16 01:00:00,2.759,1013.8
2023-07-16 02:00:00,3.209,1014.3
2023-07-16 03:00:00,3.261,1014.3
2023-07-16 04:00:00,3.017,1014.5
2023-07-16 05:00:00,2.507,1014.1
2023-07-16 06:00:00,1.843,1013.9
2023-07-16 07:00:00,1.155,1013.4
2023-07-16 08:00:00,0.581,1013.1
2023-07-16 09:00:00,0.238,1013.0
2023-07-16 10:00:00,0.402,1012.9
2023-07-16 11:00:00,0.789,1012.6
2023-07-16 12:00:00,1.349,1012.0
2023-07-16 13:00:00,1.979,1011.8
2023-07-16 14:00:00,2.532,1011.2
2023-07-16 15:00:00,2.861,1010.8
2023-07-16 16:00:00,2.847,1010.8
2023-07-16 17:00:00,2.52,1010.4
2023-07-16 18:00:00,2.052,1009.8
2023-07-16 19:00:00,1.49,1010.1
2023-07-16 20:00:00,0.93,1009.5
2023-07-16 21:00:00,0.64,1009.9
2023-07-16 22:00:00,0.709,1009.7
2023-07-16 23:00:00,1.138,1009.7
2023-07-17 00:00:00,1.746,1009.4
2023-07-17 01:00:00,2.359,1009.1
2023-07-17 02:00:00,2.935,1009.8
2023-07-17 03:00:00,3.292,1010.0
2023-07-17 04:00:00,3.351,1009.9
2023-07-17 05:00:00,2.976,1009.4
2023-07-17 06:00:00,2.404,1009.6
2023-07-17 07:00:00,1.768,1009.5
2023-07-17 08:00:00,1.04,1009.5
2023-07-17 09:00:00,0.555,1010.3
2023-07-17 10:00:00,0.265,1010.9
2023-07-17 11:00:00,0.487,1011.4
2023-07-17 12:00:00,0.969,1011.6
2023-07-17 13:00:00,1.508,1012.0
2023-07-17 14:00:00,2.11,1012.0
2023-07-17 15:00:00,2.666,1012.5
2023-07-17 16:00:00,2.87,1012.4
2023-07-17 17:00:00,2.759,1012.4
2023-07-17 18:00:00,2.404,1012.3
2023-07-17 19:00:00,1.903,1012.3
2023-07-17 20:00:00,1.288,1012.2
2023-07-17 21:00:00,0.799,1012.1
2023-07-17 22:00:00,0.533,1012.3
2023-07-17 23:00:00,0.759,1012.7
2023-07-18 00:00:00,1.315,1013.1
2023-07-18 01:00:00,1.852,1013.5
2023-07-18 02:00:00,2.509,1014.1
2023-07-18 03:00:00,3.014,1014.4
2023-07-18 04:00:00,3.312,1015.0
2023-07-18 05:00:00,3.204,1015.1
2023-07-18 06:00:00,2.73,1015.0
2023-07-18 07:00:00,2.126,1014.8
2023-07-18 08:00:00,1.464,1014.8
2023-07-18 09:00:00,0.78,1014.9
2023-07-18 10:00:00,0.312,1014.7
2023-07-18 11:00:00,0.227,1014.7
2023-07-18 12:00:00,0.625,1015.0
2023-07-18 13:00:00,1.088,1015.4
2023-07-18 14:00:00,1.686,1015.5
2023-07-18 15:00:00,2.302,1015.3
2023-07-18 16:00:00,2.745,1014.8
2023-07-18 17:00:00,2.878,1014.2
2023-07-18 18:00:00,2.699,1013.7
2023-07-18 19:00:00,2.232,1013.4
2023-07-18 20:00:00,1.717,1012.9
2023-07-18 21:00:00,1.12,1012.7
2023-07-18 22:00:00,0.692,1012.9
2023-07-18 23:00:00,0.615,1012.6
2023-07-19 00:00:00,0.955,1012.7
2023-07-19 01:00:00,1.416,1012.7
2023-07-19 02:00:00,2.067,1013.2
2023-07-19 03:00:00,2.655,1013.6
2023-07-19 04:00:00,3.145,1013.6
2023-07-19 05:00:00,3.286,1013.7
2023-07-19 06:00:00,3.08,1013.2
2023-07-19 07:00:00,2.583,1013.3
2023-07-19 08:00:00,1.952,1013.1
2023-07-19 09:00:00,1.245,1013.3
2023-07-19 10:00:00,0.629,1013.8
2023-07-19 11:00:00,0.298,1014.3
2023-07-19 12:00:00,0.374,1014.6
2023-07-19 13:00:00,0.773,1014.9
2023-07-19 14:00:00,1.319,1014.8
2023-07-19 15:00:00,1.915,1015.0
2023-07-19 16:00:00,2.5,1015.0
2023-07-19 17:00:00,2.809,1014.9
2023-07-19 18:00:00,2.817,1014.5
2023-07-19 19:00:00,2.553,1014.3
2023-07-19 20:00:00,2.049,1014.3
2023-07-19 21:00:00,1.502,1014.7
2023-07-19 22:00:00,0.915,1014.6
2023-07-19 23:00:00,0.604,1014.7
2023-07-20 00:00:00,0.663,1014.5
2023-07-20 01:00:00,1.077,1015.0
2023-07-20 02:00:00,1.605,1015.9
2023-07-20 03:00:00,2.207,1015.9
2023-07-20 04:00:00,2.774,1015.7
2023-07-20 05:00:00,3.156,1015.7
2023-07-20 06:00:00,3.158,1015.7
2023-07-20 07:00:00,2.851,1015.4
2023-07-20 08:00:00,2.308,1015.5
2023-07-20 09:00:00,1.668,1015.7
2023-07-20 10:00:00,1.0,1016.1
2023-07-20 11:00:00,0.45,1016.2
2023-07-20 12:00:00,0.269,1016.2
2023-07-20 13:00:00,0.542,1016.3
2023-07-20 14:00:00,0.974,1016.3
2023-07-20 15:00:00,1.504,1016.3
2023-07-20 16:00:00,2.114,1016.1
2023-07-20 17:00:00,2.601,1015.8
2023-07-20 18:00:00,2.847,1015.2
2023-07-20 19:00:00,2.735,1014.8
2023-07-20 20:00:00,2.372,1014.4
2023-07-20 21:00:00,1.877,1014.2
2023-07-20 22:00:00,1.288,1013.9
2023-07-20 23:00:00,0.808,1013.4
2023-07-21 00:00:00,0.621,1013.1
2023-07-21 01:00:00,0.836,1013.1
2023-07-21 02:00:00,1.278,1013.3
2023-07-21 03:00:00,1.835,1013.1
2023-07-21 04:00:00,2.399,1012.5
2023-07-21 05:00:00,2.914,1012.3
2023-07-21 06:00:00,3.182,1011.4
2023-07-21 07:00:00,3.061,1011.1
2023-07-21 08:00:00,2.636,1010.8
2023-07-21 09:00:00,2.107,1010.7
2023-07-21 10:00:00,1.46,1010.7
2023-07-21 11:00:00,0.864,1010.3
2023-07-21 12:00:00,0.446,1010.3
2023-07-21 13:00:00,0.464,1009.9
2023-07-21 14:00:00,0.799,1009.2
2023-07-21 15:00:00,1.283,1009.1
2023-07-21 16:00:00,1.863,1009.2
2023-07-21 17:00:00,2.414,1008.6
2023-07-21 18:00:00,2.819,1008.2
2023-07-21 19:00:00,2.889,1007.8
2023-07-21 20:00:00,2.738,1007.2
2023-07-21 21:00:00,2.218,1007.0
2023-07-21 22:00:00,1.753,1006.8
2023-07-21 23:00:00,1.134,1007.8
2023-07-22 00:00:00,0.775,1007.4
2023-07-22 01:00:00,0.702,1007.8
2023-07-22 02:00:00,1.016,1007.3
2023-07-22 03:00:00,1.446,1007.0
2023-07-22 04:00:00,2.032,1006.8
2023-07-22 05:00:00,2.644,1007.1
2023-07-22 06:00:00,3.009,1006.7
2023-07-22 07:00:00,3.116,1006.5
2023-07-22 08:00:00,2.98,1005.9
2023-07-22 09:00:00,2.498,1006.0
2023-07-22 10:00:00,1.919,1006.6
2023-07-22 11:00:00,1.262,1006.9
2023-07-22 12:00:00,0.743,1007.2
2023-07-22 13:00:00,0.502,1007.5
2023-07-22 14:00:00,0.631,1007.8
2023-07-22 15:00:00,1.031,1008.0
2023-07-22 16:00:00,1.528,1007.8
2023-07-22 17:00:00,2.128,1007.6
2023-07-22 18:00:00,2.63,1007.5
2023-07-22 19:00:00,2.965,1007.4
2023-07-22 20:00:00,2.886,1007.6
2023-07-22 21:00:00,2.585,1007.7
2023-07-22 22:00:00,2.102,1007.9
2023-07-22 23:00:00,1.523,1008.2
2023-07-23 00:00:00,1.033,1008.4
2023-07-23 01:00:00,0.756,1009.1
2023-07-23 02:00:00,0.819,1009.6
2023-07-23 03:00:00,1.166,1009.7
2023-07-23 04:00:00,1.624,1009.8
2023-07-23 05:00:00,2.177,1010.1
2023-07-23 06:00:00,2.668,1010.6
2023-07-23 07:00:00,2.973,1010.7
2023-07-23 08:00:00,3.0,1010.8
2023-07-23 09:00:00,2.695,1011.5
2023-07-23 10:00:00,2.21,1012.1
2023-07-23 11:00:00,1.642,1012.4
2023-07-23 12:00:00,1.052,1013.1
2023-07-23 13:00:00,0.648,1013.3
2023-07-23 14:00:00,0.518,1013.5
2023-07-23 15:00:00,0.774,1013.6
2023-07-23 16:00:00,1.239,1013.9
2023-07-23 17:00:00,1.769,1013.7
2023-07-23 18:00:00,2.327,1013.4
2023-07-23 19:00:00,2.745,1013.4
2023-07-23 20:00:00,2.9,1013.5
2023-07-23 21:00:00,2.763,1013.4
2023-07-23 22:00:00,2.376,1013.6
2023-07-23 23:00:00,1.887,1014.1
2023-07-24 00:00:00,1.321,1014.4
2023-07-24 01:00:00,0.875,1015.1
2023-07-24 02:00:00,0.669,1016.0
2023-07-24 03:00:00,0.808,1016.7
2023-07-24 04:00:00,1.173,1017.1
2023-07-24 05:00:00,1.644,1017.4
2023-07-24 06:00:00,2.179,1017.3
2023-07-24 07:00:00,2.619,1017.5
2023-07-24 08:00:00,2.855,1017.7
2023-07-24 09:00:00,2.737,1018.1
2023-07-24 10:00:00,2.414,1018.5
2023-07-24 11:00:00,1.929,1018.7
2023-07-24 12:00:00,1.381,1019.0
2023-07-24 13:00:00,0.885,1019.0
2023-07-24 14:00:00,0.546,1018.7
2023-07-24 15:00:00,0.561,1018.9
2023-07-24 16:00:00,0.923,1019.0
2023-07-24 17:00:00,1.356,1018.7
2023-07-24 18:00:00,1.917,1018.4
2023-07-24 19:00:00,2.45,1018.1
2023-07-24 20:00:00,2.766,1017.3
2023-07-24 21:00:00,2.864,1017.3
2023-07-24 22:00:00,2.588,1017.3
2023-07-24 23:00:00,2.187,1017.8
2023-07-25 00:00:00,1.694,1018.1
2023-07-25 01:00:00,1.135,1018.4
2023-07-25 02:00:00,0.726,1018.5
2023-07-25 03:00:00,0.607,1018.9
2023-07-25 04:00:00,0.85,1018.8
2023-07-25 05:00:00,1.235,1018.2
2023-07-25 06:00:00,1.72,1018.3
2023-07-25 07:00:00,2.208,1018.7
2023-07-25 08:00:00,2.618,1018.4
2023-07-25 09:00:00,2.775,1018.2
2023-07-25 10:00:00,2.597,1018.9
2023-07-25 11:00:00,2.237,1018.6
2023-07-25 12:00:00,1.758,1018.4
2023-07-25 13:00:00,1.225,1018.5
2023-07-25 14:00:00,0.749,1018.5
2023-07-25 15:00:00,0.529,1018.5
2023-07-25 16:00:00,0.708,1017.8
2023-07-25 17:00:00,1.095,1017.5
2023-07-25 18:00:00,1.585,1016.5
2023-07-25 19:00:00,2.109,1015.9
2023-07-25 20:00:00,2.568,1016.5
2023-07-25 21:00:00,2.862,1017.2
2023-07-25 22:00:00,2.867,1017.1
2023-07-25 23:00:00,2.545,1017.6
2023-07-26 00:00:00,2.102,1017.9
2023-07-26 01:00:00,1.572,1017.1
2023-07-26 02:00:00,1.068,1017.1
2023-07-26 03:00:00,0.671,1016.8
2023-07-26 04:00:00,0.619,1016.8
2023-07-26 05:00:00,0.914,1016.5
2023-07-26 06:00:00,1.267,1016.5
2023-07-26 07:00:00,1.764,1016.5
2023-07-26 08:00:00,2.296,1016.5
2023-07-26 09:00:00,2.625,1017.0
2023-07-26 10:00:00,2.698,1017.1
2023-07-26 11:00:00,2.528,1017.2
2023-07-26 12:00:00,2.12,1017.5
2023-07-26 13:00:00,1.656,1017.9
2023-07-26 14:00:00,1.176,1018.1
2023-07-26 15:00:00,0.717,1018.1
2023-07-26 16:00:00,0.61,1017.8
2023-07-26 17:00:00,0.813,1017.3
2023-07-26 18:00:00,1.209,1016.5
2023-07-26 19:00:00,1.704,1016.2
2023-07-26 20:00:00,2.249,1015.9
2023-07-26 21:00:00,2.698,1015.7
2023-07-26 22:00:00,2.939,1015.3
2023-07-26 23:00:00,2.863,1015.5
2023-07-27 00:00:00,2.543,1016.0
2023-07-27 01:00:00,2.028,1016.5
2023-07-27 02:00:00,1.471,1016.9
2023-07-27 03:00:00,0.92,1016.4
2023-07-27 04:00:00,0.602,1016.2
2023-07-27 05:00:00,0.569,1016.2
2023-07-27 06:00:00,0.803,1015.7
2023-07-27 07:00:00,1.217,1015.6
2023-07-27 08:00:00,1.72,1015.4
2023-07-27 09:00:00,2.215,1015.4
2023-07-27 10:00:00,2.553,1015.3
2023-07-27 11:00:00,2.605,1015.4
2023-07-27 12:00:00,2.42,1015.4
2023-07-27 13:00:00,2.055,1015.1
2023-07-27 14:00:00,1.556,1014.0
2023-07-27 15:00:00,1.088,1013.6
2023-07-27 16:00:00,0.701,1012.5
2023-07-27 17:00:00,0.614,1011.5
2023-07-27 18:00:00,0.865,1010.3
2023-07-27 19:00:00,1.301,1009.5
2023-07-27 20:00:00,1.815,1009.3
2023-07-27 21:00:00,2.378,1009.2
2023-07-27 22:00:00,2.84,1009.3
2023-07-27 23:00:00,3.005,1010.5
2023-07-28 00:00:00,2.905,1010.3
2023-07-28 01:00:00,2.548,1011.1
2023-07-28 02:00:00,2.021,1011.3
2023-07-28 03:00:00,1.419,1011.0
2023-07-28 04:00:00,0.876,1011.9
2023-07-28 05:00:00,0.491,1012.4
2023-07-28 06:00:00,0.49,1012.0
2023-07-28 07:00:00,0.77,1012.0
2023-07-28 08:00:00,1.185,1012.5
2023-07-28 09:00:00,1.687,1013.1
2023-07-28 10:00:00,2.174,1013.7
2023-07-28 11:00:00,2.54,1014.5
2023-07-28 12:00:00,2.578,1014.5
2023-07-28 13:00:00,2.43,1014.4
2023-07-28 14:00:00,2.033,1014.5
2023-07-28 15:00:00,1.557,1014.5
2023-07-28 16:00:00,1.041,1014.6
2023-07-28 17:00:00,0.664,1014.2
2023-07-28 18:00:00,0.652,1013.6
2023-07-28 19:00:00,0.957,1013.1
2023-07-28 20:00:00,1.389,1012.6
2023-07-28 21:00:00,1.962,1011.8
2023-07-28 22:00:00,2.53,1011.5
2023-07-28 23:00:00,2.997,1011.3
2023-07-29 00:00:00,3.206,1011.6
2023-07-29 01:00:00,3.035,1012.2
2023-07-29 02:00:00,2.623,1012.2
2023-07-29 03:00:00,2.028,1012.2
2023-07-29 04:00:00,1.405,1012.4
2023-07-29 05:00:00,0.812,1012.0
2023-07-29 06:00:00,0.412,1011.2
2023-07-29 07:00:00,0.468,1010.4
2023-07-29 08:00:00,0.763,1009.7
2023-07-29 09:00:00,1.246,1010.1
2023-07-29 10:00:00,1.814,1009.6
2023-07-29 11:00:00,2.37,1010.2
2023-07-29 12:00:00,2.742,1009.7
2023-07-29 13:00:00,2.816,1009.3
2023-07-29 14:00:00,2.613,1009.1
2023-07-29 15:00:00,2.153,1008.4
2023-07-29 16:00:00,1.661,1007.7
2023-07-29 17:00:00,1.07,1006.9
2023-07-29 18:00:00,0.659,1006.7
2023-07-29 19:00:00,0.646,1005.3
2023-07-29 20:00:00,0.966,1004.5
2023-07-29 21:00:00,1.486,1003.5
2023-07-29 22:00:00,2.144,1002.5
2023-07-29 23:00:00,2.784,1002.6
2023-07-30 00:00:00,3.305,1003.2
2023-07-30 01:00:00,3.479,1004.4
2023-07-30 02:00:00,3.292,1005.2
2023-07-30 03:00:00,2.826,1006.3
2023-07-30 04:00:00,2.183,1007.6
2023-07-30 05:00:00,1.419,1008.0
2023-07-30 06:00:00,0.715,1008.2
2023-07-30 07:00:00,0.365,1007.9
2023-07-30 08:00:00,0.29,1008.7
2023-07-30 09:00:00,0.691,1009.3
2023-07-30 10:00:00,1.183,1009.7
2023-07-30 11:00:00,1.777,1010.2
2023-07-30 12:00:00,2.465,1010.9
2023-07-30 13:00:00,2.84,1011.4
2023-07-30 14:00:00,2.948,1011.7
2023-07-30 15:00:00,2.704,1012.1
2023-07-30 16:00:00,2.309,1012.4
2023-07-30 17:00:00,1.675,1012.1
2023-07-30 18:00:00,0.992,1011.7
2023-07-30 19:00:00,0.602,1011.5
2023-07-30 20:00:00,0.556,1011.2
2023-07-30 21:00:00,0.959,1011.2
2023-07-30 22:00:00,1.513,1011.1
2023-07-30 23:00:00,2.218,1011.6
2023-07-31 00:00:00,2.904,1012.0
2023-07-31 01:00:00,3.427,1012.6
2023-07-31 02:00:00,3.556,1013.0
2023-07-31 03:00:00,3.338,1013.0
2023-07-31 04:00:00,2.792,1013.0
2023-07-31 05:00:00,2.115,1013.0
2023-07-31 06:00:00,1.286,1012.8
2023-07-31 07:00:00,0.568,1012.6
2023-07-31 08:00:00,0.131,1012.3
2023-07-31 09:00:00,0.22,1012.5
2023-07-31 10:00:00,0.638,1012.6
2023-07-31 11:00:00,1.192,1013.0
2023-07-31 12:00:00,1.902,1013.6
2023-07-31 13:00:00,2.583,1013.7
2023-07-31 14:00:00,3.028,1013.7
2023-07-31 15:00:00,3.085,1013.5
2023-07-31 16:00:00,2.762,1013.3
2023-07-31 17:00:00,2.223,1012.9
2023-07-31 18:00:00,1.565,1012.5
2023-07-31 19:00:00,0.878,1012.0
2023-07-31 20:00:00,0.41,1011.8
2023-07-31 21:00:00,0.327,1011.9
2023-07-31 22:00:00,0.82,1012.5
2023-07-31 23:00:00,1.51,1013.3
2023-08-01 00:00:00,2.225,1014.3
2023-08-01 01:00:00,2.991,1014.7
2023-08-01 02:00:00,3.495,1015.5
2023-08-01 03:00:00,3.684,1015.9
2023-08-01 04:00:00,3.374,1016.2
2023-08-01 05:00:00,2.784,1016.3
2023-08-01 06:00:00,1.986,1016.2
2023-08-01 07:00:00,1.125,1016.4
2023-08-01 08:00:00,0.353,1016.7
2023-08-01 09:00:00,-0.114,1017.4
2023-08-01 10:00:00,-0.008,1017.9
2023-08-01 11:00:00,0.509,1018.7
2023-08-01 12:00:00,1.157,1019.0
2023-08-01 13:00:00,1.931,1019.1
2023-08-01 14:00:00,2.653,1019.1
2023-08-01 15:00:00,3.084,1019.3
2023-08-01 16:00:00,3.105,1019.1
2023-08-01 17:00:00,2.762,1018.8
2023-08-01 18:00:00,2.158,1018.5
2023-08-01 19:00:00,1.403,1018.5
2023-08-01 20:00:00,0.671,1018.8
2023-08-01 21:00:00,0.148,1018.9
2023-08-01 22:00:00,0.159,1019.0
2023-08-01 23:00:00,0.72,1019.3
2023-08-02 00:00:00,1.437,1020.0
2023-08-02 01:00:00,2.267,1020.9
2023-08-02 02:00:00,3.092,1021.3
2023-08-02 03:00:00,3.609,1021.4
2023-08-02 04:00:00,3.712,1021.4
2023-08-02 05:00:00,3.356,1021.4
2023-08-02 06:00:00,2.685,1021.5
2023-08-02 07:00:00,1.856,1021.6
2023-08-02 08:00:00,0.95,1021.3
2023-08-02 09:00:00,0.151,1021.7
2023-08-02 10:00:00,-0.32,1022.2
2023-08-02 11:00:00,-0.142,1022.8
2023-08-02 12:00:00,0.442,1023.1
2023-08-02 13:00:00,1.175,1023.2
2023-08-02 14:00:00,2.025,1023.1
2023-08-02 15:00:00,2.793,1023.0
2023-08-02 16:00:00,3.212,1022.6
2023-08-02 17:00:00,3.171,1022.4
2023-08-02 18:00:00,2.758,1022.4
2023-08-02 19:00:00,2.105,1022.2
2023-08-02 20:00:00,1.301,1021.9
2023-08-02 21:00:00,0.531,1021.6
2023-08-02 22:00:00,0.025,1021.4
2023-08-02 23:00:00,0.08,1021.5
2023-08-03 00:00:00,0.683,1021.3
2023-08-03 01:00:00,1.415,1021.7
2023-08-03 02:00:00,2.304,1021.8
2023-08-03 03:00:00,3.13,1021.7
2023-08-03 04:00:00,3.651,1021.5
2023-08-03 05:00:00,3.705,1021.3
2023-08-03 06:00:00,3.289,1021.1
2023-08-03 07:00:00,2.568,1020.6
2023-08-03 08:00:00,1.715,1020.5
2023-08-03 09:00:00,0.765,1020.4
2023-08-03 10:00:00,-0.026,1020.6
2023-08-03 11:00:00,-0.402,1020.4
2023-08-03 12:00:00,-0.105,1020.7
2023-08-03 13:00:00,0.532,1020.4
2023-08-03 14:00:00,1.313,1020.2
2023-08-03 15:00:00,2.215,1019.6
2023-08-03 16:00:00,2.985,1019.0
2023-08-03 17:00:00,3.336,1018.3
2023-08-03 18:00:00,3.244,1017.6
2023-08-03 19:00:00,2.738,1017.1
2023-08-03 20:00:00,2.063,1016.5
2023-08-03 21:00:00,1.234,1016.7
2023-08-03 22:00:00,0.417,1016.4
2023-08-03 23:00:00,-0.078,1016.7
2023-08-04 00:00:00,0.05,1016.6
2023-08-04 01:00:00,0.662,1017.2
2023-08-04 02:00:00,1.46,1016.9
2023-08-04 03:00:00,2.343,1016.8
2023-08-04 04:00:00,3.18,1016.2
2023-08-04 05:00:00,3.667,1016.0
2023-08-04 06:00:00,3.683,1015.4
2023-08-04 07:00:00,3.239,1015.3
2023-08-04 08:00:00,2.496,1015.0
2023-08-04 09:00:00,1.638,1014.7
2023-08-04 10:00:00,0.723,1014.7
2023-08-04 11:00:00,-0.017,1014.7
2023-08-04 12:00:00,-0.299,1014.4
2023-08-04 13:00:00,0.065,1014.3
2023-08-04 14:00:00,0.724,1014.1
2023-08-04 15:00:00,1.53,1014.1
2023-08-04 16:00:00,2.445,1013.8
2023-08-04 17:00:00,3.154,1013.5
2023-08-04 18:00:00,3.45,1013.4
2023-08-04 19:00:00,3.29,1012.6
2023-08-04 20:00:00,2.736,1012.2
2023-08-04 21:00:00,2.039,1012.4
2023-08-04 22:00:00,1.177,1012.3
2023-08-04 23:00:00,0.38,1012.8
2023-08-05 00:00:00,-0.034,1012.5
2023-08-05 01:00:00,0.116,1012.3
2023-08-05 02:00:00,0.768,1012.9
2023-08-05 03:00:00,1.516,1013.3
2023-08-05 04:00:00,2.391,1013.0
2023-08-05 05:00:00,3.187,1012.9
2023-08-05 06:00:00,3.601,1013.0
2023-08-05 07:00:00,3.542,1012.5
2023-08-05 08:00:00,3.125,1012.2
2023-08-05 09:00:00,2.375,1012.2
2023-08-05 10:00:00,1.549,1012.6
2023-08-05 11:00:00,0.668,1012.9
2023-08-05 12:00:00,-0.004,1013.2
2023-08-05 13:00:00,-0.172,1013.5
2023-08-05 14:00:00,0.312,1013.9
2023-08-05 15:00:00,0.94,1014.1
2023-08-05 16:00:00,1.745,1014.2
2023-08-05 17:00:00,2.556,1013.7
2023-08-05 18:00:00,3.215,1013.7
2023-08-05 19:00:00,3.455,1013.8
2023-08-05 20:00:00,3.211,1013.5
2023-08-05 21:00:00,2.642,1013.4
2023-08-05 22:00:00,1.93,1013.4
2023-08-05 23:00:00,1.106,1013.6
2023-08-06 00:00:00,0.379,1013.8
2023-08-06 01:00:00,-0.019,1014.5
2023-08-06 02:00:00,0.249,1014.9
2023-08-06 03:00:00,0.797,1015.5
2023-08-06 04:00:00,1.558,1015.2
2023-08-06 05:00:00,2.362,1015.0
2023-08-06 06:00:00,3.085,1015.1
2023-08-06 07:00:00,3.422,1015.3
2023-08-06 08:00:00,3.346,1015.3
2023-08-06 09:00:00,2.871,1015.5
2023-08-06 10:00:00,2.176,1015.8
2023-08-06 11:00:00,1.383,1016.1
2023-08-06 12:00:00,0.576,1016.1
2023-08-06 13:00:00,0.018,1016.0
2023-08-06 14:00:00,-0.019,1016.0
2023-08-06 15:00:00,0.468,1015.6
2023-08-06 16:00:00,1.112,1015.4
2023-08-06 17:00:00,1.902,1014.9
2023-08-06 18:00:00,2.7,1014.8
2023-08-06 19:00:00,3.254,1014.6
2023-08-06 20:00:00,3.384,1014.4
2023-08-06 21:00:00,3.139,1014.2
2023-08-06 22:00:00,2.561,1014.1
2023-08-06 23:00:00,1.867,1014.0
2023-08-07 00:00:00,1.038,1014.3
2023-08-07 01:00:00,0.377,1015.1
2023-08-07 02:00:00,0.063,1015.4
2023-08-07 03:00:00,0.295,1015.1
2023-08-07 04:00:00,0.825,1015.4
2023-08-07 05:00:00,1.49,1015.3
2023-08-07 06:00:00,2.272,1015.1
2023-08-07 07:00:00,2.92,1015.3
2023-08-07 08:00:00,3.187,1015.1
2023-08-07 09:00:00,3.108,1015.1
2023-08-07 10:00:00,2.656,1015.2
2023-08-07 11:00:00,2.046,1015.3
2023-08-07 12:00:00,1.313,1015.6
2023-08-07 13:00:00,0.619,1015.9
2023-08-07 14:00:00,0.163,1015.5
2023-08-07 15:00:00,0.22,1015.7
2023-08-07 16:00:00,0.667,1015.5
2023-08-07 17:00:00,1.315,1014.9
2023-08-07 18:00:00,2.01,1014.3
2023-08-07 19:00:00,2.724,1013.9
2023-08-07 20:00:00,3.21,1013.6
2023-08-07 21:00:00,3.305,1012.9
2023-08-07 22:00:00,3.05,1012.3
2023-08-07 23:00:00,2.511,1011.8
2023-08-08 00:00:00,1.83,1011.7
2023-08-08 01:00:00,1.099,1011.3
2023-08-08 02:00:00,0.503,1011.4
2023-08-08 03:00:00,0.23,1010.5
2023-08-08 04:00:00,0.49,1009.7
2023-08-08 05:00:00,0.959,1008.3
2023-08-08 06:00:00,1.601,1007.9
2023-08-08 07:00:00,2.294,1007.7
2023-08-08 08:00:00,2.883,1007.1
2023-08-08 09:00:00,3.139,1006.5
2023-08-08 10:00:00,3.067,1005.7
2023-08-08 11:00:00,2.633,1005.3
2023-08-08 12:00:00,2.093,1004.7
2023-08-08 13:00:00,1.465,1003.8
2023-08-08 14:00:00,0.853,1002.5
2023-08-08 15:00:00,0.547,1001.8
2023-08-08 16:00:00,0.594,1002.1
2023-08-08 17:00:00,1.029,1001.1
2023-08-08 18:00:00,1.636,999.7
2023-08-08 19:00:00,2.315,999.4
2023-08-08 20:00:00,2.911,998.6
2023-08-08 21:00:00,3.351,998.5
2023-08-08 22:00:00,3.419,998.2
2023-08-08 23:00:00,3.094,998.0
2023-08-09 00:00:00,2.566,998.3
2023-08-09 01:00:00,1.938,999.1
2023-08-09 02:00:00,1.255,998.9
2023-08-09 03:00:00,0.654,998.6
2023-08-09 04:00:00,0.464,998.7
2023-08-09 05:00:00,0.644,998.6
2023-08-09 06:00:00,1.059,998.7
2023-08-09 07:00:00,1.594,998.9
2023-08-09 08:00:00,2.246,999.3
2023-08-09 09:00:00,2.787,999.5
2023-08-09 10:00:00,2.977,1000.1
2023-08-09 11:00:00,2.878,1000.0
2023-08-09 12:00:00,2.572,1000.9
2023-08-09 13:00:00,2.01,1001.5
2023-08-09 14:00:00,1.457,1002.1
2023-08-09 15:00:00,0.895,1002.1
2023-08-09 16:00:00,0.563,1002.1
2023-08-09 17:00:00,0.703,1001.6
2023-08-09 18:00:00,1.115,1001.7
2023-08-09 19:00:00,1.606,1001.8
2023-08-09 20:00:00,2.248,1001.9
2023-08-09 21:00:00,2.813,1002.6
2023-08-09 22:00:00,3.199,1003.0
2023-08-09 23:00:00,3.258,1003.5
2023-08-10 00:00:00,2.95,1003.8
2023-08-10 01:00:00,2.483,1004.4
2023-08-10 02:00:00,1.839,1004.8
2023-08-10 03:00:00,1.17,1005.5
2023-08-10 04:00:00,0.635,1005.9
2023-08-10 05:00:00,0.377,1005.8
2023-08-10 06:00:00,0.599,1005.4
2023-08-10 07:00:00,0.921,1005.6
2023-08-10 08:00:00,1.436,1005.2
2023-08-10 09:00:00,2.045,1005.5
2023-08-10 10:00:00,2.556,1005.8
2023-08-10 11:00:00,2.776,1006.0
2023-08-10 12:00:00,2.723,1005.9
2023-08-10 13:00:00,2.471,1006.1
2023-08-10 14:00:00,2.008,1006.3
2023-08-10 15:00:00,1.487,1006.6
2023-08-10 16:00:00,0.96,1006.0
2023-08-10 17:00:00,0.714,1005.6
2023-08-10 18:00:00,0.783,1005.2
2023-08-10 19:00:00,1.223,1004.6
2023-08-10 20:00:00,1.686,1004.3
2023-08-10 21:00:00,2.252,1004.1
2023-08-10 22:00:00,2.772,1003.5
2023-08-10 23:00:00,3.169,1003.3
2023-08-11 00:00:00,3.193,1002.9
2023-08-11 01:00:00,2.938,1002.5
2023-08-11 02:00:00,2.47,1002.1
2023-08-11 03:00:00,1.871,1001.6
2023-08-11 04:00:00,1.257,1001.1
2023-08-11 05:00:00,0.778,1001.1
2023-08-11 06:00:00,0.545,1000.8
2023-08-11 07:00:00,0.677,1000.9
2023-08-11 08:00:00,1.025,1001.1
2023-08-11 09:00:00,1.47,1001.4
2023-08-11 10:00:00,2.041,1002.2
2023-08-11 11:00:00,2.507,1003.1
2023-08-11 12:00:00,2.757,1004.0
2023-08-11 13:00:00,2.714,1004.3
2023-08-11 14:00:00,2.487,1004.3
2023-08-11 15:00:00,2.033,1004.6
2023-08-11 16:00:00,1.501,1004.7
2023-08-11 17:00:00,1.012,1005.1
2023-08-11 18:00:00,0.738,1005.5
2023-08-11 19:00:00,0.839,1005.8
2023-08-11 20:00:00,1.194,1005.9
2023-08-11 21:00:00,1.658,1006.4
2023-08-11 22:00:00,2.254,1006.9
2023-08-11 23:00:00,2.738,1007.8
2023-08-12 00:00:00,3.138,1008.2
2023-08-12 01:00:00,3.157,1009.3
2023-08-12 02:00:00,2.846,1010.1
2023-08-12 03:00:00,2.427,1010.8
2023-08-12 04:00:00,1.794,1011.3
2023-08-12 05:00:00,1.168,1011.5
2023-08-12 06:00:00,0.637,1011.8
2023-08-12 07:00:00,0.383,1011.7
2023-08-12 08:00:00,0.539,1012.3
2023-08-12 09:00:00,0.884,1012.7
2023-08-12 10:00:00,1.356,1013.1
2023-08-12 11:00:00,1.91,1013.3
2023-08-12 12:00:00,2.363,1013.8
2023-08-12 13:00:00,2.628,1013.6
2023-08-12 14:00:00,2.593,1013.6
2023-08-12 15:00:00,2.326,1013.4
2023-08-12 16:00:00,1.929,1013.2
2023-08-12 17:00:00,1.406,1012.8
2023-08-12 18:00:00,0.922,1012.4
2023-08-12 19:00:00,0.681,1012.2
2023-08-12 20:00:00,0.774,1011.6
2023-08-12 21:00:00,1.158,1011.0
2023-08-12 22:00:00,1.653,1010.5
2023-08-12 23:00:00,2.205,1011.1
2023-08-13 00:00:00,2.734,1011.4
2023-08-13 01:00:00,3.112,1011.5
2023-08-13 02:00:00,3.119,1011.5
2023-08-13 03:00:00,2.808,1011.1
2023-08-13 04:00:00,2.399,1010.5
2023-08-13 05:00:00,1.781,1010.4
2023-08-13 06:00:00,1.181,1010.7
2023-08-13 07:00:00,0.648,1010.6
2023-08-13 08:00:00,0.419,1010.0
2023-08-13 09:00:00,0.638,1009.5
2023-08-13 10:00:00,0.947,1010.8
2023-08-13 11:00:00,1.422,1010.4
2023-08-13 12:00:00,2.0,1010.8
2023-08-13 13:00:00,2.527,1010.5
2023-08-13 14:00:00,2.723,1010.4
2023-08-13 15:00:00,2.664,1010.3
2023-08-13 16:00:00,2.347,1009.6
2023-08-13 17:00:00,1.941,1008.9
2023-08-13 18:00:00,1.393,1008.4
2023-08-13 19:00:00,0.913,1008.2
2023-08-13 20:00:00,0.704,1008.3
2023-08-13 21:00:00,0.83,1008.6
2023-08-13 22:00:00,1.199,1009.1
2023-08-13 23:00:00,1.77,1009.7
2023-08-14 00:00:00,2.319,1010.6
2023-08-14 01:00:00,2.802,1010.8
2023-08-14 02:00:00,3.183,1011.4
2023-08-14 03:00:00,3.076,1011.9
2023-08-14 04:00:00,2.808,1012.1
2023-08-14 05:00:00,2.289,1012.0
2023-08-14 06:00:00,1.648,1012.2
2023-08-14 07:00:00,1.008,1012.1
2023-08-14 08:00:00,0.498,1012.4
2023-08-14 09:00:00,0.333,1012.5
2023-08-14 10:00:00,0.593,1012.8
2023-08-14 11:00:00,0.991,1013.2
2023-08-14 12:00:00,1.519,1013.4
2023-08-14 13:00:00,2.077,1013.9
2023-08-14 14:00:00,2.57,1014.2
2023-08-14 15:00:00,2.759,1013.9
2023-08-14 16:00:00,2.646,1013.6
2023-08-14 17:00:00,2.293,1013.3
2023-08-14 18:00:00,1.793,1012.9
2023-08-14 19:00:00,1.242,1012.6
2023-08-14 20:00:00,0.759,1012.6
2023-08-14 21:00:00,0.58,1012.2
2023-08-14 22:00:00,0.808,1012.0
2023-08-14 23:00:00,1.257,1012.0
2023-08-15 00:00:00,1.822,1012.7
2023-08-15 01:00:00,2.401,1012.8
2023-08-15 02:00:00,2.892,1013.1
2023-08-15 03:00:00,3.165,1013.1
2023-08-15 04:00:00,3.058,1013.0
2023-08-15 05:00:00,2.672,1012.6
2023-08-15 06:00:00,2.124,1012.0
2023-08-15 07:00:00,1.472,1011.7
2023-08-15 08:00:00,0.866,1010.4
2023-08-15 09:00:00,0.444,1010.9
2023-08-15 10:00:00,0.362,1010.0
2023-08-15 11:00:00,0.693,1010.8
2023-08-15 12:00:00,1.174,1010.3
2023-08-15 13:00:00,1.727,1009.4
2023-08-15 14:00:00,2.358,1009.5
2023-08-15 15:00:00,2.773,1010.2
2023-08-15 16:00:00,2.864,1009.9
2023-08-15 17:00:00,2.741,1009.7
2023-08-15 18:00:00,2.255,1009.5
2023-08-15 19:00:00,1.74,1009.7
2023-08-15 20:00:00,1.217,1010.0
2023-08-15 21:00:00,0.721,1010.3
2023-08-15 22:00:00,0.625,1010.4
2023-08-15 23:00:00,0.97,1010.6
2023-08-16 00:00:00,1.434,1011.3
2023-08-16 01:00:00,2.037,1011.7
2023-08-16 02:00:00,2.607,1012.3
2023-08-16 03:00:00,3.061,1011.9
2023-08-16 04:00:00,3.234,1012.9
2023-08-16 05:00:00,3.059,1012.1
2023-08-16 06:00:00,2.562,1011.9
2023-08-16 07:00:00,1.993,1012.0
2023-08-16 08:00:00,1.299,1012.0
2023-08-16 09:00:00,0.723,1012.4
2023-08-16 10:00:00,0.435,1012.5
2023-08-16 11:00:00,0.501,1013.6
2023-08-16 12:00:00,0.88,1014.0
2023-08-16 13:00:00,1.405,1013.8
2023-08-16 14:00:00,1.971,1014.6
2023-08-16 15:00:00,2.571,1014.7
2023-08-16 16:00:00,2.812,1014.9
2023-08-16 17:00:00,2.863,1014.8
2023-08-16 18:00:00,2.506,1014.6
2023-08-16 19:00:00,2.065,1014.5
2023-08-16 20:00:00,1.494,1014.8
2023-08-16 21:00:00,0.908,1014.9
2023-08-16 22:00:00,0.608,1014.9
2023-08-16 23:00:00,0.668,1015.3
2023-08-17 00:00:00,1.082,1015.6
2023-08-17 01:00:00,1.626,1016.2
2023-08-17 02:00:00,2.194,1016.5
2023-08-17 03:00:00,2.777,1016.4
2023-08-17 04:00:00,3.13,1016.5
2023-08-17 05:00:00,3.162,1016.1
2023-08-17 06:00:00,2.86,1016.3
2023-08-17 07:00:00,2.282,1016.2
2023-08-17 08:00:00,1.694,1016.3
2023-08-17 09:00:00,1.026,1016.4
2023-08-17 10:00:00,0.489,1016.7
2023-08-17 11:00:00,0.324,1017.0
2023-08-17 12:00:00,0.616,1017.1
2023-08-17 13:00:00,1.059,1016.8
2023-08-17 14:00:00,1.644,1017.2
2023-08-17 15:00:00,2.198,1017.1
2023-08-17 16:00:00,2.703,1016.6
2023-08-17 17:00:00,2.905,1016.2
2023-08-17 18:00:00,2.768,1016.0
2023-08-17 19:00:00,2.371,1015.8
2023-08-17 20:00:00,1.824,1015.2
2023-08-17 21:00:00,1.234,1014.8
2023-08-17 22:00:00,0.762,1014.4
2023-08-17 23:00:00,0.567,1014.0
2023-08-18 00:00:00,0.78,1013.9
2023-08-18 01:00:00,1.3,1013.8
2023-08-18 02:00:00,1.866,1013.3
2023-08-18 03:00:00,2.455,1012.5
2023-08-18 04:00:00,2.962,1011.9
2023-08-18 05:00:00,3.221,1010.9
2023-08-18 06:00:00,3.082,1010.8
2023-08-18 07:00:00,2.64,1010.1
2023-08-18 08:00:00,2.091,1009.7
2023-08-18 09:00:00,1.461,1008.8
2023-08-18 10:00:00,0.831,1007.9
2023-08-18 11:00:00,0.459,1007.1
2023-08-18 12:00:00,0.493,1006.8
2023-08-18 13:00:00,0.908,1005.3
2023-08-18 14:00:00,1.495,1002.5
2023-08-18 15:00:00,2.064,1003.9
2023-08-18 16:00:00,2.523,1003.4
2023-08-18 17:00:00,3.004,1003.3
2023-08-18 18:00:00,3.006,1003.1
2023-08-18 19:00:00,2.681,1002.9
2023-08-18 20:00:00,2.204,1003.1
2023-08-18 21:00:00,1.612,1003.0
2023-08-18 22:00:00,1.035,1003.1
2023-08-18 23:00:00,0.666,1003.7
2023-08-19 00:00:00,0.638,1004.8
2023-08-19 01:00:00,0.94,1006.3
2023-08-19 02:00:00,1.484,1007.2
2023-08-19 03:00:00,2.083,1007.9
2023-08-19 04:00:00,2.626,1008.7
2023-08-19 05:00:00,3.062,1009.2
2023-08-19 06:00:00,3.104,1009.5
2023-08-19 07:00:00,2.83,1009.3
2023-08-19 08:00:00,2.309,1009.1
2023-08-19 09:00:00,1.752,1009.4
2023-08-19 10:00:00,1.082,1010.1
2023-08-19 11:00:00,0.572,1010.8
2023-08-19 12:00:00,0.325,1011.6
2023-08-19 13:00:00,0.584,1011.5
2023-08-19 14:00:00,1.064,1012.1
2023-08-19 15:00:00,1.617,1012.5
2023-08-19 16:00:00,2.21,1012.6
2023-08-19 17:00:00,2.708,1012.0
2023-08-19 18:00:00,2.938,1011.9
2023-08-19 19:00:00,2.832,1012.2
2023-08-19 20:00:00,2.396,1012.4
2023-08-19 21:00:00,1.853,1012.2
2023-08-19 22:00:00,1.264,1012.4
2023-08-19 23:00:00,0.716,1012.8
2023-08-20 00:00:00,0.456,1013.0
2023-08-20 01:00:00,0.606,1013.8
2023-08-20 02:00:00,1.061,1014.0
2023-08-20 03:00:00,1.613,1014.2
2023-08-20 04:00:00,2.209,1014.5
2023-08-20 05:00:00,2.687,1014.9
2023-08-20 06:00:00,3.011,1014.6
2023-08-20 07:00:00,2.928,1014.8
2023-08-20 08:00:00,2.565,1015.1
2023-08-20 09:00:00,2.031,1015.4
2023-08-20 10:00:00,1.381,1016.0
2023-08-20 11:00:00,0.791,1016.4
2023-08-20 12:00:00,0.369,1016.9
2023-08-20 13:00:00,0.382,1017.2
2023-08-20 14:00:00,0.755,1017.3
2023-08-20 15:00:00,1.279,1017.4
2023-08-20 16:00:00,1.888,1017.4
2023-08-20 17:00:00,2.432,1016.9
2023-08-20 18:00:00,2.823,1016.8
2023-08-20 19:00:00,2.905,1016.6
2023-08-20 20:00:00,2.626,1016.2
2023-08-20 21:00:00,2.151,1016.4
2023-08-20 22:00:00,1.541,1016.4
2023-08-20 23:00:00,0.953,1016.1
2023-08-21 00:00:00,0.53,1016.1
2023-08-21 01:00:00,0.407,1016.5
2023-08-21 02:00:00,0.7,1016.5
2023-08-21 03:00:00,1.156,1017.1
2023-08-21 04:00:00,1.708,1016.7
2023-08-21 05:00:00,2.301,1016.3
2023-08-21 06:00:00,2.72,1016.1
2023-08-21 07:00:00,2.918,1015.6
2023-08-21 08:00:00,2.724,1015.8
2023-08-21 09:00:00,2.273,1015.8
2023-08-21 10:00:00,1.766,1016.2
2023-08-21 11:00:00,1.156,1016.3
2023-08-21 12:00:00,0.609,1016.4
2023-08-21 13:00:00,0.398,1016.2
2023-08-21 14:00:00,0.609,1016.3
2023-08-21 15:00:00,1.0,1016.0
2023-08-21 16:00:00,1.549,1015.8
2023-08-21 17:00:00,2.162,1015.3
2023-08-21 18:00:00,2.651,1015.2
2023-08-21 19:00:00,2.938,1014.5
2023-08-21 20:00:00,2.866,1014.3
2023-08-21 21:00:00,2.512,1014.4
2023-08-21 22:00:00,2.011,1014.6
2023-08-21 23:00:00,1.425,1014.5
2023-08-22 00:00:00,0.871,1014.7
2023-08-22 01:00:00,0.482,1015.7
2023-08-22 02:00:00,0.558,1015.6
2023-08-22 03:00:00,0.894,1015.8
2023-08-22 04:00:00,1.37,1016.1
2023-08-22 05:00:00,1.896,1016.3
2023-08-22 06:00:00,2.442,1015.9
2023-08-22 07:00:00,2.817,1016.1
2023-08-22 08:00:00,2.833,1016.3
2023-08-22 09:00:00,2.58,1016.6
2023-08-22 10:00:00,2.158,1017.1
2023-08-22 11:00:00,1.579,1018.0
2023-08-22 12:00:00,1.031,1018.3
2023-08-22 13:00:00,0.585,1018.4
2023-08-22 14:00:00,0.514,1018.5
2023-08-22 15:00:00,0.847,1018.9
2023-08-22 16:00:00,1.268,1018.5
2023-08-22 17:00:00,1.809,1017.9
2023-08-22 18:00:00,2.398,1017.6
2023-08-22 19:00:00,2.846,1017.2
2023-08-22 20:00:00,3.007,1017.0
2023-08-22 21:00:00,2.826,1016.9
2023-08-22 22:00:00,2.433,1016.8
2023-08-22 23:00:00,1.866,1017.0
2023-08-23 00:00:00,1.292,1017.4
2023-08-23 01:00:00,0.778,1018.2
2023-08-23 02:00:00,0.492,1018.3
2023-08-23 03:00:00,0.61,1018.8
2023-08-23 04:00:00,0.948,1019.1
2023-08-23 05:00:00,1.433,1019.3
2023-08-23 06:00:00,1.962,1019.6
2023-08-23 07:00:00,2.436,1019.6
2023-08-23 08:00:00,2.728,1019.7
2023-08-23 09:00:00,2.724,1019.9
2023-08-23 10:00:00,2.399,1020.3
2023-08-23 11:00:00,1.972,1020.9
2023-08-23 12:00:00,1.406,1021.2
2023-08-23 13:00:00,0.941,1021.1
2023-08-23 14:00:00,0.622,1021.0
2023-08-23 15:00:00,0.657,1020.7
2023-08-23 16:00:00,1.031,1020.3
2023-08-23 17:00:00,1.464,1019.7
2023-08-23 18:00:00,2.038,1019.3
2023-08-23 19:00:00,2.575,1018.8
2023-08-23 20:00:00,2.939,1018.5
2023-08-23 21:00:00,3.015,1018.4
2023-08-23 22:00:00,2.753,1018.2
2023-08-23 23:00:00,2.332,1018.1
2023-08-24 00:00:00,1.758,1018.1
2023-08-24 01:00:00,1.167,1018.7
2023-08-24 02:00:00,0.689,1018.8
2023-08-24 03:00:00,0.474,1018.5
2023-08-24 04:00:00,0.641,1018.7
2023-08-24 05:00:00,0.991,1018.5
2023-08-24 06:00:00,1.457,1018.3
2023-08-24 07:00:00,1.979,1018.2
2023-08-24 08:00:00,2.433,1018.2
2023-08-24 09:00:00,2.662,1018.4
2023-08-24 10:00:00,2.616,1018.7
2023-08-24 11:00:00,2.31,1018.9
2023-08-24 12:00:00,1.865,1019.1
2023-08-24 13:00:00,1.317,1019.5
2023-08-24 14:00:00,0.872,1019.7
2023-08-24 15:00:00,0.619,1019.3
2023-08-24 16:00:00,0.725,1019.0
2023-08-24 17:00:00,1.127,1019.0
2023-08-24 18:00:00,1.607,1018.8
2023-08-24 19:00:00,2.16,1018.0
2023-08-24 20:00:00,2.661,1017.6
2023-08-24 21:00:00,2.979,1017.7
2023-08-24 22:00:00,3.01,1018.0
2023-08-24 23:00:00,2.744,1018.2
2023-08-25 00:00:00,2.281,1018.4
2023-08-25 01:00:00,1.718,1018.6
2023-08-25 02:00:00,1.132,1018.3
2023-08-25 03:00:00,0.652,1018.0
2023-08-25 04:00:00,0.522,1017.2
2023-08-25 05:00:00,0.69,1017.0
2023-08-25 06:00:00,1.068,1016.9
2023-08-25 07:00:00,1.499,1016.5
2023-08-25 08:00:00,2.032,1016.2
2023-08-25 09:00:00,2.505,1015.2
2023-08-25 10:00:00,2.664,1014.8
2023-08-25 11:00:00,2.613,1014.4
2023-08-25 12:00:00,2.258,1014.0
2023-08-25 13:00:00,1.853,1013.5
2023-08-25 14:00:00,1.395,1013.2
2023-08-25 15:00:00,0.917,1012.9
2023-08-25 16:00:00,0.727,1012.7
2023-08-25 17:00:00,0.832,1012.4
2023-08-25 18:00:00,1.237,1011.8
2023-08-25 19:00:00,1.734,1011.3
2023-08-25 20:00:00,2.292,1010.9
2023-08-25 21:00:00,2.774,1010.8
2023-08-25 22:00:00,3.107,1010.9
2023-08-25 23:00:00,3.096,1010.8
2023-08-26 00:00:00,2.798,1011.0
2023-08-26 01:00:00,2.325,1011.0
2023-08-26 02:00:00,1.732,1010.7
2023-08-26 03:00:00,1.156,1010.5
2023-08-26 04:00:00,0.664,1010.2
2023-08-26 05:00:00,0.518,1009.9
2023-08-26 06:00:00,0.698,1009.5
2023-08-26 07:00:00,1.034,1008.9
2023-08-26 08:00:00,1.54,1008.4
2023-08-26 09:00:00,2.089,1008.4
2023-08-26 10:00:00,2.55,1008.5
2023-08-26 11:00:00,2.763,1008.8
2023-08-26 12:00:00,2.701,1009.0
2023-08-26 13:00:00,2.4,1009.3
2023-08-26 14:00:00,1.958,1009.8
2023-08-26 15:00:00,1.404,1010.0
2023-08-26 16:00:00,0.928,1009.6
2023-08-26 17:00:00,0.706,1009.3
2023-08-26 18:00:00,0.883,1009.0
2023-08-26 19:00:00,1.245,1008.5
2023-08-26 20:00:00,1.778,1008.3
2023-08-26 21:00:00,2.343,1008.5
2023-08-26 22:00:00,2.838,1008.9
2023-08-26 23:00:00,3.197,1009.4
2023-08-27 00:00:00,3.202,1009.9
2023-08-27 01:00:00,2.881,1010.2
2023-08-27 02:00:00,2.394,1010.3
2023-08-27 03:00:00,1.744,1010.3
2023-08-27 04:00:00,1.101,1010.4
2023-08-27 05:00:00,0.582,1010.4
2023-08-27 06:00:00,0.384,1010.3
2023-08-27 07:00:00,0.569,1010.2
2023-08-27 08:00:00,0.951,1010.3
2023-08-27 09:00:00,1.451,1011.2
2023-08-27 10:00:00,2.054,1011.5
2023-08-27 11:00:00,2.524,1012.4
2023-08-27 12:00:00,2.799,1013.0
2023-08-27 13:00:00,2.695,1013.5
2023-08-27 14:00:00,2.423,1013.8
2023-08-27 15:00:00,1.941,1014.0
2023-08-27 16:00:00,1.347,1014.2
2023-08-27 17:00:00,0.86,1014.1
2023-08-27 18:00:00,0.559,1014.2
2023-08-27 19:00:00,0.682,1014.0
2023-08-27 20:00:00,1.129,1014.0
2023-08-27 21:00:00,1.656,1014.2
2023-08-27 22:00:00,2.292,1014.4
2023-08-27 23:00:00,2.884,1014.8
2023-08-28 00:00:00,3.253,1015.3
2023-08-28 01:00:00,3.306,1015.6
2023-08-28 02:00:00,2.965,1016.0
2023-08-28 03:00:00,2.428,1016.4
2023-08-28 04:00:00,1.741,1016.7
2023-08-28 05:00:00,1.033,1016.8
2023-08-28 06:00:00,0.434,1016.8
2023-08-28 07:00:00,0.165,1016.6
2023-08-28 08:00:00,0.383,1017.0
2023-08-28 09:00:00,0.801,1017.4
2023-08-28 10:00:00,1.379,1017.9
2023-08-28 11:00:00,2.008,1018.5
2023-08-28 12:00:00,2.563,1018.9
2023-08-28 13:00:00,2.876,1019.0
2023-08-28 14:00:00,2.829,1019.4
2023-08-28 15:00:00,2.47,1019.2
2023-08-28 16:00:00,1.95,1019.0
2023-08-28 17:00:00,1.315,1018.9
2023-08-28 18:00:00,0.75,1018.7
2023-08-28 19:00:00,0.405,1018.5
2023-08-28 20:00:00,0.502,1018.2
2023-08-28 21:00:00,1.01,1018.0
2023-08-28 22:00:00,1.628,1017.9
2023-08-28 23:00:00,2.349,1017.8
2023-08-29 00:00:00,3.002,1017.8
2023-08-29 01:00:00,3.412,1018.4
2023-08-29 02:00:00,3.429,1018.3
2023-08-29 03:00:00,3.09,1018.3
2023-08-29 04:00:00,2.476,1018.3
2023-08-29 05:00:00,1.737,1018.2
2023-08-29 06:00:00,0.932,1017.8
2023-08-29 07:00:00,0.255,1017.0
2023-08-29 08:00:00,-0.031,1016.7
2023-08-29 09:00:00,0.206,1016.4
2023-08-29 10:00:00,0.729,1016.4
2023-08-29 11:00:00,1.35,1016.9
2023-08-29 12:00:00,2.111,1016.5
2023-08-29 13:00:00,2.755,1017.0
2023-08-29 14:00:00,3.075,1017.0
2023-08-29 15:00:00,3.009,1016.5
2023-08-29 16:00:00,2.585,1016.1
2023-08-29 17:00:00,2.007,1015.6
2023-08-29 18:00:00,1.278,1015.1
2023-08-29 19:00:00,0.629,1014.2
2023-08-29 20:00:00,0.221,1013.8
2023-08-29 21:00:00,0.334,1013.2
2023-08-29 22:00:00,0.968,1012.9
2023-08-29 23:00:00,1.658,1012.5
2023-08-30 00:00:00,2.422,1012.3
2023-08-30 01:00:00,3.176,1012.0
2023-08-30 02:00:00,3.618,1011.6
2023-08-30 03:00:00,3.656,1011.1
2023-08-30 04:00:00,3.249,1010.4
2023-08-30 05:00:00,2.547,1009.7
2023-08-30 06:00:00,1.732,1009.0
2023-08-30 07:00:00,0.872,1008.1
2023-08-30 08:00:00,0.171,1007.6
2023-08-30 09:00:00,-0.103,1006.9
2023-08-30 10:00:00,0.226,1006.5
2023-08-30 11:00:00,0.819,1006.2
2023-08-30 12:00:00,1.562,1005.9
2023-08-30 13:00:00,2.377,1004.9
2023-08-30 14:00:00,3.049,1004.5
2023-08-30 15:00:00,3.382,1004.0
2023-08-30 16:00:00,3.203,1003.5
2023-08-30 17:00:00,2.7,1002.9
2023-08-30 18:00:00,2.044,1002.6
2023-08-30 19:00:00,1.223,1002.3
2023-08-30 20:00:00,0.502,1001.8
2023-08-30 21:00:00,0.041,1001.7
2023-08-30 22:00:00,0.25,1002.2
2023-08-30 23:00:00,0.843,1002.9
2023-08-31 00:00:00,1.672,1003.7
2023-08-31 01:00:00,2.511,1004.5
2023-08-31 02:00:00,3.301,1004.9
2023-08-31 03:00:00,3.732,1005.2
2023-08-31 04:00:00,3.721,1005.6
2023-08-31 05:00:00,3.192,1006.3
2023-08-31 06:00:00,2.475,1006.7
2023-08-31 07:00:00,1.554,1007.3
2023-08-31 08:00:00,0.655,1007.8
2023-08-31 09:00:00,-0.087,1008.3
2023-08-31 10:00:00,-0.307,1009.5
2023-08-31 11:00:00,0.075,1010.4
2023-08-31 12:00:00,0.735,1011.4
2023-08-31 13:00:00,1.549,1012.0
2023-08-31 14:00:00,2.487,1012.7
2023-08-31 15:00:00,3.195,1013.4
2023-08-31 16:00:00,3.409,1013.6
2023-08-31 17:00:00,3.249,1013.6
2023-08-31 18:00:00,2.644,1013.8
2023-08-31 19:00:00,1.92,1013.9
2023-08-31 20:00:00,1.018,1014.1
2023-08-31 21:00:00,0.253,1014.6
2023-08-31 22:00:00,-0.146,1015.2
2023-08-31 23:00:00,0.134,1015.7
2023-09-01 00:00:00,0.796,1016.8
2023-09-01 01:00:00,1.625,1017.8
2023-09-01 02:00:00,2.536,1018.6
2023-09-01 03:00:00,3.307,1019.4
2023-09-01 04:00:00,3.732,1020.3
2023-09-01 05:00:00,3.663,1020.9
2023-09-01 06:00:00,3.151,1021.3
2023-09-01 07:00:00,2.386,1021.8
2023-09-01 08:00:00,1.459,1022.1
2023-09-01 09:00:00,0.539,1022.5
2023-09-01 10:00:00,-0.136,1023.0
2023-09-01 11:00:00,-0.266,1023.4
2023-09-01 12:00:00,0.231,1023.9
2023-09-01 13:00:00,0.935,1024.6
2023-09-01 14:00:00,1.823,1025.3
2023-09-01 15:00:00,2.729,1025.5
2023-09-01 16:00:00,3.327,1025.7
2023-09-01 17:00:00,3.505,1025.5
2023-09-01 18:00:00,3.211,1025.3
2023-09-01 19:00:00,2.574,1024.9
2023-09-01 20:00:00,1.764,1024.3
2023-09-01 21:00:00,0.855,1024.1
2023-09-01 22:00:00,0.092,1023.8
2023-09-01 23:00:00,-0.233,1023.9
2023-09-02 00:00:00,0.096,1024.0
2023-09-02 01:00:00,0.772,1024.3
2023-09-02 02:00:00,1.624,1024.1
2023-09-02 03:00:00,2.562,1024.2
2023-09-02 04:00:00,3.314,1024.0
2023-09-02 05:00:00,3.626,1023.9
2023-09-02 06:00:00,3.482,1023.3
2023-09-02 07:00:00,2.94,1022.8
2023-09-02 08:00:00,2.131,1022.8
2023-09-02 09:00:00,1.218,1022.7
2023-09-02 10:00:00,0.301,1022.9
2023-09-02 11:00:00,-0.297,1023.0
2023-09-02 12:00:00,-0.318,1022.7
2023-09-02 13:00:00,0.276,1022.1
2023-09-02 14:00:00,1.035,1021.8
2023-09-02 15:00:00,1.904,1020.8
2023-09-02 16:00:00,2.812,1020.3
2023-09-02 17:00:00,3.361,1019.3
2023-09-02 18:00:00,3.495,1018.4
2023-09-02 19:00:00,3.145,1017.6
2023-09-02 20:00:00,2.461,1017.0
2023-09-02 21:00:00,1.621,1016.6
2023-09-02 22:00:00,0.708,1016.5
2023-09-02 23:00:00,-0.003,1016.0
2023-09-03 00:00:00,-0.297,1016.3
2023-09-03 01:00:00,0.117,1016.7
2023-09-03 02:00:00,0.734,1016.4
2023-09-03 03:00:00,1.538,1016.2
2023-09-03 04:00:00,2.482,1015.5
2023-09-03 05:00:00,3.173,1015.1
2023-09-03 06:00:00,3.46,1014.6
2023-09-03 07:00:00,3.284,1013.7
2023-09-03 08:00:00,2.751,1013.7
2023-09-03 09:00:00,2.025,1013.6
2023-09-03 10:00:00,1.19,1013.7
2023-09-03 11:00:00,0.392,1014.4
2023-09-03 12:00:00,-0.11,1014.3
2023-09-03 13:00:00,0.036,1014.1
2023-09-03 14:00:00,0.663,1013.6
2023-09-03 15:00:00,1.42,1013.2
2023-09-03 16:00:00,2.274,1012.4
2023-09-03 17:00:00,3.08,1011.9
2023-09-03 18:00:00,3.49,1011.2
2023-09-03 19:00:00,3.511,1010.4
2023-09-03 20:00:00,3.08,1010.0
2023-09-03 21:00:00,2.384,1009.7
2023-09-03 22:00:00,1.597,1009.8
2023-09-03 23:00:00,0.732,1009.8
2023-09-04 00:00:00,0.102,1010.5
2023-09-04 01:00:00,-0.038,1010.9
2023-09-04 02:00:00,0.359,1011.0
2023-09-04 03:00:00,0.993,1010.8
2023-09-04 04:00:00,1.748,1010.8
2023-09-04 05:00:00,2.567,1010.6
2023-09-04 06:00:00,3.198,1010.3
2023-09-04 07:00:00,3.38,1010.2
2023-09-04 08:00:00,3.168,1010.1
2023-09-04 09:00:00,2.61,1010.1
2023-09-04 10:00:00,1.938,1010.5
2023-09-04 11:00:00,1.124,1010.8
2023-09-04 12:00:00,0.439,1011.1
2023-09-04 13:00:00,0.157,1011.2
2023-09-04 14:00:00,0.374,1011.5
2023-09-04 15:00:00,0.967,1011.4
2023-09-04 16:00:00,1.666,1011.1
2023-09-04 17:00:00,2.47,1010.7
2023-09-04 18:00:00,3.174,1010.2
2023-09-04 19:00:00,3.552,1010.1
2023-09-04 20:00:00,3.443,1010.5
2023-09-04 21:00:00,2.987,1010.8
2023-09-04 22:00:00,2.302,1010.9
2023-09-04 23:00:00,1.562,1011.1
2023-09-05 00:00:00,0.76,1011.2
2023-09-05 01:00:00,0.212,1011.2
2023-09-05 02:00:00,0.149,1011.3
2023-09-05 03:00:00,0.576,1011.4
2023-09-05 04:00:00,1.138,1011.7
2023-09-05 05:00:00,1.832,1011.6
2023-09-05 06:00:00,2.586,1011.3
2023-09-05 07:00:00,3.083,1011.4
2023-09-05 08:00:00,3.226,1011.6
2023-09-05 09:00:00,3.013,1011.9
2023-09-05 10:00:00,2.497,1012.1
2023-09-05 11:00:00,1.84,1012.4
2023-09-05 12:00:00,1.143,1012.8
2023-09-05 13:00:00,0.586,1012.9
2023-09-05 14:00:00,0.393,1013.3
2023-09-05 15:00:00,0.737,1013.1
2023-09-05 16:00:00,1.253,1012.9
2023-09-05 17:00:00,1.944,1012.9
2023-09-05 18:00:00,2.668,1012.8
2023-09-05 19:00:00,3.264,1012.6
2023-09-05 20:00:00,3.5,1012.2
2023-09-05 21:00:00,3.358,1012.0
2023-09-05 22:00:00,2.883,1012.0
2023-09-05 23:00:00,2.285,1011.8
2023-09-06 00:00:00,1.544,1012.1
2023-09-06 01:00:00,0.87,1012.1
2023-09-06 02:00:00,0.419,1012.0
2023-09-06 03:00:00,0.381,1011.7
2023-09-06 04:00:00,0.743,1011.3
2023-09-06 05:00:00,1.229,1011.1
2023-09-06 06:00:00,1.878,1010.6
2023-09-06 07:00:00,2.533,1010.3
2023-09-06 08:00:00,2.961,1010.0
2023-09-06 09:00:00,3.079,1009.9
2023-09-06 10:00:00,2.819,1010.2
2023-09-06 11:00:00,2.375,1010.5
2023-09-06 12:00:00,1.777,1010.7
2023-09-06 13:00:00,1.156,1010.6
2023-09-06 14:00:00,0.699,1010.7
2023-09-06 15:00:00,0.577,1010.5
2023-09-06 16:00:00,0.898,1010.0
2023-09-06 17:00:00,1.384,
2023-09-06 18:00:00,1.985,1008.7
2023-09-06 19:00:00,2.649,1008.3
2023-09-06 20:00:00,3.127,1007.5
2023-09-06 21:00:00,3.355,1007.0
2023-09-06 22:00:00,3.209,1006.9
2023-09-06 23:00:00,2.741,1006.7
2023-09-07 00:00:00,2.16,1006.8
2023-09-07 01:00:00,1.488,1007.1
2023-09-07 02:00:00,0.895,1007.1
2023-09-07 03:00:00,0.505,1007.0
2023-09-07 04:00:00,0.516,1006.7
2023-09-07 05:00:00,0.839,1006.7
2023-09-07 06:00:00,1.3,1006.5
2023-09-07 07:00:00,1.866,1006.5
2023-09-07 08:00:00,2.441,1006.7
2023-09-07 09:00:00,2.854,1006.8
2023-09-07 10:00:00,2.916,1007.2
2023-09-07 11:00:00,2.694,1008.1
2023-09-07 12:00:00,2.303,1008.5
2023-09-07 13:00:00,1.793,1008.6
2023-09-07 14:00:00,1.29,1008.8
2023-09-07 15:00:00,0.828,1008.8
2023-09-07 16:00:00,0.748,1008.9
2023-09-07 17:00:00,1.02,1008.5
2023-09-07 18:00:00,1.429,1008.2
2023-09-07 19:00:00,1.986,1008.0
2023-09-07 20:00:00,2.544,1007.5
2023-09-07 21:00:00,3.029,1007.5
2023-09-07 22:00:00,3.214,1007.9
2023-09-07 23:00:00,3.077,1008.4
2023-09-08 00:00:00,2.649,1009.3
2023-09-08 01:00:00,2.144,1009.7
2023-09-08 02:00:00,1.533,1010.3
2023-09-08 03:00:00,0.958,1010.9
2023-09-08 04:00:00,0.553,1011.0
2023-09-08 05:00:00,0.556,1011.1
2023-09-08 06:00:00,0.805,1011.7
2023-09-08 07:00:00,1.215,1011.8
2023-09-08 08:00:00,1.743,1012.6
2023-09-08 09:00:00,2.267,1012.1
2023-09-08 10:00:00,2.679,1012.4
2023-09-08 11:00:00,2.772,1012.9
2023-09-08 12:00:00,2.575,1013.5
2023-09-08 13:00:00,2.226,1013.8
2023-09-08 14:00:00,1.817,1014.2
2023-09-08 15:00:00,1.276,1014.4
2023-09-08 16:00:00,0.873,1014.3
2023-09-08 17:00:00,0.762,1014.0
2023-09-08 18:00:00,1.017,1013.4
2023-09-08 19:00:00,1.393,1014.5
2023-09-08 20:00:00,1.864,1014.3
2023-09-08 21:00:00,2.377,1014.0
2023-09-08 22:00:00,2.85,1014.1
2023-09-08 23:00:00,3.046,1014.9
2023-09-09 00:00:00,2.918,1016.2
2023-09-09 01:00:00,2.599,1016.8
2023-09-09 02:00:00,2.038,1016.8
2023-09-09 03:00:00,1.497,1017.2
2023-09-09 04:00:00,0.939,1016.7
2023-09-09 05:00:00,0.532,1016.9
2023-09-09 06:00:00,0.544,1016.7
2023-09-09 07:00:00,0.749,1016.7
2023-09-09 08:00:00,1.122,1017.0
2023-09-09 09:00:00,1.616,1017.2
2023-09-09 10:00:00,2.102,1017.7
2023-09-09 11:00:00,2.494,1018.1
2023-09-09 12:00:00,2.626,1018.6
2023-09-09 13:00:00,2.476,1018.9
2023-09-09 14:00:00,2.167,1019.0
2023-09-09 15:00:00,1.732,1019.3
2023-09-09 16:00:00,1.249,1019.5
2023-09-09 17:00:00,0.844,1018.8
2023-09-09 18:00:00,0.749,1018.6
2023-09-09 19:00:00,0.928,1018.3
2023-09-09 20:00:00,1.344,1018.8
2023-09-09 21:00:00,1.772,1018.7
2023-09-09 22:00:00,2.309,1018.6
2023-09-09 23:00:00,2.79,1018.6
2023-09-10 00:00:00,2.999,1019.2
2023-09-10 01:00:00,2.917,1019.7
2023-09-10 02:00:00,2.586,1019.8
2023-09-10 03:00:00,2.112,1020.0
2023-09-10 04:00:00,1.547,1019.8
2023-09-10 05:00:00,1.004,1019.8
2023-09-10 06:00:00,0.582,1019.6
2023-09-10 07:00:00,0.505,1019.5
2023-09-10 08:00:00,0.754,1019.4
2023-09-10 09:00:00,1.116,1019.4
2023-09-10 10:00:00,1.605,1019.4
2023-09-10 11:00:00,2.096,1019.7
2023-09-10 12:00:00,2.509,1020.0
2023-09-10 13:00:00,2.636,1020.1
2023-09-10 14:00:00,2.502,1020.3
2023-09-10 15:00:00,2.213,1020.5
2023-09-10 16:00:00,1.739,1020.0
2023-09-10 17:00:00,1.292,1019.3
2023-09-10 18:00:00,0.86,1019.4
2023-09-10 19:00:00,0.718,1019.8
2023-09-10 20:00:00,0.923,1019.7
2023-09-10 21:00:00,1.275,1019.9
2023-09-10 22:00:00,1.78,1019.2
2023-09-10 23:00:00,2.319,1018.7
2023-09-11 00:00:00,2.771,1018.7
2023-09-11 01:00:00,3.014,1018.9
2023-09-11 02:00:00,2.935,1019.0
2023-09-11 03:00:00,2.605,1018.6
2023-09-11 04:00:00,2.089,1018.4
2023-09-11 05:00:00,1.535,1018.0
2023-09-11 06:00:00,0.953,1017.8
2023-09-11 07:00:00,0.565,1017.5
2023-09-11 08:00:00,0.5,1017.1
2023-09-11 09:00:00,0.759,1016.8
2023-09-11 10:00:00,1.157,1016.9
2023-09-11 11:00:00,1.662,1017.2
2023-09-11 12:00:00,2.197,1017.2
2023-09-11 13:00:00,2.602,1017.2
2023-09-11 14:00:00,2.751,1017.3
2023-09-11 15:00:00,2.622,1017.3
2023-09-11 16:00:00,2.241,1017.0
2023-09-11 17:00:00,1.765,1016.5
2023-09-11 18:00:00,1.247,1016.2
2023-09-11 19:00:00,0.837,1016.0
2023-09-11 20:00:00,0.693,1015.6
2023-09-11 21:00:00,0.964,1015.8
2023-09-11 22:00:00,1.383,1015.6
2023-09-11 23:00:00,1.915,1015.8
2023-09-12 00:00:00,2.441,1016.5
2023-09-12 01:00:00,2.886,1016.1
2023-09-12 02:00:00,3.128,1015.8
2023-09-12 03:00:00,2.966,1015.8
2023-09-12 04:00:00,2.588,1015.3
2023-09-12 05:00:00,2.067,1015.1
2023-09-12 06:00:00,1.424,1014.7
2023-09-12 07:00:00,0.88,1014.5
2023-09-12 08:00:00,0.514,1014.7
2023-09-12 09:00:00,0.526,1014.5
2023-09-12 10:00:00,0.881,1014.9
2023-09-12 11:00:00,1.345,1015.0
2023-09-12 12:00:00,1.854,1015.3
2023-09-12 13:00:00,2.416,1015.2
2023-09-12 14:00:00,2.77,1015.6
2023-09-12 15:00:00,2.828,1015.8
2023-09-12 16:00:00,2.627,1015.6
2023-09-12 17:00:00,2.157,1015.3
2023-09-12 18:00:00,1.659,1014.6
2023-09-12 19:00:00,1.149,1014.0
2023-09-12 20:00:00,0.729,1013.8
2023-09-12 21:00:00,0.675,1014.0
2023-09-12 22:00:00,1.002,1014.0
2023-09-12 23:00:00,1.493,1014.2
2023-09-13 00:00:00,2.054,1014.2
2023-09-13 01:00:00,2.614,1014.5
2023-09-13 02:00:00,3.018,1014.5
2023-09-13 03:00:00,3.176,1014.4
2023-09-13 04:00:00,2.936,1014.5
2023-09-13 05:00:00,2.469,1014.4
2023-09-13 06:00:00,1.891,1013.9
2023-09-13 07:00:00,1.243,1013.9
2023-09-13 08:00:00,0.707,1013.9
2023-09-13 09:00:00,0.433,1013.5
2023-09-13 10:00:00,0.564,1014.1
2023-09-13 11:00:00,0.993,1014.4
2023-09-13 12:00:00,1.483,1014.5
2023-09-13 13:00:00,2.073,1014.4
2023-09-13 14:00:00,2.597,1014.1
2023-09-13 15:00:00,2.911,1013.8
2023-09-13 16:00:00,2.878,1014.0
2023-09-13 17:00:00,2.503,1013.8
2023-09-13 18:00:00,2.002,1013.3
2023-09-13 19:00:00,1.41,1012.7
2023-09-13 20:00:00,0.859,1012.3
2023-09-13 21:00:00,0.597,1012.4
2023-09-13 22:00:00,0.638,1012.4
2023-09-13 23:00:00,1.089,1012.3
2023-09-14 00:00:00,1.651,1012.8
2023-09-14 01:00:00,2.216,1013.2
2023-09-14 02:00:00,2.786,1013.5
2023-09-14 03:00:00,3.153,1013.4
2023-09-14 04:00:00,3.156,1013.4
2023-09-14 05:00:00,2.819,1013.4
2023-09-14 06:00:00,2.279,1013.4
2023-09-14 07:00:00,1.636,1013.0
2023-09-14 08:00:00,0.99,1013.4
2023-09-14 09:00:00,0.489,1013.9
2023-09-14 10:00:00,0.393,1014.2
2023-09-14 11:00:00,0.721,1014.9
2023-09-14 12:00:00,1.163,1015.2
2023-09-14 13:00:00,1.744,1015.6
2023-09-14 14:00:00,2.377,1016.2
2023-09-14 15:00:00,2.844,1016.4
2023-09-14 16:00:00,3.005,1016.0
2023-09-14 17:00:00,2.81,1015.8
2023-09-14 18:00:00,2.339,1015.8
2023-09-14 19:00:00,1.777,1015.3
2023-09-14 20:00:00,1.148,1014.9
2023-09-14 21:00:00,0.671,1015.3
2023-09-14 22:00:00,0.43,1015.4
2023-09-14 23:00:00,0.717,1015.6
2023-09-15 00:00:00,1.227,1016.5
2023-09-15 01:00:00,1.794,1017.4
2023-09-15 02:00:00,2.408,1017.6
2023-09-15 03:00:00,2.935,1017.8
2023-09-15 04:00:00,3.175,1018.1
2023-09-15 05:00:00,3.025,1018.1
2023-09-15 06:00:00,2.567,1017.8
2023-09-15 07:00:00,1.993,1018.4
2023-09-15 08:00:00,1.321,1018.7
2023-09-15 09:00:00,0.71,1018.7
2023-09-15 10:00:00,0.35,1018.4
2023-09-15 11:00:00,0.462,1019.2
2023-09-15 12:00:00,0.894,1019.4
2023-09-15 13:00:00,1.427,1019.1
2023-09-15 14:00:00,2.045,1018.7
2023-09-15 15:00:00,2.672,1018.4
2023-09-15 16:00:00,3.013,1017.9
2023-09-15 17:00:00,3.041,1016.9
2023-09-15 18:00:00,2.701,1015.8
2023-09-15 19:00:00,2.211,1015.5
2023-09-15 20:00:00,1.593,1014.6
2023-09-15 21:00:00,1.009,1014.3
2023-09-15 22:00:00,0.595,1013.9
2023-09-15 23:00:00,0.562,1013.1
2023-09-16 00:00:00,1.009,1012.9
2023-09-16 01:00:00,1.574,1012.7
2023-09-16 02:00:00,2.194,1011.9
2023-09-16 03:00:00,2.893,1010.9
2023-09-16 04:00:00,3.323,1009.8
2023-09-16 05:00:00,3.435,1009.2
2023-09-16 06:00:00,3.313,1009.3
2023-09-16 07:00:00,2.693,1008.3
2023-09-16 08:00:00,2.108,1007.0
2023-09-16 09:00:00,1.444,1006.0
2023-09-16 10:00:00,0.952,1005.4
2023-09-16 11:00:00,0.762,1004.8
2023-09-16 12:00:00,1.019,1004.2
2023-09-16 13:00:00,1.415,1003.5
2023-09-16 14:00:00,1.913,1003.4
2023-09-16 15:00:00,2.451,1003.2
2023-09-16 16:00:00,2.866,1003.0
2023-09-16 17:00:00,3.036,1002.6
2023-09-16 18:00:00,2.883,1002.9
2023-09-16 19:00:00,2.349,1003.1
2023-09-16 20:00:00,1.774,1003.6
2023-09-16 21:00:00,1.161,1004.3
2023-09-16 22:00:00,0.639,1005.1
2023-09-16 23:00:00,0.31,1005.6
2023-09-17 00:00:00,0.432,1006.4
2023-09-17 01:00:00,0.895,1007.2
2023-09-17 02:00:00,1.384,1007.5
2023-09-17 03:00:00,2.044,1007.9
2023-09-17 04:00:00,2.577,1008.1
2023-09-17 05:00:00,2.895,1008.6
2023-09-17 06:00:00,2.836,1008.5
2023-09-17 07:00:00,2.477,1008.9
2023-09-17 08:00:00,1.972,1009.4
2023-09-17 09:00:00,1.339,1010.0
2023-09-17 10:00:00,0.744,1010.6
2023-09-17 11:00:00,0.366,1011.3
2023-09-17 12:00:00,0.376,1011.8
2023-09-17 13:00:00,0.835,1012.5
2023-09-17 14:00:00,1.424,1012.3
2023-09-17 15:00:00,2.046,1012.1
2023-09-17 16:00:00,2.635,1011.9
2023-09-17 17:00:00,2.992,1011.8
2023-09-17 18:00:00,2.991,1011.3
2023-09-17 19:00:00,2.678,1011.0
2023-09-17 20:00:00,2.074,1010.8
2023-09-17 21:00:00,1.456,1010.8
2023-09-17 22:00:00,0.811,1011.2
2023-09-17 23:00:00,0.398,1011.5
2023-09-18 00:00:00,0.333,1012.3
2023-09-18 01:00:00,0.685,1012.3
2023-09-18 02:00:00,1.24,1012.6
2023-09-18 03:00:00,1.816,1012.6
2023-09-18 04:00:00,2.482,1012.8
2023-09-18 05:00:00,2.913,1012.4
2023-09-18 06:00:00,3.039,1012.2
2023-09-18 07:00:00,2.794,1012.0
2023-09-18 08:00:00,2.317,1011.5
2023-09-18 09:00:00,1.747,1011.3
2023-09-18 10:00:00,1.101,1011.2
2023-09-18 11:00:00,0.593,1011.6
2023-09-18 12:00:00,0.441,1011.7
2023-09-18 13:00:00,0.698,1011.4
2023-09-18 14:00:00,1.275,1011.6
2023-09-18 15:00:00,1.92,1011.1
2023-09-18 16:00:00,2.581,1010.4
2023-09-18 17:00:00,3.133,1010.2
2023-09-18 18:00:00,3.353,1009.1
2023-09-18 19:00:00,3.223,1008.5
2023-09-18 20:00:00,2.706,1007.6
2023-09-18 21:00:00,2.094,1006.8
2023-09-18 22:00:00,1.432,1005.9
2023-09-18 23:00:00,0.786,1004.8
2023-09-19 00:00:00,0.445,1004.1
2023-09-19 01:00:00,0.566,1003.8
2023-09-19 02:00:00,1.016,1002.8
2023-09-19 03:00:00,1.629,1002.2
2023-09-19 04:00:00,2.167,1002.6
2023-09-19 05:00:00,2.754,1002.5
2023-09-19 06:00:00,3.131,1003.3
2023-09-19 07:00:00,3.12,1003.8
2023-09-19 08:00:00,2.716,1004.6
2023-09-19 09:00:00,2.204,1005.1
2023-09-19 10:00:00,1.581,1005.9
2023-09-19 11:00:00,0.934,1006.6
2023-09-19 12:00:00,0.522,1007.2
2023-09-19 13:00:00,0.53,1007.7
2023-09-19 14:00:00,0.969,1008.2
2023-09-19 15:00:00,1.51,1008.3
2023-09-19 16:00:00,2.115,1008.7
2023-09-19 17:00:00,2.738,1009.1
2023-09-19 18:00:00,3.165,1009.0
2023-09-19 19:00:00,3.269,1009.1
2023-09-19 20:00:00,3.001,1009.4
2023-09-19 21:00:00,2.44,1009.8
2023-09-19 22:00:00,1.785,1010.8
2023-09-19 23:00:00,1.076,1011.5
2023-09-20 00:00:00,0.501,1012.3
2023-09-20 01:00:00,0.252,1013.1
2023-09-20 02:00:00,0.471,1013.7
2023-09-20 03:00:00,0.93,1014.4
2023-09-20 04:00:00,1.47,1014.8
2023-09-20 05:00:00,2.11,1015.3
2023-09-20 06:00:00,2.637,1015.8
2023-09-20 07:00:00,2.89,1016.0
2023-09-20 08:00:00,2.722,1016.4
2023-09-20 09:00:00,2.348,1016.9
2023-09-20 10:00:00,1.852,1017.2
2023-09-20 11:00:00,1.207,1017.9
2023-09-20 12:00:00,0.677,1018.3
2023-09-20 13:00:00,0.366,1018.3
2023-09-20 14:00:00,0.577,1018.7
2023-09-20 15:00:00,1.066,1018.6
2023-09-20 16:00:00,1.623,1018.2
2023-09-20 17:00:00,2.294,1018.0
2023-09-20 18:00:00,2.834,1017.8
2023-09-20 19:00:00,3.162,1017.5
2023-09-20 20:00:00,3.103,1017.5
2023-09-20 21:00:00,2.735,1017.6
2023-09-20 22:00:00,2.191,1017.9
2023-09-20 23:00:00,1.54,1018.2
2023-09-21 00:00:00,0.911,1018.9
2023-09-21 01:00:00,0.439,1019.6
2023-09-21 02:00:00,0.384,1020.0
2023-09-21 03:00:00,0.702,1020.6
2023-09-21 04:00:00,1.141,1021.0
2023-09-21 05:00:00,1.682,1021.1
2023-09-21 06:00:00,2.307,1021.2
2023-09-21 07:00:00,2.662,1021.1
2023-09-21 08:00:00,2.818,1021.3
2023-09-21 09:00:00,2.606,1022.0
2023-09-21 10:00:00,2.211,1022.5
2023-09-21 11:00:00,1.674,1023.3
2023-09-21 12:00:00,1.082,1023.8
2023-09-21 13:00:00,0.655,1024.3
2023-09-21 14:00:00,0.523,1024.6
2023-09-21 15:00:00,0.812,1024.8
2023-09-21 16:00:00,1.283,1024.6
2023-09-21 17:00:00,1.871,1024.3
2023-09-21 18:00:00,2.497,1024.0
2023-09-21 19:00:00,2.947,1024.0
2023-09-21 20:00:00,3.136,1023.9
2023-09-21 21:00:00,3.028,1024.3
2023-09-21 22:00:00,2.555,1024.9
2023-09-21 23:00:00,2.032,1025.1
2023-09-22 00:00:00,1.333,1025.5
2023-09-22 01:00:00,0.749,1025.8
2023-09-22 02:00:00,0.368,1025.6
2023-09-22 03:00:00,0.359,1026.0
2023-09-22 04:00:00,0.694,1026.3
2023-09-22 05:00:00,1.132,1026.7
2023-09-22 06:00:00,1.737,1026.9
2023-09-22 07:00:00,2.294,1027.1
2023-09-22 08:00:00,2.705,1027.5
2023-09-22 09:00:00,2.771,1028.0
2023-09-22 10:00:00,2.568,1028.5
2023-09-22 11:00:00,2.158,1029.0
2023-09-22 12:00:00,1.621,1029.4
2023-09-22 13:00:00,1.062,1029.9
2023-09-22 14:00:00,0.652,1030.6
2023-09-22 15:00:00,0.54,1030.6
2023-09-22 16:00:00,0.867,1030.3
2023-09-22 17:00:00,1.31,1030.4
2023-09-22 18:00:00,1.884,1030.2
2023-09-22 19:00:00,2.454,1029.9
2023-09-22 20:00:00,2.933,1029.6
2023-09-22 21:00:00,3.096,1029.3
2023-09-22 22:00:00,2.942,1029.3
2023-09-22 23:00:00,2.56,1029.1
2023-09-23 00:00:00,1.986,1029.2
2023-09-23 01:00:00,1.351,1029.3
2023-09-23 02:00:00,0.744,1028.9
2023-09-23 03:00:00,0.401,1028.5
2023-09-23 04:00:00,0.429,1028.2
2023-09-23 05:00:00,0.749,1027.9
2023-09-23 06:00:00,1.198,1027.5
2023-09-23 07:00:00,1.733,1027.4
2023-09-23 08:00:00,2.28,1026.9
2023-09-23 09:00:00,2.639,1026.9
2023-09-23 10:00:00,2.705,1026.8
2023-09-23 11:00:00,2.521,1026.9
2023-09-23 12:00:00,2.103,1026.8
2023-09-23 13:00:00,1.628,1026.8
2023-09-23 14:00:00,1.093,1026.8
2023-09-23 15:00:00,0.692,1026.4
2023-09-23 16:00:00,0.623,1025.8
2023-09-23 17:00:00,0.917,1025.3
2023-09-23 18:00:00,1.373,1024.3
2023-09-23 19:00:00,1.925,1023.4
2023-09-23 20:00:00,2.516,1023.2
2023-09-23 21:00:00,2.974,1023.4
2023-09-23 22:00:00,3.183,1023.1
2023-09-23 23:00:00,3.032,1023.0
2023-09-24 00:00:00,2.647,1022.9
2023-09-24 01:00:00,2.093,1022.6
2023-09-24 02:00:00,1.448,1022.4
2023-09-24 03:00:00,0.818,1022.5
2023-09-24 04:00:00,0.416,1022.2
2023-09-24 05:00:00,0.384,1021.8
2023-09-24 06:00:00,0.707,1021.8
2023-09-24 07:00:00,1.115,1021.4
2023-09-24 08:00:00,1.701,1021.2
2023-09-24 09:00:00,2.233,1021.1
2023-09-24 10:00:00,2.638,1021.3
2023-09-24 11:00:00,2.772,1021.4
2023-09-24 12:00:00,2.556,1021.8
2023-09-24 13:00:00,2.233,1022.1
2023-09-24 14:00:00,1.712,1021.9
2023-09-24 15:00:00,1.213,1021.5
2023-09-24 16:00:00,0.774,1021.4
2023-09-24 17:00:00,0.649,1021.2
2023-09-24 18:00:00,0.931,1020.4
2023-09-24 19:00:00,1.366,1020.0
2023-09-24 20:00:00,1.93,1019.6
2023-09-24 21:00:00,2.499,1019.2
2023-09-24 22:00:00,3.019,1019.3
2023-09-24 23:00:00,3.277,1019.3
2023-09-25 00:00:00,3.164,1019.6
2023-09-25 01:00:00,2.75,1019.3
2023-09-25 02:00:00,2.213,1019.1
2023-09-25 03:00:00,1.536,1018.9
2023-09-25 04:00:00,0.891,1018.4
2023-09-25 05:00:00,0.438,1018.2
2023-09-25 06:00:00,0.39,1018.0
2023-09-25 07:00:00,0.672,1017.5
2023-09-25 08:00:00,1.154,1017.8
2023-09-25 09:00:00,1.759,1018.0
2023-09-25 10:00:00,2.355,1018.2
2023-09-25 11:00:00,2.817,1018.9
2023-09-25 12:00:00,2.986,1019.4
2023-09-25 13:00:00,2.804,1020.4
2023-09-25 14:00:00,2.455,1020.9
2023-09-25 15:00:00,1.88,1021.1
2023-09-25 16:00:00,1.296,1021.4
2023-09-25 17:00:00,0.771,1021.8
2023-09-25 18:00:00,0.575,1022.4
2023-09-25 19:00:00,0.794,1023.0
2023-09-25 20:00:00,1.301,1023.2
2023-09-25 21:00:00,1.885,1023.5
2023-09-25 22:00:00,2.573,1024.3
2023-09-25 23:00:00,3.154,1024.5
2023-09-26 00:00:00,3.448,1024.9
2023-09-26 01:00:00,3.397,1025.6
2023-09-26 02:00:00,3.003,1026.1
2023-09-26 03:00:00,2.391,1025.9
2023-09-26 04:00:00,1.695,1026.1
2023-09-26 05:00:00,0.961,1026.4
2023-09-26 06:00:00,0.43,1026.6
2023-09-26 07:00:00,0.312,1026.7
2023-09-26 08:00:00,0.584,1026.9
2023-09-26 09:00:00,1.117,1027.2
2023-09-26 10:00:00,1.718,1027.6
2023-09-26 11:00:00,2.395,1028.1
2023-09-26 12:00:00,2.952,1028.5
2023-09-26 13:00:00,3.156,1029.6
2023-09-26 14:00:00,2.991,1029.9
2023-09-26 15:00:00,2.555,1030.2
2023-09-26 16:00:00,1.966,1030.2
2023-09-26 17:00:00,1.231,1030.2
2023-09-26 18:00:00,0.649,1030.0
2023-09-26 19:00:00,0.349,1029.7
2023-09-26 20:00:00,0.577,1029.3
2023-09-26 21:00:00,1.114,1029.1
2023-09-26 22:00:00,1.751,1029.0
2023-09-26 23:00:00,2.458,1029.0
2023-09-27 00:00:00,3.133,1029.0
2023-09-27 01:00:00,3.427,1029.0
2023-09-27 02:00:00,3.351,1029.1
2023-09-27 03:00:00,2.909,1029.0
2023-09-27 04:00:00,2.242,1028.7
2023-09-27 05:00:00,1.486,1028.9
2023-09-27 06:00:00,0.676,1028.8
2023-09-27 07:00:00,0.063,1028.2
2023-09-27 08:00:00,-0.051,1028.0
2023-09-27 09:00:00,0.327,1027.8
2023-09-27 10:00:00,0.932,1028.0
2023-09-27 11:00:00,1.644,1028.4
2023-09-27 12:00:00,2.415,1028.5
2023-09-27 13:00:00,3.019,1028.6
2023-09-27 14:00:00,3.245,1028.7
2023-09-27 15:00:00,3.044,1028.8
2023-09-27 16:00:00,2.542,1029.0
2023-09-27 17:00:00,1.831,1028.4
2023-09-27 18:00:00,1.065,1027.9
2023-09-27 19:00:00,0.398,1027.4
2023-09-27 20:00:00,0.094,1027.0
2023-09-27 21:00:00,0.349,1026.7
2023-09-27 22:00:00,0.939,1026.8
2023-09-27 23:00:00,1.712,1027.0
2023-09-28 00:00:00,2.517,1027.1
2023-09-28 01:00:00,3.244,1027.3
2023-09-28 02:00:00,3.556,1027.1
2023-09-28 03:00:00,3.458,1027.1
2023-09-28 04:00:00,2.948,1027.0
2023-09-28 05:00:00,2.235,1027.0
2023-09-28 06:00:00,1.379,1026.7
2023-09-28 07:00:00,0.527,1026.6
2023-09-28 08:00:00,-0.079,1026.6
2023-09-28 09:00:00,-0.155,1026.6
2023-09-28 10:00:00,0.335,1026.7
2023-09-28 11:00:00,0.982,1026.8
2023-09-28 12:00:00,1.808,1027.4
2023-09-28 13:00:00,2.653,1027.5
2023-09-28 14:00:00,3.224,1027.8
2023-09-28 15:00:00,3.391,1027.6
2023-09-28 16:00:00,3.118,1027.7
2023-09-28 17:00:00,2.484,1027.2
2023-09-28 18:00:00,1.711,1026.7
2023-09-28 19:00:00,0.828,1026.2
2023-09-28 20:00:00,0.092,1026.0
2023-09-28 21:00:00,-0.193,1025.9
2023-09-28 22:00:00,0.115,1025.9
2023-09-28 23:00:00,0.817,1025.9
2023-09-29 00:00:00,1.679,1026.0
2023-09-29 01:00:00,2.585,1026.1
2023-09-29 02:00:00,3.325,1026.1
2023-09-29 03:00:00,3.651,1026.1
2023-09-29 04:00:00,3.5,1025.9
2023-09-29 05:00:00,2.935,1025.8
2023-09-29 06:00:00,2.158,1025.4
2023-09-29 07:00:00,1.284,1025.0
2023-09-29 08:00:00,0.408,1024.8
2023-09-29 09:00:00,-0.138,1024.8
2023-09-29 10:00:00,-0.106,1024.7
2023-09-29 11:00:00,0.478,1024.9
2023-09-29 12:00:00,1.253,1025.4
2023-09-29 13:00:00,2.093,1025.5
2023-09-29 14:00:00,2.997,1025.9
2023-09-29 15:00:00,3.5,1026.0
2023-09-29 16:00:00,3.563,1025.5
2023-09-29 17:00:00,3.217,1024.8
2023-09-29 18:00:00,2.509,1024.4
2023-09-29 19:00:00,1.641,1024.0
2023-09-29 20:00:00,0.727,1024.2
2023-09-29 21:00:00,-0.011,1024.1
2023-09-29 22:00:00,-0.237,1023.8
2023-09-29 23:00:00,0.199,1023.7
2023-09-30 00:00:00,0.898,1023.8
2023-09-30 01:00:00,1.783,1023.8
2023-09-30 02:00:00,2.674,1023.7
2023-09-30 03:00:00,3.376,1023.4
2023-09-30 04:00:00,3.634,1022.7
2023-09-30 05:00:00,3.414,1022.6
2023-09-30 06:00:00,2.848,1022.0
2023-09-30 07:00:00,2.045,1021.6
2023-09-30 08:00:00,1.11,1021.3
2023-09-30 09:00:00,0.299,1021.2
2023-09-30 10:00:00,-0.172,1021.5
2023-09-30 11:00:00,-0.017,1021.8
2023-09-30 12:00:00,0.644,1022.2
2023-09-30 13:00:00,1.447,1022.1
2023-09-30 14:00:00,2.39,1022.6
2023-09-30 15:00:00,3.222,1022.9
2023-09-30 16:00:00,3.666,1022.6
2023-09-30 17:00:00,3.632,1022.2
2023-09-30 18:00:00,3.153,1021.9
2023-09-30 19:00:00,2.399,1021.6
2023-09-30 20:00:00,1.529,1021.1
2023-09-30 21:00:00,0.613,1021.0
2023-09-30 22:00:00,-0.052,1021.1
2023-09-30 23:00:00,-0.193,1021.2
2023-10-01 00:00:00,0.336,1021.9
2023-10-01 01:00:00,1.021,1021.6
2023-10-01 02:00:00,1.892,1021.6
2023-10-01 03:00:00,2.817,1021.2
2023-10-01 04:00:00,3.413,1021.5
2023-10-01 05:00:00,3.594,1021.0
2023-10-01 06:00:00,3.324,1021.0
2023-10-01 07:00:00,2.73,1020.7
2023-10-01 08:00:00,1.937,1020.7
2023-10-01 09:00:00,1.049,1021.0
2023-10-01 10:00:00,0.297,1021.2
2023-10-01 11:00:00,-0.037,1021.7
2023-10-01 12:00:00,0.268,1021.8
2023-10-01 13:00:00,0.908,1022.1
2023-10-01 14:00:00,1.723,1022.2
2023-10-01 15:00:00,2.603,1022.0
2023-10-01 16:00:00,3.337,1021.4
2023-10-01 17:00:00,3.671,1021.2
2023-10-01 18:00:00,3.55,1020.4
2023-10-01 19:00:00,3.0,1020.1
2023-10-01 20:00:00,2.238,1019.9
2023-10-01 21:00:00,1.338,1020.0
2023-10-01 22:00:00,0.479,1019.9
2023-10-01 23:00:00,-0.091,1019.7
2023-10-02 00:00:00,-0.086,1020.1
2023-10-02 01:00:00,0.451,1020.3
2023-10-02 02:00:00,1.121,1020.5
2023-10-02 03:00:00,1.95,1020.5
2023-10-02 04:00:00,2.793,1020.3
2023-10-02 05:00:00,3.338,1020.4
2023-10-02 06:00:00,3.386,1020.3
2023-10-02 07:00:00,3.079,1020.6
2023-10-02 08:00:00,2.457,1020.9
2023-10-02 09:00:00,1.731,1021.2
2023-10-02 10:00:00,0.91,1021.5
2023-10-02 11:00:00,0.271,1022.0
2023-10-02 12:00:00,0.082,1022.0
2023-10-02 13:00:00,0.516,1022.5
2023-10-02 14:00:00,1.17,1022.7
2023-10-02 15:00:00,1.956,1022.7
2023-10-02 16:00:00,2.811,1022.7
2023-10-02 17:00:00,3.405,1022.4
2023-10-02 18:00:00,3.654,1022.1
2023-10-02 19:00:00,3.371,1022.0
2023-10-02 20:00:00,2.816,1022.1
2023-10-02 21:00:00,2.061,1022.0
2023-10-02 22:00:00,1.227,1022.2
2023-10-02 23:00:00,0.405,1022.0
2023-10-03 00:00:00,-0.039,1021.8
2023-10-03 01:00:00,0.076,1021.8
2023-10-03 02:00:00,0.605,1021.6
2023-10-03 03:00:00,1.233,1021.3
2023-10-03 04:00:00,2.038,1021.1
2023-10-03 05:00:00,2.793,1021.5
2023-10-03 06:00:00,3.199,1021.4
2023-10-03 07:00:00,3.261,1021.0
2023-10-03 08:00:00,2.856,1020.7
2023-10-03 09:00:00,2.313,1020.1
2023-10-03 10:00:00,1.633,1020.0
2023-10-03 11:00:00,0.831,1020.0
2023-10-03 12:00:00,0.347,1020.0
2023-10-03 13:00:00,0.294,1020.2
2023-10-03 14:00:00,0.766,1020.2
2023-10-03 15:00:00,1.387,1019.7
2023-10-03 16:00:00,2.11,1019.4
2023-10-03 17:00:00,2.85,1018.8
2023-10-03 18:00:00,3.379,1018.2
2023-10-03 19:00:00,3.497,1017.7
2023-10-03 20:00:00,3.212,1017.5
2023-10-03 21:00:00,2.605,1017.4
2023-10-03 22:00:00,1.891,1017.7
2023-10-03 23:00:00,1.101,1018.0
2023-10-04 00:00:00,0.436,1018.4
2023-10-04 01:00:00,0.09,1018.6
2023-10-04 02:00:00,0.27,1018.7
2023-10-04 03:00:00,0.72,1018.8
2023-10-04 04:00:00,1.352,1018.8
2023-10-04 05:00:00,2.092,1018.8
2023-10-04 06:00:00,2.742,1019.1
2023-10-04 07:00:00,3.117,1019.4
2023-10-04 08:00:00,3.028,1019.9
2023-10-04 09:00:00,2.694,1020.4
2023-10-04 10:00:00,2.144,1020.9
2023-10-04 11:00:00,1.527,1021.5
2023-10-04 12:00:00,0.94,1022.2
2023-10-04 13:00:00,0.556,1022.8
2023-10-04 14:00:00,0.643,1023.2
2023-10-04 15:00:00,1.074,1023.2
2023-10-04 16:00:00,1.66,1023.2
2023-10-04 17:00:00,2.264,1023.0
2023-10-04 18:00:00,2.938,1022.5
2023-10-04 19:00:00,3.315,1022.6
2023-10-04 20:00:00,3.382,1022.4
2023-10-04 21:00:00,3.051,1022.5
2023-10-04 22:00:00,2.487,1022.6
2023-10-04 23:00:00,1.836,1023.0
2023-10-05 00:00:00,1.138,1023.3
2023-10-05 01:00:00,0.564,1023.4
2023-10-05 02:00:00,0.334,1023.5
2023-10-05 03:00:00,0.517,1023.5
2023-10-05 04:00:00,0.923,1023.6
2023-10-05 05:00:00,1.473,1023.8
2023-10-05 06:00:00,2.101,1024.0
2023-10-05 07:00:00,2.653,1024.0
2023-10-05 08:00:00,2.95,1024.2
2023-10-05 09:00:00,2.855,1024.3
2023-10-05 10:00:00,2.525,1024.2
2023-10-05 11:00:00,2.024,1024.7
2023-10-05 12:00:00,1.426,1024.9
2023-10-05 13:00:00,0.904,1025.5
2023-10-05 14:00:00,0.599,1025.9
2023-10-05 15:00:00,0.746,1025.2
2023-10-05 16:00:00,1.142,1024.7
2023-10-05 17:00:00,1.655,1023.9
2023-10-05 18:00:00,2.254,1023.1
2023-10-05 19:00:00,2.815,1022.4
2023-10-05 20:00:00,3.192,1022.0
2023-10-05 21:00:00,3.187,1021.7
2023-10-05 22:00:00,2.873,1021.6
2023-10-05 23:00:00,2.381,1021.9
2023-10-06 00:00:00,1.759,1022.3
2023-10-06 01:00:00,1.132,1022.8
2023-10-06 02:00:00,0.584,1022.7
2023-10-06 03:00:00,0.425,1022.6
2023-10-06 04:00:00,0.624,1022.5
2023-10-06 05:00:00,0.971,1022.2
2023-10-06 06:00:00,1.476,1021.8
2023-10-06 07:00:00,2.038,1020.9
2023-10-06 08:00:00,2.535,1020.6
2023-10-06 09:00:00,2.79,1020.6
2023-10-06 10:00:00,2.718,1020.1
2023-10-06 11:00:00,2.431,1020.0
2023-10-06 12:00:00,1.998,1020.5
2023-10-06 13:00:00,1.495,1020.3
2023-10-06 14:00:00,1.024,1020.1
2023-10-06 15:00:00,0.759,1020.0
2023-10-06 16:00:00,0.901,1019.4
2023-10-06 17:00:00,1.28,1018.8
2023-10-06 18:00:00,1.732,1018.4
2023-10-06 19:00:00,2.247,1017.8
2023-10-06 20:00:00,2.772,1017.2
2023-10-06 21:00:00,3.084,1017.1
2023-10-06 22:00:00,3.117,1016.9
2023-10-06 23:00:00,2.808,1016.8
2023-10-07 00:00:00,2.385,1016.9
2023-10-07 01:00:00,1.845,1016.6
2023-10-07 02:00:00,1.262,1016.5
2023-10-07 03:00:00,0.774,1015.7
2023-10-07 04:00:00,0.627,1015.2
2023-10-07 05:00:00,0.805,1014.3
2023-10-07 06:00:00,1.144,1013.6
2023-10-07 07:00:00,1.597,1012.6
2023-10-07 08:00:00,2.136,1012.1
2023-10-07 09:00:00,2.605,1011.7
2023-10-07 10:00:00,2.848,1011.5
2023-10-07 11:00:00,2.763,1010.8
2023-10-07 12:00:00,2.544,1010.6
2023-10-07 13:00:00,2.164,1010.1
2023-10-07 14:00:00,1.716,1009.5
2023-10-07 15:00:00,1.266,1008.7
2023-10-07 16:00:00,1.018,1007.4
2023-10-07 17:00:00,1.165,1006.0
2023-10-07 18:00:00,1.45,1004.5
2023-10-07 19:00:00,1.923,1003.5
2023-10-07 20:00:00,2.427,1002.2
2023-10-07 21:00:00,2.895,1001.4
2023-10-07 22:00:00,3.267,1000.2
2023-10-07 23:00:00,3.325,999.2
2023-10-08 00:00:00,3.142,998.1
2023-10-08 01:00:00,2.748,997.4
2023-10-08 02:00:00,2.236,996.6
2023-10-08 03:00:00,1.668,995.6
2023-10-08 04:00:00,1.166,994.7
2023-10-08 05:00:00,0.966,994.3
2023-10-08 06:00:00,1.046,994.5
2023-10-08 07:00:00,1.283,994.5
2023-10-08 08:00:00,1.652,995.1
2023-10-08 09:00:00,2.142,996.1
2023-10-08 10:00:00,2.586,996.7
2023-10-08 11:00:00,2.766,997.6
2023-10-08 12:00:00,2.73,999.1
2023-10-08 13:00:00,2.521,999.7
2023-10-08 14:00:00,2.138,1000.3
2023-10-08 15:00:00,1.739,1000.1
2023-10-08 16:00:00,1.307,1000.3
2023-10-08 17:00:00,1.099,1000.2
2023-10-08 18:00:00,1.156,1000.1
2023-10-08 19:00:00,1.395,1000.3
2023-10-08 20:00:00,1.825,1000.7
2023-10-08 21:00:00,2.299,1001.2
2023-10-08 22:00:00,2.701,1001.8
2023-10-08 23:00:00,3.043,1002.5
2023-10-09 00:00:00,3.068,1003.2
2023-10-09 01:00:00,2.829,1004.0
2023-10-09 02:00:00,2.435,1004.5
2023-10-09 03:00:00,1.937,1004.7
2023-10-09 04:00:00,1.375,1005.0
2023-10-09 05:00:00,0.899,1005.0
2023-10-09 06:00:00,0.746,1005.1
2023-10-09 07:00:00,0.824,1005.2
2023-10-09 08:00:00,1.159,1005.5
2023-10-09 09:00:00,1.594,1006.1
2023-10-09 10:00:00,2.086,1006.4
2023-10-09 11:00:00,2.567,1006.7
2023-10-09 12:00:00,2.819,1007.4
2023-10-09 13:00:00,2.797,1007.7
2023-10-09 14:00:00,2.567,1007.9
2023-10-09 15:00:00,2.199,1007.5
2023-10-09 16:00:00,1.693,1007.3
2023-10-09 17:00:00,1.248,1006.7
2023-10-09 18:00:00,0.971,1006.2
2023-10-09 19:00:00,1.018,1006.0
2023-10-09 20:00:00,1.315,1006.0
2023-10-09 21:00:00,1.718,1006.3
2023-10-09 22:00:00,2.208,1006.7
2023-10-09 23:00:00,2.661,1007.1
2023-10-10 00:00:00,3.016,1007.7
2023-10-10 01:00:00,3.051,1008.4
2023-10-10 02:00:00,2.788,1009.0
2023-10-10 03:00:00,2.413,1009.1
2023-10-10 04:00:00,1.868,1009.2
2023-10-10 05:00:00,1.299,1009.1
2023-10-10 06:00:00,0.852,1009.3
2023-10-10 07:00:00,0.639,1009.4
2023-10-10 08:00:00,0.804,1009.5
2023-10-10 09:00:00,1.164,1009.9
2023-10-10 10:00:00,1.642,1010.1
2023-10-10 11:00:00,2.163,1010.2
2023-10-10 12:00:00,2.611,1010.5
2023-10-10 13:00:00,2.872,1010.4
2023-10-10 14:00:00,2.837,1010.6
2023-10-10 15:00:00,2.52,1010.0
2023-10-10 16:00:00,2.113,1009.6
2023-10-10 17:00:00,1.61,1008.5
2023-10-10 18:00:00,1.151,1008.2
2023-10-10 19:00:00,0.864,1007.7
2023-10-10 20:00:00,0.912,1008.0
2023-10-10 21:00:00,1.278,1008.4
2023-10-10 22:00:00,1.705,1008.9
2023-10-10 23:00:00,2.266,1009.4
2023-10-11 00:00:00,2.748,1009.9
2023-10-11 01:00:00,3.039,1010.1
2023-10-11 02:00:00,3.08,1010.3
2023-10-11 03:00:00,2.749,1010.4
2023-10-11 04:00:00,2.352,1010.6
2023-10-11 05:00:00,1.768,1010.5
2023-10-11 06:00:00,1.18,1010.5
2023-10-11 07:00:00,0.743,1010.2
2023-10-11 08:00:00,0.595,1010.2
2023-10-11 09:00:00,0.888,1010.5
2023-10-11 10:00:00,1.272,1010.8
2023-10-11 11:00:00,1.808,1011.1
2023-10-11 12:00:00,2.368,1011.6
2023-10-11 13:00:00,2.82,1011.9
2023-10-11 14:00:00,3.019,1011.7
2023-10-11 15:00:00,2.869,1011.6
2023-10-11 16:00:00,2.533,1011.3
2023-10-11 17:00:00,2.01,1010.6
2023-10-11 18:00:00,1.448,1009.9
2023-10-11 19:00:00,0.964,1009.7
2023-10-11 20:00:00,0.724,1009.6
2023-10-11 21:00:00,0.894,1009.5
2023-10-11 22:00:00,1.332,1009.7
2023-10-11 23:00:00,1.845,1010.3
2023-10-12 00:00:00,2.393,1010.5
2023-10-12 01:00:00,2.869,1010.7
2023-10-12 02:00:00,3.125,1011.4
2023-10-12 03:00:00,3.055,1011.5
2023-10-12 04:00:00,2.698,1011.4
2023-10-12 05:00:00,2.14,1011.8
2023-10-12 06:00:00,1.566,1011.8
2023-10-12 07:00:00,0.944,1011.6
2023-10-12 08:00:00,0.57,1011.8
2023-10-12 09:00:00,0.571,1011.9
2023-10-12 10:00:00,0.933,1012.1
2023-10-12 11:00:00,1.449,1012.1
2023-10-12 12:00:00,2.028,1012.5
2023-10-12 13:00:00,2.612,1012.5
2023-10-12 14:00:00,3.031,1012.2
2023-10-12 15:00:00,3.097,1012.0
2023-10-12 16:00:00,2.855,1011.5
2023-10-12 17:00:00,2.382,1010.8
2023-10-12 18:00:00,1.794,1010.3
2023-10-12 19:00:00,1.203,1010.1
2023-10-12 20:00:00,0.731,1009.8
2023-10-12 21:00:00,0.597,1009.7
2023-10-12 22:00:00,0.9,1009.8
2023-10-12 23:00:00,1.371,1010.1
2023-10-13 00:00:00,1.961,1010.2
2023-10-13 01:00:00,2.579,1010.3
2023-10-13 02:00:00,3.03,1010.7
2023-10-13 03:00:00,3.213,1010.7
2023-10-13 04:00:00,3.033,1010.8
2023-10-13 05:00:00,2.576,1011.3
2023-10-13 06:00:00,1.993,1011.3
2023-10-13 07:00:00,1.365,1011.3
2023-10-13 08:00:00,0.804,1011.3
2023-10-13 09:00:00,0.532,1011.9
2023-10-13 10:00:00,0.69,1012.2
2023-10-13 11:00:00,1.135,1012.3
2023-10-13 12:00:00,1.705,1012.6
2023-10-13 13:00:00,2.311,1012.3
2023-10-13 14:00:00,2.88,1012.6
2023-10-13 15:00:00,3.169,1012.1
2023-10-13 16:00:00,3.125,1011.8
2023-10-13 17:00:00,2.738,1011.4
2023-10-13 18:00:00,2.139,1011.2
2023-10-13 19:00:00,1.51,1011.4
2023-10-13 20:00:00,0.872,1011.2
2023-10-13 21:00:00,0.487,1011.8
2023-10-13 22:00:00,0.533,1011.8
2023-10-13 23:00:00,0.928,1012.2
2023-10-14 00:00:00,1.463,1012.4
2023-10-14 01:00:00,2.083,1012.9
2023-10-14 02:00:00,2.706,1012.5
2023-10-14 03:00:00,3.097,1012.3
2023-10-14 04:00:00,3.127,1012.2
2023-10-14 05:00:00,2.784,1012.1
2023-10-14 06:00:00,2.3,1011.6
2023-10-14 07:00:00,1.68,1011.2
2023-10-14 08:00:00,1.056,1010.8
2023-10-14 09:00:00,0.622,1010.5
2023-10-14 10:00:00,0.544,1010.7
2023-10-14 11:00:00,0.897,1010.6
2023-10-14 12:00:00,1.416,1010.6
2023-10-14 13:00:00,2.043,1010.5
2023-10-14 14:00:00,2.691,1009.6
2023-10-14 15:00:00,3.193,1008.7
2023-10-14 16:00:00,3.305,1007.8
2023-10-14 17:00:00,3.065,1007.0
2023-10-14 18:00:00,2.548,1006.1
2023-10-14 19:00:00,1.888,1005.5
2023-10-14 20:00:00,1.222,1005.3
2023-10-14 21:00:00,0.638,1005.3
2023-10-14 22:00:00,0.384,1005.4
2023-10-14 23:00:00,0.649,1004.7
2023-10-15 00:00:00,1.14,1004.3
2023-10-15 01:00:00,1.726,1003.3
2023-10-15 02:00:00,2.412,1003.0
2023-10-15 03:00:00,2.981,1002.4
2023-10-15 04:00:00,3.253,1001.4
2023-10-15 05:00:00,3.114,1000.2
2023-10-15 06:00:00,2.696,999.8
2023-10-15 07:00:00,2.15,998.2
2023-10-15 08:00:00,1.471,997.8
2023-10-15 09:00:00,0.943,998.0
2023-10-15 10:00:00,0.615,997.6
2023-10-15 11:00:00,0.792,997.1
2023-10-15 12:00:00,1.269,996.7
2023-10-15 13:00:00,1.881,996.4
2023-10-15 14:00:00,2.556,996.5
2023-10-15 15:00:00,3.173,996.2
2023-10-15 16:00:00,3.493,996.1
2023-10-15 17:00:00,3.45,995.4
2023-10-15 18:00:00,3.038,995.3
2023-10-15 19:00:00,2.425,995.5
2023-10-15 20:00:00,1.756,995.6
2023-10-15 21:00:00,0.994,995.9
2023-10-15 22:00:00,0.571,996.6
2023-10-15 23:00:00,0.508,996.9
2023-10-16 00:00:00,0.923,997.2
2023-10-16 01:00:00,1.444,997.9
2023-10-16 02:00:00,2.073,997.8
2023-10-16 03:00:00,2.783,997.6
2023-10-16 04:00:00,3.224,997.1
2023-10-16 05:00:00,3.372,997.2
2023-10-16 06:00:00,3.11,997.5
2023-10-16 07:00:00,2.587,997.5
2023-10-16 08:00:00,1.992,997.4
2023-10-16 09:00:00,1.326,997.6
2023-10-16 10:00:00,0.848,997.8
2023-10-16 11:00:00,0.707,998.1
2023-10-16 12:00:00,1.05,998.6
2023-10-16 13:00:00,1.601,999.1
2023-10-16 14:00:00,2.245,999.4
2023-10-16 15:00:00,2.912,999.7
2023-10-16 16:00:00,3.406,1000.0
2023-10-16 17:00:00,3.56,1000.2
2023-10-16 18:00:00,3.306,1000.5
2023-10-16 19:00:00,2.786,1000.7
2023-10-16 20:00:00,2.126,1001.1
2023-10-16 21:00:00,1.373,1001.8
2023-10-16 22:00:00,0.765,1002.7
2023-10-16 23:00:00,0.425,1003.5
2023-10-17 00:00:00,0.583,1004.3
2023-10-17 01:00:00,1.05,1004.9
2023-10-17 02:00:00,1.652,1005.4
2023-10-17 03:00:00,2.309,1005.8
2023-10-17 04:00:00,2.886,1005.9
2023-10-17 05:00:00,3.237,1006.3
2023-10-17 06:00:00,3.191,1006.9
2023-10-17 07:00:00,2.803,1007.3
2023-10-17 08:00:00,2.252,1007.7
2023-10-17 09:00:00,1.589,1008.0
2023-10-17 10:00:00,1.009,1008.5
2023-10-17 11:00:00,0.629,1009.2
2023-10-17 12:00:00,0.68,1010.2
2023-10-17 13:00:00,1.155,1011.1
2023-10-17 14:00:00,1.744,1011.8
2023-10-17 15:00:00,2.427,1012.0
2023-10-17 16:00:00,3.033,1012.2
2023-10-17 17:00:00,3.368,1012.1
2023-10-17 18:00:00,3.378,1012.4
2023-10-17 19:00:00,3.013,1012.9
2023-10-17 20:00:00,2.409,1013.3
2023-10-17 21:00:00,1.705,1014.0
2023-10-17 22:00:00,0.958,1014.5
2023-10-17 23:00:00,0.424,1015.2
2023-10-18 00:00:00,0.251,1015.7
2023-10-18 01:00:00,0.57,1016.4
2023-10-18 02:00:00,1.04,1016.9
2023-10-18 03:00:00,1.652,1017.1
2023-10-18 04:00:00,2.368,1017.7
2023-10-18 05:00:00,2.888,1018.0
2023-10-18 06:00:00,3.106,1018.3
2023-10-18 07:00:00,2.93,1018.5
2023-10-18 08:00:00,2.474,1018.8
2023-10-18 09:00:00,1.916,1019.1
2023-10-18 10:00:00,1.285,1019.6
2023-10-18 11:00:00,0.724,1020.0
2023-10-18 12:00:00,0.495,1020.5
2023-10-18 13:00:00,0.754,1020.7
2023-10-18 14:00:00,1.269,1021.2
2023-10-18 15:00:00,1.893,1021.4
2023-10-18 16:00:00,2.552,1021.3
2023-10-18 17:00:00,3.077,1020.8
2023-10-18 18:00:00,3.328,1020.5
2023-10-18 19:00:00,3.209,1020.2
2023-10-18 20:00:00,2.738,1020.1
2023-10-18 21:00:00,2.097,1020.3
2023-10-18 22:00:00,1.366,1020.5
2023-10-18 23:00:00,0.689,1020.7
2023-10-19 00:00:00,0.197,1020.7
2023-10-19 01:00:00,0.177,1021.2
2023-10-19 02:00:00,0.553,1021.2
2023-10-19 03:00:00,1.083,1021.0
2023-10-19 04:00:00,1.699,1021.1
2023-10-19 05:00:00,2.364,1021.0
2023-10-19 06:00:00,2.812,1021.1
2023-10-19 07:00:00,2.905,1020.8
2023-10-19 08:00:00,2.659,1020.8
2023-10-19 09:00:00,2.227,1021.1
2023-10-19 10:00:00,1.658,1021.1
2023-10-19 11:00:00,1.038,1021.4
2023-10-19 12:00:00,0.578,1021.8
2023-10-19 13:00:00,0.493,1021.8
2023-10-19 14:00:00,0.854,1021.7
2023-10-19 15:00:00,1.353,1021.2
2023-10-19 16:00:00,1.982,1020.4
2023-10-19 17:00:00,2.613,1019.4
2023-10-19 18:00:00,3.111,1018.7
2023-10-19 19:00:00,3.269,1018.1
2023-10-19 20:00:00,3.068,1017.6
2023-10-19 21:00:00,2.556,1017.5
2023-10-19 22:00:00,1.941,1017.8
2023-10-19 23:00:00,1.249,1018.2
2023-10-20 00:00:00,0.615,1018.2
2023-10-20 01:00:00,0.235,1017.8
2023-10-20 02:00:00,0.301,1017.4
2023-10-20 03:00:00,0.724,1017.1
2023-10-20 04:00:00,1.21,1017.0
2023-10-20 05:00:00,1.839,1016.7
2023-10-20 06:00:00,2.414,1016.2
2023-10-20 07:00:00,2.817,1015.6
2023-10-20 08:00:00,2.803,1014.8
2023-10-20 09:00:00,2.613,1014.5
2023-10-20 10:00:00,2.16,1014.5
2023-10-20 11:00:00,1.586,1013.8
2023-10-20 12:00:00,1.036,1013.4
2023-10-20 13:00:00,0.676,1012.8
2023-10-20 14:00:00,0.726,1012.9
2023-10-20 15:00:00,1.103,1012.1
2023-10-20 16:00:00,1.577,1011.0
2023-10-20 17:00:00,2.228,1009.8
2023-10-20 18:00:00,2.839,1008.6
2023-10-20 19:00:00,3.243,1007.2
2023-10-20 20:00:00,3.36,1007.2
2023-10-20 21:00:00,3.106,1006.6
2023-10-20 22:00:00,2.652,1005.6
2023-10-20 23:00:00,2.016,1005.0
2023-10-21 00:00:00,1.349,1004.3
2023-10-21 01:00:00,0.764,1003.7
2023-10-21 02:00:00,0.499,1002.3
2023-10-21 03:00:00,0.619,1000.4
2023-10-21 04:00:00,0.992,999.1
2023-10-21 05:00:00,1.521,998.2
2023-10-21 06:00:00,2.098,997.6
2023-10-21 07:00:00,2.663,995.6
2023-10-21 08:00:00,3.025,995.1
2023-10-21 09:00:00,3.033,994.5
2023-10-21 10:00:00,2.747,993.7
2023-10-21 11:00:00,2.346,993.1
2023-10-21 12:00:00,1.773,992.6
2023-10-21 13:00:00,1.269,991.9
2023-10-21 14:00:00,0.957,990.7
2023-10-21 15:00:00,1.011,988.8
2023-10-21 16:00:00,1.386,987.4
2023-10-21 17:00:00,1.913,985.8
2023-10-21 18:00:00,2.504,984.6
2023-10-21 19:00:00,3.091,983.8
2023-10-21 20:00:00,3.415,983.6
2023-10-21 21:00:00,3.512,983.8
2023-10-21 22:00:00,3.185,984.1
2023-10-21 23:00:00,2.764,984.9
2023-10-22 00:00:00,2.047,985.3
2023-10-22 01:00:00,1.455,986.1
2023-10-22 02:00:00,0.776,987.3
2023-10-22 03:00:00,0.472,988.1
2023-10-22 04:00:00,0.543,988.6
2023-10-22 05:00:00,0.816,989.3
2023-10-22 06:00:00,1.303,990.1
2023-10-22 07:00:00,1.868,990.9
2023-10-22 08:00:00,2.379,992.1
2023-10-22 09:00:00,2.725,993.2
2023-10-22 10:00:00,2.698,994.0
2023-10-22 11:00:00,2.555,994.8
2023-10-22 12:00:00,2.094,995.9
2023-10-22 13:00:00,1.558,996.5
2023-10-22 14:00:00,1.071,996.9
2023-10-22 15:00:00,0.702,997.2
2023-10-22 16:00:00,0.726,997.8
2023-10-22 17:00:00,0.978,997.8
2023-10-22 18:00:00,1.451,998.0
2023-10-22 19:00:00,2.01,998.6
2023-10-22 20:00:00,2.585,999.7
2023-10-22 21:00:00,3.002,1000.8
2023-10-22 22:00:00,3.122,1001.8
2023-10-22 23:00:00,2.862,1002.8
2023-10-23 00:00:00,2.415,1003.7
2023-10-23 01:00:00,1.838,1004.5
2023-10-23 02:00:00,1.182,1005.4
2023-10-23 03:00:00,0.653,1005.9
2023-10-23 04:00:00,0.363,1006.6
2023-10-23 05:00:00,0.485,1007.3
2023-10-23 06:00:00,0.884,1008.3
2023-10-23 07:00:00,1.351,1009.0
2023-10-23 08:00:00,1.982,1009.9
2023-10-23 09:00:00,2.58,1011.1
2023-10-23 10:00:00,2.933,1012.2
2023-10-23 11:00:00,2.97,1013.0
2023-10-23 12:00:00,2.718,1014.8
2023-10-23 13:00:00,2.308,1016.2
2023-10-23 14:00:00,1.785,1016.6
2023-10-23 15:00:00,1.227,1017.5
2023-10-23 16:00:00,0.867,1017.7
2023-10-23 17:00:00,0.815,1017.8
2023-10-23 18:00:00,1.189,1017.8
2023-10-23 19:00:00,1.591,1018.2
2023-10-23 20:00:00,2.12,1018.9
2023-10-23 21:00:00,2.717,1019.7
2023-10-23 22:00:00,3.155,1020.8
2023-10-23 23:00:00,3.263,1022.1
2023-10-24 00:00:00,3.046,1022.9
2023-10-24 01:00:00,2.545,1023.8
2023-10-24 02:00:00,1.945,1024.4
2023-10-24 03:00:00,1.266,1024.9
2023-10-24 04:00:00,0.638,1025.0
2023-10-24 05:00:00,0.301,1025.4
2023-10-24 06:00:00,0.399,1025.8
2023-10-24 07:00:00,0.798,1026.1
2023-10-24 08:00:00,1.327,1026.3
2023-10-24 09:00:00,1.964,1027.0
2023-10-24 10:00:00,2.625,1027.4
2023-10-24 11:00:00,2.994,1027.8
2023-10-24 12:00:00,3.049,1028.4
2023-10-24 13:00:00,2.801,1029.0
2023-10-24 14:00:00,2.32,1028.8
2023-10-24 15:00:00,1.725,1028.3
2023-10-24 16:00:00,1.054,1027.6
2023-10-24 17:00:00,0.579,1027.2
2023-10-24 18:00:00,0.471,1026.8
2023-10-24 19:00:00,0.753,1026.0
2023-10-24 20:00:00,1.24,1026.1
2023-10-24 21:00:00,1.857,1025.9
2023-10-24 22:00:00,2.522,1025.4
2023-10-24 23:00:00,3.082,1025.9
2023-10-25 00:00:00,3.212,1026.0
2023-10-25 01:00:00,3.001,1025.5
2023-10-25 02:00:00,2.551,1025.2
2023-10-25 03:00:00,1.926,1024.9
2023-10-25 04:00:00,1.19,1025.1
2023-10-25 05:00:00,0.474,1025.3
2023-10-25 06:00:00,0.053,1025.2
2023-10-25 07:00:00,0.097,1024.4
2023-10-25 08:00:00,0.558,1023.7
2023-10-25 09:00:00,1.132,1024.1
2023-10-25 10:00:00,1.817,1024.2
2023-10-25 11:00:00,2.529,1023.8
2023-10-25 12:00:00,2.96,1023.9
2023-10-25 13:00:00,3.063,1023.9
2023-10-25 14:00:00,2.76,1023.9
2023-10-25 15:00:00,2.267,1023.6
2023-10-25 16:00:00,1.587,1022.8
2023-10-25 17:00:00,0.879,1021.7
2023-10-25 18:00:00,0.31,1021.2
2023-10-25 19:00:00,0.122,1021.2
2023-10-25 20:00:00,0.518,1021.2
2023-10-25 21:00:00,1.021,1020.8
2023-10-25 22:00:00,1.757,1021.2
2023-10-25 23:00:00,2.456,1021.8
2023-10-26 00:00:00,3.068,1021.6
2023-10-26 01:00:00,3.288,1021.8
2023-10-26 02:00:00,3.063,1021.1
2023-10-26 03:00:00,2.589,1021.2
2023-10-26 04:00:00,1.942,1021.0
2023-10-26 05:00:00,1.135,1021.1
2023-10-26 06:00:00,0.456,1021.0
2023-10-26 07:00:00,0.002,1021.0
2023-10-26 08:00:00,0.106,1020.5
2023-10-26 09:00:00,0.65,1021.0
2023-10-26 10:00:00,1.262,1021.4
2023-10-26 11:00:00,2.012,1021.2
2023-10-26 12:00:00,2.758,1022.0
2023-10-26 13:00:00,3.217,1022.5
2023-10-26 14:00:00,3.229,1022.7
2023-10-26 15:00:00,2.932,1022.2
2023-10-26 16:00:00,2.347,1021.6
2023-10-26 17:00:00,1.584,1020.7
2023-10-26 18:00:00,0.774,1020.1
2023-10-26 19:00:00,0.176,1019.6
2023-10-26 20:00:00,0.085,1019.9
2023-10-26 21:00:00,0.454,1020.0
2023-10-26 22:00:00,1.044,1020.2
2023-10-26 23:00:00,1.791,1020.5
2023-10-27 00:00:00,2.609,1020.5
2023-10-27 01:00:00,3.234,1020.4
2023-10-27 02:00:00,3.431,1020.5
2023-10-27 03:00:00,3.237,1020.4
2023-10-27 04:00:00,2.677,1020.1
2023-10-27 05:00:00,1.977,1020.0
2023-10-27 06:00:00,1.148,1019.6
2023-10-27 07:00:00,0.413,1019.4
2023-10-27 08:00:00,0.012,1018.9
2023-10-27 09:00:00,0.201,1018.6
2023-10-27 10:00:00,0.77,1018.7
2023-10-27 11:00:00,1.48,1018.6
2023-10-27 12:00:00,2.323,1018.5
2023-10-27 13:00:00,3.086,1019.0
2023-10-27 14:00:00,3.483,1018.6
2023-10-27 15:00:00,3.452,1018.2
2023-10-27 16:00:00,3.012,1017.5
2023-10-27 17:00:00,2.335,1016.6
2023-10-27 18:00:00,1.498,1016.0
2023-10-27 19:00:00,0.646,1015.3
2023-10-27 20:00:00,0.056,1014.9
2023-10-27 21:00:00,-0.025,1014.7
2023-10-27 22:00:00,0.375,1014.6
2023-10-27 23:00:00,1.039,1014.6
2023-10-28 00:00:00,1.909,1014.5
2023-10-28 01:00:00,2.711,1014.3
2023-10-28 02:00:00,3.297,1014.5
2023-10-28 03:00:00,3.478,1014.3
2023-10-28 04:00:00,3.198,1013.8
2023-10-28 05:00:00,2.628,1013.4
2023-10-28 06:00:00,1.886,1013.1
2023-10-28 07:00:00,1.035,1013.0
2023-10-28 08:00:00,0.315,1012.5
2023-10-28 09:00:00,0.018,1012.4
2023-10-28 10:00:00,0.317,1012.5
2023-10-28 11:00:00,0.952,1012.9
2023-10-28 12:00:00,1.743,1013.3
2023-10-28 13:00:00,2.612,1013.6
2023-10-28 14:00:00,3.334,1013.4
2023-10-28 15:00:00,3.662,1013.0
2023-10-28 16:00:00,3.511,1012.3
2023-10-28 17:00:00,2.983,1011.7
2023-10-28 18:00:00,2.18,1011.4
2023-10-28 19:00:00,1.317,1011.3
2023-10-28 20:00:00,0.416,1011.7
2023-10-28 21:00:00,-0.147,1011.5
2023-10-28 22:00:00,-0.158,1012.6
2023-10-28 23:00:00,0.368,1013.8
2023-10-29 00:00:00,1.06,1014.4
2023-10-29 01:00:00,1.886,1015.4
2023-10-29 02:00:00,2.748,1016.0
2023-10-29 03:00:00,3.283,1016.6
2023-10-29 04:00:00,3.364,1017.7
2023-10-29 05:00:00,3.023,1018.0
2023-10-29 06:00:00,2.432,1018.2
2023-10-29 07:00:00,1.653,1018.8
2023-10-29 08:00:00,0.814,1019.7
2023-10-29 09:00:00,0.156,1020.9
2023-10-29 10:00:00,-0.022,1020.9
2023-10-29 11:00:00,0.364,1020.9
2023-10-29 12:00:00,1.062,1021.2
2023-10-29 13:00:00,1.891,1021.8
2023-10-29 14:00:00,2.796,1021.9
2023-10-29 15:00:00,3.433,1023.2
2023-10-29 16:00:00,3.649,1023.3
2023-10-29 17:00:00,3.433,1021.7
2023-10-29 18:00:00,2.834,1021.2
2023-10-29 19:00:00,2.008,1020.6
2023-10-29 20:00:00,1.131,1020.3
2023-10-29 21:00:00,0.284,1020.4
2023-10-29 22:00:00,-0.242,1020.2
2023-10-29 23:00:00,-0.072,1020.4
2023-10-30 00:00:00,0.469,1020.4
2023-10-30 01:00:00,1.195,1020.2
2023-10-30 02:00:00,2.008,1019.8
2023-10-30 03:00:00,2.813,1019.6
2023-10-30 04:00:00,3.274,1018.7
2023-10-30 05:00:00,3.294,1017.8
2023-10-30 06:00:00,2.957,1017.3
2023-10-30 07:00:00,2.35,1016.7
2023-10-30 08:00:00,1.589,1015.1
2023-10-30 09:00:00,0.843,1013.8
2023-10-30 10:00:00,0.314,1012.3
2023-10-30 11:00:00,0.269,1011.3
2023-10-30 12:00:00,0.784,1010.3
2023-10-30 13:00:00,1.44,1009.2
2023-10-30 14:00:00,2.251,1008.1
2023-10-30 15:00:00,3.096,1007.1
2023-10-30 16:00:00,3.626,1006.0
2023-10-30 17:00:00,3.722,1005.6
2023-10-30 18:00:00,3.418,1005.0
2023-10-30 19:00:00,2.782,1004.3
2023-10-30 20:00:00,2.029,1004.7
2023-10-30 21:00:00,1.104,1005.1
2023-10-30 22:00:00,0.356,1006.0
2023-10-30 23:00:00,0.036,1007.5
2023-10-31 00:00:00,0.198,1008.1
2023-10-31 01:00:00,0.793,1008.9
2023-10-31 02:00:00,1.467,1010.0
2023-10-31 03:00:00,2.279,1011.2
2023-10-31 04:00:00,2.96,1012.3
2023-10-31 05:00:00,3.291,1013.2
2023-10-31 06:00:00,3.227,1014.1
2023-10-31 07:00:00,2.738,1014.8
2023-10-31 08:00:00,2.151,1015.9
2023-10-31 09:00:00,1.407,1016.4
2023-10-31 10:00:00,0.694,1017.5
2023-10-31 11:00:00,0.25,1018.2
2023-10-31 12:00:00,0.436,1019.3
2023-10-31 13:00:00,0.952,1020.1
2023-10-31 14:00:00,1.644,1020.3
2023-10-31 15:00:00,2.406,1020.0
2023-10-31 16:00:00,3.166,1019.7
2023-10-31 17:00:00,3.584,1018.9
2023-10-31 18:00:00,3.544,1018.5
2023-10-31 19:00:00,3.162,1018.2
2023-10-31 20:00:00,2.473,1018.0
2023-10-31 21:00:00,1.664,1018.1
2023-10-31 22:00:00,0.866,1018.1
2023-10-31 23:00:00,0.217,1018.2
2023-11-01 00:00:00,0.06,1018.1
2023-11-01 01:00:00,0.338,1018.0
2023-11-01 02:00:00,0.793,1017.7
2023-11-01 03:00:00,1.527,1017.2
2023-11-01 04:00:00,2.298,1016.6
2023-11-01 05:00:00,2.911,1016.3
2023-11-01 06:00:00,3.209,1015.2
2023-11-01 07:00:00,3.065,1015.4
2023-11-01 08:00:00,2.662,1014.6
2023-11-01 09:00:00,2.055,1014.7
2023-11-01 10:00:00,1.396,1014.4
2023-11-01 11:00:00,0.861,1013.8
2023-11-01 12:00:00,0.574,1014.2
2023-11-01 13:00:00,0.861,1014.3
2023-11-01 14:00:00,1.359,1014.5
2023-11-01 15:00:00,2.033,1014.6
2023-11-01 16:00:00,2.662,1014.6
2023-11-01 17:00:00,3.35,1014.5
2023-11-01 18:00:00,3.589,1015.2
2023-11-01 19:00:00,3.505,1015.6
2023-11-01 20:00:00,3.106,1016.4
2023-11-01 21:00:00,2.404,1017.0
2023-11-01 22:00:00,1.727,1017.6
2023-11-01 23:00:00,0.917,1018.6
2023-11-02 00:00:00,0.388,1019.6
2023-11-02 01:00:00,0.282,1020.5
2023-11-02 02:00:00,0.59,1021.4
2023-11-02 03:00:00,1.091,1022.5
2023-11-02 04:00:00,1.675,1023.2
2023-11-02 05:00:00,2.378,1023.9
2023-11-02 06:00:00,2.867,1024.7
2023-11-02 07:00:00,3.063,1025.3
2023-11-02 08:00:00,2.9,1025.8
2023-11-02 09:00:00,2.472,1026.6
2023-11-02 10:00:00,1.919,1027.2
2023-11-02 11:00:00,1.309,1028.0
2023-11-02 12:00:00,0.838,1029.3
2023-11-02 13:00:00,0.656,1030.1
2023-11-02 14:00:00,0.933,1030.5
2023-11-02 15:00:00,1.348,1030.5
2023-11-02 16:00:00,1.913,1030.0
2023-11-02 17:00:00,2.529,1029.6
2023-11-02 18:00:00,3.041,1029.4
2023-11-02 19:00:00,3.263,1029.3
2023-11-02 20:00:00,3.087,1029.5
2023-11-02 21:00:00,2.64,1029.7
2023-11-02 22:00:00,2.044,1030.2
2023-11-02 23:00:00,1.37,1031.0
2023-11-03 00:00:00,0.77,1031.3
2023-11-03 01:00:00,0.299,1031.7
2023-11-03 02:00:00,0.298,1031.9
2023-11-03 03:00:00,0.649,1032.0
2023-11-03 04:00:00,1.107,1032.0
2023-11-03 05:00:00,1.69,1031.9
2023-11-03 06:00:00,2.25,1031.8
2023-11-03 07:00:00,2.659,1031.8
2023-11-03 08:00:00,2.753,1031.8
2023-11-03 09:00:00,2.55,1031.8
2023-11-03 10:00:00,2.172,1031.8
2023-11-03 11:00:00,1.666,1031.9
2023-11-03 12:00:00,1.124,1031.9
2023-11-03 13:00:00,0.729,1031.9
2023-11-03 14:00:00,0.643,1031.5
2023-11-03 15:00:00,0.907,1031.1
2023-11-03 16:00:00,1.317,1030.2
2023-11-03 17:00:00,1.86,1029.3
2023-11-03 18:00:00,2.42,1028.2
2023-11-03 19:00:00,2.89,1027.3
2023-11-03 20:00:00,3.057,1026.9
2023-11-03 21:00:00,2.855,1026.6
2023-11-03 22:00:00,2.476,1026.4
2023-11-03 23:00:00,1.931,1026.6
2023-11-04 00:00:00,1.315,1026.5
2023-11-04 01:00:00,0.727,1026.2
2023-11-04 02:00:00,0.397,1025.9
2023-11-04 03:00:00,0.445,1025.3
2023-11-04 04:00:00,0.717,1024.8
2023-11-04 05:00:00,1.121,1024.6
2023-11-04 06:00:00,1.66,1024.2
2023-11-04 07:00:00,2.154,1023.6
2023-11-04 08:00:00,2.559,1023.1
2023-11-04 09:00:00,2.573,1023.0
2023-11-04 10:00:00,2.38,1022.8
2023-11-04 11:00:00,2.055,1022.5
2023-11-04 12:00:00,1.572,1023.0
2023-11-04 13:00:00,1.104,1023.2
2023-11-04 14:00:00,0.772,1023.1
2023-11-04 15:00:00,0.741,1023.0
2023-11-04 16:00:00,0.995,1022.4
2023-11-04 17:00:00,1.37,1021.3
2023-11-04 18:00:00,1.862,1020.5
2023-11-04 19:00:00,2.373,1020.4
2023-11-04 20:00:00,2.762,1019.9
2023-11-04 21:00:00,2.875,1020.1
2023-11-04 22:00:00,2.725,1019.9
2023-11-04 23:00:00,2.384,1019.7
2023-11-05 00:00:00,1.92,1019.7
2023-11-05 01:00:00,1.38,1019.4
2023-11-05 02:00:00,0.842,1019.1
2023-11-05 03:00:00,0.583,1018.8
2023-11-05 04:00:00,0.67,1018.1
2023-11-05 05:00:00,0.952,1017.6
2023-11-05 06:00:00,1.346,1017.2
2023-11-05 07:00:00,1.834,1016.9
2023-11-05 08:00:00,2.337,1016.1
2023-11-05 09:00:00,2.674,1016.4
2023-11-05 10:00:00,2.723,1016.2
2023-11-05 11:00:00,2.542,1015.7
2023-11-05 12:00:00,2.211,1015.7
2023-11-05 13:00:00,1.793,1016.0
2023-11-05 14:00:00,1.341,1016.0
2023-11-05 15:00:00,1.02,1015.8
2023-11-05 16:00:00,0.987,1015.5
2023-11-05 17:00:00,1.183,1014.7
2023-11-05 18:00:00,1.548,1014.4
2023-11-05 19:00:00,2.004,1014.2
2023-11-05 20:00:00,2.457,1014.5
2023-11-05 21:00:00,2.841,1014.6
2023-11-05 22:00:00,2.935,1015.4
2023-11-05 23:00:00,2.798,1016.3
2023-11-06 00:00:00,2.466,1016.9
2023-11-06 01:00:00,2.0,1017.3
2023-11-06 02:00:00,1.49,1017.6
2023-11-06 03:00:00,1.027,1018.7
2023-11-06 04:00:00,0.759,1019.2
2023-11-06 05:00:00,0.823,1019.6
2023-11-06 06:00:00,1.116,1020.4
2023-11-06 07:00:00,1.452,1020.7
2023-11-06 08:00:00,1.935,1020.6
2023-11-06 09:00:00,2.393,1021.1
2023-11-06 10:00:00,2.69,1021.7
2023-11-06 11:00:00,2.761,1022.2
2023-11-06 12:00:00,2.556,1022.7
2023-11-06 13:00:00,2.26,1023.3
2023-11-06 14:00:00,1.857,1023.2
2023-11-06 15:00:00,1.4,1022.8
2023-11-06 16:00:00,1.055,1022.1
2023-11-06 17:00:00,1.007,1021.2
2023-11-06 18:00:00,1.227,1020.5
2023-11-06 19:00:00,1.513,1020.1
2023-11-06 20:00:00,1.929,1019.8
2023-11-06 21:00:00,2.418,1019.6
2023-11-06 22:00:00,2.774,1019.2
2023-11-06 23:00:00,2.89,1019.1
2023-11-07 00:00:00,2.755,1018.6
2023-11-07 01:00:00,2.439,1017.8
2023-11-07 02:00:00,1.976,1016.7
2023-11-07 03:00:00,1.499,1016.1
2023-11-07 04:00:00,0.986,1015.0
2023-11-07 05:00:00,0.735,1013.8
2023-11-07 06:00:00,0.796,1013.6
2023-11-07 07:00:00,1.042,1012.7
2023-11-07 08:00:00,1.46,1011.3
2023-11-07 09:00:00,1.941,1010.0
2023-11-07 10:00:00,2.426,1008.9
2023-11-07 11:00:00,2.721,1007.9
2023-11-07 12:00:00,2.765,1007.4
2023-11-07 13:00:00,2.613,1006.8
2023-11-07 14:00:00,2.323,1006.5
2023-11-07 15:00:00,1.902,1005.4
2023-11-07 16:00:00,1.4,1004.5
2023-11-07 17:00:00,1.104,1003.3
2023-11-07 18:00:00,1.018,1002.7
2023-11-07 19:00:00,1.273,1002.2
2023-11-07 20:00:00,1.553,1001.7
2023-11-07 21:00:00,1.994,1002.2
2023-11-07 22:00:00,2.51,1003.3
2023-11-07 23:00:00,2.842,1004.4
2023-11-08 00:00:00,2.969,1004.8
2023-11-08 01:00:00,2.805,1005.7
2023-11-08 02:00:00,2.45,1006.6
2023-11-08 03:00:00,2.023,1007.3
2023-11-08 04:00:00,1.472,1007.8
2023-11-08 05:00:00,0.987,1008.1
2023-11-08 06:00:00,0.735,1008.6
2023-11-08 07:00:00,0.828,1009.0
2023-11-08 08:00:00,1.125,1009.6
2023-11-08 09:00:00,1.521,1010.9
2023-11-08 10:00:00,2.01,1012.3
2023-11-08 11:00:00,2.487,1013.4
2023-11-08 12:00:00,2.718,1014.9
2023-11-08 13:00:00,2.76,1015.8
2023-11-08 14:00:00,2.535,1016.3
2023-11-08 15:00:00,2.178,1016.5
2023-11-08 16:00:00,1.648,1016.0
2023-11-08 17:00:00,1.151,1015.9
2023-11-08 18:00:00,0.829,1015.9
2023-11-08 19:00:00,0.786,1015.6
2023-11-08 20:00:00,1.033,1015.9
2023-11-08 21:00:00,1.386,1016.4
2023-11-08 22:00:00,1.87,1017.0
2023-11-08 23:00:00,2.344,1017.3
2023-11-09 00:00:00,2.69,1017.7
2023-11-09 01:00:00,2.8,1017.9
2023-11-09 02:00:00,2.589,1018.1
2023-11-09 03:00:00,2.25,1018.1
2023-11-09 04:00:00,1.735,1017.5
2023-11-09 05:00:00,1.212,1017.7
2023-11-09 06:00:00,0.813,1017.5
2023-11-09 07:00:00,0.659,1016.6
2023-11-09 08:00:00,0.839,1016.5
2023-11-09 09:00:00,1.201,1016.1
2023-11-09 10:00:00,1.672,1015.9
2023-11-09 11:00:00,2.231,1015.4
2023-11-09 12:00:00,2.682,1015.9
2023-11-09 13:00:00,2.918,1015.8
2023-11-09 14:00:00,2.855,1015.3
2023-11-09 15:00:00,2.503,1014.5
2023-11-09 16:00:00,2.064,1013.2
2023-11-09 17:00:00,1.512,1011.7
2023-11-09 18:00:00,1.012,1011.0
2023-11-09 19:00:00,0.765,1010.5
2023-11-09 20:00:00,0.773,1010.4
2023-11-09 21:00:00,1.051,1010.5
2023-11-09 22:00:00,1.542,1010.8
2023-11-09 23:00:00,2.081,1011.4
2023-11-10 00:00:00,2.607,1012.1
2023-11-10 01:00:00,2.924,1012.8
2023-11-10 02:00:00,2.963,1013.5
2023-11-10 03:00:00,2.697,1013.4
2023-11-10 04:00:00,2.302,1013.5
2023-11-10 05:00:00,1.76,1013.8
2023-11-10 06:00:00,1.18,1014.1
2023-11-10 07:00:00,0.736,1014.3
2023-11-10 08:00:00,0.629,1014.0
2023-11-10 09:00:00,0.896,1014.2
2023-11-10 10:00:00,1.361,1014.6
2023-11-10 11:00:00,1.888,1015.5
2023-11-10 12:00:00,2.45,1016.0
2023-11-10 13:00:00,2.872,1016.4
2023-11-10 14:00:00,3.08,1016.6
2023-11-10 15:00:00,2.904,1016.9
2023-11-10 16:00:00,2.438,1016.3
2023-11-10 17:00:00,1.894,1016.0
2023-11-10 18:00:00,1.249,1015.5
2023-11-10 19:00:00,0.725,1015.8
2023-11-10 20:00:00,0.403,1015.7
2023-11-10 21:00:00,0.509,1015.8
2023-11-10 22:00:00,0.9,1015.9
2023-11-10 23:00:00,1.432,1016.7
2023-11-11 00:00:00,2.006,1017.0
2023-11-11 01:00:00,2.555,1017.1
2023-11-11 02:00:00,2.822,1017.7
2023-11-11 03:00:00,2.805,1018.1
2023-11-11 04:00:00,2.503,1018.3
2023-11-11 05:00:00,2.02,1018.7
2023-11-11 06:00:00,1.373,1019.0
2023-11-11 07:00:00,0.84,1019.2
2023-11-11 08:00:00,0.504,1019.4
2023-11-11 09:00:00,0.576,1019.5
2023-11-11 10:00:00,0.963,1020.4
2023-11-11 11:00:00,1.481,1021.3
2023-11-11 12:00:00,2.069,1022.2
2023-11-11 13:00:00,2.692,1023.2
2023-11-11 14:00:00,3.07,1023.4
2023-11-11 15:00:00,3.098,1023.9
2023-11-11 16:00:00,2.757,1024.3
2023-11-11 17:00:00,2.196,1024.3
2023-11-11 18:00:00,1.582,1024.6
2023-11-11 19:00:00,0.947,1024.5
2023-11-11 20:00:00,0.43,1025.3
2023-11-11 21:00:00,0.264,1026.0
2023-11-11 22:00:00,0.532,1026.8
2023-11-11 23:00:00,0.973,1027.8
2023-11-12 00:00:00,1.566,1028.7
2023-11-12 01:00:00,2.174,1029.4
2023-11-12 02:00:00,2.654,1030.1
2023-11-12 03:00:00,2.896,1030.5
2023-11-12 04:00:00,2.729,1030.7
2023-11-12 05:00:00,2.306,1031.3
2023-11-12 06:00:00,1.772,1031.2
2023-11-12 07:00:00,1.148,1031.2
2023-11-12 08:00:00,0.669,1030.9
2023-11-12 09:00:00,0.435,1031.2
2023-11-12 10:00:00,0.68,1031.5
2023-11-12 11:00:00,1.163,1031.9
2023-11-12 12:00:00,1.742,1032.3
2023-11-12 13:00:00,2.394,1032.8
2023-11-12 14:00:00,2.952,1033.0
2023-11-12 15:00:00,3.195,1032.7
2023-11-12 16:00:00,3.073,1032.3
2023-11-12 17:00:00,2.629,1031.7
2023-11-12 18:00:00,1.999,1031.2
2023-11-12 19:00:00,1.335,1030.6
2023-11-12 20:00:00,0.671,1030.2
2023-11-12 21:00:00,0.209,1030.2
2023-11-12 22:00:00,0.241,1030.4
2023-11-12 23:00:00,0.613,1030.6
2023-11-13 00:00:00,1.151,1030.6
2023-11-13 01:00:00,1.787,1030.5
2023-11-13 02:00:00,2.439,1030.3
2023-11-13 03:00:00,2.874,1030.0
2023-11-13 04:00:00,2.928,1030.0
2023-11-13 05:00:00,2.667,1030.2
2023-11-13 06:00:00,2.172,1030.1
2023-11-13 07:00:00,1.574,1029.6
2023-11-13 08:00:00,0.931,1029.2
2023-11-13 09:00:00,0.484,1029.1
2023-11-13 10:00:00,0.419,1029.1
2023-11-13 11:00:00,0.791,1028.4
2023-11-13 12:00:00,1.35,1028.5
2023-11-13 13:00:00,2.02,1028.7
2023-11-13 14:00:00,2.705,1027.9
2023-11-13 15:00:00,3.196,1027.4
2023-11-13 16:00:00,3.289,1026.4
2023-11-13 17:00:00,3.07,1024.7
2023-11-13 18:00:00,2.522,1024.0
2023-11-13 19:00:00,1.831,1023.2
2023-11-13 20:00:00,1.078,1022.4
2023-11-13 21:00:00,0.45,1022.0
2023-11-13 22:00:00,0.126,1021.8
2023-11-13 23:00:00,0.322,1022.1
2023-11-14 00:00:00,0.766,1021.9
2023-11-14 01:00:00,1.357,1021.8
2023-11-14 02:00:00,2.06,1021.6
2023-11-14 03:00:00,2.698,1021.1
2023-11-14 04:00:00,3.031,1020.9
2023-11-14 05:00:00,2.943,1020.3
2023-11-14 06:00:00,2.612,1019.8
2023-11-14 07:00:00,2.069,1019.6
2023-11-14 08:00:00,1.431,1019.3
2023-11-14 09:00:00,0.84,1019.3
2023-11-14 10:00:00,0.491,1019.3
2023-11-14 11:00:00,0.606,1019.9
2023-11-14 12:00:00,1.116,1020.9
2023-11-14 13:00:00,1.742,1021.5
2023-11-14 14:00:00,2.426,1022.0
2023-11-14 15:00:00,3.074,1022.8
2023-11-14 16:00:00,3.393,1022.7
2023-11-14 17:00:00,3.356,1022.6
2023-11-14 18:00:00,2.947,1022.7
2023-11-14 19:00:00,2.31,1022.8
2023-11-14 20:00:00,1.579,1023.3
2023-11-14 21:00:00,0.803,1024.0
2023-11-14 22:00:00,0.21,1024.8
2023-11-14 23:00:00,0.066,1025.7
2023-11-15 00:00:00,0.367,1026.1
2023-11-15 01:00:00,0.877,1026.8
2023-11-15 02:00:00,1.512,1027.5
2023-11-15 03:00:00,2.24,1027.8
2023-11-15 04:00:00,2.792,1028.0
2023-11-15 05:00:00,2.999,1028.4
2023-11-15 06:00:00,2.826,1028.7
2023-11-15 07:00:00,2.382,1028.5
2023-11-15 08:00:00,1.829,1028.8
2023-11-15 09:00:00,1.177,1029.1
2023-11-15 10:00:00,0.633,1029.4
2023-11-15 11:00:00,0.424,1029.5
2023-11-15 12:00:00,0.732,1029.9
2023-11-15 13:00:00,1.28,1030.2
2023-11-15 14:00:00,1.942,1030.5
2023-11-15 15:00:00,2.601,1030.2
2023-11-15 16:00:00,3.176,1029.3
2023-11-15 17:00:00,3.395,1028.0
2023-11-15 18:00:00,3.227,1027.3
2023-11-15 19:00:00,2.72,1026.2
2023-11-15 20:00:00,2.021,1025.6
2023-11-15 21:00:00,1.26,1025.1
2023-11-15 22:00:00,0.585,1024.7
2023-11-15 23:00:00,0.087,1024.3
2023-11-16 00:00:00,0.085,1024.0
2023-11-16 01:00:00,0.504,1023.3
2023-11-16 02:00:00,1.017,1023.0
2023-11-16 03:00:00,1.699,1021.9
2023-11-16 04:00:00,2.399,1022.0
2023-11-16 05:00:00,2.844,1021.4
2023-11-16 06:00:00,2.911,1021.4
2023-11-16 07:00:00,2.629,1021.7
2023-11-16 08:00:00,2.111,1021.4
2023-11-16 09:00:00,1.507,1021.3
2023-11-16 10:00:00,0.863,1021.4
2023-11-16 11:00:00,0.402,1021.6
2023-11-16 12:00:00,0.349,1022.0
2023-11-16 13:00:00,0.753,1022.6
2023-11-16 14:00:00,1.311,1022.7
2023-11-16 15:00:00,2.017,1022.9
2023-11-16 16:00:00,2.702,1022.5
2023-11-16 17:00:00,3.231,1021.8
2023-11-16 18:00:00,3.321,1021.1
2023-11-16 19:00:00,3.081,1020.7
2023-11-16 20:00:00,2.515,1020.8
2023-11-16 21:00:00,1.838,1021.0
2023-11-16 22:00:00,1.048,1021.5
2023-11-16 23:00:00,0.401,1021.7
2023-11-17 00:00:00,0.039,1021.5
2023-11-17 01:00:00,0.171,1021.6
2023-11-17 02:00:00,0.624,1021.9
2023-11-17 03:00:00,1.186,1021.9
2023-11-17 04:00:00,1.889,1021.7
2023-11-17 05:00:00,2.513,1021.5
2023-11-17 06:00:00,2.89,1020.8
2023-11-17 07:00:00,2.917,1020.5
2023-11-17 08:00:00,2.601,1019.8
2023-11-17 09:00:00,2.099,1019.4
2023-11-17 10:00:00,1.467,1019.2
2023-11-17 11:00:00,0.864,1019.2
2023-11-17 12:00:00,0.48,1019.0
2023-11-17 13:00:00,0.597,1018.7
2023-11-17 14:00:00,1.004,1018.0
2023-11-17 15:00:00,1.623,1017.0
2023-11-17 16:00:00,2.292,1016.0
2023-11-17 17:00:00,2.946,1014.5
2023-11-17 18:00:00,3.376,1013.4
2023-11-17 19:00:00,3.395,1013.1
2023-11-17 20:00:00,3.057,1012.5
2023-11-17 21:00:00,2.501,1012.5
2023-11-17 22:00:00,1.795,1012.6
2023-11-17 23:00:00,1.052,1012.2
2023-11-18 00:00:00,0.407,1011.6
2023-11-18 01:00:00,0.126,1011.0
2023-11-18 02:00:00,0.31,1010.3
2023-11-18 03:00:00,0.77,1009.8
2023-11-18 04:00:00,1.381,1009.1
2023-11-18 05:00:00,2.087,1008.4
2023-11-18 06:00:00,2.678,1007.7
2023-11-18 07:00:00,3.02,1007.0
2023-11-18 08:00:00,2.968,1006.2
2023-11-18 09:00:00,2.619,1005.2
2023-11-18 10:00:00,2.14,1004.9
2023-11-18 11:00:00,1.526,1004.6
2023-11-18 12:00:00,0.945,1004.2
2023-11-18 13:00:00,0.624,1004.6
2023-11-18 14:00:00,0.749,1004.6
2023-11-18 15:00:00,1.198,1005.4
2023-11-18 16:00:00,1.812,1004.7
2023-11-18 17:00:00,2.49,1003.4
2023-11-18 18:00:00,3.105,1003.5
2023-11-18 19:00:00,3.474,1003.1
2023-11-18 20:00:00,3.423,1004.2
2023-11-18 21:00:00,3.087,1004.7
2023-11-18 22:00:00,2.519,1005.2
2023-11-18 23:00:00,1.863,1005.7
2023-11-19 00:00:00,1.089,1006.7
2023-11-19 01:00:00,0.489,1007.0
2023-11-19 02:00:00,0.266,1007.8
2023-11-19 03:00:00,0.493,1007.9
2023-11-19 04:00:00,0.908,1008.3
2023-11-19 05:00:00,1.453,1008.7
2023-11-19 06:00:00,2.157,1008.7
2023-11-19 07:00:00,2.75,1008.8
2023-11-19 08:00:00,3.069,1009.3
2023-11-19 09:00:00,2.913,1009.4
2023-11-19 10:00:00,2.596,1009.7
2023-11-19 11:00:00,2.076,1010.0
2023-11-19 12:00:00,1.424,1010.4
2023-11-19 13:00:00,0.907,1010.6
2023-11-19 14:00:00,0.541,1010.4
2023-11-19 15:00:00,0.69,1010.4
2023-11-19 16:00:00,1.07,1009.7
2023-11-19 17:00:00,1.568,1008.8
2023-11-19 18:00:00,2.256,1008.4
2023-11-19 19:00:00,2.837,1008.2
2023-11-19 20:00:00,3.183,1008.8
2023-11-19 21:00:00,3.201,1009.8
2023-11-19 22:00:00,2.843,1010.9
2023-11-19 23:00:00,2.363,1011.7
2023-11-20 00:00:00,1.732,1012.5
2023-11-20 01:00:00,1.002,1013.1
2023-11-20 02:00:00,0.459,1014.0
2023-11-20 03:00:00,0.218,1015.2
2023-11-20 04:00:00,0.499,1015.9
2023-11-20 05:00:00,0.926,1017.0
2023-11-20 06:00:00,1.506,1018.1
2023-11-20 07:00:00,2.164,1019.3
2023-11-20 08:00:00,2.765,1019.9
2023-11-20 09:00:00,2.987,1020.6
2023-11-20 10:00:00,2.852,1021.8
2023-11-20 11:00:00,2.537,1023.1
2023-11-20 12:00:00,1.982,1024.7
2023-11-20 13:00:00,1.363,1026.0
2023-11-20 14:00:00,0.791,1026.5
2023-11-20 15:00:00,0.454,1027.2
2023-11-20 16:00:00,0.537,1027.1
2023-11-20 17:00:00,0.89,1027.1
2023-11-20 18:00:00,1.418,1027.2
2023-11-20 19:00:00,2.062,1027.8
2023-11-20 20:00:00,2.586,1028.5
2023-11-20 21:00:00,2.985,1029.5
2023-11-20 22:00:00,3.04,1030.9
2023-11-20 23:00:00,2.687,1031.9
2023-11-21 00:00:00,2.251,1032.5
2023-11-21 01:00:00,1.617,1033.5
2023-11-21 02:00:00,0.932,1034.0
2023-11-21 03:00:00,0.448,1034.4
2023-11-21 04:00:00,0.223,1034.6
2023-11-21 05:00:00,0.498,1034.7
2023-11-21 06:00:00,0.974,1034.7
2023-11-21 07:00:00,1.519,1034.7
2023-11-21 08:00:00,2.229,1034.7
2023-11-21 09:00:00,2.745,1035.0
2023-11-21 10:00:00,3.016,1035.0
2023-11-21 11:00:00,2.964,1035.1
2023-11-21 12:00:00,2.547,1035.2
2023-11-21 13:00:00,2.057,1035.4
2023-11-21 14:00:00,1.412,1035.2
2023-11-21 15:00:00,0.807,1035.0
2023-11-21 16:00:00,0.466,1034.3
2023-11-21 17:00:00,0.459,1033.4
2023-11-21 18:00:00,0.829,1033.3
2023-11-21 19:00:00,1.342,1032.5
2023-11-21 20:00:00,1.98,1031.4
2023-11-21 21:00:00,2.601,1031.3
2023-11-21 22:00:00,3.006,1031.8
2023-11-21 23:00:00,3.053,1030.9
2023-11-22 00:00:00,2.809,1030.3
2023-11-22 01:00:00,2.274,1029.6
2023-11-22 02:00:00,1.66,1028.6
2023-11-22 03:00:00,0.965,1027.6
2023-11-22 04:00:00,0.421,1026.3
2023-11-22 05:00:00,0.212,1025.5
2023-11-22 06:00:00,0.535,1024.1
2023-11-22 07:00:00,0.943,1022.3
2023-11-22 08:00:00,1.612,1020.0
2023-11-22 09:00:00,2.363,1018.7
2023-11-22 10:00:00,2.927,1015.9
2023-11-22 11:00:00,3.315,1014.4
2023-11-22 12:00:00,3.266,1012.3
2023-11-22 13:00:00,2.889,1010.6
2023-11-22 14:00:00,2.484,1008.4
2023-11-22 15:00:00,1.795,1006.8
2023-11-22 16:00:00,1.195,1003.9
2023-11-22 17:00:00,0.765,1002.2
2023-11-22 18:00:00,0.729,1000.6
2023-11-22 19:00:00,1.155,998.5
2023-11-22 20:00:00,1.631,998.5
2023-11-22 21:00:00,2.263,998.9
2023-11-22 22:00:00,2.835,999.4
2023-11-22 23:00:00,3.228,1000.3
2023-11-23 00:00:00,3.266,1001.1
2023-11-23 01:00:00,3.053,1001.7
2023-11-23 02:00:00,2.536,1001.4
2023-11-23 03:00:00,1.902,1001.0
2023-11-23 04:00:00,1.169,1000.6
2023-11-23 05:00:00,0.603,1001.2
2023-11-23 06:00:00,0.336,1001.4
2023-11-23 07:00:00,0.626,1001.8
2023-11-23 08:00:00,1.169,1002.1
2023-11-23 09:00:00,1.818,1002.4
2023-11-23 10:00:00,2.533,1002.7
2023-11-23 11:00:00,3.206,1003.5
2023-11-23 12:00:00,3.398,1004.6
2023-11-23 13:00:00,3.326,1005.3
2023-11-23 14:00:00,2.949,1005.7
2023-11-23 15:00:00,2.353,1006.2
2023-11-23 16:00:00,1.64,1005.8
2023-11-23 17:00:00,0.881,1005.4
2023-11-23 18:00:00,0.455,1006.2
2023-11-23 19:00:00,0.475,1006.2
2023-11-23 20:00:00,0.867,1007.2
2023-11-23 21:00:00,1.345,1008.4
2023-11-23 22:00:00,2.021,1009.6
2023-11-23 23:00:00,2.738,1010.4
2023-11-24 00:00:00,3.187,1011.1
2023-11-24 01:00:00,3.225,1011.2
2023-11-24 02:00:00,2.996,1011.7
2023-11-24 03:00:00,2.474,1013.0
2023-11-24 04:00:00,1.803,1013.2
2023-11-24 05:00:00,1.039,1013.3
2023-11-24 06:00:00,0.435,1013.4
2023-11-24 07:00:00,0.264,1014.0
2023-11-24 08:00:00,0.593,1014.2
2023-11-24 09:00:00,1.093,1014.5
2023-11-24 10:00:00,1.763,1015.2
2023-11-24 11:00:00,2.536,1015.6
2023-11-24 12:00:00,3.163,1016.4
2023-11-24 13:00:00,3.43,1016.9
2023-11-24 14:00:00,3.264,1017.2
2023-11-24 15:00:00,2.845,1017.2
2023-11-24 16:00:00,2.204,1016.4
2023-11-24 17:00:00,1.381,1015.8
2023-11-24 18:00:00,0.658,1015.4
2023-11-24 19:00:00,0.171,1015.5
2023-11-24 20:00:00,0.186,1016.1
2023-11-24 21:00:00,0.59,1017.0
2023-11-24 22:00:00,1.174,1018.4
2023-11-24 23:00:00,1.901,1019.6
2023-11-25 00:00:00,2.65,1020.1
2023-11-25 01:00:00,3.101,1021.1
2023-11-25 02:00:00,3.133,1022.1
2023-11-25 03:00:00,2.806,1022.9
2023-11-25 04:00:00,2.248,1024.1
2023-11-25 05:00:00,1.552,1024.8
2023-11-25 06:00:00,0.804,1025.2
2023-11-25 07:00:00,0.235,1026.0
2023-11-25 08:00:00,0.059,1026.5
2023-11-25 09:00:00,0.418,1026.9
2023-11-25 10:00:00,0.99,1027.2
2023-11-25 11:00:00,1.714,1028.1
2023-11-25 12:00:00,2.538,1028.7
2023-11-25 13:00:00,3.153,1029.3
2023-11-25 14:00:00,3.338,1029.4
2023-11-25 15:00:00,3.196,1029.7
2023-11-25 16:00:00,2.663,1029.4
2023-11-25 17:00:00,1.964,1028.8
2023-11-25 18:00:00,1.104,1028.2
2023-11-25 19:00:00,0.361,1027.7
2023-11-25 20:00:00,-0.076,1027.8
2023-11-25 21:00:00,0.003,1027.9
2023-11-25 22:00:00,0.444,1028.0
2023-11-25 23:00:00,1.085,1027.9
2023-11-26 00:00:00,1.856,1027.6
2023-11-26 01:00:00,2.612,1027.4
2023-11-26 02:00:00,3.05,1027.4
2023-11-26 03:00:00,3.074,1027.1
2023-11-26 04:00:00,2.752,1026.9
2023-11-26 05:00:00,2.223,1026.8
2023-11-26 06:00:00,1.501,1026.2
2023-11-26 07:00:00,0.796,1026.7
2023-11-26 08:00:00,0.284,1026.6
2023-11-26 09:00:00,0.223,1026.6
2023-11-26 10:00:00,0.699,1026.1
2023-11-26 11:00:00,1.335,1026.3
2023-11-26 12:00:00,2.06,1026.4
2023-11-26 13:00:00,2.858,1026.3
2023-11-26 14:00:00,3.376,1026.4
2023-11-26 15:00:00,3.483,1025.8
2023-11-26 16:00:00,3.184,1024.6
2023-11-26 17:00:00,2.581,1023.6
2023-11-26 18:00:00,1.831,1023.1
2023-11-26 19:00:00,0.979,1022.4
2023-11-26 20:00:00,0.261,1021.9
2023-11-26 21:00:00,-0.143,1021.2
2023-11-26 22:00:00,0.04,1020.6
2023-11-26 23:00:00,0.575,1019.8
2023-11-27 00:00:00,1.271,1019.0
2023-11-27 01:00:00,2.05,1017.8
2023-11-27 02:00:00,2.802,1016.4
2023-11-27 03:00:00,3.159,1014.6
2023-11-27 04:00:00,3.193,1011.8
2023-11-27 05:00:00,2.841,1008.9
2023-11-27 06:00:00,2.351,1006.4
2023-11-27 07:00:00,1.635,1003.4
2023-11-27 08:00:00,1.054,999.9
2023-11-27 09:00:00,0.699,997.6
2023-11-27 10:00:00,0.65,997.7
2023-11-27 11:00:00,1.108,999.9
2023-11-27 12:00:00,1.862,1001.3
2023-11-27 13:00:00,2.511,1002.7
2023-11-27 14:00:00,3.214,1003.2
2023-11-27 15:00:00,3.707,1003.4
2023-11-27 16:00:00,3.646,1002.9
2023-11-27 17:00:00,3.378,1002.3
2023-11-27 18:00:00,2.605,1002.3
2023-11-27 19:00:00,1.769,1002.8
2023-11-27 20:00:00,0.938,1003.2
2023-11-27 21:00:00,0.29,1003.9
2023-11-27 22:00:00,0.104,1004.7
2023-11-27 23:00:00,0.317,1005.1
2023-11-28 00:00:00,0.825,1005.3
2023-11-28 01:00:00,1.544,1005.5
2023-11-28 02:00:00,2.31,1005.8
2023-11-28 03:00:00,2.943,1005.5
2023-11-28 04:00:00,3.246,1005.5
2023-11-28 05:00:00,3.109,1005.7
2023-11-28 06:00:00,2.679,1005.6
2023-11-28 07:00:00,2.052,1005.6
2023-11-28 08:00:00,1.343,1005.3
2023-11-28 09:00:00,0.706,1004.6
2023-11-28 10:00:00,0.395,1004.8
2023-11-28 11:00:00,0.587,1005.1
2023-11-28 12:00:00,1.106,1005.6
2023-11-28 13:00:00,1.824,1006.0
2023-11-28 14:00:00,2.548,1006.0
2023-11-28 15:00:00,3.204,1005.5
2023-11-28 16:00:00,3.585,1004.7
2023-11-28 17:00:00,3.491,1004.4
2023-11-28 18:00:00,3.037,1004.6
2023-11-28 19:00:00,2.326,1005.1
2023-11-28 20:00:00,1.446,1005.3
2023-11-28 21:00:00,0.67,1006.0
2023-11-28 22:00:00,0.051,1007.2
2023-11-28 23:00:00,-0.134,1007.4
2023-11-29 00:00:00,0.171,1007.8
2023-11-29 01:00:00,0.655,1008.2
2023-11-29 02:00:00,1.358,1008.7
2023-11-29 03:00:00,2.153,1009.2
2023-11-29 04:00:00,2.718,1009.9
2023-11-29 05:00:00,2.946,1010.3
2023-11-29 06:00:00,2.812,1010.9
2023-11-29 07:00:00,2.379,1011.9
2023-11-29 08:00:00,1.789,1012.6
2023-11-29 09:00:00,1.138,1013.5
2023-11-29 10:00:00,0.54,1014.4
2023-11-29 11:00:00,0.315,1015.5
2023-11-29 12:00:00,0.575,1016.0
2023-11-29 13:00:00,1.111,1016.8
2023-11-29 14:00:00,1.787,1016.7
2023-11-29 15:00:00,2.482,1017.0
2023-11-29 16:00:00,3.084,1016.5
2023-11-29 17:00:00,3.293,1016.1
2023-11-29 18:00:00,3.157,1015.9
2023-11-29 19:00:00,2.667,1015.8
2023-11-29 20:00:00,1.999,1015.7
2023-11-29 21:00:00,1.262,1015.8
2023-11-29 22:00:00,0.557,1016.3
2023-11-29 23:00:00,0.056,1016.3
2023-11-30 00:00:00,0.066,1016.4
2023-11-30 01:00:00,0.44,1016.6
2023-11-30 02:00:00,0.942,1016.7
2023-11-30 03:00:00,1.661,1016.9
2023-11-30 04:00:00,2.342,1017.1
2023-11-30 05:00:00,2.806,1016.8
2023-11-30 06:00:00,2.949,1016.6
2023-11-30 07:00:00,2.693,1016.8
2023-11-30 08:00:00,2.275,1016.6
2023-11-30 09:00:00,1.672,1016.8
2023-11-30 10:00:00,1.069,1017.5
2023-11-30 11:00:00,0.622,1018.2
2023-11-30 12:00:00,0.484,1018.9
2023-11-30 13:00:00,0.837,1019.4
2023-11-30 14:00:00,1.335,1019.8
2023-11-30 15:00:00,1.977,1019.8
2023-11-30 16:00:00,2.63,1019.4
2023-11-30 17:00:00,3.138,1018.3
2023-11-30 18:00:00,3.285,1017.7
2023-11-30 19:00:00,3.102,1017.5
2023-11-30 20:00:00,2.549,1017.4
2023-11-30 21:00:00,1.936,1017.6
2023-11-30 22:00:00,1.225,1018.0
2023-11-30 23:00:00,0.53,1018.4
2023-12-01 00:00:00,0.132,1018.5
2023-12-01 01:00:00,0.227,1018.8
2023-12-01 02:00:00,0.611,1018.5
2023-12-01 03:00:00,1.16,1018.3
2023-12-01 04:00:00,1.757,1018.3
2023-12-01 05:00:00,2.371,1018.7
2023-12-01 06:00:00,2.719,1018.7
2023-12-01 07:00:00,2.746,1019.2
2023-12-01 08:00:00,2.507,1019.1
2023-12-01 09:00:00,2.015,1019.2
2023-12-01 10:00:00,1.452,1019.4
2023-12-01 11:00:00,0.892,1019.6
2023-12-01 12:00:00,0.532,1020.0
2023-12-01 13:00:00,0.599,1020.3
2023-12-01 14:00:00,0.958,1020.3
2023-12-01 15:00:00,1.481,1020.4
2023-12-01 16:00:00,2.126,1019.4
2023-12-01 17:00:00,2.683,1019.0
2023-12-01 18:00:00,3.128,1018.8
2023-12-01 19:00:00,3.143,1019.0
2023-12-01 20:00:00,2.857,1018.7
2023-12-01 21:00:00,2.365,1018.2
2023-12-01 22:00:00,1.74,1018.6
2023-12-01 23:00:00,1.06,1019.3
2023-12-02 00:00:00,0.471,1018.2
2023-12-02 01:00:00,0.266,1018.7
2023-12-02 02:00:00,0.432,1017.9
2023-12-02 03:00:00,0.786,1017.6
2023-12-02 04:00:00,1.344,1017.3
2023-12-02 05:00:00,1.944,1016.3
2023-12-02 06:00:00,2.465,1015.8
2023-12-02 07:00:00,2.779,1015.5
2023-12-02 08:00:00,2.692,1015.4
2023-12-02 09:00:00,2.421,1014.6
2023-12-02 10:00:00,2.027,1014.7
2023-12-02 11:00:00,1.475,1015.0
2023-12-02 12:00:00,0.964,1015.2
2023-12-02 13:00:00,0.734,1015.4
2023-12-02 14:00:00,0.824,1015.1
2023-12-02 15:00:00,1.245,1015.3
2023-12-02 16:00:00,1.697,1014.4
2023-12-02 17:00:00,2.264,1014.5
2023-12-02 18:00:00,2.79,1014.2
2023-12-02 19:00:00,3.084,1014.4
2023-12-02 20:00:00,3.09,1015.3
2023-12-02 21:00:00,2.75,1015.6
2023-12-02 22:00:00,2.258,1016.0
2023-12-02 23:00:00,1.713,1015.9
2023-12-03 00:00:00,1.039,1016.5
2023-12-03 01:00:00,0.594,1016.9
2023-12-03 02:00:00,0.399,1017.1
2023-12-03 03:00:00,0.617,1017.4
2023-12-03 04:00:00,0.962,1017.5
2023-12-03 05:00:00,1.486,1017.4
2023-12-03 06:00:00,2.089,1017.0
2023-12-03 07:00:00,2.552,1017.3
2023-12-03 08:00:00,2.755,1017.0
2023-12-03 09:00:00,2.687,1017.1
2023-12-03 10:00:00,2.402,1016.9
2023-12-03 11:00:00,1.934,1017.0
2023-12-03 12:00:00,1.426,1016.7
2023-12-03 13:00:00,1.043,1016.7
2023-12-03 14:00:00,0.808,1015.8
2023-12-03 15:00:00,1.126,1015.0
2023-12-03 16:00:00,1.417,1013.9
2023-12-03 17:00:00,1.89,1012.7
2023-12-03 18:00:00,2.437,1011.4
2023-12-03 19:00:00,2.94,1010.5
2023-12-03 20:00:00,3.157,1010.6
2023-12-03 21:00:00,3.123,1009.2
2023-12-03 22:00:00,2.78,1008.5
2023-12-03 23:00:00,2.317,1007.4
2023-12-04 00:00:00,1.818,1006.6
2023-12-04 01:00:00,1.242,1005.9
2023-12-04 02:00:00,0.878,1004.6
2023-12-04 03:00:00,0.748,1004.1
2023-12-04 04:00:00,1.014,1003.7
2023-12-04 05:00:00,1.371,1003.5
2023-12-04 06:00:00,1.874,1003.0
2023-12-04 07:00:00,2.406,1003.5
2023-12-04 08:00:00,2.8,1003.3
2023-12-04 09:00:00,3.013,1003.7
2023-12-04 10:00:00,2.903,1003.6
2023-12-04 11:00:00,2.584,1004.8
2023-12-04 12:00:00,2.055,1005.3
2023-12-04 13:00:00,1.599,1005.9
2023-12-04 14:00:00,1.215,1006.3
2023-12-04 15:00:00,0.99,1006.5
2023-12-04 16:00:00,1.165,1006.1
2023-12-04 17:00:00,1.48,1005.0
2023-12-04 18:00:00,1.903,1005.2
2023-12-04 19:00:00,2.411,1005.6
2023-12-04 20:00:00,2.777,1005.8
2023-12-04 21:00:00,3.025,1005.8
2023-12-04 22:00:00,2.935,1006.0
2023-12-04 23:00:00,2.61,1006.9
2023-12-05 00:00:00,2.199,1007.5
2023-12-05 01:00:00,1.619,1008.0
2023-12-05 02:00:00,1.158,1007.9
2023-12-05 03:00:00,0.827,1008.0
2023-12-05 04:00:00,0.804,1008.0
2023-12-05 05:00:00,1.095,1007.9
2023-12-05 06:00:00,1.399,1008.1
2023-12-05 07:00:00,1.858,1009.3
2023-12-05 08:00:00,2.357,1010.0
2023-12-05 09:00:00,2.698,1010.9
2023-12-05 10:00:00,2.854,1011.6
2023-12-05 11:00:00,2.684,1012.8
2023-12-05 12:00:00,2.317,1013.5
2023-12-05 13:00:00,1.884,1014.6
2023-12-05 14:00:00,1.402,1014.6
2023-12-05 15:00:00,1.062,1015.7
2023-12-05 16:00:00,0.916,1015.4
2023-12-05 17:00:00,1.068,1015.1
2023-12-05 18:00:00,1.384,1015.1
2023-12-05 19:00:00,1.789,1015.8
2023-12-05 20:00:00,2.232,1016.3
2023-12-05 21:00:00,2.654,1016.6
2023-12-05 22:00:00,2.845,1017.0
2023-12-05 23:00:00,2.688,1016.6
2023-12-06 00:00:00,2.426,1017.0
2023-12-06 01:00:00,1.958,1017.2
2023-12-06 02:00:00,1.487,1017.6
2023-12-06 03:00:00,1.002,1017.5
2023-12-06 04:00:00,0.705,1017.0
2023-12-06 05:00:00,0.764,1016.8
2023-12-06 06:00:00,1.042,1016.0
2023-12-06 07:00:00,1.387,1015.8
2023-12-06 08:00:00,1.909,1015.5
2023-12-06 09:00:00,2.376,1015.1
2023-12-06 10:00:00,2.694,1015.1
2023-12-06 11:00:00,2.816,1015.4
2023-12-06 12:00:00,2.644,1015.9
2023-12-06 13:00:00,2.313,1015.8
2023-12-06 14:00:00,1.862,1015.6
2023-12-06 15:00:00,1.395,1015.5
2023-12-06 16:00:00,0.973,1014.5
2023-12-06 17:00:00,0.898,1014.0
2023-12-06 18:00:00,1.035,1013.5
2023-12-06 19:00:00,1.359,1013.2
2023-12-06 20:00:00,1.762,1013.4
2023-12-06 21:00:00,2.228,1013.6
2023-12-06 22:00:00,2.595,1014.0
2023-12-06 23:00:00,2.792,1014.1
2023-12-07 00:00:00,2.636,1014.1
2023-12-07 01:00:00,2.358,1014.4
2023-12-07 02:00:00,1.922,1014.4
2023-12-07 03:00:00,1.489,1014.7
2023-12-07 04:00:00,1.004,1014.8
2023-12-07 05:00:00,0.722,1014.9
2023-12-07 06:00:00,0.79,1014.8
2023-12-07 07:00:00,1.091,1015.1
2023-12-07 08:00:00,1.472,1015.4
2023-12-07 09:00:00,1.946,1015.4
2023-12-07 10:00:00,2.417,1015.2
2023-12-07 11:00:00,2.753,1015.5
2023-12-07 12:00:00,2.822,1015.9
2023-12-07 13:00:00,2.582,1015.6
2023-12-07 14:00:00,2.239,1016.0
2023-12-07 15:00:00,1.788,1015.5
2023-12-07 16:00:00,1.26,1014.7
2023-12-07 17:00:00,0.913,1013.9
2023-12-07 18:00:00,0.823,1013.0
2023-12-07 19:00:00,1.003,1012.8
2023-12-07 20:00:00,1.335,1012.8
2023-12-07 21:00:00,1.743,1013.3
2023-12-07 22:00:00,2.239,1013.6
2023-12-07 23:00:00,2.6,1014.1
2023-12-08 00:00:00,2.729,1014.7
2023-12-08 01:00:00,2.577,1015.2
2023-12-08 02:00:00,2.263,1015.4
2023-12-08 03:00:00,1.775,1015.9
2023-12-08 04:00:00,1.312,1016.1
2023-12-08 05:00:00,0.839,1016.3
2023-12-08 06:00:00,0.695,1016.6
2023-12-08 07:00:00,0.84,1017.1
2023-12-08 08:00:00,1.136,1017.7
2023-12-08 09:00:00,1.631,1018.4
2023-12-08 10:00:00,2.128,1019.4
2023-12-08 11:00:00,2.605,1020.0
2023-12-08 12:00:00,2.859,1020.7
2023-12-08 13:00:00,2.796,1021.4
2023-12-08 14:00:00,2.528,1021.9
2023-12-08 15:00:00,2.099,1022.4
2023-12-08 16:00:00,1.539,1022.4
2023-12-08 17:00:00,1.0,1021.7
2023-12-08 18:00:00,0.63,1021.4
2023-12-08 19:00:00,0.553,1021.7
2023-12-08 20:00:00,0.782,1021.9
2023-12-08 21:00:00,1.148,1022.5
2023-12-08 22:00:00,1.635,1023.3
2023-12-08 23:00:00,2.158,1023.7
2023-12-09 00:00:00,2.508,1024.2
2023-12-09 01:00:00,2.618,1024.4
2023-12-09 02:00:00,2.438,1024.4
2023-12-09 03:00:00,2.061,1024.4
2023-12-09 04:00:00,1.554,1024.7
2023-12-09 05:00:00,1.06,1024.7
2023-12-09 06:00:00,0.615,1024.6
2023-12-09 07:00:00,0.527,1024.5
2023-12-09 08:00:00,0.743,1024.8
2023-12-09 09:00:00,1.14,1024.9
2023-12-09 10:00:00,1.691,1025.2
2023-12-09 11:00:00,2.224,1025.1
2023-12-09 12:00:00,2.708,1025.0
2023-12-09 13:00:00,2.959,1025.1
2023-12-09 14:00:00,2.897,1025.3
2023-12-09 15:00:00,2.551,1025.5
2023-12-09 16:00:00,2.017,1024.8
2023-12-09 17:00:00,1.455,1024.0
2023-12-09 18:00:00,0.916,1023.4
2023-12-09 19:00:00,0.573,1022.6
2023-12-09 20:00:00,0.577,1022.8
2023-12-09 21:00:00,0.836,1022.9
2023-12-09 22:00:00,1.337,1022.7
2023-12-09 23:00:00,1.835,1022.2
2023-12-10 00:00:00,2.385,1021.9
2023-12-10 01:00:00,2.73,1021.5
2023-12-10 02:00:00,2.797,1021.1
2023-12-10 03:00:00,2.583,1021.2
2023-12-10 04:00:00,2.17,1020.3
2023-12-10 05:00:00,1.613,1019.7
2023-12-10 06:00:00,1.076,1019.4
2023-12-10 07:00:00,0.681,1019.2
2023-12-10 08:00:00,0.651,1018.9
2023-12-10 09:00:00,0.987,1017.7
2023-12-10 10:00:00,1.466,1018.0
2023-12-10 11:00:00,2.05,1017.8
2023-12-10 12:00:00,2.635,1017.0
2023-12-10 13:00:00,3.129,1016.8
2023-12-10 14:00:00,3.221,1016.5
2023-12-10 15:00:00,3.041,1016.0
2023-12-10 16:00:00,2.585,1015.1
2023-12-10 17:00:00,1.947,1013.7
2023-12-10 18:00:00,1.321,1012.3
2023-12-10 19:00:00,0.725,1011.6
2023-12-10 20:00:00,0.307,1010.5
2023-12-10 21:00:00,0.485,1009.9
2023-12-10 22:00:00,0.814,1009.5
2023-12-10 23:00:00,1.392,1009.1
2023-12-11 00:00:00,1.975,1007.6
2023-12-11 01:00:00,2.563,1006.6
2023-12-11 02:00:00,2.928,1005.8
2023-12-11 03:00:00,2.91,1004.7
2023-12-11 04:00:00,2.656,1002.9
2023-12-11 05:00:00,2.126,1001.4
2023-12-11 06:00:00,1.585,1000.2
2023-12-11 07:00:00,1.006,998.5
2023-12-11 08:00:00,0.69,997.9
2023-12-11 09:00:00,0.702,998.6
2023-12-11 10:00:00,1.107,999.4
2023-12-11 11:00:00,1.689,998.6
2023-12-11 12:00:00,2.339,997.8
2023-12-11 13:00:00,3.032,997.4
2023-12-11 14:00:00,3.426,998.3
2023-12-11 15:00:00,3.429,998.8
2023-12-11 16:00:00,3.113,999.5
2023-12-11 17:00:00,2.489,1000.6
2023-12-11 18:00:00,1.764,1002.3
2023-12-11 19:00:00,1.126,1003.5
2023-12-11 20:00:00,0.38,1004.7
2023-12-11 21:00:00,0.168,1006.5
2023-12-11 22:00:00,0.332,1008.4
2023-12-11 23:00:00,0.697,1010.0
2023-12-12 00:00:00,1.395,1011.6
2023-12-12 01:00:00,1.943,1012.9
2023-12-12 02:00:00,2.52,1013.9
2023-12-12 03:00:00,2.777,1015.0
2023-12-12 04:00:00,2.59,1016.1
2023-12-12 05:00:00,2.348,1017.2
2023-12-12 06:00:00,1.775,1018.4
2023-12-12 07:00:00,1.173,1019.4
2023-12-12 08:00:00,0.709,1020.7
2023-12-12 09:00:00,0.361,1021.8
2023-12-12 10:00:00,0.59,1023.2
2023-12-12 11:00:00,1.032,1024.0
2023-12-12 12:00:00,1.655,1024.8
2023-12-12 13:00:00,2.308,1025.7
2023-12-12 14:00:00,2.907,1026.5
2023-12-12 15:00:00,3.231,1027.0
2023-12-12 16:00:00,3.112,1026.6
2023-12-12 17:00:00,2.697,1026.4
2023-12-12 18:00:00,2.053,1025.9
2023-12-12 19:00:00,1.355,1025.8
2023-12-12 20:00:00,0.59,1025.5
2023-12-12 21:00:00,0.048,1025.7
2023-12-12 22:00:00,-0.025,1025.7
2023-12-12 23:00:00,0.272,1026.2
2023-12-13 00:00:00,0.804,1026.7
2023-12-13 01:00:00,1.433,1027.0
2023-12-13 02:00:00,2.166,1027.2
2023-12-13 03:00:00,2.636,1027.3
2023-12-13 04:00:00,2.798,1027.0
2023-12-13 05:00:00,2.581,1026.7
2023-12-13 06:00:00,2.135,1026.3
2023-12-13 07:00:00,1.533,1026.5
2023-12-13 08:00:00,0.86,1026.7
2023-12-13 09:00:00,0.291,1026.4
2023-12-13 10:00:00,0.17,1027.0
2023-12-13 11:00:00,0.547,1027.5
2023-12-13 12:00:00,1.107,1027.5
2023-12-13 13:00:00,1.801,1027.6
2023-12-13 14:00:00,2.539,1027.9
2023-12-13 15:00:00,3.084,1027.8
2023-12-13 16:00:00,3.314,1027.0
2023-12-13 17:00:00,3.099,1026.2
2023-12-13 18:00:00,2.531,1026.0
2023-12-13 19:00:00,1.85,1025.9
2023-12-13 20:00:00,0.997,1026.5
2023-12-13 21:00:00,0.218,1027.4
2023-12-13 22:00:00,-0.227,1028.2
2023-12-13 23:00:00,-0.178,1029.0
2023-12-14 00:00:00,0.297,1029.6
2023-12-14 01:00:00,0.833,1029.9
2023-12-14 02:00:00,1.588,1029.7
2023-12-14 03:00:00,2.318,1030.2
2023-12-14 04:00:00,2.741,1031.1
2023-12-14 05:00:00,2.788,1031.4
2023-12-14 06:00:00,2.492,1031.6
2023-12-14 07:00:00,2.005,1032.6
2023-12-14 08:00:00,1.323,1033.5
2023-12-14 09:00:00,0.677,1033.5
2023-12-14 10:00:00,0.216,1034.2
2023-12-14 11:00:00,0.206,1034.9
2023-12-14 12:00:00,0.638,1035.5
2023-12-14 13:00:00,1.228,1036.3
2023-12-14 14:00:00,1.968,1036.3
2023-12-14 15:00:00,2.736,1036.5
2023-12-14 16:00:00,3.243,1035.9
2023-12-14 17:00:00,3.304,1035.1
2023-12-14 18:00:00,3.0,1033.7
2023-12-14 19:00:00,2.403,1033.4
2023-12-14 20:00:00,1.615,1033.1
2023-12-14 21:00:00,0.751,1032.9
2023-12-14 22:00:00,0.067,1032.6
2023-12-14 23:00:00,-0.301,1032.3
2023-12-15 00:00:00,-0.124,1032.3
2023-12-15 01:00:00,0.364,1031.7
2023-12-15 02:00:00,0.983,1031.3
2023-12-15 03:00:00,1.785,1029.8
2023-12-15 04:00:00,2.43,1029.1
2023-12-15 05:00:00,2.833,1028.0
2023-12-15 06:00:00,2.759,1026.8
2023-12-15 07:00:00,2.467,1026.5
2023-12-15 08:00:00,1.878,1025.8
2023-12-15 09:00:00,1.213,1025.0
2023-12-15 10:00:00,0.56,1024.3
2023-12-15 11:00:00,0.161,1024.0
2023-12-15 12:00:00,0.252,1023.6
2023-12-15 13:00:00,0.799,1023.1
2023-12-15 14:00:00,1.446,1023.0
2023-12-15 15:00:00,2.24,1023.0
2023-12-15 16:00:00,2.937,1022.2
2023-12-15 17:00:00,3.367,1021.2
2023-12-15 18:00:00,3.369,1020.3
2023-12-15 19:00:00,2.964,1019.9
2023-12-15 20:00:00,2.306,1020.3
2023-12-15 21:00:00,1.497,1020.7
2023-12-15 22:00:00,0.695,1020.9
2023-12-15 23:00:00,0.037,1021.4
2023-12-16 00:00:00,-0.242,1021.8
2023-12-16 01:00:00,-0.019,1022.3
2023-12-16 02:00:00,0.539,1023.0
2023-12-16 03:00:00,1.206,1023.3
2023-12-16 04:00:00,1.966,1023.8
2023-12-16 05:00:00,2.57,1024.0
2023-12-16 06:00:00,2.867,1024.3
2023-12-16 07:00:00,2.756,1025.0
2023-12-16 08:00:00,2.353,1025.5
2023-12-16 09:00:00,1.772,1026.0
2023-12-16 10:00:00,1.083,1026.8
2023-12-16 11:00:00,0.445,1027.8
2023-12-16 12:00:00,0.112,1028.9
2023-12-16 13:00:00,0.333,1029.9
2023-12-16 14:00:00,0.875,1031.2
2023-12-16 15:00:00,1.601,1031.8
2023-12-16 16:00:00,2.353,1031.7
2023-12-16 17:00:00,3.045,1031.4
2023-12-16 18:00:00,3.445,1031.7
2023-12-16 19:00:00,3.358,1032.6
2023-12-16 20:00:00,2.912,1033.6
2023-12-16 21:00:00,2.274,1034.5
2023-12-16 22:00:00,1.511,1035.3
2023-12-16 23:00:00,0.715,1035.5
2023-12-17 00:00:00,0.127,1035.2
2023-12-17 01:00:00,-0.034,1035.6
2023-12-17 02:00:00,0.331,1036.1
2023-12-17 03:00:00,0.84,1036.1
2023-12-17 04:00:00,1.511,1036.2
2023-12-17 05:00:00,2.275,1035.8
2023-12-17 06:00:00,2.862,1034.9
2023-12-17 07:00:00,3.083,1035.2
2023-12-17 08:00:00,2.926,1034.8
2023-12-17 09:00:00,2.468,1034.5
2023-12-17 10:00:00,1.869,1034.0
2023-12-17 11:00:00,1.18,1033.5
2023-12-17 12:00:00,0.532,1032.3
2023-12-17 13:00:00,0.324,1032.1
2023-12-17 14:00:00,0.52,1031.8
2023-12-17 15:00:00,1.077,1030.9
2023-12-17 16:00:00,1.749,1029.7
2023-12-17 17:00:00,2.471,1027.9
2023-12-17 18:00:00,3.154,1026.1
2023-12-17 19:00:00,3.495,1025.4
2023-12-17 20:00:00,3.326,1024.1
2023-12-17 21:00:00,2.933,1022.6
2023-12-17 22:00:00,2.303,1022.3
2023-12-17 23:00:00,1.515,1021.1
2023-12-18 00:00:00,0.786,1019.8
2023-12-18 01:00:00,0.185,1018.2
2023-12-18 02:00:00,0.133,1016.0
2023-12-18 03:00:00,0.522,1014.4
2023-12-18 04:00:00,0.995,1012.8
2023-12-18 05:00:00,1.711,1010.8
2023-12-18 06:00:00,2.501,1008.7
2023-12-18 07:00:00,3.071,1007.3
2023-12-18 08:00:00,3.289,1005.0
2023-12-18 09:00:00,3.145,1003.1
2023-12-18 10:00:00,2.727,1000.2
2023-12-18 11:00:00,2.25,997.2
2023-12-18 12:00:00,1.581,994.8
2023-12-18 13:00:00,1.013,992.5
2023-12-18 14:00:00,0.734,991.7
2023-12-18 15:00:00,0.974,989.2
2023-12-18 16:00:00,1.453,986.7
2023-12-18 17:00:00,2.103,985.5
2023-12-18 18:00:00,2.767,984.5
2023-12-18 19:00:00,3.467,983.0
2023-12-18 20:00:00,3.636,979.8
2023-12-18 21:00:00,3.814,978.7
2023-12-18 22:00:00,3.342,980.7
2023-12-18 23:00:00,2.511,986.4
2023-12-19 00:00:00,1.823,991.7
2023-12-19 01:00:00,0.857,995.0
2023-12-19 02:00:00,0.183,996.7
2023-12-19 03:00:00,0.26,997.7
2023-12-19 04:00:00,0.56,1000.1
2023-12-19 05:00:00,0.955,1001.7
2023-12-19 06:00:00,1.643,1002.3
2023-12-19 07:00:00,2.323,1003.1
2023-12-19 08:00:00,3.005,1002.7
2023-12-19 09:00:00,3.224,1003.7
2023-12-19 10:00:00,2.987,1003.7
2023-12-19 11:00:00,2.799,1006.2
2023-12-19 12:00:00,2.022,1007.4
2023-12-19 13:00:00,1.481,1008.6
2023-12-19 14:00:00,0.947,1009.2
2023-12-19 15:00:00,0.618,1009.8
2023-12-19 16:00:00,0.839,1009.9
2023-12-19 17:00:00,1.181,1010.5
2023-12-19 18:00:00,1.723,1011.2
2023-12-19 19:00:00,2.382,1011.9
2023-12-19 20:00:00,2.853,1013.4
2023-12-19 21:00:00,3.2,1014.8
2023-12-19 22:00:00,3.099,1016.5
2023-12-19 23:00:00,2.688,1017.7
2023-12-20 00:00:00,2.105,1019.1
2023-12-20 01:00:00,1.432,1020.1
2023-12-20 02:00:00,0.78,1020.5
2023-12-20 03:00:00,0.316,1021.4
2023-12-20 04:00:00,0.21,1021.6
2023-12-20 05:00:00,0.562,1021.7
2023-12-20 06:00:00,1.111,1022.0
2023-12-20 07:00:00,1.743,1022.6
2023-12-20 08:00:00,2.423,1023.0
2023-12-20 09:00:00,2.986,1023.4
2023-12-20 10:00:00,3.093,1024.1
2023-12-20 11:00:00,2.901,1024.7
2023-12-20 12:00:00,2.457,1025.4
2023-12-20 13:00:00,1.83,1025.7
2023-12-20 14:00:00,1.222,1026.2
2023-12-20 15:00:00,0.593,1026.6
2023-12-20 16:00:00,0.229,1025.8
2023-12-20 17:00:00,0.482,1025.0
2023-12-20 18:00:00,0.891,1024.5
2023-12-20 19:00:00,1.484,1023.7
2023-12-20 20:00:00,2.115,1023.5
2023-12-20 21:00:00,2.826,1024.0
2023-12-20 22:00:00,3.066,1024.6
2023-12-20 23:00:00,2.981,1025.0
2023-12-21 00:00:00,2.614,1024.8
2023-12-21 01:00:00,2.033,1024.7
2023-12-21 02:00:00,1.363,1024.5
2023-12-21 03:00:00,0.728,1024.5
2023-12-21 04:00:00,0.246,1024.7
2023-12-21 05:00:00,0.312,1025.0
2023-12-21 06:00:00,0.7,1025.5
2023-12-21 07:00:00,1.216,1025.7
2023-12-21 08:00:00,1.877,1026.0
2023-12-21 09:00:00,2.607,1026.3
2023-12-21 10:00:00,3.123,1026.6
2023-12-21 11:00:00,3.265,1027.1
2023-12-21 12:00:00,3.055,1027.6
2023-12-21 13:00:00,2.576,1028.4
2023-12-21 14:00:00,1.936,1028.9
2023-12-21 15:00:00,1.215,1029.0
2023-12-21 16:00:00,0.576,1028.3
2023-12-21 17:00:00,0.277,1027.8
2023-12-21 18:00:00,0.438,1027.3
2023-12-21 19:00:00,0.904,1027.5
2023-12-21 20:00:00,1.398,1027.8
2023-12-21 21:00:00,2.08,1028.3
2023-12-21 22:00:00,2.755,1028.7
2023-12-21 23:00:00,3.112,1029.1
2023-12-22 00:00:00,3.088,1029.5
2023-12-22 01:00:00,2.679,1030.0
2023-12-22 02:00:00,2.136,1030.2
2023-12-22 03:00:00,1.495,1030.4
2023-12-22 04:00:00,0.827,1030.3
2023-12-22 05:00:00,0.406,1030.2
2023-12-22 06:00:00,0.384,1030.0
2023-12-22 07:00:00,0.8,1030.2
2023-12-22 08:00:00,1.28,1030.1
2023-12-22 09:00:00,1.928,1029.9
2023-12-22 10:00:00,2.621,1030.1
2023-12-22 11:00:00,3.12,1030.6
2023-12-22 12:00:00,3.217,1031.0
2023-12-22 13:00:00,2.973,1031.4
2023-12-22 14:00:00,2.479,1031.8
2023-12-22 15:00:00,1.835,1032.0
2023-12-22 16:00:00,1.073,1031.5
2023-12-22 17:00:00,0.401,1030.9
2023-12-22 18:00:00,0.116,1030.3
2023-12-22 19:00:00,0.269,1030.1
2023-12-22 20:00:00,0.714,1030.4
2023-12-22 21:00:00,1.27,1030.9
2023-12-22 22:00:00,1.993,1031.5
2023-12-22 23:00:00,2.674,1031.8
2023-12-23 00:00:00,2.989,1032.4
2023-12-23 01:00:00,2.943,1032.6
2023-12-23 02:00:00,2.582,1032.9
2023-12-23 03:00:00,2.074,1033.0
2023-12-23 04:00:00,1.404,1032.8
2023-12-23 05:00:00,0.755,1032.6
2023-12-23 06:00:00,0.304,1032.7
2023-12-23 07:00:00,0.35,1033.1
2023-12-23 08:00:00,0.77,1033.1
2023-12-23 09:00:00,1.348,1032.9
2023-12-23 10:00:00,2.02,1033.0
2023-12-23 11:00:00,2.736,1033.4
2023-12-23 12:00:00,3.2,1033.7
2023-12-23 13:00:00,3.295,1034.0
2023-12-23 14:00:00,3.041,1034.1
2023-12-23 15:00:00,2.507,1034.1
2023-12-23 16:00:00,1.768,1033.4
2023-12-23 17:00:00,0.988,1032.5
2023-12-23 18:00:00,0.28,1031.8
2023-12-23 19:00:00,-0.014,1031.7
2023-12-23 20:00:00,0.131,1031.6
2023-12-23 21:00:00,0.585,1031.5
2023-12-23 22:00:00,1.241,1031.6
2023-12-23 23:00:00,1.963,1031.8
2023-12-24 00:00:00,2.611,1032.4
2023-12-24 01:00:00,3.007,1032.4
2023-12-24 02:00:00,2.927,1032.2
2023-12-24 03:00:00,2.602,1032.0
2023-12-24 04:00:00,2.042,1031.6
2023-12-24 05:00:00,1.365,1031.1
2023-12-24 06:00:00,0.712,1030.9
2023-12-24 07:00:00,0.294,1031.1
2023-12-24 08:00:00,0.308,1030.7
2023-12-24 09:00:00,0.801,1030.4
2023-12-24 10:00:00,1.424,1030.3
2023-12-24 11:00:00,2.15,1030.5
2023-12-24 12:00:00,2.85,1030.5
2023-12-24 13:00:00,3.307,1030.6
2023-12-24 14:00:00,3.391,1031.0
2023-12-24 15:00:00,3.064,1031.4
2023-12-24 16:00:00,2.475,1030.8
2023-12-24 17:00:00,1.736,1030.2
2023-12-24 18:00:00,0.929,1029.5
2023-12-24 19:00:00,0.24,1029.3
2023-12-24 20:00:00,-0.114,1029.4
2023-12-24 21:00:00,0.07,1029.6
2023-12-24 22:00:00,0.577,1029.8
2023-12-24 23:00:00,1.212,1030.1
2023-12-25 00:00:00,1.944,1030.1
2023-12-25 01:00:00,2.624,1030.2
2023-12-25 02:00:00,2.945,1030.1
2023-12-25 03:00:00,2.87,1030.1
2023-12-25 04:00:00,2.515,1030.1
2023-12-25 05:00:00,1.971,1030.0
2023-12-25 06:00:00,1.295,1030.0
2023-12-25 07:00:00,0.655,1030.3
2023-12-25 08:00:00,0.271,1030.5
2023-12-25 09:00:00,0.35,1030.3
2023-12-25 10:00:00,0.882,1030.7
2023-12-25 11:00:00,1.537,1030.9
2023-12-25 12:00:00,2.238,1031.5
2023-12-25 13:00:00,2.968,1031.7
2023-12-25 14:00:00,3.429,1032.1
2023-12-25 15:00:00,3.447,1032.1
2023-12-25 16:00:00,3.043,1031.6
2023-12-25 17:00:00,2.418,1030.9
2023-12-25 18:00:00,1.695,1030.1
2023-12-25 19:00:00,0.911,1030.1
2023-12-25 20:00:00,0.218,1029.9
2023-12-25 21:00:00,-0.044,1029.9
2023-12-25 22:00:00,0.231,1030.0
2023-12-25 23:00:00,0.744,1030.4
2023-12-26 00:00:00,1.373,1030.5
2023-12-26 01:00:00,2.097,1030.5
2023-12-26 02:00:00,2.751,1030.0
2023-12-26 03:00:00,3.013,1029.4
2023-12-26 04:00:00,2.857,1028.9
2023-12-26 05:00:00,2.454,1028.7
2023-12-26 06:00:00,1.914,1028.6
2023-12-26 07:00:00,1.195,1028.5
2023-12-26 08:00:00,0.587,1028.1
2023-12-26 09:00:00,0.226,1027.7
2023-12-26 10:00:00,0.438,1027.4
2023-12-26 11:00:00,0.992,1027.3
2023-12-26 12:00:00,1.635,1027.2
2023-12-26 13:00:00,2.381,1027.4
2023-12-26 14:00:00,3.049,1027.4
2023-12-26 15:00:00,3.405,1027.2
2023-12-26 16:00:00,3.328,1026.3
2023-12-26 17:00:00,2.886,1025.5
2023-12-26 18:00:00,2.248,1024.5
2023-12-26 19:00:00,1.474,1023.5
2023-12-26 20:00:00,0.653,1023.2
2023-12-26 21:00:00,0.009,1023.4
2023-12-26 22:00:00,-0.139,1023.6
2023-12-26 23:00:00,0.234,1023.7
2023-12-27 00:00:00,0.768,1023.7
2023-12-27 01:00:00,1.43,1023.4
2023-12-27 02:00:00,2.182,1022.9
2023-12-27 03:00:00,2.748,1023.0
2023-12-27 04:00:00,2.948,1022.5
2023-12-27 05:00:00,2.77,1022.0
2023-12-27 06:00:00,2.329,1021.7
2023-12-27 07:00:00,1.799,1021.7
2023-12-27 08:00:00,1.103,1021.5
2023-12-27 09:00:00,0.527,1021.0
2023-12-27 10:00:00,0.337,1020.8
2023-12-27 11:00:00,0.645,1020.8
2023-12-27 12:00:00,1.213,1020.7
2023-12-27 13:00:00,1.895,1020.7
2023-12-27 14:00:00,2.675,1020.5
2023-12-27 15:00:00,3.297,1020.7
2023-12-27 16:00:00,3.537,1020.0
2023-12-27 17:00:00,3.377,1018.8
2023-12-27 18:00:00,2.88,1018.0
2023-12-27 19:00:00,2.221,1017.5
2023-12-27 20:00:00,1.44,1017.4
2023-12-27 21:00:00,0.666,1016.8
2023-12-27 22:00:00,0.163,1017.3
2023-12-27 23:00:00,0.167,1017.6
2023-12-28 00:00:00,0.599,1017.1
2023-12-28 01:00:00,1.127,1016.3
2023-12-28 02:00:00,1.85,1015.7
2023-12-28 03:00:00,2.561,1015.0
2023-12-28 04:00:00,3.014,1015.3
2023-12-28 05:00:00,3.104,1014.3
2023-12-28 06:00:00,2.859,1013.6
2023-12-28 07:00:00,2.364,1013.2
2023-12-28 08:00:00,1.747,1012.4
2023-12-28 09:00:00,1.09,1011.7
2023-12-28 10:00:00,0.625,1011.5
2023-12-28 11:00:00,0.552,1011.3
2023-12-28 12:00:00,0.956,1011.0
2023-12-28 13:00:00,1.536,1011.0
2023-12-28 14:00:00,2.247,1010.7
2023-12-28 15:00:00,2.976,1009.7
2023-12-28 16:00:00,3.491,1008.8
2023-12-28 17:00:00,3.632,1007.0
2023-12-28 18:00:00,3.369,1006.5
2023-12-28 19:00:00,2.875,1005.7
2023-12-28 20:00:00,2.138,1005.9
2023-12-28 21:00:00,1.345,1005.9
2023-12-28 22:00:00,0.703,1005.7
2023-12-28 23:00:00,0.336,1006.0
2023-12-29 00:00:00,0.471,1005.5
2023-12-29 01:00:00,0.938,1005.1
2023-12-29 02:00:00,1.551,1005.6
2023-12-29 03:00:00,2.247,1005.4
2023-12-29 04:00:00,2.876,1004.6
2023-12-29 05:00:00,3.304,1004.2
2023-12-29 06:00:00,3.285,1003.9
2023-12-29 07:00:00,2.969,1003.9
2023-12-29 08:00:00,2.437,1004.0
2023-12-29 09:00:00,1.766,1003.9
2023-12-29 10:00:00,1.154,1003.4
2023-12-29 11:00:00,0.811,1004.0
2023-12-29 12:00:00,0.86,1004.0
2023-12-29 13:00:00,1.314,1004.3
2023-12-29 14:00:00,1.911,1004.2
2023-12-29 15:00:00,2.589,1004.5
2023-12-29 16:00:00,3.227,1004.0
2023-12-29 17:00:00,3.578,1003.1
2023-12-29 18:00:00,3.592,1002.4
2023-12-29 19:00:00,3.255,1002.1
2023-12-29 20:00:00,2.647,1002.3
2023-12-29 21:00:00,1.913,1002.3
2023-12-29 22:00:00,1.196,1002.3
2023-12-29 23:00:00,0.585,1002.6
2023-12-30 00:00:00,0.379,1002.6
2023-12-30 01:00:00,0.624,1002.4
2023-12-30 02:00:00,1.114,1002.2
2023-12-30 03:00:00,1.688,1002.1
2023-12-30 04:00:00,2.351,1001.7
2023-12-30 05:00:00,2.919,1001.3
2023-12-30 06:00:00,3.182,1000.3
2023-12-30 07:00:00,3.067,1000.2
2023-12-30 08:00:00,2.673,1000.1
2023-12-30 09:00:00,2.148,999.4
2023-12-30 10:00:00,1.492,999.5
2023-12-30 11:00:00,0.948,999.0
2023-12-30 12:00:00,0.668,998.8
2023-12-30 13:00:00,0.911,998.8
2023-12-30 14:00:00,1.332,998.8
2023-12-30 15:00:00,1.987,999.1
2023-12-30 16:00:00,2.632,998.7
2023-12-30 17:00:00,3.205,998.3
2023-12-30 18:00:00,3.463,998.1
2023-12-30 19:00:00,3.39,998.3
2023-12-30 20:00:00,2.907,999.3
2023-12-30 21:00:00,2.316,1000.2
2023-12-30 22:00:00,1.615,1001.2
2023-12-30 23:00:00,0.969,1002.2
2023-12-31 00:00:00,0.452,1003.0
2023-12-31 01:00:00,0.403,1003.8
2023-12-31 02:00:00,0.743,1004.5
2023-12-31 03:00:00,1.173,1005.4
2023-12-31 04:00:00,1.785,1006.3
2023-12-31 05:00:00,2.425,1006.8
2023-12-31 06:00:00,2.897,1007.5
2023-12-31 07:00:00,3.03,1008.5
2023-12-31 08:00:00,2.78,1009.2
2023-12-31 09:00:00,2.39,1009.9
2023-12-31 10:00:00,1.832,1010.4
2023-12-31 11:00:00,1.236,1010.9
2023-12-31 12:00:00,0.769,1011.6
2023-12-31 13:00:00,0.59,1012.0
2023-12-31 14:00:00,0.935,1012.9
2023-12-31 15:00:00,1.408,1013.3
2023-12-31 16:00:00,1.95,1013.1
2023-12-31 17:00:00,2.566,1012.8
2023-12-31 18:00:00,3.069,1012.3
2023-12-31 19:00:00,3.273,1012.4
2023-12-31 20:00:00,3.069,1012.6
2023-12-31 21:00:00,2.584,1012.9
2023-12-31 22:00:00,2.011,1013.3
2023-12-31 23:00:00,1.358,1014.2
2024-01-01 00:00:00,0.782,1014.6
2024-01-01 01:00:00,0.413,1014.5
2024-01-01 02:00:00,0.486,1014.7
2024-01-01 03:00:00,0.883,1014.8
2024-01-01 04:00:00,1.368,1014.8
2024-01-01 05:00:00,1.948,1014.5
2024-01-01 06:00:00,2.512,1014.5
2024-01-01 07:00:00,2.833,1014.9
2024-01-01 08:00:00,2.872,1014.9
2024-01-01 09:00:00,2.572,1014.9
2024-01-01 10:00:00,2.153,1014.6
2024-01-01 11:00:00,1.598,1015.3
2024-01-01 12:00:00,1.022,1015.7
2024-01-01 13:00:00,0.664,1016.3
2024-01-01 14:00:00,0.635,1016.7
2024-01-01 15:00:00,1.005,1017.2
2024-01-01 16:00:00,1.483,1017.1
2024-01-01 17:00:00,2.031,1016.6
2024-01-01 18:00:00,2.59,1016.0
2024-01-01 19:00:00,3.016,1015.7
2024-01-01 20:00:00,3.026,1016.1
2024-01-01 21:00:00,2.799,1016.5
2024-01-01 22:00:00,2.38,1017.0
2024-01-01 23:00:00,1.78,1017.4
2024-01-02 00:00:00,1.223,1017.8
2024-01-02 01:00:00,0.697,1018.0
2024-01-02 02:00:00,0.504,1018.2
2024-01-02 03:00:00,0.738,1018.1
2024-01-02 04:00:00,1.103,1018.0
2024-01-02 05:00:00,1.607,1017.6
2024-01-02 06:00:00,2.192,1017.4
2024-01-02 07:00:00,2.699,1017.5
2024-01-02 08:00:00,2.964,1017.6
2024-01-02 09:00:00,2.869,1017.3
2024-01-02 10:00:00,2.516,1017.1
2024-01-02 11:00:00,2.096,1017.6
2024-01-02 12:00:00,1.469,1017.8
2024-01-02 13:00:00,1.002,1017.7
2024-01-02 14:00:00,0.72,1017.8
2024-01-02 15:00:00,0.819,1017.6
2024-01-02 16:00:00,1.128,1016.5
2024-01-02 17:00:00,1.593,1015.6
2024-01-02 18:00:00,2.128,1014.6
2024-01-02 19:00:00,2.62,1014.1
2024-01-02 20:00:00,2.926,1014.1
2024-01-02 21:00:00,2.887,1013.9
2024-01-02 22:00:00,2.618,1013.8
2024-01-02 23:00:00,2.18,1014.0
2024-01-03 00:00:00,1.615,1013.9
2024-01-03 01:00:00,1.055,1013.5
2024-01-03 02:00:00,0.658,1013.3
2024-01-03 03:00:00,0.573,1013.3
2024-01-03 04:00:00,0.863,1013.3
2024-01-03 05:00:00,1.263,1012.8
2024-01-03 06:00:00,1.792,1012.7
2024-01-03 07:00:00,2.382,1013.2
2024-01-03 08:00:00,2.824,1013.0
2024-01-03 09:00:00,2.967,1013.1
2024-01-03 10:00:00,2.854,1013.4
2024-01-03 11:00:00,2.461,1013.7
2024-01-03 12:00:00,2.023,1014.2
2024-01-03 13:00:00,1.459,1014.4
2024-01-03 14:00:00,1.021,1014.9
2024-01-03 15:00:00,0.831,1015.0
2024-01-03 16:00:00,0.965,1014.6
2024-01-03 17:00:00,1.257,1013.7
2024-01-03 18:00:00,1.728,1013.2
2024-01-03 19:00:00,2.249,1013.2
2024-01-03 20:00:00,2.675,1013.5
2024-01-03 21:00:00,2.9,1013.6
2024-01-03 22:00:00,2.849,1013.7
2024-01-03 23:00:00,2.524,1013.4
2024-01-04 00:00:00,2.113,1014.6
2024-01-04 01:00:00,1.546,1014.8
2024-01-04 02:00:00,1.065,1014.3
2024-01-04 03:00:00,0.718,1014.1
2024-01-04 04:00:00,0.757,1013.7
2024-01-04 05:00:00,1.052,1013.5
2024-01-04 06:00:00,1.499,1013.4
2024-01-04 07:00:00,1.999,1013.4
2024-01-04 08:00:00,2.52,1013.1
2024-01-04 09:00:00,2.921,1012.7
2024-01-04 10:00:00,2.997,1012.3
2024-01-04 11:00:00,2.828,1012.2
2024-01-04 12:00:00,2.414,1012.2
2024-01-04 13:00:00,1.896,1011.8
2024-01-04 14:00:00,1.397,1012.3
2024-01-04 15:00:00,0.967,1012.3
2024-01-04 16:00:00,0.796,1011.8
2024-01-04 17:00:00,0.961,1010.7
2024-01-04 18:00:00,1.301,1010.1
2024-01-04 19:00:00,1.723,1010.0
2024-01-04 20:00:00,2.207,1010.4
2024-01-04 21:00:00,2.583,1011.7
2024-01-04 22:00:00,2.801,1012.7
2024-01-04 23:00:00,2.638,1014.2
2024-01-05 00:00:00,2.346,1015.5
2024-01-05 01:00:00,1.881,1016.3
2024-01-05 02:00:00,1.384,1017.2
2024-01-05 03:00:00,0.882,1017.9
2024-01-05 04:00:00,0.635,1018.4
2024-01-05 05:00:00,0.694,1018.8
2024-01-05 06:00:00,1.027,1019.1
2024-01-05 07:00:00,1.431,1019.4
2024-01-05 08:00:00,1.952,1019.8
2024-01-05 09:00:00,2.472,1020.5
2024-01-05 10:00:00,2.735,1020.9
2024-01-05 11:00:00,2.821,1021.4
2024-01-05 12:00:00,2.57,1021.7
2024-01-05 13:00:00,2.154,1022.4
2024-01-05 14:00:00,1.723,1022.9
2024-01-05 15:00:00,1.177,1022.6
2024-01-05 16:00:00,0.786,1022.0
2024-01-05 17:00:00,0.691,1020.8
2024-01-05 18:00:00,0.774,1020.2
2024-01-05 19:00:00,1.091,1020.0
2024-01-05 20:00:00,1.478,1020.3
2024-01-05 21:00:00,1.999,1020.5
2024-01-05 22:00:00,2.398,1020.9
2024-01-05 23:00:00,2.552,1021.1
2024-01-06 00:00:00,2.469,1021.6
2024-01-06 01:00:00,2.142,1022.0
2024-01-06 02:00:00,1.746,1021.6
2024-01-06 03:00:00,1.249,1021.4
2024-01-06 04:00:00,0.799,1021.1
2024-01-06 05:00:00,0.64,1021.7
2024-01-06 06:00:00,0.773,1021.2
2024-01-06 07:00:00,1.126,1021.4
2024-01-06 08:00:00,1.589,1021.8
2024-01-06 09:00:00,2.09,1022.1
2024-01-06 10:00:00,2.577,1022.5
2024-01-06 11:00:00,2.845,1022.9
2024-01-06 12:00:00,2.814,1022.9
2024-01-06 13:00:00,2.543,1023.2
2024-01-06 14:00:00,2.173,1023.1
2024-01-06 15:00:00,1.624,1024.0
2024-01-06 16:00:00,1.085,1022.9
2024-01-06 17:00:00,0.703,1022.3
2024-01-06 18:00:00,0.644,1021.5
2024-01-06 19:00:00,0.873,1020.8
2024-01-06 20:00:00,1.167,1020.1
2024-01-06 21:00:00,1.637,1019.5
2024-01-06 22:00:00,2.225,1019.5
2024-01-06 23:00:00,2.617,1019.2
2024-01-07 00:00:00,2.784,1017.8
2024-01-07 01:00:00,2.667,1018.0
2024-01-07 02:00:00,2.352,1016.3
2024-01-07 03:00:00,1.924,1014.3
2024-01-07 04:00:00,1.562,1012.5
2024-01-07 05:00:00,1.131,1010.9
2024-01-07 06:00:00,1.047,1010.9
2024-01-07 07:00:00,1.248,1009.9
2024-01-07 08:00:00,1.626,1009.2
2024-01-07 09:00:00,2.194,1008.9
2024-01-07 10:00:00,2.674,1008.0
2024-01-07 11:00:00,3.231,1007.4
2024-01-07 12:00:00,3.481,1006.6
2024-01-07 13:00:00,3.411,1006.0
2024-01-07 14:00:00,3.198,1005.3
2024-01-07 15:00:00,2.602,1004.0
2024-01-07 16:00:00,2.138,1002.3
2024-01-07 17:00:00,1.525,1000.3
2024-01-07 18:00:00,1.117,999.7
2024-01-07 19:00:00,1.003,1000.3
2024-01-07 20:00:00,1.166,1001.7
2024-01-07 21:00:00,1.564,1002.3
2024-01-07 22:00:00,2.056,1003.3
2024-01-07 23:00:00,2.61,1005.0
2024-01-08 00:00:00,2.971,1006.8
2024-01-08 01:00:00,3.079,1008.3
2024-01-08 02:00:00,2.865,1009.7
2024-01-08 03:00:00,2.538,1010.6
2024-01-08 04:00:00,2.066,1011.2
2024-01-08 05:00:00,1.519,1012.2
2024-01-08 06:00:00,1.142,1013.3
2024-01-08 07:00:00,1.037,1014.7
2024-01-08 08:00:00,1.38,1015.7
2024-01-08 09:00:00,1.722,1016.4
2024-01-08 10:00:00,2.217,1018.2
2024-01-08 11:00:00,2.741,1019.3
2024-01-08 12:00:00,3.177,1020.5
2024-01-08 13:00:00,3.421,1022.4
2024-01-08 14:00:00,3.296,1024.1
2024-01-08 15:00:00,2.806,1024.3
2024-01-08 16:00:00,2.247,1024.3
2024-01-08 17:00:00,1.555,1024.5
2024-01-08 18:00:00,0.928,1024.7
2024-01-08 19:00:00,0.554,1025.8
2024-01-08 20:00:00,0.41,1026.6
2024-01-08 21:00:00,0.678,1027.0
2024-01-08 22:00:00,1.177,1027.3
2024-01-08 23:00:00,1.757,1028.2
2024-01-09 00:00:00,2.314,1028.5
2024-01-09 01:00:00,2.742,1029.2
2024-01-09 02:00:00,2.836,1029.7
2024-01-09 03:00:00,2.599,1029.4
2024-01-09 04:00:00,2.209,1029.1
2024-01-09 05:00:00,1.632,1029.4
2024-01-09 06:00:00,1.084,1029.0
2024-01-09 07:00:00,0.683,1029.9
2024-01-09 08:00:00,0.578,1031.0
2024-01-09 09:00:00,0.917,1029.7
2024-01-09 10:00:00,1.434,1029.3
2024-01-09 11:00:00,2.057,1029.9
2024-01-09 12:00:00,2.699,1030.6
2024-01-09 13:00:00,3.192,1030.2
2024-01-09 14:00:00,3.413,1029.5
2024-01-09 15:00:00,3.193,1028.9
2024-01-09 16:00:00,2.651,1028.7
2024-01-09 17:00:00,2.093,1027.8
2024-01-09 18:00:00,1.285,1026.4
2024-01-09 19:00:00,0.675,1024.8
2024-01-09 20:00:00,0.262,1022.5
2024-01-09 21:00:00,0.293,1021.4
2024-01-09 22:00:00,0.747,1019.8
2024-01-09 23:00:00,1.338,1018.5
2024-01-10 00:00:00,1.984,1016.4
2024-01-10 01:00:00,2.713,1014.2
2024-01-10 02:00:00,3.276,1010.8
2024-01-10 03:00:00,3.321,1008.3
2024-01-10 04:00:00,3.136,1005.3
2024-01-10 05:00:00,2.629,1001.5
2024-01-10 06:00:00,2.127,997.5
2024-01-10 07:00:00,1.612,993.7
2024-01-10 08:00:00,1.136,989.2
2024-01-10 09:00:00,1.141,989.2
2024-01-10 10:00:00,1.479,985.6
2024-01-10 11:00:00,2.156,981.4
2024-01-10 12:00:00,2.914,979.7
2024-01-10 13:00:00,3.521,980.0
2024-01-10 14:00:00,3.954,981.6
2024-01-10 15:00:00,4.203,983.1
2024-01-10 16:00:00,3.764,983.5
2024-01-10 17:00:00,3.112,984.3
2024-01-10 18:00:00,2.533,985.5
2024-01-10 19:00:00,1.393,986.9
2024-01-10 20:00:00,0.765,988.6
2024-01-10 21:00:00,0.259,990.8
2024-01-10 22:00:00,0.367,992.4
2024-01-10 23:00:00,0.916,994.1
2024-01-11 00:00:00,1.336,995.3
2024-01-11 01:00:00,2.043,996.3
2024-01-11 02:00:00,2.738,997.3
2024-01-11 03:00:00,3.155,998.0
2024-01-11 04:00:00,3.158,999.0
2024-01-11 05:00:00,2.764,999.8
2024-01-11 06:00:00,2.356,1000.9
2024-01-11 07:00:00,1.651,1002.1
2024-01-11 08:00:00,1.004,1002.9
2024-01-11 09:00:00,0.506,1003.8
2024-01-11 10:00:00,0.562,1004.8
2024-01-11 11:00:00,1.064,1005.8
2024-01-11 12:00:00,1.659,1006.8
2024-01-11 13:00:00,2.441,1007.8
2024-01-11 14:00:00,3.194,1008.3
2024-01-11 15:00:00,3.635,1008.6
2024-01-11 16:00:00,3.716,1008.3
2024-01-11 17:00:00,3.34,1007.3
2024-01-11 18:00:00,2.758,1007.3
2024-01-11 19:00:00,1.979,1007.8
2024-01-11 20:00:00,1.109,1007.7
2024-01-11 21:00:00,0.353,1008.5
2024-01-11 22:00:00,0.08,1009.4
2024-01-11 23:00:00,0.32,1009.8
2024-01-12 00:00:00,0.845,1010.6
2024-01-12 01:00:00,1.499,1011.1
2024-01-12 02:00:00,2.274,1011.9
2024-01-12 03:00:00,2.965,1012.7
2024-01-12 04:00:00,3.199,1013.1
2024-01-12 05:00:00,3.174,1013.4
2024-01-12 06:00:00,2.672,1014.2
2024-01-12 07:00:00,2.045,1015.6
2024-01-12 08:00:00,1.325,1016.1
2024-01-12 09:00:00,0.582,1017.2
2024-01-12 10:00:00,0.229,1017.9
2024-01-12 11:00:00,0.413,1018.3
2024-01-12 12:00:00,0.961,1019.4
2024-01-12 13:00:00,1.704,1020.5
2024-01-12 14:00:00,2.515,1021.2
2024-01-12 15:00:00,3.281,1021.9
2024-01-12 16:00:00,3.667,1022.0
2024-01-12 17:00:00,3.601,1021.6
2024-01-12 18:00:00,3.177,1021.4
2024-01-12 19:00:00,2.411,1020.6
2024-01-12 20:00:00,1.552,1020.9
2024-01-12 21:00:00,0.642,1021.0
2024-01-12 22:00:00,-0.044,1020.8
2024-01-12 23:00:00,-0.228,1019.9
2024-01-13 00:00:00,0.189,1019.5
2024-01-13 01:00:00,0.834,1018.9
2024-01-13 02:00:00,1.679,1018.6
2024-01-13 03:00:00,2.538,1020.0
2024-01-13 04:00:00,3.23,1017.6
2024-01-13 05:00:00,3.505,1016.3
2024-01-13 06:00:00,3.335,1014.8
2024-01-13 07:00:00,2.88,1012.4
2024-01-13 08:00:00,2.239,1009.5
2024-01-13 09:00:00,1.448,1005.7
2024-01-13 10:00:00,0.784,1004.1
2024-01-13 11:00:00,0.616,1002.0
2024-01-13 12:00:00,0.893,998.1
2024-01-13 13:00:00,1.621,996.3
2024-01-13 14:00:00,2.376,993.2
2024-01-13 15:00:00,3.228,990.8
2024-01-13 16:00:00,4.053,988.4
2024-01-13 17:00:00,4.379,985.9
2024-01-13 18:00:00,4.269,984.5
2024-01-13 19:00:00,3.704,983.8
2024-01-13 20:00:00,2.83,984.0
2024-01-13 21:00:00,1.961,985.9
2024-01-13 22:00:00,1.0,987.4
2024-01-13 23:00:00,0.219,989.9
2024-01-14 00:00:00,0.064,992.5
2024-01-14 01:00:00,0.375,994.0
2024-01-14 02:00:00,1.05,995.2
2024-01-14 03:00:00,1.891,996.5
2024-01-14 04:00:00,2.638,998.0
2024-01-14 05:00:00,3.215,999.7
2024-01-14 06:00:00,3.462,1001.5
2024-01-14 07:00:00,3.172,1003.2
2024-01-14 08:00:00,2.637,1004.4
2024-01-14 09:00:00,1.916,1005.5
2024-01-14 10:00:00,1.041,1006.2
2024-01-14 11:00:00,0.368,1006.7
2024-01-14 12:00:00,0.064,1007.8
2024-01-14 13:00:00,0.312,1008.1
2024-01-14 14:00:00,0.993,1008.5
2024-01-14 15:00:00,1.835,1008.2
2024-01-14 16:00:00,2.687,1007.6
2024-01-14 17:00:00,3.447,1006.3
2024-01-14 18:00:00,3.726,1005.5
2024-01-14 19:00:00,3.544,1004.9
2024-01-14 20:00:00,3.023,1004.9
2024-01-14 21:00:00,2.174,1005.0
2024-01-14 22:00:00,1.274,1006.8
2024-01-14 23:00:00,0.336,1010.2
2024-01-15 00:00:00,-0.197,1012.5
2024-01-15 01:00:00,-0.373,1014.5
2024-01-15 02:00:00,0.236,1015.6
2024-01-15 03:00:00,0.801,1016.6
2024-01-15 04:00:00,1.599,1017.0
2024-01-15 05:00:00,2.516,1017.5
2024-01-15 06:00:00,3.003,1017.8
2024-01-15 07:00:00,3.1,1019.0
2024-01-15 08:00:00,2.979,1020.0
2024-01-15 09:00:00,2.391,1020.7
2024-01-15 10:00:00,1.68,1020.9
2024-01-15 11:00:00,0.97,1021.5
2024-01-15 12:00:00,0.255,1021.8
2024-01-15 13:00:00,0.093,1022.5
2024-01-15 14:00:00,0.437,1023.1
2024-01-15 15:00:00,1.11,1023.1
2024-01-15 16:00:00,1.923,1022.2
2024-01-15 17:00:00,2.675,1021.8
2024-01-15 18:00:00,3.282,1021.4
2024-01-15 19:00:00,3.517,1021.1
2024-01-15 20:00:00,3.267,1021.5
2024-01-15 21:00:00,2.604,1021.7
2024-01-15 22:00:00,1.85,1021.5
2024-01-15 23:00:00,1.013,1022.0
2024-01-16 00:00:00,0.215,1022.0
2024-01-16 01:00:00,-0.171,1021.7
2024-01-16 02:00:00,-0.047,1021.8
2024-01-16 03:00:00,0.472,1021.9
2024-01-16 04:00:00,1.193,1022.0
2024-01-16 05:00:00,2.041,1021.6
2024-01-16 06:00:00,2.86,1021.0
2024-01-16 07:00:00,3.358,1021.2
2024-01-16 08:00:00,3.371,1020.4
2024-01-16 09:00:00,3.054,1020.0
2024-01-16 10:00:00,2.485,1019.4
2024-01-16 11:00:00,1.739,1018.9
2024-01-16 12:00:00,0.959,1017.8
2024-01-16 13:00:00,0.367,1016.7
2024-01-16 14:00:00,0.256,1015.7
2024-01-16 15:00:00,0.73,1014.8
2024-01-16 16:00:00,1.305,1012.3
2024-01-16 17:00:00,2.064,1008.9
2024-01-16 18:00:00,2.929,1006.9
2024-01-16 19:00:00,3.531,1004.1
2024-01-16 20:00:00,3.693,1002.9
2024-01-16 21:00:00,3.422,1001.3
2024-01-16 22:00:00,2.819,1001.1
2024-01-16 23:00:00,2.159,1001.5
2024-01-17 00:00:00,1.254,1002.3
2024-01-17 01:00:00,0.526,1001.8
2024-01-17 02:00:00,0.219,1002.3
2024-01-17 03:00:00,0.29,1002.8
2024-01-17 04:00:00,0.786,1003.7
2024-01-17 05:00:00,1.533,1004.4
2024-01-17 06:00:00,2.274,1004.6
2024-01-17 07:00:00,3.002,1005.4
2024-01-17 08:00:00,3.434,1006.1
2024-01-17 09:00:00,3.391,1006.4
2024-01-17 10:00:00,3.051,1006.8
2024-01-17 11:00:00,2.425,1007.3
2024-01-17 12:00:00,1.675,1008.3
2024-01-17 13:00:00,0.864,1009.3
2024-01-17 14:00:00,0.288,1009.9
2024-01-17 15:00:00,0.206,1010.5
2024-01-17 16:00:00,0.553,1010.2
2024-01-17 17:00:00,1.065,1009.7
2024-01-17 18:00:00,1.778,1009.1
2024-01-17 19:00:00,2.554,1009.3
2024-01-17 20:00:00,2.999,1009.5
2024-01-17 21:00:00,3.096,1010.1
2024-01-17 22:00:00,2.86,1011.0
2024-01-17 23:00:00,2.356,1012.0
2024-01-18 00:00:00,1.732,1013.1
2024-01-18 01:00:00,0.879,1014.0
2024-01-18 02:00:00,0.219,1014.9
2024-01-18 03:00:00,-0.038,1015.4
2024-01-18 04:00:00,0.125,1015.8
2024-01-18 05:00:00,0.606,1015.9
2024-01-18 06:00:00,1.294,1016.3
2024-01-18 07:00:00,1.992,1016.8
2024-01-18 08:00:00,2.647,1017.2
2024-01-18 09:00:00,3.06,1017.6
2024-01-18 10:00:00,3.027,1018.3
2024-01-18 11:00:00,2.686,1018.6
2024-01-18 12:00:00,2.087,1018.6
2024-01-18 13:00:00,1.414,1019.0
2024-01-18 14:00:00,0.746,1019.5
2024-01-18 15:00:00,0.202,1019.7
2024-01-18 16:00:00,0.095,1019.3
2024-01-18 17:00:00,0.398,1018.1
2024-01-18 18:00:00,0.887,1017.3
2024-01-18 19:00:00,1.494,1016.9
2024-01-18 20:00:00,2.165,1016.8
2024-01-18 21:00:00,2.623,1016.4
2024-01-18 22:00:00,2.756,1016.8
2024-01-18 23:00:00,2.546,1017.2
2024-01-19 00:00:00,2.085,1016.9
2024-01-19 01:00:00,1.516,1017.1
2024-01-19 02:00:00,0.866,1017.3
2024-01-19 03:00:00,0.347,1017.2
2024-01-19 04:00:00,0.098,1017.1
2024-01-19 05:00:00,0.301,1016.2
2024-01-19 06:00:00,0.857,1015.6
2024-01-19 07:00:00,1.512,1014.8
2024-01-19 08:00:00,2.203,1014.5
2024-01-19 09:00:00,2.805,1014.0
2024-01-19 10:00:00,3.178,1013.6
2024-01-19 11:00:00,3.119,1013.2
2024-01-19 12:00:00,2.747,1013.0
2024-01-19 13:00:00,2.244,1012.7
2024-01-19 14:00:00,1.551,1012.5
2024-01-19 15:00:00,0.957,1011.7
2024-01-19 16:00:00,0.413,1011.3
2024-01-19 17:00:00,0.304,1009.3
2024-01-19 18:00:00,0.603,1008.1
2024-01-19 19:00:00,1.038,1007.2
2024-01-19 20:00:00,1.605,1006.4
2024-01-19 21:00:00,2.231,1006.2
2024-01-19 22:00:00,2.748,1005.9
2024-01-19 23:00:00,2.89,1006.0
2024-01-20 00:00:00,2.677,1006.3
2024-01-20 01:00:00,2.255,1006.4
2024-01-20 02:00:00,1.78,1006.7
2024-01-20 03:00:00,1.147,1006.7
2024-01-20 04:00:00,0.624,1006.6
2024-01-20 05:00:00,0.364,1006.4
2024-01-20 06:00:00,0.612,1006.5
2024-01-20 07:00:00,1.146,1007.1
2024-01-20 08:00:00,1.668,1007.2
2024-01-20 09:00:00,2.375,1007.5
2024-01-20 10:00:00,2.951,1007.9
2024-01-20 11:00:00,3.267,1008.4
2024-01-20 12:00:00,3.224,1008.9
2024-01-20 13:00:00,2.845,1009.5
2024-01-20 14:00:00,2.32,1009.8
2024-01-20 15:00:00,1.728,1009.5
2024-01-20 16:00:00,1.034,1009.2
2024-01-20 17:00:00,0.53,1008.5
2024-01-20 18:00:00,0.403,1008.3
2024-01-20 19:00:00,0.678,1008.6
2024-01-20 20:00:00,1.055,1009.0
2024-01-20 21:00:00,1.577,1009.6
2024-01-20 22:00:00,2.225,1010.6
2024-01-20 23:00:00,2.744,1011.3
2024-01-21 00:00:00,2.935,1011.9
2024-01-21 01:00:00,2.754,1012.2
2024-01-21 02:00:00,2.377,1012.7
2024-01-21 03:00:00,1.888,1013.3
2024-01-21 04:00:00,1.293,1014.0
2024-01-21 05:00:00,0.745,1014.3
2024-01-21 06:00:00,0.506,1014.9
2024-01-21 07:00:00,0.718,1015.7
2024-01-21 08:00:00,1.102,1016.4
2024-01-21 09:00:00,1.644,1016.9
2024-01-21 10:00:00,2.284,1017.7
2024-01-21 11:00:00,2.831,1018.6
2024-01-21 12:00:00,3.149,1019.5
2024-01-21 13:00:00,3.136,1020.9
2024-01-21 14:00:00,2.797,1021.6
2024-01-21 15:00:00,2.27,1022.0
2024-01-21 16:00:00,1.588,1021.9
2024-01-21 17:00:00,0.869,1021.5
2024-01-21 18:00:00,0.345,1021.0
2024-01-21 19:00:00,0.229,1021.0
2024-01-21 20:00:00,0.454,1021.7
2024-01-21 21:00:00,0.796,1022.7
2024-01-21 22:00:00,1.369,1023.6
2024-01-21 23:00:00,2.002,1024.7
2024-01-22 00:00:00,2.479,1026.1
2024-01-22 01:00:00,2.695,1026.7
2024-01-22 02:00:00,2.538,1027.2
2024-01-22 03:00:00,2.206,1027.8
2024-01-22 04:00:00,1.707,1028.4
2024-01-22 05:00:00,1.106,1028.9
2024-01-22 06:00:00,0.61,1029.4
2024-01-22 07:00:00,0.396,1030.0
2024-01-22 08:00:00,0.626,1030.2
2024-01-22 09:00:00,1.068,1030.1
2024-01-22 10:00:00,1.63,1030.3
2024-01-22 11:00:00,2.285,1030.8
2024-01-22 12:00:00,2.857,1031.5
2024-01-22 13:00:00,3.179,1031.7
2024-01-22 14:00:00,3.119,1031.7
2024-01-22 15:00:00,2.783,1031.5
2024-01-22 16:00:00,2.181,1030.9
2024-01-22 17:00:00,1.506,1029.2
2024-01-22 18:00:00,0.826,1028.6
2024-01-22 19:00:00,0.251,1028.3
2024-01-22 20:00:00,0.095,1028.1
2024-01-22 21:00:00,0.314,1027.8
2024-01-22 22:00:00,0.752,1028.1
2024-01-22 23:00:00,1.304,1028.1
2024-01-23 00:00:00,1.954,1027.5
2024-01-23 01:00:00,2.433,1027.0
2024-01-23 02:00:00,2.606,
2024-01-23 03:00:00,2.473,
2024-01-23 04:00:00,2.089,1025.5
2024-01-23 05:00:00,1.618,1025.4
2024-01-23 06:00:00,0.973,1025.1
2024-01-23 07:00:00,0.488,1025.1
2024-01-23 08:00:00,0.238,1025.4
2024-01-23 09:00:00,0.436,1025.9
2024-01-23 10:00:00,0.913,1026.2
2024-01-23 11:00:00,1.476,1026.6
2024-01-23 12:00:00,2.172,1027.3
2024-01-23 13:00:00,2.709,1028.4
2024-01-23 14:00:00,3.036,1029.0
2024-01-23 15:00:00,2.995,1029.7
2024-01-23 16:00:00,2.565,1030.1
2024-01-23 17:00:00,2.023,1030.4
2024-01-23 18:00:00,1.36,1030.4
2024-01-23 19:00:00,0.68,1030.7
2024-01-23 20:00:00,0.175,1031.4
2024-01-23 21:00:00,0.027,1032.2
2024-01-23 22:00:00,0.365,1032.7
2024-01-23 23:00:00,0.787,1033.6
2024-01-24 00:00:00,1.362,1034.0
2024-01-24 01:00:00,2.047,1034.4
2024-01-24 02:00:00,2.567,1034.7
2024-01-24 03:00:00,2.718,1035.5
2024-01-24 04:00:00,2.543,1035.6
2024-01-24 05:00:00,2.14,1035.4
2024-01-24 06:00:00,1.666,1035.6
2024-01-24 07:00:00,1.065,1036.0
2024-01-24 08:00:00,0.625,1035.7
2024-01-24 09:00:00,0.461,1035.7
2024-01-24 10:00:00,0.82,1035.6
2024-01-24 11:00:00,1.284,1035.5
2024-01-24 12:00:00,1.896,1035.6
2024-01-24 13:00:00,2.535,1034.9
2024-01-24 14:00:00,3.079,1035.1
2024-01-24 15:00:00,3.304,1035.3
2024-01-24 16:00:00,3.135,1034.6
2024-01-24 17:00:00,2.604,1033.5
2024-01-24 18:00:00,2.049,1032.5
2024-01-24 19:00:00,1.31,1032.1
2024-01-24 20:00:00,0.608,1031.5
2024-01-24 21:00:00,0.107,1031.1
2024-01-24 22:00:00,0.122,1030.3
2024-01-24 23:00:00,0.529,1029.4
2024-01-25 00:00:00,1.016,1028.7
2024-01-25 01:00:00,1.637,1027.6
2024-01-25 02:00:00,2.326,1026.6
2024-01-25 03:00:00,2.734,1025.5
2024-01-25 04:00:00,2.86,1024.2
2024-01-25 05:00:00,2.625,1022.6
2024-01-25 06:00:00,2.185,1020.6
2024-01-25 07:00:00,1.654,1019.1
2024-01-25 08:00:00,1.016,1018.0
2024-01-25 09:00:00,0.545,1017.0
2024-01-25 10:00:00,0.46,1016.0
2024-01-25 11:00:00,0.825,1016.5
2024-01-25 12:00:00,1.375,1017.1
2024-01-25 13:00:00,2.035,1017.4
2024-01-25 14:00:00,2.71,1018.3
2024-01-25 15:00:00,3.193,1019.4
2024-01-25 16:00:00,3.332,1019.5
2024-01-25 17:00:00,3.051,1019.5
2024-01-25 18:00:00,2.521,1019.5
2024-01-25 19:00:00,1.863,1020.2
2024-01-25 20:00:00,1.116,1020.8
2024-01-25 21:00:00,0.384,1021.5
2024-01-25 22:00:00,0.054,1022.4
2024-01-25 23:00:00,0.158,1023.2
2024-01-26 00:00:00,0.642,1024.3
2024-01-26 01:00:00,1.204,1024.7
2024-01-26 02:00:00,1.858,1025.3
2024-01-26 03:00:00,2.538,1025.7
2024-01-26 04:00:00,2.895,1026.2
2024-01-26 05:00:00,2.882,1025.9
2024-01-26 06:00:00,2.578,1025.4
2024-01-26 07:00:00,2.049,1025.2
2024-01-26 08:00:00,1.478,1024.3
2024-01-26 09:00:00,0.875,1023.4
2024-01-26 10:00:00,0.519,1022.8
2024-01-26 11:00:00,0.645,1022.3
2024-01-26 12:00:00,1.093,1022.0
2024-01-26 13:00:00,1.74,1022.2
2024-01-26 14:00:00,2.355,1021.3
2024-01-26 15:00:00,3.122,1021.3
2024-01-26 16:00:00,3.521,1019.7
2024-01-26 17:00:00,3.513,1018.1
2024-01-26 18:00:00,3.142,1016.2
2024-01-26 19:00:00,2.655,1016.1
2024-01-26 20:00:00,1.857,1015.5
2024-01-26 21:00:00,1.179,1016.0
2024-01-26 22:00:00,0.548,1016.0
2024-01-26 23:00:00,0.357,1016.4
2024-01-27 00:00:00,0.658,1017.4
2024-01-27 01:00:00,1.096,1017.9
2024-01-27 02:00:00,1.678,1018.6
2024-01-27 03:00:00,2.338,1018.7
2024-01-27 04:00:00,2.857,1019.2
2024-01-27 05:00:00,3.084,1019.3
2024-01-27 06:00:00,2.912,1019.4
2024-01-27 07:00:00,2.492,1019.8
2024-01-27 08:00:00,1.924,1019.8
2024-01-27 09:00:00,1.253,1020.5
2024-01-27 10:00:00,0.695,1020.8
2024-01-27 11:00:00,0.4,1021.4
2024-01-27 12:00:00,0.604,1022.1
2024-01-27 13:00:00,1.141,1022.9
2024-01-27 14:00:00,1.779,1023.8
2024-01-27 15:00:00,2.465,1023.9
2024-01-27 16:00:00,3.018,1023.8
2024-01-27 17:00:00,3.326,1023.5
2024-01-27 18:00:00,3.15,1023.0
2024-01-27 19:00:00,2.779,1022.8
2024-01-27 20:00:00,2.141,1022.6
2024-01-27 21:00:00,1.395,1022.6
2024-01-27 22:00:00,0.755,1022.9
2024-01-27 23:00:00,0.237,1023.4
2024-01-28 00:00:00,0.286,1023.4
2024-01-28 01:00:00,0.686,1023.6
2024-01-28 02:00:00,1.143,1023.0
2024-01-28 03:00:00,1.854,1022.5
2024-01-28 04:00:00,2.511,1022.3
2024-01-28 05:00:00,2.938,1022.1
2024-01-28 06:00:00,3.096,1020.9
2024-01-28 07:00:00,2.752,1020.9
2024-01-28 08:00:00,2.29,1020.5
2024-01-28 09:00:00,1.681,1019.7
2024-01-28 10:00:00,1.048,1019.0
2024-01-28 11:00:00,0.631,1018.6
2024-01-28 12:00:00,0.466,1017.9
2024-01-28 13:00:00,0.886,1017.0
2024-01-28 14:00:00,1.427,1016.9
2024-01-28 15:00:00,1.983,1017.2
2024-01-28 16:00:00,2.705,1015.6
2024-01-28 17:00:00,3.16,1014.0
2024-01-28 18:00:00,3.339,1012.6
2024-01-28 19:00:00,3.159,1010.5
2024-01-28 20:00:00,2.6,1009.3
2024-01-28 21:00:00,2.006,1008.6
2024-01-28 22:00:00,1.327,1007.6
2024-01-28 23:00:00,0.734,1006.7
2024-01-29 00:00:00,0.441,1006.6
2024-01-29 01:00:00,0.607,1006.2
2024-01-29 02:00:00,1.065,1004.9
2024-01-29 03:00:00,1.688,1004.2
2024-01-29 04:00:00,2.329,1003.6
2024-01-29 05:00:00,2.888,1003.2
2024-01-29 06:00:00,3.223,1003.1
2024-01-29 07:00:00,3.184,1003.3
2024-01-29 08:00:00,2.887,1003.3
2024-01-29 09:00:00,2.308,1003.4
2024-01-29 10:00:00,1.715,1003.7
2024-01-29 11:00:00,1.144,1004.0
2024-01-29 12:00:00,0.847,1004.7
2024-01-29 13:00:00,0.893,1005.6
2024-01-29 14:00:00,1.367,1006.6
2024-01-29 15:00:00,1.913,1007.4
2024-01-29 16:00:00,2.512,1007.9
2024-01-29 17:00:00,3.126,1008.1
2024-01-29 18:00:00,3.517,1008.8
2024-01-29 19:00:00,3.51,1009.5
2024-01-29 20:00:00,3.183,1010.4
2024-01-29 21:00:00,2.646,1011.6
2024-01-29 22:00:00,1.996,1012.8
2024-01-29 23:00:00,1.388,1013.9
2024-01-30 00:00:00,0.926,1014.9
2024-01-30 01:00:00,0.817,1015.9
2024-01-30 02:00:00,1.101,1016.6
2024-01-30 03:00:00,1.545,1017.6
2024-01-30 04:00:00,2.117,1018.2
2024-01-30 05:00:00,2.669,1018.5
2024-01-30 06:00:00,3.154,1019.1
2024-01-30 07:00:00,3.289,1019.7
2024-01-30 08:00:00,3.118,1020.3
2024-01-30 09:00:00,2.667,1020.9
2024-01-30 10:00:00,2.132,1021.5
2024-01-30 11:00:00,1.549,1022.2
2024-01-30 12:00:00,1.043,1022.8
2024-01-30 13:00:00,0.835,1023.8
2024-01-30 14:00:00,1.057,1024.6
2024-01-30 15:00:00,1.455,1025.1
2024-01-30 16:00:00,1.959,1025.6
2024-01-30 17:00:00,2.461,1025.1
2024-01-30 18:00:00,2.924,1024.6
2024-01-30 19:00:00,3.174,1024.6
2024-01-30 20:00:00,3.036,1024.9
2024-01-30 21:00:00,2.606,1024.9
2024-01-30 22:00:00,2.084,1025.0
2024-01-30 23:00:00,1.472,1025.0
2024-01-31 00:00:00,0.984,1024.7
2024-01-31 01:00:00,0.646,1024.6
2024-01-31 02:00:00,0.698,1024.3
2024-01-31 03:00:00,1.086,1024.0
2024-01-31 04:00:00,1.547,1023.6
2024-01-31 05:00:00,2.146,1023.6
2024-01-31 06:00:00,2.668,1023.3
2024-01-31 07:00:00,2.995,1023.4
2024-01-31 08:00:00,3.019,1022.9
2024-01-31 09:00:00,2.717,1022.3
2024-01-31 10:00:00,2.258,1022.1
2024-01-31 11:00:00,1.659,1022.2
2024-01-31 12:00:00,1.082,1022.0
2024-01-31 13:00:00,0.665,1021.6
2024-01-31 14:00:00,0.617,1021.1
2024-01-31 15:00:00,0.954,1021.1
2024-01-31 16:00:00,1.394,1020.5
2024-01-31 17:00:00,1.923,1019.7
2024-01-31 18:00:00,2.477,1019.6
2024-01-31 19:00:00,2.872,1018.8
2024-01-31 20:00:00,2.976,1018.7
2024-01-31 21:00:00,2.729,1018.6
2024-01-31 22:00:00,2.3,1018.4
2024-01-31 23:00:00,1.76,1018.4
2024-02-01 00:00:00,1.181,1018.4
2024-02-01 01:00:00,0.708,1018.0
2024-02-01 02:00:00,0.49,1017.8
2024-02-01 03:00:00,0.736,1017.6
2024-02-01 04:00:00,1.136,1017.4
2024-02-01 05:00:00,1.667,1016.8
2024-02-01 06:00:00,2.288,1016.2
2024-02-01 07:00:00,2.757,1016.1
2024-02-01 08:00:00,3.038,1015.9
2024-02-01 09:00:00,2.956,1016.2
2024-02-01 10:00:00,2.615,1016.0
2024-02-01 11:00:00,2.153,1016.3
2024-02-01 12:00:00,1.531,1016.5
2024-02-01 13:00:00,0.99,1016.7
2024-02-01 14:00:00,0.673,1016.5
2024-02-01 15:00:00,0.728,1016.1
2024-02-01 16:00:00,1.07,1015.7
2024-02-01 17:00:00,1.448,1014.7
2024-02-01 18:00:00,2.021,1013.9
2024-02-01 19:00:00,2.567,1013.2
2024-02-01 20:00:00,2.907,1012.7
2024-02-01 21:00:00,2.929,1012.3
2024-02-01 22:00:00,2.62,1011.5
2024-02-01 23:00:00,2.272,1011.9
2024-02-02 00:00:00,1.732,1012.1
2024-02-02 01:00:00,1.208,1012.1
2024-02-02 02:00:00,0.819,1012.1
2024-02-02 03:00:00,0.742,1011.9
2024-02-02 04:00:00,1.078,1011.5
2024-02-02 05:00:00,1.473,1011.5
2024-02-02 06:00:00,1.969,1011.1
2024-02-02 07:00:00,2.541,1010.9
2024-02-02 08:00:00,2.966,1010.0
2024-02-02 09:00:00,3.122,1009.9
2024-02-02 10:00:00,2.955,1010.0
2024-02-02 11:00:00,2.6,1010.0
2024-02-02 12:00:00,2.082,1010.0
2024-02-02 13:00:00,1.525,1010.7
2024-02-02 14:00:00,1.045,1011.1
2024-02-02 15:00:00,0.833,1011.3
2024-02-02 16:00:00,0.925,1011.3
2024-02-02 17:00:00,1.249,1010.8
2024-02-02 18:00:00,1.615,1010.6
2024-02-02 19:00:00,2.145,1010.6
2024-02-02 20:00:00,2.578,1010.9
2024-02-02 21:00:00,2.828,1011.4
2024-02-02 22:00:00,2.792,1011.9
2024-02-02 23:00:00,2.514,1012.4
2024-02-03 00:00:00,2.105,1012.9
2024-02-03 01:00:00,1.596,1013.4
2024-02-03 02:00:00,1.108,1014.0
2024-02-03 03:00:00,0.834,1014.1
2024-02-03 04:00:00,0.849,1014.4
2024-02-03 05:00:00,1.148,1014.3
2024-02-03 06:00:00,1.603,1014.4
2024-02-03 07:00:00,2.138,1014.6
2024-02-03 08:00:00,2.676,1014.6
2024-02-03 09:00:00,3.063,1014.9
2024-02-03 10:00:00,3.136,1015.3
2024-02-03 11:00:00,2.937,1015.9
2024-02-03 12:00:00,2.536,1016.6
2024-02-03 13:00:00,1.995,1016.9
2024-02-03 14:00:00,1.481,1017.2
2024-02-03 15:00:00,1.053,1017.1
2024-02-03 16:00:00,0.867,1016.9
2024-02-03 17:00:00,0.99,1016.2
2024-02-03 18:00:00,1.292,1015.4
2024-02-03 19:00:00,1.726,1014.9
2024-02-03 20:00:00,2.191,1014.7
2024-02-03 21:00:00,2.66,1014.6
2024-02-03 22:00:00,2.883,1014.8
2024-02-03 23:00:00,2.827,1015.4
2024-02-04 00:00:00,2.571,1015.6
2024-02-04 01:00:00,2.166,1015.8
2024-02-04 02:00:00,1.739,1016.2
2024-02-04 03:00:00,1.305,1016.0
2024-02-04 04:00:00,1.071,1016.1
2024-02-04 05:00:00,1.103,1015.9
2024-02-04 06:00:00,1.42,1015.8
2024-02-04 07:00:00,1.811,1015.6
2024-02-04 08:00:00,2.346,1015.4
2024-02-04 09:00:00,2.831,1015.5
2024-02-04 10:00:00,3.138,1015.6
2024-02-04 11:00:00,3.19,1015.8
2024-02-04 12:00:00,2.91,1015.9
2024-02-04 13:00:00,2.494,1015.8
2024-02-04 14:00:00,2.017,1015.7
2024-02-04 15:00:00,1.443,1015.1
2024-02-04 16:00:00,1.001,1014.2
2024-02-04 17:00:00,0.807,1013.1
2024-02-04 18:00:00,0.935,1012.3
2024-02-04 19:00:00,1.253,1011.5
2024-02-04 20:00:00,1.691,1011.0
2024-02-04 21:00:00,2.15,1010.6
2024-02-04 22:00:00,2.602,1010.6
2024-02-04 23:00:00,2.808,1010.7
2024-02-05 00:00:00,2.757,1010.8
2024-02-05 01:00:00,2.523,1011.0
2024-02-05 02:00:00,2.09,1011.2
2024-02-05 03:00:00,1.681,1011.1
2024-02-05 04:00:00,1.231,1010.9
2024-02-05 05:00:00,1.083,1010.8
2024-02-05 06:00:00,1.255,1010.8
2024-02-05 07:00:00,1.547,1011.0
2024-02-05 08:00:00,2.005,1011.2
2024-02-05 09:00:00,2.509,1011.3
2024-02-05 10:00:00,3.01,1011.4
2024-02-05 11:00:00,3.302,1011.7
2024-02-05 12:00:00,3.246,1011.8
2024-02-05 13:00:00,3.039,1012.4
2024-02-05 14:00:00,2.583,1012.5
2024-02-05 15:00:00,2.019,1012.3
2024-02-05 16:00:00,1.46,1011.8
2024-02-05 17:00:00,0.975,1011.3
2024-02-05 18:00:00,0.821,1011.0
2024-02-05 19:00:00,0.956,1011.1
2024-02-05 20:00:00,1.239,1011.4
2024-02-05 21:00:00,1.691,1012.1
2024-02-05 22:00:00,2.221,1012.8
2024-02-05 23:00:00,2.648,1013.8
2024-02-06 00:00:00,2.892,1014.6
2024-02-06 01:00:00,2.818,1015.1
2024-02-06 02:00:00,2.536,1015.9
2024-02-06 03:00:00,2.139,1016.4
2024-02-06 04:00:00,1.61,1016.7
2024-02-06 05:00:00,1.186,1017.1
2024-02-06 06:00:00,0.963,1017.4
2024-02-06 07:00:00,1.093,1017.8
2024-02-06 08:00:00,1.458,1018.2
2024-02-06 09:00:00,1.901,1018.8
2024-02-06 10:00:00,2.504,1019.4
2024-02-06 11:00:00,3.028,1019.9
2024-02-06 12:00:00,3.33,1021.0
2024-02-06 13:00:00,3.352,1021.7
2024-02-06 14:00:00,3.021,1021.9
2024-02-06 15:00:00,2.579,1022.1
2024-02-06 16:00:00,1.936,1022.3
2024-02-06 17:00:00,1.279,1021.9
2024-02-06 18:00:00,0.804,1021.7
2024-02-06 19:00:00,0.589,1021.6
2024-02-06 20:00:00,0.775,1021.8
2024-02-06 21:00:00,1.09,1022.1
2024-02-06 22:00:00,1.606,1022.5
2024-02-06 23:00:00,2.224,1023.2
2024-02-07 00:00:00,2.72,1023.6
2024-02-07 01:00:00,2.941,1023.8
2024-02-07 02:00:00,2.839,1024.0
2024-02-07 03:00:00,2.546,1024.1
2024-02-07 04:00:00,2.061,1024.0
2024-02-07 05:00:00,1.522,1024.1
2024-02-07 06:00:00,1.015,1024.0
2024-02-07 07:00:00,0.714,1023.9
2024-02-07 08:00:00,0.9,1024.0
2024-02-07 09:00:00,1.343,1024.4
2024-02-07 10:00:00,1.865,1025.0
2024-02-07 11:00:00,2.486,1025.2
2024-02-07 12:00:00,3.1,1026.1
2024-02-07 13:00:00,3.465,1026.6
2024-02-07 14:00:00,3.447,1026.5
2024-02-07 15:00:00,3.088,1026.6
2024-02-07 16:00:00,2.511,1026.6
2024-02-07 17:00:00,1.812,1025.7
2024-02-07 18:00:00,1.111,1025.0
2024-02-07 19:00:00,0.52,1024.8
2024-02-07 20:00:00,0.26,1024.7
2024-02-07 21:00:00,0.486,1025.0
2024-02-07 22:00:00,0.927,1025.2
2024-02-07 23:00:00,1.513,1025.4
2024-02-08 00:00:00,2.194,1025.4
2024-02-08 01:00:00,2.759,1025.7
2024-02-08 02:00:00,3.007,1025.7
2024-02-08 03:00:00,2.882,1025.6
2024-02-08 04:00:00,2.506,1025.6
2024-02-08 05:00:00,1.97,1025.6
2024-02-08 06:00:00,1.323,1025.8
2024-02-08 07:00:00,0.725,1026.1
2024-02-08 08:00:00,0.417,1026.2
2024-02-08 09:00:00,0.587,1026.2
2024-02-08 10:00:00,1.126,1026.0
2024-02-08 11:00:00,1.747,1026.2
2024-02-08 12:00:00,2.502,1026.6
2024-02-08 13:00:00,3.141,1027.2
2024-02-08 14:00:00,3.542,1027.2
2024-02-08 15:00:00,3.503,1027.3
2024-02-08 16:00:00,3.075,1026.9
2024-02-08 17:00:00,2.429,1026.3
2024-02-08 18:00:00,1.639,1025.6
2024-02-08 19:00:00,0.845,1025.2
2024-02-08 20:00:00,0.199,1025.4
2024-02-08 21:00:00,-0.011,1025.4
2024-02-08 22:00:00,0.316,1025.4
2024-02-08 23:00:00,0.878,1025.8
2024-02-09 00:00:00,1.543,1025.6
2024-02-09 01:00:00,2.331,1025.3
2024-02-09 02:00:00,2.921,1025.2
2024-02-09 03:00:00,3.155,1025.0
2024-02-09 04:00:00,2.996,1024.7
2024-02-09 05:00:00,2.562,1024.6
2024-02-09 06:00:00,1.934,1023.9
2024-02-09 07:00:00,1.21,1024.2
2024-02-09 08:00:00,0.555,1023.6
2024-02-09 09:00:00,0.206,1023.5
2024-02-09 10:00:00,0.52,1022.5
2024-02-09 11:00:00,1.104,1022.8
2024-02-09 12:00:00,1.845,1022.9
2024-02-09 13:00:00,2.683,1022.4
2024-02-09 14:00:00,3.443,1022.1
2024-02-09 15:00:00,3.772,1022.1
2024-02-09 16:00:00,3.618,1021.1
2024-02-09 17:00:00,3.162,1020.2
2024-02-09 18:00:00,2.431,1018.8
2024-02-09 19:00:00,1.54,1017.3
2024-02-09 20:00:00,0.675,1016.6
2024-02-09 21:00:00,0.01,1015.8
2024-02-09 22:00:00,-0.162,1015.6
2024-02-09 23:00:00,0.321,1016.0
2024-02-10 00:00:00,0.88,1016.0
2024-02-10 01:00:00,1.722,1015.3
2024-02-10 02:00:00,2.575,1015.2
2024-02-10 03:00:00,3.183,1015.2
2024-02-10 04:00:00,3.403,1014.2
2024-02-10 05:00:00,3.129,1013.9
2024-02-10 06:00:00,2.579,1013.2
2024-02-10 07:00:00,1.889,1012.9
2024-02-10 08:00:00,1.037,1011.5
2024-02-10 09:00:00,0.34,1011.2
2024-02-10 10:00:00,0.05,1011.2
2024-02-10 11:00:00,0.415,1010.7
2024-02-10 12:00:00,1.09,1010.6
2024-02-10 13:00:00,1.963,1010.6
2024-02-10 14:00:00,2.845,1010.6
2024-02-10 15:00:00,3.645,1009.9
2024-02-10 16:00:00,3.947,1008.9
2024-02-10 17:00:00,3.761,1007.7
2024-02-10 18:00:00,3.195,1007.0
2024-02-10 19:00:00,2.416,1005.8
2024-02-10 20:00:00,1.477,1005.4
2024-02-10 21:00:00,0.53,1004.8
2024-02-10 22:00:00,-0.117,1005.1
2024-02-10 23:00:00,-0.146,1005.4
2024-02-11 00:00:00,0.376,1006.2
2024-02-11 01:00:00,1.144,1007.1
2024-02-11 02:00:00,1.944,1006.6
2024-02-11 03:00:00,2.852,1006.8
2024-02-11 04:00:00,3.495,1006.7
2024-02-11 05:00:00,3.539,1007.1
2024-02-11 06:00:00,3.251,1006.8
2024-02-11 07:00:00,2.596,1007.3
2024-02-11 08:00:00,1.789,1007.9
2024-02-11 09:00:00,0.902,1008.8
2024-02-11 10:00:00,0.163,1008.9
2024-02-11 11:00:00,-0.072,1009.3
2024-02-11 12:00:00,0.34,1009.8
2024-02-11 13:00:00,1.101,1010.5
2024-02-11 14:00:00,1.979,1010.9
2024-02-11 15:00:00,2.941,1010.5
2024-02-11 16:00:00,3.669,1010.9
2024-02-11 17:00:00,3.912,1010.1
2024-02-11 18:00:00,3.663,1009.9
2024-02-11 19:00:00,3.052,1009.5
2024-02-11 20:00:00,2.205,1009.4
2024-02-11 21:00:00,1.239,1009.4
2024-02-11 22:00:00,0.321,1010.0
2024-02-11 23:00:00,-0.222,1010.3
2024-02-12 00:00:00,-0.13,1010.6
2024-02-12 01:00:00,0.454,1010.6
2024-02-12 02:00:00,1.245,1011.0
2024-02-12 03:00:00,2.152,1011.0
2024-02-12 04:00:00,3.025,1011.1
2024-02-12 05:00:00,3.557,1011.5
2024-02-12 06:00:00,3.582,1011.7
2024-02-12 07:00:00,3.142,1011.7
2024-02-12 08:00:00,2.478,1011.3
2024-02-12 09:00:00,1.628,1011.2
2024-02-12 10:00:00,0.738,1011.7
2024-02-12 11:00:00,0.052,1011.9
2024-02-12 12:00:00,-0.089,1012.5
2024-02-12 13:00:00,0.454,1012.7
2024-02-12 14:00:00,1.2,1012.5
2024-02-12 15:00:00,2.078,1012.5
2024-02-12 16:00:00,3.012,1012.3
2024-02-12 17:00:00,3.657,1011.1
2024-02-12 18:00:00,3.879,1010.1
2024-02-12 19:00:00,3.553,1008.6
2024-02-12 20:00:00,2.891,1009.1
2024-02-12 21:00:00,2.066,1009.3
2024-02-12 22:00:00,1.066,1009.1
2024-02-12 23:00:00,0.286,1009.3
2024-02-13 00:00:00,-0.221,1010.2
2024-02-13 01:00:00,0.03,1009.2
2024-02-13 02:00:00,0.712,1009.4
2024-02-13 03:00:00,1.488,1010.0
2024-02-13 04:00:00,2.391,1009.2
2024-02-13 05:00:00,3.205,1007.9
2024-02-13 06:00:00,3.685,1007.5
2024-02-13 07:00:00,3.647,1006.4
2024-02-13 08:00:00,3.148,1006.1
2024-02-13 09:00:00,2.438,1004.7
2024-02-13 10:00:00,1.626,1004.5
2024-02-13 11:00:00,0.765,1003.3
2024-02-13 12:00:00,0.138,1002.6
2024-02-13 13:00:00,0.13,1002.0
2024-02-13 14:00:00,0.723,999.9
2024-02-13 15:00:00,1.509,999.1
2024-02-13 16:00:00,2.442,998.6
2024-02-13 17:00:00,3.279,998.4
2024-02-13 18:00:00,3.837,996.7
2024-02-13 19:00:00,4.025,996.9
2024-02-13 20:00:00,3.64,998.1
2024-02-13 21:00:00,2.94,999.3
2024-02-13 22:00:00,2.087,1001.0
2024-02-13 23:00:00,1.244,1002.5
2024-02-14 00:00:00,0.492,1003.5
2024-02-14 01:00:00,0.224,1004.0
2024-02-14 02:00:00,0.498,1004.2
2024-02-14 03:00:00,1.055,1004.2
2024-02-14 04:00:00,1.892,1004.4
2024-02-14 05:00:00,2.703,1004.8
2024-02-14 06:00:00,3.454,1005.0
2024-02-14 07:00:00,3.817,
2024-02-14 08:00:00,3.689,
2024-02-14 09:00:00,3.185,
2024-02-14 10:00:00,2.435,
2024-02-14 11:00:00,1.48,1005.1
2024-02-14 12:00:00,0.637,1006.8
2024-02-14 13:00:00,0.154,1007.9
2024-02-14 14:00:00,0.183,1008.4
2024-02-14 15:00:00,0.668,1008.9
2024-02-14 16:00:00,1.321,1009.4
2024-02-14 17:00:00,2.058,1009.1
2024-02-14 18:00:00,2.833,1008.9
2024-02-14 19:00:00,3.294,1008.5
2024-02-14 20:00:00,3.291,1008.9
2024-02-14 21:00:00,2.916,1009.3
2024-02-14 22:00:00,2.31,1009.9
2024-02-14 23:00:00,1.598,1010.9
2024-02-15 00:00:00,0.84,1011.6
2024-02-15 01:00:00,0.176,1012.1
2024-02-15 02:00:00,0.008,1013.1
2024-02-15 03:00:00,0.359,1013.7
2024-02-15 04:00:00,0.923,1013.9
2024-02-15 05:00:00,1.632,1014.4
2024-02-15 06:00:00,2.534,1015.0
2024-02-15 07:00:00,3.158,1015.9
2024-02-15 08:00:00,3.418,1016.1
2024-02-15 09:00:00,3.219,1016.6
2024-02-15 10:00:00,2.714,1017.0
2024-02-15 11:00:00,2.039,1017.5
2024-02-15 12:00:00,1.211,1018.0
2024-02-15 13:00:00,0.506,1018.4
2024-02-15 14:00:00,0.057,1018.3
2024-02-15 15:00:00,0.143,1018.1
2024-02-15 16:00:00,0.554,1017.9
2024-02-15 17:00:00,1.1,1017.4
2024-02-15 18:00:00,1.865,1016.7
2024-02-15 19:00:00,2.569,1015.7
2024-02-15 20:00:00,3.052,1014.3
2024-02-15 21:00:00,3.033,1013.4
2024-02-15 22:00:00,2.716,1012.6
2024-02-15 23:00:00,2.261,1011.8
2024-02-16 00:00:00,1.571,1010.8
2024-02-16 01:00:00,0.947,1009.8
2024-02-16 02:00:00,0.404,1009.5
2024-02-16 03:00:00,0.358,1008.9
2024-02-16 04:00:00,0.752,1006.8
2024-02-16 05:00:00,1.427,1004.9
2024-02-16 06:00:00,2.041,1003.3
2024-02-16 07:00:00,2.8,1001.7
2024-02-16 08:00:00,3.372,1000.7
2024-02-16 09:00:00,3.512,1000.6
2024-02-16 10:00:00,3.263,1000.6
2024-02-16 11:00:00,2.765,1000.6
2024-02-16 12:00:00,2.055,1001.1
2024-02-16 13:00:00,1.331,1001.9
2024-02-16 14:00:00,0.621,1003.1
2024-02-16 15:00:00,0.226,1004.2
2024-02-16 16:00:00,0.291,1005.5
2024-02-16 17:00:00,0.633,1006.3
2024-02-16 18:00:00,1.133,1006.7
2024-02-16 19:00:00,1.87,1006.9
2024-02-16 20:00:00,2.536,1007.3
2024-02-16 21:00:00,2.835,1008.1
2024-02-16 22:00:00,2.913,1009.1
2024-02-16 23:00:00,2.599,1010.4
2024-02-17 00:00:00,2.204,1011.6
2024-02-17 01:00:00,1.629,1012.0
2024-02-17 02:00:00,1.053,1012.5
2024-02-17 03:00:00,0.603,1011.9
2024-02-17 04:00:00,0.588,1011.8
2024-02-17 05:00:00,0.942,1011.4
2024-02-17 06:00:00,1.406,1011.2
2024-02-17 07:00:00,2.055,1011.1
2024-02-17 08:00:00,2.692,1010.0
2024-02-17 09:00:00,3.214,1009.7
2024-02-17 10:00:00,3.364,1009.1
2024-02-17 11:00:00,3.145,1008.3
2024-02-17 12:00:00,2.715,1008.4
2024-02-17 13:00:00,2.099,1008.0
2024-02-17 14:00:00,1.481,1007.6
2024-02-17 15:00:00,0.876,1006.9
2024-02-17 16:00:00,0.563,1006.4
2024-02-17 17:00:00,0.686,1005.3
2024-02-17 18:00:00,0.96,1004.1
2024-02-17 19:00:00,1.405,1003.3
2024-02-17 20:00:00,2.04,1003.3
2024-02-17 21:00:00,2.559,1004.0
2024-02-17 22:00:00,2.925,1004.2
2024-02-17 23:00:00,2.884,1005.0
2024-02-18 00:00:00,2.671,1006.0
2024-02-18 01:00:00,2.199,1006.6
2024-02-18 02:00:00,1.65,1007.4
2024-02-18 03:00:00,1.063,1008.0
2024-02-18 04:00:00,0.621,1008.4
2024-02-18 05:00:00,0.598,1009.0
2024-02-18 06:00:00,0.868,1009.4
2024-02-18 07:00:00,1.317,1010.3
2024-02-18 08:00:00,1.9,1010.5
2024-02-18 09:00:00,2.483,1011.0
2024-02-18 10:00:00,2.963,1011.2
2024-02-18 11:00:00,3.108,1010.9
2024-02-18 12:00:00,2.923,1011.0
2024-02-18 13:00:00,2.555,1010.4
2024-02-18 14:00:00,1.992,1009.6
2024-02-18 15:00:00,1.371,1009.0
2024-02-18 16:00:00,0.75,1008.2
2024-02-18 17:00:00,0.442,1007.0
2024-02-18 18:00:00,0.525,1005.7
2024-02-18 19:00:00,0.755,1005.3
2024-02-18 20:00:00,1.21,1004.9
2024-02-18 21:00:00,1.726,1005.5
2024-02-18 22:00:00,2.268,1006.2
2024-02-18 23:00:00,2.618,1006.9
2024-02-19 00:00:00,2.696,1007.7
2024-02-19 01:00:00,2.497,1008.3
2024-02-19 02:00:00,2.104,1009.1
2024-02-19 03:00:00,1.613,1009.2
2024-02-19 04:00:00,1.026,1009.7
2024-02-19 05:00:00,0.647,1010.2
2024-02-19 06:00:00,0.493,1010.2
2024-02-19 07:00:00,0.762,1010.4
2024-02-19 08:00:00,1.14,1011.0
2024-02-19 09:00:00,1.689,1011.5
2024-02-19 10:00:00,2.266,1012.5
2024-02-19 11:00:00,2.754,1013.3
2024-02-19 12:00:00,2.991,1014.6
2024-02-19 13:00:00,2.843,1016.0
2024-02-19 14:00:00,2.519,1017.0
2024-02-19 15:00:00,2.022,1017.8
2024-02-19 16:00:00,1.427,1018.7
2024-02-19 17:00:00,0.787,1018.6
2024-02-19 18:00:00,0.336,1018.8
2024-02-19 19:00:00,0.343,1019.2
2024-02-19 20:00:00,0.636,1019.3
2024-02-19 21:00:00,1.038,1019.8
2024-02-19 22:00:00,1.559,1020.5
2024-02-19 23:00:00,2.091,1021.9
2024-02-20 00:00:00,2.515,1023.1
2024-02-20 01:00:00,2.63,1023.9
2024-02-20 02:00:00,2.451,1025.0
2024-02-20 03:00:00,2.098,1025.7
2024-02-20 04:00:00,1.653,1026.1
2024-02-20 05:00:00,1.126,1026.9
2024-02-20 06:00:00,0.683,1027.7
2024-02-20 07:00:00,0.633,1028.0
2024-02-20 08:00:00,0.857,1028.7
2024-02-20 09:00:00,1.258,1028.9
2024-02-20 10:00:00,1.749,1029.9
2024-02-20 11:00:00,2.322,1030.4
2024-02-20 12:00:00,2.802,1031.5
2024-02-20 13:00:00,3.02,1032.6
2024-02-20 14:00:00,2.913,1033.0
2024-02-20 15:00:00,2.542,1032.9
2024-02-20 16:00:00,2.041,1032.5
2024-02-20 17:00:00,1.394,1032.1
2024-02-20 18:00:00,0.77,1031.6
2024-02-20 19:00:00,0.379,1031.2
2024-02-20 20:00:00,0.309,1030.9
2024-02-20 21:00:00,0.586,1031.3
2024-02-20 22:00:00,0.935,1031.4
2024-02-20 23:00:00,1.462,1032.1
2024-02-21 00:00:00,2.012,1032.4
2024-02-21 01:00:00,2.412,1032.7
2024-02-21 02:00:00,2.526,1033.1
2024-02-21 03:00:00,2.339,1033.3
2024-02-21 04:00:00,1.981,1033.5
2024-02-21 05:00:00,1.5,1033.5
2024-02-21 06:00:00,0.944,1033.4
2024-02-21 07:00:00,0.542,1033.3
2024-02-21 08:00:00,0.46,1032.8
2024-02-21 09:00:00,0.754,1032.9
2024-02-21 10:00:00,1.21,1033.4
2024-02-21 11:00:00,1.774,1033.9
2024-02-21 12:00:00,2.385,1034.2
2024-02-21 13:00:00,2.897,1034.3
2024-02-21 14:00:00,3.133,1034.6
2024-02-21 15:00:00,2.945,1034.3
2024-02-21 16:00:00,2.587,1033.4
2024-02-21 17:00:00,2.023,1032.1
2024-02-21 18:00:00,1.381,1030.6
2024-02-21 19:00:00,0.756,1029.6
2024-02-21 20:00:00,0.346,1029.3
2024-02-21 21:00:00,0.32,1029.1
2024-02-21 22:00:00,0.678,1028.8
2024-02-21 23:00:00,1.104,1028.4
2024-02-22 00:00:00,1.709,1028.4
2024-02-22 01:00:00,2.262,1027.9
2024-02-22 02:00:00,2.662,1027.3
2024-02-22 03:00:00,2.765,1026.6
2024-02-22 04:00:00,2.543,1025.7
2024-02-22 05:00:00,2.15,1025.0
2024-02-22 06:00:00,1.647,1024.4
2024-02-22 07:00:00,1.041,1023.9
2024-02-22 08:00:00,0.658,1022.8
2024-02-22 09:00:00,0.565,1021.9
2024-02-22 10:00:00,0.97,1021.5
2024-02-22 11:00:00,1.433,1020.8
2024-02-22 12:00:00,2.019,1020.2
2024-02-22 13:00:00,2.639,1019.7
2024-02-22 14:00:00,3.121,1019.1
2024-02-22 15:00:00,3.32,1018.0
2024-02-22 16:00:00,3.059,1016.5
2024-02-22 17:00:00,2.627,1014.7
2024-02-22 18:00:00,2.011,1012.9
2024-02-22 19:00:00,1.376,1012.3
2024-02-22 20:00:00,0.731,1011.0
2024-02-22 21:00:00,0.408,1010.1
2024-02-22 22:00:00,0.507,1009.4
2024-02-22 23:00:00,0.907,1009.3
2024-02-23 00:00:00,1.36,1009.1
2024-02-23 01:00:00,2.016,1008.6
2024-02-23 02:00:00,2.603,1008.4
2024-02-23 03:00:00,2.929,1007.5
2024-02-23 04:00:00,2.956,1007.0
2024-02-23 05:00:00,2.604,1006.1
2024-02-23 06:00:00,2.185,1005.5
2024-02-23 07:00:00,1.56,1004.8
2024-02-23 08:00:00,0.958,1004.0
2024-02-23 09:00:00,0.594,1003.3
2024-02-23 10:00:00,0.61,1002.4
2024-02-23 11:00:00,1.053,1001.7
2024-02-23 12:00:00,1.622,1001.2
2024-02-23 13:00:00,2.28,1000.8
2024-02-23 14:00:00,2.928,1000.7
2024-02-23 15:00:00,3.342,999.7
2024-02-23 16:00:00,3.399,999.2
2024-02-23 17:00:00,3.079,998.6
2024-02-23 18:00:00,2.564,997.9
2024-02-23 19:00:00,1.903,997.6
2024-02-23 20:00:00,1.219,997.5
2024-02-23 21:00:00,0.653,997.4
2024-02-23 22:00:00,0.411,997.3
2024-02-23 23:00:00,0.678,997.1
2024-02-24 00:00:00,1.105,997.1
2024-02-24 01:00:00,1.731,997.5
2024-02-24 02:00:00,2.35,997.1
2024-02-24 03:00:00,2.886,996.8
2024-02-24 04:00:00,3.157,996.4
2024-02-24 05:00:00,2.994,996.4
2024-02-24 06:00:00,2.645,995.8
2024-02-24 07:00:00,2.062,995.7
2024-02-24 08:00:00,1.423,996.1
2024-02-24 09:00:00,0.906,996.7
2024-02-24 10:00:00,0.54,997.3
2024-02-24 11:00:00,0.811,997.6
2024-02-24 12:00:00,1.226,998.2
2024-02-24 13:00:00,1.844,999.4
2024-02-24 14:00:00,2.472,1000.7
2024-02-24 15:00:00,3.079,1001.7
2024-02-24 16:00:00,3.297,1002.2
2024-02-24 17:00:00,3.228,1002.0
2024-02-24 18:00:00,2.822,1002.7
2024-02-24 19:00:00,2.235,1003.5
2024-02-24 20:00:00,1.536,1004.2
2024-02-24 21:00:00,0.808,1005.4
2024-02-24 22:00:00,0.359,1006.9
2024-02-24 23:00:00,0.338,1008.6
2024-02-25 00:00:00,0.746,1010.1
2024-02-25 01:00:00,1.236,1011.9
2024-02-25 02:00:00,1.865,1013.1
2024-02-25 03:00:00,2.509,1014.1
2024-02-25 04:00:00,2.927,1014.7
2024-02-25 05:00:00,2.98,1015.7
2024-02-25 06:00:00,2.678,1016.4
2024-02-25 07:00:00,2.192,1017.1
2024-02-25 08:00:00,1.558,1017.7
2024-02-25 09:00:00,0.924,1018.3
2024-02-25 10:00:00,0.46,1019.1
2024-02-25 11:00:00,0.33,1019.7
2024-02-25 12:00:00,0.711,1020.4
2024-02-25 13:00:00,1.224,1021.1
2024-02-25 14:00:00,1.862,1021.0
2024-02-25 15:00:00,2.564,1020.8
2024-02-25 16:00:00,3.035,1020.3
2024-02-25 17:00:00,3.146,1019.7
2024-02-25 18:00:00,2.95,1019.0
2024-02-25 19:00:00,2.418,1018.4
2024-02-25 20:00:00,1.814,1017.9
2024-02-25 21:00:00,1.13,1018.0
2024-02-25 22:00:00,0.525,1017.8
2024-02-25 23:00:00,0.246,1017.9
2024-02-26 00:00:00,0.47,1018.1
2024-02-26 01:00:00,0.879,1018.2
2024-02-26 02:00:00,1.472,1018.3
2024-02-26 03:00:00,2.088,1018.0
2024-02-26 04:00:00,2.697,1018.1
2024-02-26 05:00:00,2.975,1017.6
2024-02-26 06:00:00,2.874,1017.2
2024-02-26 07:00:00,2.465,1017.3
2024-02-26 08:00:00,1.86,1016.8
2024-02-26 09:00:00,1.223,1016.2
2024-02-26 10:00:00,0.602,1015.8
2024-02-26 11:00:00,0.234,1016.0
2024-02-26 12:00:00,0.349,1016.0
2024-02-26 13:00:00,0.81,1015.8
2024-02-26 14:00:00,1.418,1015.9
2024-02-26 15:00:00,2.093,1015.9
2024-02-26 16:00:00,2.727,1015.0
2024-02-26 17:00:00,3.116,1014.8
2024-02-26 18:00:00,3.086,1013.6
2024-02-26 19:00:00,2.729,1012.7
2024-02-26 20:00:00,2.156,1012.6
2024-02-26 21:00:00,1.47,1013.0
2024-02-26 22:00:00,0.804,1013.6
2024-02-26 23:00:00,0.362,1014.3
2024-02-27 00:00:00,0.337,1015.2
2024-02-27 01:00:00,0.704,1015.9
2024-02-27 02:00:00,1.217,1017.1
2024-02-27 03:00:00,1.83,1018.1
2024-02-27 04:00:00,2.512,1018.3
2024-02-27 05:00:00,2.909,1018.4
2024-02-27 06:00:00,3.007,1018.6
2024-02-27 07:00:00,2.764,1018.8
2024-02-27 08:00:00,2.226,1018.4
2024-02-27 09:00:00,1.619,1018.8
2024-02-27 10:00:00,0.956,1019.2
2024-02-27 11:00:00,0.42,1019.2
2024-02-27 12:00:00,0.236,1019.7
2024-02-27 13:00:00,0.538,1019.9
2024-02-27 14:00:00,1.02,1019.9
2024-02-27 15:00:00,1.645,1019.8
2024-02-27 16:00:00,2.331,1019.0
2024-02-27 17:00:00,2.836,1018.1
2024-02-27 18:00:00,3.035,1017.1
2024-02-27 19:00:00,2.86,1016.5
2024-02-27 20:00:00,2.426,1016.2
2024-02-27 21:00:00,1.865,1015.7
2024-02-27 22:00:00,1.224,1015.0
2024-02-27 23:00:00,0.646,1014.6
2024-02-28 00:00:00,0.328,1014.2
2024-02-28 01:00:00,0.565,1014.4
2024-02-28 02:00:00,1.013,1014.7
2024-02-28 03:00:00,1.576,1014.5
2024-02-28 04:00:00,2.228,1013.9
2024-02-28 05:00:00,2.819,1012.9
2024-02-28 06:00:00,3.152,1011.6
2024-02-28 07:00:00,3.112,1011.0
2024-02-28 08:00:00,2.649,1010.6
2024-02-28 09:00:00,2.107,1010.1
2024-02-28 10:00:00,1.475,1010.1
2024-02-28 11:00:00,0.82,1009.3
2024-02-28 12:00:00,0.439,1008.7
2024-02-28 13:00:00,0.467,1008.3
2024-02-28 14:00:00,0.821,1007.0
2024-02-28 15:00:00,1.364,1006.3
2024-02-28 16:00:00,2.015,1005.5
2024-02-28 17:00:00,2.602,1004.2
2024-02-28 18:00:00,3.002,1003.9
2024-02-28 19:00:00,3.033,1002.8
2024-02-28 20:00:00,2.822,1001.7
2024-02-28 21:00:00,2.291,1000.6
2024-02-28 22:00:00,1.691,1000.3
2024-02-28 23:00:00,1.035,1000.1
2024-02-29 00:00:00,0.585,999.3
2024-02-29 01:00:00,0.465,996.9
2024-02-29 02:00:00,0.812,997.8
2024-02-29 03:00:00,1.309,996.3
2024-02-29 04:00:00,1.86,999.4
2024-02-29 05:00:00,2.383,1002.2
2024-02-29 06:00:00,2.836,1003.8
2024-02-29 07:00:00,2.967,1005.4
2024-02-29 08:00:00,2.645,1007.5
2024-02-29 09:00:00,2.228,1010.0
2024-02-29 10:00:00,1.774,1013.0
2024-02-29 11:00:00,0.929,1015.2
2024-02-29 12:00:00,0.325,1017.5
2024-02-29 13:00:00,0.084,1019.3
2024-02-29 14:00:00,0.098,1020.2
2024-02-29 15:00:00,0.455,1020.8
2024-02-29 16:00:00,0.948,1020.9
2024-02-29 17:00:00,1.623,1020.9
2024-02-29 18:00:00,2.122,1020.5
2024-02-29 19:00:00,2.36,1020.5
2024-02-29 20:00:00,2.431,1020.6
2024-02-29 21:00:00,2.03,1021.4
2024-02-29 22:00:00,1.709,1022.4
2024-02-29 23:00:00,1.063,1023.6
2024-03-01 00:00:00,0.496,1025.1
2024-03-01 01:00:00,0.157,1025.7
2024-03-01 02:00:00,0.258,1026.8
2024-03-01 03:00:00,0.611,1027.3
2024-03-01 04:00:00,1.09,1027.8
2024-03-01 05:00:00,1.679,1028.7
2024-03-01 06:00:00,2.169,1029.7
2024-03-01 07:00:00,2.589,1030.2
2024-03-01 08:00:00,2.586,1031.0
2024-03-01 09:00:00,2.314,1032.3
2024-03-01 10:00:00,1.864,1033.3
2024-03-01 11:00:00,1.317,1034.2
2024-03-01 12:00:00,0.772,1035.2
2024-03-01 13:00:00,0.405,1036.0
2024-03-01 14:00:00,0.278,1036.0
2024-03-01 15:00:00,0.497,1035.8
2024-03-01 16:00:00,0.855,1035.6
2024-03-01 17:00:00,1.332,1035.0
2024-03-01 18:00:00,1.876,1034.1
2024-03-01 19:00:00,2.276,1033.4
2024-03-01 20:00:00,2.452,1033.3
2024-03-01 21:00:00,2.208,1033.1
2024-03-01 22:00:00,1.82,1033.0
2024-03-01 23:00:00,1.364,1033.5
2024-03-02 00:00:00,0.861,1034.0
2024-03-02 01:00:00,0.405,1033.9
2024-03-02 02:00:00,0.27,1033.8
2024-03-02 03:00:00,0.426,1033.7
2024-03-02 04:00:00,0.844,1033.7
2024-03-02 05:00:00,1.414,1033.7
2024-03-02 06:00:00,1.995,1033.8
2024-03-02 07:00:00,2.453,1033.4
2024-03-02 08:00:00,2.657,1032.9
2024-03-02 09:00:00,2.595,1032.9
2024-03-02 10:00:00,2.275,1033.1
2024-03-02 11:00:00,1.765,1033.4
2024-03-02 12:00:00,1.221,1033.0
2024-03-02 13:00:00,0.712,1032.8
2024-03-02 14:00:00,0.414,1032.4
2024-03-02 15:00:00,0.437,1032.0
2024-03-02 16:00:00,0.748,1031.1
2024-03-02 17:00:00,1.151,1030.4
2024-03-02 18:00:00,1.672,1029.4
2024-03-02 19:00:00,2.16,1028.7
2024-03-02 20:00:00,2.477,1028.0
2024-03-02 21:00:00,2.494,1027.4
2024-03-02 22:00:00,2.324,1026.8
2024-03-02 23:00:00,1.966,1026.2
2024-03-03 00:00:00,1.492,1025.6
2024-03-03 01:00:00,1.019,1024.9
2024-03-03 02:00:00,0.661,1023.6
2024-03-03 03:00:00,0.617,1021.7
2024-03-03 04:00:00,0.917,1020.1
2024-03-03 05:00:00,1.333,1019.8
2024-03-03 06:00:00,1.824,1018.5
2024-03-03 07:00:00,2.397,1017.5
2024-03-03 08:00:00,2.792,1017.0
2024-03-03 09:00:00,2.928,1017.1
2024-03-03 10:00:00,2.812,1017.2
2024-03-03 11:00:00,2.401,1017.1
2024-03-03 12:00:00,1.889,1017.7
2024-03-03 13:00:00,1.262,1018.6
2024-03-03 14:00:00,0.769,1019.0
2024-03-03 15:00:00,0.496,1019.6
2024-03-03 16:00:00,0.485,1019.5
2024-03-03 17:00:00,0.776,1019.3
2024-03-03 18:00:00,1.209,1019.1
2024-03-03 19:00:00,1.727,1019.3
2024-03-03 20:00:00,2.211,1019.5
2024-03-03 21:00:00,2.494,1019.8
2024-03-03 22:00:00,2.473,1020.4
2024-03-03 23:00:00,2.3,1021.7
2024-03-04 00:00:00,1.949,1022.9
2024-03-04 01:00:00,1.46,1023.2
2024-03-04 02:00:00,1.019,1023.7
2024-03-04 03:00:00,0.656,1024.2
2024-03-04 04:00:00,0.643,1024.8
2024-03-04 05:00:00,0.942,1025.1
2024-03-04 06:00:00,1.373,1025.4
2024-03-04 07:00:00,1.927,1025.5
2024-03-04 08:00:00,2.4,1026.2
2024-03-04 09:00:00,2.785,1027.0
2024-03-04 10:00:00,2.885,1028.0
2024-03-04 11:00:00,2.694,1028.8
2024-03-04 12:00:00,2.267,1029.3
2024-03-04 13:00:00,1.74,1029.8
2024-03-04 14:00:00,1.206,1030.8
2024-03-04 15:00:00,0.698,1031.4
2024-03-04 16:00:00,0.371,1031.8
2024-03-04 17:00:00,0.463,1031.6
2024-03-04 18:00:00,0.783,1031.1
2024-03-04 19:00:00,1.183,1030.9
2024-03-04 20:00:00,1.695,1030.9
2024-03-04 21:00:00,2.216,1031.0
2024-03-04 22:00:00,2.486,1031.8
2024-03-04 23:00:00,2.546,1031.7
2024-03-05 00:00:00,2.365,1031.7
2024-03-05 01:00:00,2.028,1031.4
2024-03-05 02:00:00,1.56,1030.9
2024-03-05 03:00:00,1.137,1031.0
2024-03-05 04:00:00,0.818,1030.2
2024-03-05 05:00:00,0.863,1030.0
2024-03-05 06:00:00,1.151,1029.8
2024-03-05 07:00:00,1.588,1028.9
2024-03-05 08:00:00,2.064,1028.4
2024-03-05 09:00:00,2.588,1028.2
2024-03-05 10:00:00,2.957,1027.4
2024-03-05 11:00:00,3.07,1027.6
2024-03-05 12:00:00,2.898,1027.7
2024-03-05 13:00:00,2.467,1027.7
2024-03-05 14:00:00,1.948,1027.2
2024-03-05 15:00:00,1.366,1026.6
2024-03-05 16:00:00,0.776,1025.6
2024-03-05 17:00:00,0.462,1024.8
2024-03-05 18:00:00,0.501,1023.7
2024-03-05 19:00:00,0.749,1022.0
2024-03-05 20:00:00,1.139,1021.3
2024-03-05 21:00:00,1.634,1020.6
2024-03-05 22:00:00,2.16,1019.9
2024-03-05 23:00:00,2.53,1018.8
2024-03-06 00:00:00,2.584,1018.6
2024-03-06 01:00:00,2.38,1017.4
2024-03-06 02:00:00,2.044,1015.9
2024-03-06 03:00:00,1.58,1015.8
2024-03-06 04:00:00,1.07,1015.9
2024-03-06 05:00:00,0.702,1015.6
2024-03-06 06:00:00,0.656,1015.9
2024-03-06 07:00:00,0.954,1015.8
2024-03-06 08:00:00,1.362,1015.7
2024-03-06 09:00:00,1.935,1016.0
2024-03-06 10:00:00,2.503,1016.5
2024-03-06 11:00:00,2.952,1016.8
2024-03-06 12:00:00,3.12,1017.4
2024-03-06 13:00:00,2.937,1018.3
2024-03-06 14:00:00,2.576,1017.9
2024-03-06 15:00:00,1.979,1018.0
2024-03-06 16:00:00,1.354,1017.8
2024-03-06 17:00:00,0.737,1017.6
2024-03-06 18:00:00,0.318,1016.9
2024-03-06 19:00:00,0.36,1016.7
2024-03-06 20:00:00,0.651,1016.8
2024-03-06 21:00:00,1.083,1017.1
2024-03-06 22:00:00,1.663,1016.7
2024-03-06 23:00:00,2.28,1016.4
2024-03-07 00:00:00,2.683,1015.9
2024-03-07 01:00:00,2.789,1015.6
2024-03-07 02:00:00,2.602,1015.7
2024-03-07 03:00:00,2.226,1014.7
2024-03-07 04:00:00,1.721,1013.1
2024-03-07 05:00:00,1.157,1012.1
2024-03-07 06:00:00,0.754,1009.8
2024-03-07 07:00:00,0.678,1008.6
2024-03-07 08:00:00,1.031,1007.5
2024-03-07 09:00:00,1.51,1008.3
2024-03-07 10:00:00,2.103,1008.4
2024-03-07 11:00:00,2.755,1008.5
2024-03-07 12:00:00,3.281,1010.2
2024-03-07 13:00:00,3.458,1010.9
2024-03-07 14:00:00,3.349,1010.5
2024-03-07 15:00:00,2.945,1011.2
2024-03-07 16:00:00,2.321,1012.4
2024-03-07 17:00:00,1.537,1013.0
2024-03-07 18:00:00,0.896,1012.9
2024-03-07 19:00:00,0.392,1013.4
2024-03-07 20:00:00,0.35,1014.1
2024-03-07 21:00:00,0.652,1015.2
2024-03-07 22:00:00,1.151,1016.1
2024-03-07 23:00:00,1.772,1016.9
2024-03-08 00:00:00,2.497,1017.5
2024-03-08 01:00:00,2.978,1018.0
2024-03-08 02:00:00,2.998,1018.8
2024-03-08 03:00:00,2.802,1019.7
2024-03-08 04:00:00,2.413,1020.4
2024-03-08 05:00:00,1.764,1021.0
2024-03-08 06:00:00,1.102,1021.3
2024-03-08 07:00:00,0.599,1021.6
2024-03-08 08:00:00,0.419,1021.7
2024-03-08 09:00:00,0.869,1022.5
2024-03-08 10:00:00,1.447,1023.1
2024-03-08 11:00:00,2.047,1023.7
2024-03-08 12:00:00,2.8,1024.3
2024-03-08 13:00:00,3.357,1025.3
2024-03-08 14:00:00,3.623,1025.9
2024-03-08 15:00:00,3.434,1026.5
2024-03-08 16:00:00,2.923,1026.7
2024-03-08 17:00:00,2.181,1026.7
2024-03-08 18:00:00,1.402,1026.6
2024-03-08 19:00:00,0.663,1026.3
2024-03-08 20:00:00,0.149,1026.4
2024-03-08 21:00:00,0.136,1026.6
2024-03-08 22:00:00,0.583,1026.5
2024-03-08 23:00:00,1.15,1026.8
2024-03-09 00:00:00,1.911,1027.7
2024-03-09 01:00:00,2.651,1027.5
2024-03-09 02:00:00,3.186,1027.4
2024-03-09 03:00:00,3.268,1027.3
2024-03-09 04:00:00,2.985,1028.3
2024-03-09 05:00:00,2.394,1028.3
2024-03-09 06:00:00,1.71,1027.5
2024-03-09 07:00:00,0.958,1026.8
2024-03-09 08:00:00,0.392,1026.4
2024-03-09 09:00:00,0.284,1027.2
2024-03-09 10:00:00,0.703,1026.6
2024-03-09 11:00:00,1.32,1026.2
2024-03-09 12:00:00,2.061,1026.0
2024-03-09 13:00:00,2.885,1026.2
2024-03-09 14:00:00,3.493,1026.3
2024-03-09 15:00:00,3.703,1025.2
2024-03-09 16:00:00,3.409,1024.4
2024-03-09 17:00:00,2.794,1023.4
2024-03-09 18:00:00,2.04,1022.5
2024-03-09 19:00:00,1.193,1021.0
2024-03-09 20:00:00,0.388,1020.0
2024-03-09 21:00:00,-0.091,1019.3
2024-03-09 22:00:00,0.016,1019.0
2024-03-09 23:00:00,0.632,1018.3
2024-03-10 00:00:00,1.36,1017.2
2024-03-10 01:00:00,2.247,1014.8
2024-03-10 02:00:00,3.083,1013.8
2024-03-10 03:00:00,3.535,1012.6
2024-03-10 04:00:00,3.549,1010.5
2024-03-10 05:00:00,3.186,1007.5
2024-03-10 06:00:00,2.551,1004.7
2024-03-10 07:00:00,1.785,1001.5
2024-03-10 08:00:00,0.979,999.2
2024-03-10 09:00:00,0.341,995.8
2024-03-10 10:00:00,0.295,992.7
2024-03-10 11:00:00,0.821,990.6
2024-03-10 12:00:00,1.573,989.0
2024-03-10 13:00:00,2.403,989.3
2024-03-10 14:00:00,3.342,989.8
2024-03-10 15:00:00,3.947,989.8
2024-03-10 16:00:00,4.087,989.9
2024-03-10 17:00:00,3.689,989.8
2024-03-10 18:00:00,3.027,989.5
2024-03-10 19:00:00,2.222,988.6
2024-03-10 20:00:00,1.248,988.8
2024-03-10 21:00:00,0.382,989.0
2024-03-10 22:00:00,-0.054,989.2
2024-03-10 23:00:00,0.19,989.4
2024-03-11 00:00:00,0.844,989.5
2024-03-11 01:00:00,1.704,989.5
2024-03-11 02:00:00,2.597,989.6
2024-03-11 03:00:00,3.404,989.5
2024-03-11 04:00:00,3.776,989.5
2024-03-11 05:00:00,3.689,989.9
2024-03-11 06:00:00,3.142,990.4
2024-03-11 07:00:00,2.389,990.2
2024-03-11 08:00:00,1.477,990.5
2024-03-11 09:00:00,0.553,991.1
2024-03-11 10:00:00,-0.144,991.4
2024-03-11 11:00:00,-0.16,992.1
2024-03-11 12:00:00,0.382,993.3
2024-03-11 13:00:00,1.133,994.0
2024-03-11 14:00:00,2.071,994.5
2024-03-11 15:00:00,3.025,994.4
2024-03-11 16:00:00,3.58,994.5
2024-03-11 17:00:00,3.675,994.5
2024-03-11 18:00:00,3.339,994.9
2024-03-11 19:00:00,2.604,995.5
2024-03-11 20:00:00,1.759,996.6
2024-03-11 21:00:00,0.747,997.1
2024-03-11 22:00:00,-0.05,998.4
2024-03-11 23:00:00,-0.34,999.4
2024-03-12 00:00:00,0.071,1000.7
2024-03-12 01:00:00,0.756,1001.8
2024-03-12 02:00:00,1.539,1002.5
2024-03-12 03:00:00,2.491,1003.0
2024-03-12 04:00:00,3.303,1003.4
2024-03-12 05:00:00,3.593,1003.6
2024-03-12 06:00:00,3.411,1003.8
2024-03-12 07:00:00,2.866,1003.5
2024-03-12 08:00:00,2.059,1003.3
2024-03-12 09:00:00,1.16,1003.6
2024-03-12 10:00:00,0.294,1004.0
2024-03-12 11:00:00,-0.253,1004.8
2024-03-12 12:00:00,-0.189,1005.5
2024-03-12 13:00:00,0.467,1005.7
2024-03-12 14:00:00,1.192,1005.8
2024-03-12 15:00:00,2.078,1005.7
2024-03-12 16:00:00,2.973,1005.3
2024-03-12 17:00:00,3.473,1005.0
2024-03-12 18:00:00,3.514,1004.5
2024-03-12 19:00:00,3.083,1004.1
2024-03-12 20:00:00,2.373,1004.4
2024-03-12 21:00:00,1.528,1004.4
2024-03-12 22:00:00,0.66,1005.2
2024-03-12 23:00:00,-0.01,1006.1
2024-03-13 00:00:00,-0.13,1006.9
2024-03-13 01:00:00,0.398,1007.7
2024-03-13 02:00:00,1.113,1008.9
2024-03-13 03:00:00,1.916,1009.8
2024-03-13 04:00:00,2.82,1010.1
2024-03-13 05:00:00,3.453,1010.3
2024-03-13 06:00:00,3.625,1010.8
2024-03-13 07:00:00,3.341,1011.0
2024-03-13 08:00:00,2.669,1011.2
2024-03-13 09:00:00,1.886,1011.1
2024-03-13 10:00:00,1.014,1012.0
2024-03-13 11:00:00,0.214,1012.4
2024-03-13 12:00:00,-0.158,1013.1
2024-03-13 13:00:00,0.097,1013.8
2024-03-13 14:00:00,0.694,1014.3
2024-03-13 15:00:00,1.474,1014.7
2024-03-13 16:00:00,2.352,1014.6
2024-03-13 17:00:00,3.145,1013.9
2024-03-13 18:00:00,3.551,1013.6
2024-03-13 19:00:00,3.466,1013.3
2024-03-13 20:00:00,2.989,1012.9
2024-03-13 21:00:00,2.277,1013.0
2024-03-13 22:00:00,1.435,1013.1
2024-03-13 23:00:00,0.645,1013.9
2024-03-14 00:00:00,0.098,1014.4
2024-03-14 01:00:00,0.117,1015.1
2024-03-14 02:00:00,0.686,1015.5
2024-03-14 03:00:00,1.357,1015.7
2024-03-14 04:00:00,2.195,1015.9
2024-03-14 05:00:00,3.056,1015.8
2024-03-14 06:00:00,3.571,1015.6
2024-03-14 07:00:00,3.628,1015.2
2024-03-14 08:00:00,3.268,1015.5
2024-03-14 09:00:00,2.601,1015.7
2024-03-14 10:00:00,1.815,1015.9
2024-03-14 11:00:00,0.884,1016.5
2024-03-14 12:00:00,0.168,1016.9
2024-03-14 13:00:00,-0.162,1017.3
2024-03-14 14:00:00,0.148,1017.4
2024-03-14 15:00:00,0.727,1017.3
2024-03-14 16:00:00,1.485,1017.4
2024-03-14 17:00:00,2.333,1017.1
2024-03-14 18:00:00,3.009,1017.1
2024-03-14 19:00:00,3.354,1016.6
2024-03-14 20:00:00,3.204,1016.9
2024-03-14 21:00:00,2.756,1016.7
2024-03-14 22:00:00,2.117,1016.8
2024-03-14 23:00:00,1.334,1017.5
2024-03-15 00:00:00,0.633,1017.5
2024-03-15 01:00:00,0.2,1017.0
2024-03-15 02:00:00,0.321,1017.3
2024-03-15 03:00:00,0.847,1016.0
2024-03-15 04:00:00,1.548,1016.0
2024-03-15 05:00:00,2.324,1014.8
2024-03-15 06:00:00,3.066,1014.9
2024-03-15 07:00:00,3.496,1012.2
2024-03-15 08:00:00,3.535,1011.6
2024-03-15 09:00:00,3.163,1010.4
2024-03-15 10:00:00,2.556,1008.9
2024-03-15 11:00:00,1.785,1007.9
2024-03-15 12:00:00,0.973,1007.1
2024-03-15 13:00:00,0.364,1006.3
2024-03-15 14:00:00,0.163,1006.3
2024-03-15 15:00:00,0.427,1005.7
2024-03-15 16:00:00,0.911,1005.3
2024-03-15 17:00:00,1.635,1006.2
2024-03-15 18:00:00,2.357,1005.8
2024-03-15 19:00:00,2.968,1006.5
2024-03-15 20:00:00,3.205,1007.1
2024-03-15 21:00:00,3.073,1007.5
2024-03-15 22:00:00,2.693,1008.2
2024-03-15 23:00:00,2.071,1008.5
2024-03-16 00:00:00,1.383,1009.0
2024-03-16 01:00:00,0.775,1009.2
2024-03-16 02:00:00,0.449,1009.1
2024-03-16 03:00:00,0.615,1008.4
2024-03-16 04:00:00,1.072,1008.2
2024-03-16 05:00:00,1.734,1008.6
2024-03-16 06:00:00,2.483,1008.4
2024-03-16 07:00:00,3.11,1008.3
2024-03-16 08:00:00,3.514,1008.0
2024-03-16 09:00:00,3.49,1008.2
2024-03-16 10:00:00,3.136,1008.6
2024-03-16 11:00:00,2.525,1008.9
2024-03-16 12:00:00,1.791,1009.2
2024-03-16 13:00:00,1.063,1009.1
2024-03-16 14:00:00,0.508,1009.3
2024-03-16 15:00:00,0.291,1009.2
2024-03-16 16:00:00,0.574,1008.7
2024-03-16 17:00:00,1.026,1008.3
2024-03-16 18:00:00,1.595,1007.4
2024-03-16 19:00:00,2.254,1006.7
2024-03-16 20:00:00,2.745,1006.2
2024-03-16 21:00:00,3.013,1005.9
2024-03-16 22:00:00,2.928,1006.0
2024-03-16 23:00:00,2.562,1006.0
2024-03-17 00:00:00,2.051,1006.4
2024-03-17 01:00:00,1.439,1006.6
2024-03-17 02:00:00,0.904,1006.6
2024-03-17 03:00:00,0.665,1006.2
2024-03-17 04:00:00,0.806,1005.6
2024-03-17 05:00:00,1.29,1005.0
2024-03-17 06:00:00,1.808,1004.7
2024-03-17 07:00:00,2.407,1004.3
2024-03-17 08:00:00,3.002,1003.3
2024-03-17 09:00:00,3.32,1002.5
2024-03-17 10:00:00,3.367,1001.4
2024-03-17 11:00:00,2.933,1001.2
2024-03-17 12:00:00,2.442,1001.3
2024-03-17 13:00:00,1.815,1001.1
2024-03-17 14:00:00,1.134,999.6
2024-03-17 15:00:00,0.679,998.6
2024-03-17 16:00:00,0.518,998.7
2024-03-17 17:00:00,0.691,998.2
2024-03-17 18:00:00,1.164,997.7
2024-03-17 19:00:00,1.609,997.2
2024-03-17 20:00:00,2.246,997.2
2024-03-17 21:00:00,2.7,998.6
2024-03-17 22:00:00,2.965,1000.3
2024-03-17 23:00:00,2.856,1000.9
2024-03-18 00:00:00,2.562,1002.0
2024-03-18 01:00:00,2.063,1002.7
2024-03-18 02:00:00,1.524,1002.8
2024-03-18 03:00:00,1.036,1003.1
2024-03-18 04:00:00,0.749,1003.4
2024-03-18 05:00:00,0.877,1003.7
2024-03-18 06:00:00,1.28,1003.6
2024-03-18 07:00:00,1.755,1003.4
2024-03-18 08:00:00,2.339,1003.1
2024-03-18 09:00:00,2.897,1003.3
2024-03-18 10:00:00,3.169,1004.0
2024-03-18 11:00:00,3.196,1004.1
2024-03-18 12:00:00,2.891,1004.0
2024-03-18 13:00:00,2.44,1004.3
2024-03-18 14:00:00,1.846,1003.5
2024-03-18 15:00:00,1.238,1003.2
2024-03-18 16:00:00,0.71,1003.0
2024-03-18 17:00:00,0.496,1002.4
2024-03-18 18:00:00,0.695,1001.7
2024-03-18 19:00:00,1.012,1001.0
2024-03-18 20:00:00,1.494,1000.9
2024-03-18 21:00:00,2.006,1000.5
2024-03-18 22:00:00,2.508,1001.1
2024-03-18 23:00:00,2.72,1001.9
2024-03-19 00:00:00,2.678,1002.7
2024-03-19 01:00:00,2.452,1002.7
2024-03-19 02:00:00,2.05,1002.5
2024-03-19 03:00:00,1.554,1002.2
2024-03-19 04:00:00,1.117,1001.9
2024-03-19 05:00:00,0.813,1002.0
2024-03-19 06:00:00,0.899,1002.1
2024-03-19 07:00:00,1.215,1001.8
2024-03-19 08:00:00,1.652,1001.3
2024-03-19 09:00:00,2.209,1001.1
2024-03-19 10:00:00,2.712,1001.2
2024-03-19 11:00:00,3.023,1001.7
2024-03-19 12:00:00,3.093,1002.1
2024-03-19 13:00:00,2.854,1002.4
2024-03-19 14:00:00,2.481,1002.8
2024-03-19 15:00:00,1.94,1003.1
2024-03-19 16:00:00,1.307,1002.7
2024-03-19 17:00:00,0.821,1002.6
2024-03-19 18:00:00,0.576,1002.4
2024-03-19 19:00:00,0.692,1002.1
2024-03-19 20:00:00,0.981,1002.1
2024-03-19 21:00:00,1.421,1002.3
2024-03-19 22:00:00,1.934,1003.0
2024-03-19 23:00:00,2.478,1003.7
2024-03-20 00:00:00,2.711,1004.4
2024-03-20 01:00:00,2.724,1004.9
2024-03-20 02:00:00,2.496,1005.5
2024-03-20 03:00:00,2.089,1005.6
2024-03-20 04:00:00,1.613,1005.5
2024-03-20 05:00:00,1.128,1005.5
2024-03-20 06:00:00,0.869,1005.3
2024-03-20 07:00:00,0.902,1004.9
2024-03-20 08:00:00,1.204,1004.6
2024-03-20 09:00:00,1.607,1004.5
2024-03-20 10:00:00,2.143,1004.8
2024-03-20 11:00:00,2.684,1004.8
2024-03-20 12:00:00,3.075,1004.5
2024-03-20 13:00:00,3.16,1004.2
2024-03-20 14:00:00,2.949,1003.7
2024-03-20 15:00:00,2.543,1002.8
2024-03-20 16:00:00,2.018,1002.0
2024-03-20 17:00:00,1.39,1001.8
2024-03-20 18:00:00,0.903,1001.4
2024-03-20 19:00:00,0.678,1000.8
2024-03-20 20:00:00,0.731,1001.0
2024-03-20 21:00:00,1.08,1001.3
2024-03-20 22:00:00,1.49,1001.3
2024-03-20 23:00:00,2.044,1001.7
2024-03-21 00:00:00,2.533,1001.7
2024-03-21 01:00:00,2.8,1002.7
2024-03-21 02:00:00,2.77,1002.9
2024-03-21 03:00:00,2.505,1003.9
2024-03-21 04:00:00,2.097,1004.6
2024-03-21 05:00:00,1.55,1005.4
2024-03-21 06:00:00,0.98,1006.0
2024-03-21 07:00:00,0.656,1006.2
2024-03-21 08:00:00,0.701,1006.8
2024-03-21 09:00:00,0.949,1007.6
2024-03-21 10:00:00,1.352,1008.0
2024-03-21 11:00:00,1.823,1009.3
2024-03-21 12:00:00,2.439,1010.4
2024-03-21 13:00:00,2.744,1011.1
2024-03-21 14:00:00,2.871,1011.4
2024-03-21 15:00:00,2.604,1011.5
2024-03-21 16:00:00,2.156,1011.7
2024-03-21 17:00:00,1.605,1011.9
2024-03-21 18:00:00,0.952,1011.9
2024-03-21 19:00:00,0.458,1012.1
2024-03-21 20:00:00,0.169,1012.6
2024-03-21 21:00:00,0.334,1013.4
2024-03-21 22:00:00,0.68,1014.8
2024-03-21 23:00:00,1.195,1016.4
2024-03-22 00:00:00,1.728,1017.6
2024-03-22 01:00:00,2.202,1019.0
2024-03-22 02:00:00,2.446,1019.7
2024-03-22 03:00:00,2.361,1020.6
2024-03-22 04:00:00,2.057,1021.1
2024-03-22 05:00:00,1.632,1022.0
2024-03-22 06:00:00,1.039,1022.8
2024-03-22 07:00:00,0.542,1023.2
2024-03-22 08:00:00,0.221,1023.4
2024-03-22 09:00:00,0.334,1024.0
2024-03-22 10:00:00,0.732,1025.1
2024-03-22 11:00:00,1.196,1026.0
2024-03-22 12:00:00,1.743,1026.9
2024-03-22 13:00:00,2.276,1027.7
2024-03-22 14:00:00,2.605,1028.1
2024-03-22 15:00:00,2.649,1027.7
2024-03-22 16:00:00,2.365,1027.1
2024-03-22 17:00:00,1.939,1026.4
2024-03-22 18:00:00,1.339,1026.0
2024-03-22 19:00:00,0.765,1025.7
2024-03-22 20:00:00,0.302,1025.5
2024-03-22 21:00:00,0.205,1025.6
2024-03-22 22:00:00,0.478,1025.9
2024-03-22 23:00:00,0.924,1026.2
2024-03-23 00:00:00,1.443,1026.4
2024-03-23 01:00:00,2.029,1026.8
2024-03-23 02:00:00,2.482,1026.3
2024-03-23 03:00:00,2.655,1026.2
2024-03-23 04:00:00,2.523,1026.0
2024-03-23 05:00:00,2.08,1026.0
2024-03-23 06:00:00,1.611,1025.8
2024-03-23 07:00:00,1.042,1024.6
2024-03-23 08:00:00,0.556,1023.7
2024-03-23 09:00:00,0.381,1022.7
2024-03-23 10:00:00,0.598,1022.7
2024-03-23 11:00:00,1.071,1022.1
2024-03-23 12:00:00,1.603,1021.5
2024-03-23 13:00:00,2.253,1020.5
2024-03-23 14:00:00,2.807,1019.2
2024-03-23 15:00:00,3.073,1017.7
2024-03-23 16:00:00,2.989,1016.7
2024-03-23 17:00:00,2.545,1015.4
2024-03-23 18:00:00,2.049,1013.7
2024-03-23 19:00:00,1.426,1011.7
2024-03-23 20:00:00,0.866,1010.3
2024-03-23 21:00:00,0.48,1008.2
2024-03-23 22:00:00,0.549,1005.8
2024-03-23 23:00:00,1.036,1003.3
2024-03-24 00:00:00,1.619,1003.1
2024-03-24 01:00:00,2.184,1003.6
2024-03-24 02:00:00,2.679,1004.8
2024-03-24 03:00:00,3.066,1004.6
2024-03-24 04:00:00,3.243,1005.3
2024-03-24 05:00:00,2.808,1007.0
2024-03-24 06:00:00,2.332,1009.3
2024-03-24 07:00:00,1.739,1011.0
2024-03-24 08:00:00,0.958,1012.7
2024-03-24 09:00:00,0.451,1014.8
2024-03-24 10:00:00,0.371,1016.4
2024-03-24 11:00:00,0.683,1018.7
2024-03-24 12:00:00,1.036,1020.1
2024-03-24 13:00:00,1.65,1021.7
2024-03-24 14:00:00,2.265,1022.8
2024-03-24 15:00:00,2.83,1024.0
2024-03-24 16:00:00,2.96,1024.6
2024-03-24 17:00:00,2.734,1024.8
2024-03-24 18:00:00,2.32,1024.7
2024-03-24 19:00:00,1.748,1024.6
2024-03-24 20:00:00,1.156,1024.9
2024-03-24 21:00:00,0.65,1025.8
2024-03-24 22:00:00,0.336,1026.8
2024-03-24 23:00:00,0.568,1027.8
2024-03-25 00:00:00,0.993,1028.9
2024-03-25 01:00:00,1.531,1030.2
2024-03-25 02:00:00,2.109,1030.3
2024-03-25 03:00:00,2.596,1030.4
2024-03-25 04:00:00,2.875,1030.6
2024-03-25 05:00:00,2.823,1030.9
2024-03-25 06:00:00,2.405,1031.1
2024-03-25 07:00:00,1.921,1031.3
2024-03-25 08:00:00,1.35,1031.7
2024-03-25 09:00:00,0.82,1032.3
2024-03-25 10:00:00,0.497,1032.8
2024-03-25 11:00:00,0.603,1032.9
2024-03-25 12:00:00,1.052,1033.5
2024-03-25 13:00:00,1.627,1033.7
2024-03-25 14:00:00,2.214,1033.8
2024-03-25 15:00:00,2.836,1034.0
2024-03-25 16:00:00,3.171,1034.2
2024-03-25 17:00:00,3.184,1034.1
2024-03-25 18:00:00,2.845,1033.4
2024-03-25 19:00:00,2.31,1033.0
2024-03-25 20:00:00,1.71,1032.2
2024-03-25 21:00:00,1.107,1031.4
2024-03-25 22:00:00,0.682,1031.8
2024-03-25 23:00:00,0.576,1031.8
2024-03-26 00:00:00,1.0,1031.8
2024-03-26 01:00:00,1.444,1031.1
2024-03-26 02:00:00,2.026,1031.0
2024-03-26 03:00:00,2.657,1030.0
2024-03-26 04:00:00,3.088,1029.5
2024-03-26 05:00:00,3.212,1028.9
2024-03-26 06:00:00,2.982,1027.5
2024-03-26 07:00:00,2.486,1026.6
2024-03-26 08:00:00,1.909,1025.9
2024-03-26 09:00:00,1.274,1026.0
2024-03-26 10:00:00,0.763,1025.9
2024-03-26 11:00:00,0.59,1026.6
2024-03-26 12:00:00,0.839,1027.0
2024-03-26 13:00:00,1.331,1026.9
2024-03-26 14:00:00,1.886,1026.6
2024-03-26 15:00:00,2.605,1026.8
2024-03-26 16:00:00,3.056,1025.9
2024-03-26 17:00:00,3.262,1025.1
2024-03-26 18:00:00,3.103,1024.4
2024-03-26 19:00:00,2.623,1024.3
2024-03-26 20:00:00,2.082,1023.8
2024-03-26 21:00:00,1.414,1023.8
2024-03-26 22:00:00,0.802,1023.8
2024-03-26 23:00:00,0.514,1023.0
2024-03-27 00:00:00,0.684,1022.4
2024-03-27 01:00:00,1.184,1022.5
2024-03-27 02:00:00,1.702,1021.9
2024-03-27 03:00:00,2.284,1021.8
2024-03-27 04:00:00,2.813,1021.5
2024-03-27 05:00:00,3.12,1020.5
2024-03-27 06:00:00,3.062,1020.0
2024-03-27 07:00:00,2.594,1019.4
2024-03-27 08:00:00,1.979,1018.9
2024-03-27 09:00:00,1.317,1018.6
2024-03-27 10:00:00,0.635,1019.4
2024-03-27 11:00:00,0.202,1019.6
2024-03-27 12:00:00,0.271,1020.3
2024-03-27 13:00:00,0.766,1020.2
2024-03-27 14:00:00,1.316,1020.3
2024-03-27 15:00:00,1.948,1020.3
2024-03-27 16:00:00,2.621,1020.1
2024-03-27 17:00:00,3.002,1019.1
2024-03-27 18:00:00,3.106,1018.8
2024-03-27 19:00:00,2.749,1018.4
2024-03-27 20:00:00,2.237,1017.9
2024-03-27 21:00:00,1.638,1018.3
2024-03-27 22:00:00,0.976,1019.2
2024-03-27 23:00:00,0.495,1019.5
2024-03-28 00:00:00,0.459,1018.5
2024-03-28 01:00:00,0.878,1018.6
2024-03-28 02:00:00,1.424,1018.4
2024-03-28 03:00:00,2.048,1018.0
2024-03-28 04:00:00,2.726,1017.5
2024-03-28 05:00:00,3.125,1017.4
2024-03-28 06:00:00,3.246,1016.5
2024-03-28 07:00:00,3.007,1016.5
2024-03-28 08:00:00,2.395,1016.0
2024-03-28 09:00:00,1.804,1016.5
2024-03-28 10:00:00,1.084,1016.2
2024-03-28 11:00:00,0.504,1015.8
2024-03-28 12:00:00,0.22,1015.2
2024-03-28 13:00:00,0.466,1014.2
2024-03-28 14:00:00,0.897,1013.8
2024-03-28 15:00:00,1.575,1013.9
2024-03-28 16:00:00,2.131,1014.1
2024-03-28 17:00:00,2.74,1012.7
2024-03-28 18:00:00,3.021,1011.7
2024-03-28 19:00:00,2.914,1011.3
2024-03-28 20:00:00,2.554,1009.9
2024-03-28 21:00:00,1.975,1010.1
2024-03-28 22:00:00,1.342,1010.2
2024-03-28 23:00:00,0.795,1009.4
2024-03-29 00:00:00,0.48,1008.4
2024-03-29 01:00:00,0.68,1008.8
2024-03-29 02:00:00,1.106,1008.2
2024-03-29 03:00:00,1.768,1007.3
2024-03-29 04:00:00,2.362,1006.9
2024-03-29 05:00:00,2.952,1005.6
2024-03-29 06:00:00,3.295,1004.6
2024-03-29 07:00:00,3.272,1003.6
2024-03-29 08:00:00,2.814,1004.4
2024-03-29 09:00:00,2.237,1003.2
2024-03-29 10:00:00,1.616,1002.9
2024-03-29 11:00:00,0.886,1002.8
2024-03-29 12:00:00,0.459,1002.0
2024-03-29 13:00:00,0.373,1001.8
2024-03-29 14:00:00,0.706,1001.4
2024-03-29 15:00:00,1.14,1000.5
2024-03-29 16:00:00,1.868,999.6
2024-03-29 17:00:00,2.382,997.6
2024-03-29 18:00:00,2.927,997.0
2024-03-29 19:00:00,3.084,996.6
2024-03-29 20:00:00,2.792,996.4
2024-03-29 21:00:00,2.377,996.5
2024-03-29 22:00:00,1.838,997.0
2024-03-29 23:00:00,1.185,997.5
2024-03-30 00:00:00,0.744,998.3
2024-03-30 01:00:00,0.532,999.3
2024-03-30 02:00:00,0.768,999.8
2024-03-30 03:00:00,1.225,1000.2
2024-03-30 04:00:00,1.823,1000.4
2024-03-30 05:00:00,2.379,1000.7
2024-03-30 06:00:00,2.897,1000.4
2024-03-30 07:00:00,3.065,1000.3
2024-03-30 08:00:00,2.951,1000.5
2024-03-30 09:00:00,2.463,1000.7
2024-03-30 10:00:00,1.901,1001.2
2024-03-30 11:00:00,1.185,1001.6
2024-03-30 12:00:00,0.605,1001.9
2024-03-30 13:00:00,0.26,1002.3
2024-03-30 14:00:00,0.371,1002.6
2024-03-30 15:00:00,0.744,1002.9
2024-03-30 16:00:00,1.17,1002.8
2024-03-30 17:00:00,1.784,1002.5
2024-03-30 18:00:00,2.353,1002.1
2024-03-30 19:00:00,2.668,1001.6
2024-03-30 20:00:00,2.709,1001.5
2024-03-30 21:00:00,2.435,1001.5
2024-03-30 22:00:00,2.008,1001.8
2024-03-30 23:00:00,1.511,1002.6
2024-03-31 00:00:00,0.998,1003.4
2024-03-31 01:00:00,0.682,1004.2
2024-03-31 02:00:00,0.75,1004.4
2024-03-31 03:00:00,1.099,1004.3
2024-03-31 04:00:00,1.628,1004.4
2024-03-31 05:00:00,2.206,1004.8
2024-03-31 06:00:00,2.741,1005.4
2024-03-31 07:00:00,3.162,1005.8
2024-03-31 08:00:00,3.22,1006.2
2024-03-31 09:00:00,2.945,1007.0
2024-03-31 10:00:00,2.467,1007.0
2024-03-31 11:00:00,1.854,1008.2
2024-03-31 12:00:00,1.21,1008.9
2024-03-31 13:00:00,0.671,1009.1
2024-03-31 14:00:00,0.456,1009.4
2024-03-31 15:00:00,0.631,1009.1
2024-03-31 16:00:00,0.971,1008.8
2024-03-31 17:00:00,1.463,1008.7
2024-03-31 18:00:00,2.042,1008.5
2024-03-31 19:00:00,2.56,1008.6
2024-03-31 20:00:00,2.78,1008.8
2024-03-31 21:00:00,2.716,1009.0
2024-03-31 22:00:00,2.413,1010.0
2024-03-31 23:00:00,1.939,1011.0
