datetime,water_level,pressure,water_temp
2022-01-01 00:00:00,1.622,1014.7,8.4
2022-01-01 01:00:00,1.304,1014.6,8.5
2022-01-01 02:00:00,0.926,1014.1,8.5
2022-01-01 03:00:00,0.58,1014.1,8.5
2022-01-01 04:00:00,0.337,1013.7,8.4
2022-01-01 05:00:00,0.19,1013.0,8.4
2022-01-01 06:00:00,0.288,1012.9,8.3
2022-01-01 07:00:00,0.645,1012.7,8.1
2022-01-01 08:00:00,1.126,1012.1,8.2
2022-01-01 09:00:00,1.581,1011.7,8.1
2022-01-01 10:00:00,1.927,1011.2,8.3
2022-01-01 11:00:00,2.12,1010.3,8.4
2022-01-01 12:00:00,2.154,1010.5,8.4
2022-01-01 13:00:00,1.913,1010.1,8.7
2022-01-01 14:00:00,1.565,1010.5,8.6
2022-01-01 15:00:00,1.068,1011.2,8.7
2022-01-01 16:00:00,0.685,1009.5,8.5
2022-01-01 17:00:00,0.358,1008.7,8.5
2022-01-01 18:00:00,0.11,1007.8,8.5
2022-01-01 19:00:00,0.158,1007.2,8.4
2022-01-01 20:00:00,0.577,1006.5,8.3
2022-01-01 21:00:00,1.086,1006.3,8.1
2022-01-01 22:00:00,1.54,1006.2,8.3
2022-01-01 23:00:00,1.781,1006.6,8.3
2022-01-02 00:00:00,1.828,1006.2,8.5
2022-01-02 01:00:00,1.693,1005.2,8.5
2022-01-02 02:00:00,1.397,1003.8,8.6
2022-01-02 03:00:00,0.982,1002.9,8.6
2022-01-02 04:00:00,0.668,1002.1,8.6
2022-01-02 05:00:00,0.472,1000.4,8.5
2022-01-02 06:00:00,0.296,1000.5,8.5
2022-01-02 07:00:00,0.321,1000.5,8.5
2022-01-02 08:00:00,0.677,1001.0,8.2
2022-01-02 09:00:00,1.179,1001.3,8.3
2022-01-02 10:00:00,1.704,1001.2,8.2
2022-01-02 11:00:00,2.061,1001.4,8.4
2022-01-02 12:00:00,2.219,1001.4,8.4
2022-01-02 13:00:00,2.259,1001.9,8.5
2022-01-02 14:00:00,1.962,1002.1,8.8
2022-01-02 15:00:00,1.543,1003.6,8.7
2022-01-02 16:00:00,1.044,1003.6,8.7
2022-01-02 17:00:00,0.661,1003.0,8.6
2022-01-02 18:00:00,0.286,1003.0,8.6
2022-01-02 19:00:00,0.058,1003.5,8.6
2022-01-02 20:00:00,0.146,1004.3,8.5
2022-01-02 21:00:00,0.56,1005.5,8.4
2022-01-02 22:00:00,1.064,1007.5,8.2
2022-01-02 23:00:00,1.436,1009.6,8.3
2022-01-03 00:00:00,1.679,1011.5,8.4
2022-01-03 01:00:00,1.689,1013.2,8.5
2022-01-03 02:00:00,1.431,1013.9,8.6
2022-01-03 03:00:00,1.104,1014.7,8.6
2022-01-03 04:00:00,0.656,1015.5,8.5
2022-01-03 05:00:00,0.38,1016.5,8.3
2022-01-03 06:00:00,0.173,1017.6,8.2
2022-01-03 07:00:00,0.016,1019.3,8.0
2022-01-03 08:00:00,0.127,1019.2,7.8
2022-01-03 09:00:00,0.531,1018.2,7.9
2022-01-03 10:00:00,1.11,1019.8,7.9
2022-01-03 11:00:00,1.579,1019.6,8.0
2022-01-03 12:00:00,1.825,1019.4,8.0
2022-01-03 13:00:00,2.042,1019.3,7.9
2022-01-03 14:00:00,2.103,1020.6,7.9
2022-01-03 15:00:00,1.824,1020.8,7.9
2022-01-03 16:00:00,1.466,1020.6,8.2
2022-01-03 17:00:00,1.026,1018.6,8.2
2022-01-03 18:00:00,0.536,1016.2,7.7
2022-01-03 19:00:00,0.138,1016.5,7.9
2022-01-03 20:00:00,-0.003,1017.0,7.8
2022-01-03 21:00:00,0.233,1017.3,7.9
2022-01-03 22:00:00,0.822,1018.7,7.6
2022-01-03 23:00:00,1.273,1019.9,7.7
2022-01-04 00:00:00,1.469,1021.3,7.8
2022-01-04 01:00:00,1.59,1022.5,7.7
2022-01-04 02:00:00,1.586,1023.1,7.8
2022-01-04 03:00:00,1.576,1023.8,7.7
2022-01-04 04:00:00,1.465,1024.1,7.7
2022-01-04 05:00:00,1.144,1024.9,7.5
2022-01-04 06:00:00,0.682,1025.8,7.3
2022-01-04 07:00:00,0.287,1026.8,7.1
2022-01-04 08:00:00,0.045,1027.4,7.2
2022-01-04 09:00:00,0.173,1028.1,7.2
2022-01-04 10:00:00,0.666,1029.0,7.1
2022-01-04 11:00:00,1.173,1029.6,7.1
2022-01-04 12:00:00,1.564,1030.1,7.5
2022-01-04 13:00:00,1.916,1031.2,7.5
2022-01-04 14:00:00,2.134,1031.6,7.3
2022-01-04 15:00:00,2.147,1031.4,7.2
2022-01-04 16:00:00,1.806,1031.2,7.2
2022-01-04 17:00:00,1.32,1029.9,7.4
2022-01-04 18:00:00,0.815,1028.7,7.4
2022-01-04 19:00:00,0.497,1028.8,7.4
2022-01-04 20:00:00,0.247,1028.6,7.4
2022-01-04 21:00:00,0.073,1028.7,7.4
2022-01-04 22:00:00,0.263,1028.8,7.4
2022-01-04 23:00:00,0.666,1028.7,7.1
2022-01-05 00:00:00,1.107,1028.7,7.5
2022-01-05 01:00:00,1.494,1028.6,7.4
2022-01-05 02:00:00,1.716,1027.9,7.4
2022-01-05 03:00:00,1.764,1027.6,7.2
2022-01-05 04:00:00,1.547,1026.9,7.1
2022-01-05 05:00:00,1.2,1026.5,7.1
2022-01-05 06:00:00,0.821,1025.2,7.2
2022-01-05 07:00:00,0.496,1024.7,6.6
2022-01-05 08:00:00,0.232,1023.6,6.7
2022-01-05 09:00:00,0.093,1022.3,6.8
2022-01-05 10:00:00,0.228,1021.0,6.7
2022-01-05 11:00:00,0.741,1019.7,6.7
2022-01-05 12:00:00,1.271,1018.8,7.0
2022-01-05 13:00:00,1.623,1017.2,7.1
2022-01-05 14:00:00,1.858,1016.6,7.1
2022-01-05 15:00:00,2.0,1015.6,7.0
2022-01-05 16:00:00,1.896,1014.7,7.0
2022-01-05 17:00:00,1.531,1012.8,7.0
2022-01-05 18:00:00,1.128,1011.3,7.1
2022-01-05 19:00:00,0.747,1009.7,7.1
2022-01-05 20:00:00,0.422,1008.9,7.0
2022-01-05 21:00:00,0.12,1008.8,7.0
2022-01-05 22:00:00,0.022,1008.4,7.1
2022-01-05 23:00:00,0.297,1007.4,7.0
2022-01-06 00:00:00,0.769,1007.5,6.8
2022-01-06 01:00:00,1.233,1007.6,7.0
2022-01-06 02:00:00,1.448,1007.3,7.0
2022-01-06 03:00:00,1.586,1006.7,7.0
2022-01-06 04:00:00,1.648,1006.0,7.0
2022-01-06 05:00:00,1.47,1006.1,7.0
2022-01-06 06:00:00,1.131,1006.0,7.0
2022-01-06 07:00:00,0.727,1007.1,7.0
2022-01-06 08:00:00,0.398,1007.1,6.9
2022-01-06 09:00:00,0.137,1007.8,6.8
2022-01-06 10:00:00,0.058,1008.8,6.7
2022-01-06 11:00:00,0.222,1010.0,6.6
2022-01-06 12:00:00,0.658,1010.7,6.5
2022-01-06 13:00:00,1.052,1011.3,6.6
2022-01-06 14:00:00,1.323,1012.9,6.8
2022-01-06 15:00:00,1.521,1013.7,6.7
2022-01-06 16:00:00,1.62,1013.7,6.7
2022-01-06 17:00:00,1.478,1013.7,6.5
2022-01-06 18:00:00,1.113,1013.3,6.5
2022-01-06 19:00:00,0.775,1013.3,6.5
2022-01-06 20:00:00,0.434,1013.0,6.6
2022-01-06 21:00:00,0.16,1013.4,6.6
2022-01-06 22:00:00,-0.042,1014.4,6.6
2022-01-06 23:00:00,-0.056,1015.2,6.5
2022-01-07 00:00:00,0.214,1014.6,6.4
2022-01-07 01:00:00,0.63,1014.9,6.5
2022-01-07 02:00:00,1.032,1014.0,6.6
2022-01-07 03:00:00,1.342,1013.5,6.7
2022-01-07 04:00:00,1.51,1013.7,6.5
2022-01-07 05:00:00,1.587,1011.7,6.6
2022-01-07 06:00:00,1.395,1010.2,6.6
2022-01-07 07:00:00,1.148,1009.6,6.6
2022-01-07 08:00:00,0.773,1008.4,6.4
2022-01-07 09:00:00,0.495,1007.5,6.3
2022-01-07 10:00:00,0.404,1007.9,6.0
2022-01-07 11:00:00,0.405,1008.7,6.2
2022-01-07 12:00:00,0.609,1008.7,5.8
2022-01-07 13:00:00,0.944,1009.3,6.2
2022-01-07 14:00:00,1.297,1009.9,6.2
2022-01-07 15:00:00,1.451,1010.2,6.6
2022-01-07 16:00:00,1.29,1010.5,6.3
2022-01-07 17:00:00,1.504,1010.0,6.6
2022-01-07 18:00:00,1.593,1010.5,6.5
2022-01-07 19:00:00,1.366,1010.9,6.2
2022-01-07 20:00:00,0.75,1012.2,6.1
2022-01-07 21:00:00,0.402,1013.7,6.0
2022-01-07 22:00:00,0.122,1015.7,6.0
2022-01-07 23:00:00,0.014,1017.4,6.0
2022-01-08 00:00:00,0.076,1018.7,6.0
2022-01-08 01:00:00,0.296,1020.1,6.0
2022-01-08 02:00:00,0.536,1021.0,5.5
2022-01-08 03:00:00,0.785,1022.0,6.5
2022-01-08 04:00:00,0.995,1022.8,6.3
2022-01-08 05:00:00,1.209,1023.6,5.8
2022-01-08 06:00:00,1.345,1024.5,5.9
2022-01-08 07:00:00,1.137,1026.0,5.3
2022-01-08 08:00:00,0.778,1027.7,5.8
2022-01-08 09:00:00,0.417,1028.8,5.6
2022-01-08 10:00:00,0.181,1030.5,5.5
2022-01-08 11:00:00,-0.022,1032.0,5.2
2022-01-08 12:00:00,-0.116,1032.9,5.7
2022-01-08 13:00:00,0.065,1033.9,5.2
2022-01-08 14:00:00,0.46,1035.6,5.3
2022-01-08 15:00:00,0.903,1037.0,5.6
2022-01-08 16:00:00,1.124,1037.0,6.0
2022-01-08 17:00:00,1.224,1036.2,5.7
2022-01-08 18:00:00,1.265,1036.1,6.2
2022-01-08 19:00:00,1.116,1035.8,6.0
2022-01-08 20:00:00,0.851,1035.9,5.9
2022-01-08 21:00:00,0.503,1036.3,5.3
2022-01-08 22:00:00,0.28,1036.3,5.6
2022-01-08 23:00:00,0.091,1036.4,5.6
2022-01-09 00:00:00,0.001,1036.6,5.6
2022-01-09 01:00:00,0.064,1036.9,5.6
2022-01-09 02:00:00,0.293,1036.5,5.6
2022-01-09 03:00:00,0.607,1035.6,5.5
2022-01-09 04:00:00,0.909,1034.4,6.0
2022-01-09 05:00:00,1.212,1035.1,5.7
2022-01-09 06:00:00,1.355,1034.1,5.5
2022-01-09 07:00:00,1.323,1034.2,5.2
2022-01-09 08:00:00,1.04,1033.1,5.2
2022-01-09 09:00:00,0.715,1031.7,5.1
2022-01-09 10:00:00,0.37,1030.0,4.9
2022-01-09 11:00:00,0.257,1029.2,4.6
2022-01-09 12:00:00,0.164,1028.1,4.5
2022-01-09 13:00:00,0.215,1027.0,5.1
2022-01-09 14:00:00,0.438,1026.6,5.0
2022-01-09 15:00:00,0.736,1025.4,5.1
2022-01-09 16:00:00,0.913,1024.6,5.5
2022-01-09 17:00:00,1.038,1021.4,5.8
2022-01-09 18:00:00,1.137,1020.3,5.4
2022-01-09 19:00:00,1.228,1019.2,5.4
2022-01-09 20:00:00,1.127,1017.9,5.4
2022-01-09 21:00:00,1.004,1017.5,5.5
2022-01-09 22:00:00,0.7,1017.1,5.5
2022-01-09 23:00:00,0.355,1016.8,5.3
2022-01-10 00:00:00,0.12,1016.2,5.5
2022-01-10 01:00:00,-0.001,1016.1,5.5
2022-01-10 02:00:00,0.085,1015.5,5.5
2022-01-10 03:00:00,0.352,1015.1,5.4
2022-01-10 04:00:00,0.689,1015.1,5.5
2022-01-10 05:00:00,0.954,1015.4,6.0
2022-01-10 06:00:00,1.109,1015.3,5.9
2022-01-10 07:00:00,1.094,1015.7,5.7
2022-01-10 08:00:00,0.973,1016.4,5.8
2022-01-10 09:00:00,0.784,1017.2,5.7
2022-01-10 10:00:00,0.557,1018.1,5.3
2022-01-10 11:00:00,0.329,1019.0,5.2
2022-01-10 12:00:00,0.184,1019.8,5.4
2022-01-10 13:00:00,0.01,1020.8,5.3
2022-01-10 14:00:00,-0.081,1022.0,5.0
2022-01-10 15:00:00,0.095,1022.1,5.1
2022-01-10 16:00:00,0.317,1022.0,4.8
2022-01-10 17:00:00,0.592,1021.4,5.3
2022-01-10 18:00:00,0.826,1020.1,5.7
2022-01-10 19:00:00,1.098,1020.0,5.5
2022-01-10 20:00:00,1.137,1020.4,5.5
2022-01-10 21:00:00,0.938,1020.7,5.3
2022-01-10 22:00:00,0.643,1020.8,4.4
2022-01-10 23:00:00,0.349,1021.4,4.7
2022-01-11 00:00:00,0.19,1021.5,4.2
2022-01-11 01:00:00,0.109,1021.6,4.8
2022-01-11 02:00:00,0.079,1021.4,4.8
2022-01-11 03:00:00,0.119,1021.6,5.1
2022-01-11 04:00:00,0.285,1022.0,5.1
2022-01-11 05:00:00,0.556,1022.5,5.1
2022-01-11 06:00:00,0.816,1023.6,5.5
2022-01-11 07:00:00,0.932,1025.0,5.2
2022-01-11 08:00:00,0.934,1026.5,5.5
2022-01-11 09:00:00,0.855,1027.2,5.4
2022-01-11 10:00:00,0.745,1028.4,4.5
2022-01-11 11:00:00,0.527,1030.1,3.8
2022-01-11 12:00:00,0.334,1031.2,4.3
2022-01-11 13:00:00,0.198,1032.1,4.7
2022-01-11 14:00:00,0.043,1033.8,4.2
2022-01-11 15:00:00,-0.005,1034.4,4.3
2022-01-11 16:00:00,0.163,1034.3,4.8
2022-01-11 17:00:00,0.444,1033.6,4.7
2022-01-11 18:00:00,0.747,1033.2,4.6
2022-01-11 19:00:00,0.926,1033.4,5.7
2022-01-11 20:00:00,1.034,1033.3,5.3
2022-01-11 21:00:00,1.031,1034.0,5.4
2022-01-11 22:00:00,1.039,1034.6,4.7
2022-01-11 23:00:00,0.878,1035.2,5.0
2022-01-12 00:00:00,0.605,1034.7,4.8
2022-01-12 01:00:00,0.356,1034.5,4.7
2022-01-12 02:00:00,0.268,1033.6,4.7
2022-01-12 03:00:00,0.278,1033.5,4.8
2022-01-12 04:00:00,0.508,1033.0,5.0
2022-01-12 05:00:00,0.803,1032.4,5.0
2022-01-12 06:00:00,1.108,1031.1,4.9
2022-01-12 07:00:00,1.368,1031.1,5.2
2022-01-12 08:00:00,1.477,1030.0,3.9
2022-01-12 09:00:00,1.481,1029.0,4.3
2022-01-12 10:00:00,1.376,1027.8,4.3
2022-01-12 11:00:00,1.207,1027.2,5.0
2022-01-12 12:00:00,1.003,1025.8,5.0
2022-01-12 13:00:00,0.777,1025.2,4.7
2022-01-12 14:00:00,0.577,1024.7,4.7
2022-01-12 15:00:00,0.375,1023.5,3.9
2022-01-12 16:00:00,0.275,1022.1,4.7
2022-01-12 17:00:00,0.324,1020.9,4.1
2022-01-12 18:00:00,0.482,1019.8,4.7
2022-01-12 19:00:00,0.779,1019.1,4.7
2022-01-12 20:00:00,0.969,1019.0,6.8
2022-01-12 21:00:00,0.991,1018.9,6.3
2022-01-12 22:00:00,0.92,1018.9,5.6
2022-01-12 23:00:00,0.81,1019.2,5.7
2022-01-13 00:00:00,0.667,1019.6,5.0
2022-01-13 01:00:00,0.46,1019.9,4.9
2022-01-13 02:00:00,0.295,1019.8,4.9
2022-01-13 03:00:00,0.12,1019.7,5.3
2022-01-13 04:00:00,0.108,1019.5,5.2
2022-01-13 05:00:00,0.297,1018.9,4.6
2022-01-13 06:00:00,0.642,1018.5,4.7
2022-01-13 07:00:00,1.004,1018.4,5.0
2022-01-13 08:00:00,1.231,1018.2,5.2
2022-01-13 09:00:00,1.33,1017.5,5.1
2022-01-13 10:00:00,1.383,1017.4,5.5
2022-01-13 11:00:00,1.297,1017.0,5.1
2022-01-13 12:00:00,1.093,1017.7,5.1
2022-01-13 13:00:00,0.82,1017.8,5.0
2022-01-13 14:00:00,0.577,1017.8,4.9
2022-01-13 15:00:00,0.421,1017.7,4.9
2022-01-13 16:00:00,0.325,1016.9,4.8
2022-01-13 17:00:00,0.33,1015.4,5.0
2022-01-13 18:00:00,0.499,1014.5,5.0
2022-01-13 19:00:00,0.716,1013.5,5.0
2022-01-13 20:00:00,0.974,1013.5,5.0
2022-01-13 21:00:00,1.166,1013.2,5.0
2022-01-13 22:00:00,1.317,1013.0,5.3
2022-01-13 23:00:00,1.337,1012.9,5.3
2022-01-14 00:00:00,1.197,1013.0,5.2
2022-01-14 01:00:00,0.961,1012.6,5.3
2022-01-14 02:00:00,0.678,1012.2,5.0
2022-01-14 03:00:00,0.512,1011.8,5.3
2022-01-14 04:00:00,0.442,1011.1,5.3
2022-01-14 05:00:00,0.505,1010.5,5.0
2022-01-14 06:00:00,0.767,1009.8,5.0
2022-01-14 07:00:00,1.092,1009.7,5.3
2022-01-14 08:00:00,1.401,1009.9,5.4
2022-01-14 09:00:00,1.592,1009.0,5.3
2022-01-14 10:00:00,1.68,1008.3,5.7
2022-01-14 11:00:00,1.691,1008.6,5.7
2022-01-14 12:00:00,1.526,1008.7,5.6
2022-01-14 13:00:00,1.318,1008.7,5.7
2022-01-14 14:00:00,1.015,1008.7,5.6
2022-01-14 15:00:00,0.787,1008.9,5.3
2022-01-14 16:00:00,0.586,1008.5,5.4
2022-01-14 17:00:00,0.423,1007.8,5.5
2022-01-14 18:00:00,0.435,1007.7,5.5
2022-01-14 19:00:00,0.622,1007.6,5.5
2022-01-14 20:00:00,0.796,1008.0,5.4
2022-01-14 21:00:00,0.988,1008.6,5.6
2022-01-14 22:00:00,1.171,1009.3,5.9
2022-01-14 23:00:00,1.346,1010.3,5.6
2022-01-15 00:00:00,1.343,1011.4,5.4
2022-01-15 01:00:00,1.164,1012.3,5.2
2022-01-15 02:00:00,0.855,1013.3,4.7
2022-01-15 03:00:00,0.539,1013.9,4.7
2022-01-15 04:00:00,0.384,1014.6,5.3
2022-01-15 05:00:00,0.359,1015.5,5.5
2022-01-15 06:00:00,0.53,1015.9,5.0
2022-01-15 07:00:00,0.8,1017.3,4.9
2022-01-15 08:00:00,1.014,1018.5,4.6
2022-01-15 09:00:00,1.247,1019.8,5.4
2022-01-15 10:00:00,1.477,1020.8,5.4
2022-01-15 11:00:00,1.656,1021.8,5.3
2022-01-15 12:00:00,1.682,1023.0,4.7
2022-01-15 13:00:00,1.524,1024.2,4.5
2022-01-15 14:00:00,1.316,1025.5,5.0
2022-01-15 15:00:00,1.002,1026.5,4.8
2022-01-15 16:00:00,0.715,1026.4,4.3
2022-01-15 17:00:00,0.477,1026.2,4.6
2022-01-15 18:00:00,0.4,1026.5,5.0
2022-01-15 19:00:00,0.517,1026.2,4.9
2022-01-15 20:00:00,0.763,1026.6,4.9
2022-01-15 21:00:00,1.017,1027.1,5.0
2022-01-15 22:00:00,1.268,1027.8,5.4
2022-01-15 23:00:00,1.371,1028.2,5.4
2022-01-16 00:00:00,1.405,1028.7,5.1
2022-01-16 01:00:00,1.334,1029.6,5.2
2022-01-16 02:00:00,1.103,1029.8,5.0
2022-01-16 03:00:00,0.778,1030.0,4.6
2022-01-16 04:00:00,0.505,1030.1,4.7
2022-01-16 05:00:00,0.395,1031.3,4.7
2022-01-16 06:00:00,0.374,1029.6,4.4
2022-01-16 07:00:00,0.446,1030.5,4.4
2022-01-16 08:00:00,0.684,1029.8,4.4
2022-01-16 09:00:00,0.934,1030.3,4.6
2022-01-16 10:00:00,1.324,1030.0,5.3
2022-01-16 11:00:00,1.539,1030.4,4.7
2022-01-16 12:00:00,1.624,1030.5,5.3
2022-01-16 13:00:00,1.466,1030.8,4.7
2022-01-16 14:00:00,1.184,1030.9,4.3
2022-01-16 15:00:00,0.902,1030.7,4.5
2022-01-16 16:00:00,0.583,1028.9,4.2
2022-01-16 17:00:00,0.359,1027.5,4.4
2022-01-16 18:00:00,0.145,1026.0,4.5
2022-01-16 19:00:00,0.113,1024.8,4.6
2022-01-16 20:00:00,0.283,1023.4,4.4
2022-01-16 21:00:00,0.611,1021.4,4.5
2022-01-16 22:00:00,0.972,1021.2,4.2
2022-01-16 23:00:00,1.241,1019.5,5.3
2022-01-17 00:00:00,1.429,1018.4,5.1
2022-01-17 01:00:00,1.615,1015.5,5.3
2022-01-17 02:00:00,1.463,1013.5,4.9
2022-01-17 03:00:00,1.275,1010.1,4.9
2022-01-17 04:00:00,1.044,1007.1,4.9
2022-01-17 05:00:00,0.974,1003.5,4.6
2022-01-17 06:00:00,1.031,999.1,4.7
2022-01-17 07:00:00,1.16,995.1,4.7
2022-01-17 08:00:00,1.389,991.4,4.7
2022-01-17 09:00:00,1.874,989.1,4.7
2022-01-17 10:00:00,1.712,987.2,4.8
2022-01-17 11:00:00,1.773,986.3,5.1
2022-01-17 12:00:00,2.038,986.6,5.1
2022-01-17 13:00:00,2.293,986.2,4.9
2022-01-17 14:00:00,2.133,987.1,4.6
2022-01-17 15:00:00,1.953,985.9,5.0
2022-01-17 16:00:00,1.423,986.6,5.1
2022-01-17 17:00:00,0.942,986.4,4.9
2022-01-17 18:00:00,0.623,986.2,4.7
2022-01-17 19:00:00,0.388,986.7,4.7
2022-01-17 20:00:00,0.333,987.6,4.6
2022-01-17 21:00:00,0.465,,
2022-01-17 22:00:00,0.833,989.2,4.3
2022-01-17 23:00:00,1.166,990.4,4.9
2022-01-18 00:00:00,1.369,991.6,4.8
2022-01-18 01:00:00,1.294,992.6,4.8
2022-01-18 02:00:00,1.115,993.5,4.9
2022-01-18 03:00:00,0.831,994.8,4.7
2022-01-18 04:00:00,0.569,996.5,4.6
2022-01-18 05:00:00,0.317,997.2,4.6
2022-01-18 06:00:00,0.128,998.6,4.6
2022-01-18 07:00:00,-0.057,1000.5,4.3
2022-01-18 08:00:00,-0.159,1002.7,4.0
2022-01-18 09:00:00,-0.015,1003.8,3.8
2022-01-18 10:00:00,0.358,1005.1,4.0
2022-01-18 11:00:00,0.849,1006.6,4.0
2022-01-18 12:00:00,1.099,1008.1,4.0
2022-01-18 13:00:00,1.234,1009.5,4.0
2022-01-18 14:00:00,1.315,1010.8,4.2
2022-01-18 15:00:00,1.203,1011.8,3.8
2022-01-18 16:00:00,0.841,1012.3,3.7
2022-01-18 17:00:00,0.379,1012.4,4.0
2022-01-18 18:00:00,0.05,1013.2,4.0
2022-01-18 19:00:00,-0.211,1014.1,3.9
2022-01-18 20:00:00,-0.337,1014.9,4.0
2022-01-18 21:00:00,-0.263,1016.4,4.0
2022-01-18 22:00:00,0.075,1017.9,3.8
2022-01-18 23:00:00,0.508,1019.4,3.9
2022-01-19 00:00:00,0.806,1020.5,4.0
2022-01-19 01:00:00,0.93,1021.0,4.1
2022-01-19 02:00:00,0.969,1021.5,4.2
2022-01-19 03:00:00,0.856,1022.0,4.3
2022-01-19 04:00:00,0.609,1022.3,4.3
2022-01-19 05:00:00,0.325,1021.9,4.0
2022-01-19 06:00:00,0.126,1022.2,3.8
2022-01-19 07:00:00,-0.025,1022.0,3.8
2022-01-19 08:00:00,-0.112,1022.4,3.9
2022-01-19 09:00:00,0.005,1022.1,3.5
2022-01-19 10:00:00,0.43,1022.0,3.6
2022-01-19 11:00:00,0.953,1021.3,3.8
2022-01-19 12:00:00,1.329,1021.3,4.0
2022-01-19 13:00:00,1.497,1021.3,3.9
2022-01-19 14:00:00,1.575,1021.4,4.2
2022-01-19 15:00:00,1.468,1020.1,4.1
2022-01-19 16:00:00,1.202,1019.1,4.4
2022-01-19 17:00:00,0.804,1017.4,4.4
2022-01-19 18:00:00,0.445,1016.1,4.4
2022-01-19 19:00:00,0.174,1015.1,4.3
2022-01-19 20:00:00,-0.006,1015.1,4.3
2022-01-19 21:00:00,-0.028,1014.6,4.3
2022-01-19 22:00:00,0.19,1014.6,4.2
2022-01-19 23:00:00,0.565,1015.1,4.0
2022-01-20 00:00:00,0.946,1015.6,4.6
2022-01-20 01:00:00,1.121,1015.6,4.5
2022-01-20 02:00:00,1.187,1015.6,4.4
2022-01-20 03:00:00,1.191,1015.3,4.3
2022-01-20 04:00:00,1.003,1015.7,4.4
2022-01-20 05:00:00,0.721,1015.2,4.3
2022-01-20 06:00:00,0.422,1014.6,4.4
2022-01-20 07:00:00,0.205,1015.0,4.4
2022-01-20 08:00:00,0.006,1016.0,4.3
2022-01-20 09:00:00,-0.06,1016.4,4.4
2022-01-20 10:00:00,0.141,1016.2,4.3
2022-01-20 11:00:00,0.562,1016.3,4.2
2022-01-20 12:00:00,1.064,1017.4,4.0
2022-01-20 13:00:00,1.314,1019.0,4.2
2022-01-20 14:00:00,1.405,1020.0,4.5
2022-01-20 15:00:00,1.363,1021.1,4.7
2022-01-20 16:00:00,1.216,1021.5,4.5
2022-01-20 17:00:00,0.923,1020.8,4.6
2022-01-20 18:00:00,0.54,1021.2,4.6
2022-01-20 19:00:00,0.243,1021.2,4.5
2022-01-20 20:00:00,0.003,1021.8,4.4
2022-01-20 21:00:00,-0.084,1022.4,4.4
2022-01-20 22:00:00,0.033,1023.4,4.2
2022-01-20 23:00:00,0.396,1024.9,4.1
2022-01-21 00:00:00,0.754,1025.9,4.1
2022-01-21 01:00:00,1.069,1026.7,4.1
2022-01-21 02:00:00,1.207,1027.6,4.4
2022-01-21 03:00:00,1.235,1028.5,4.4
2022-01-21 04:00:00,1.2,1029.5,4.5
2022-01-21 05:00:00,1.035,1029.7,4.4
2022-01-21 06:00:00,0.756,1029.6,4.3
2022-01-21 07:00:00,0.461,1030.6,4.0
2022-01-21 08:00:00,0.247,1030.8,4.0
2022-01-21 09:00:00,0.098,1031.4,3.8
2022-01-21 10:00:00,0.201,1031.8,3.9
2022-01-21 11:00:00,0.582,1032.6,3.6
2022-01-21 12:00:00,0.955,1033.8,3.8
2022-01-21 13:00:00,1.256,1034.8,4.2
2022-01-21 14:00:00,1.388,1035.3,4.3
2022-01-21 15:00:00,1.462,1035.7,4.3
2022-01-21 16:00:00,1.465,1035.5,4.0
2022-01-21 17:00:00,1.245,1034.7,4.0
2022-01-21 18:00:00,0.945,1034.1,3.9
2022-01-21 19:00:00,0.595,1033.7,4.2
2022-01-21 20:00:00,0.337,1033.6,3.8
2022-01-21 21:00:00,0.135,1034.1,3.9
2022-01-21 22:00:00,0.066,1034.3,3.9
2022-01-21 23:00:00,0.283,1034.6,3.7
2022-01-22 00:00:00,0.644,1034.9,3.7
2022-01-22 01:00:00,0.992,1035.0,3.5
2022-01-22 02:00:00,1.204,1034.8,4.5
2022-01-22 03:00:00,1.332,1034.6,4.3
2022-01-22 04:00:00,1.4,1034.3,4.5
2022-01-22 05:00:00,1.342,1033.8,4.1
2022-01-22 06:00:00,1.126,1032.8,4.1
2022-01-22 07:00:00,0.807,1032.2,4.1
2022-01-22 08:00:00,0.494,1031.5,3.6
2022-01-22 09:00:00,0.283,1030.9,3.5
2022-01-22 10:00:00,0.222,1030.6,3.5
2022-01-22 11:00:00,0.391,1030.6,3.8
2022-01-22 12:00:00,0.698,1031.1,3.6
2022-01-22 13:00:00,1.063,1031.2,3.4
2022-01-22 14:00:00,1.344,1030.6,4.3
2022-01-22 15:00:00,1.514,1030.8,4.1
2022-01-22 16:00:00,1.591,1030.0,4.2
2022-01-22 17:00:00,1.447,1028.4,3.8
2022-01-22 18:00:00,1.207,1026.6,3.8
2022-01-22 19:00:00,0.816,1025.5,3.9
2022-01-22 20:00:00,0.534,1025.0,3.7
2022-01-22 21:00:00,0.317,1023.9,3.7
2022-01-22 22:00:00,0.226,1023.3,3.9
2022-01-22 23:00:00,0.288,1022.8,3.8
2022-01-23 00:00:00,0.555,1022.5,3.7
2022-01-23 01:00:00,0.847,1022.1,3.6
2022-01-23 02:00:00,1.131,1021.3,4.0
2022-01-23 03:00:00,1.308,1020.6,4.2
2022-01-23 04:00:00,1.485,1019.9,3.9
2022-01-23 05:00:00,1.541,1019.3,3.5
2022-01-23 06:00:00,1.402,1018.8,2.9
2022-01-23 07:00:00,1.106,1018.3,3.8
2022-01-23 08:00:00,0.715,1017.7,3.7
2022-01-23 09:00:00,0.441,1017.0,3.5
2022-01-23 10:00:00,0.227,1016.4,3.5
2022-01-23 11:00:00,0.205,1016.4,3.5
2022-01-23 12:00:00,0.361,1016.2,3.5
2022-01-23 13:00:00,0.745,1015.7,3.3
2022-01-23 14:00:00,1.133,1015.0,4.4
2022-01-23 15:00:00,1.387,1014.5,4.0
2022-01-23 16:00:00,1.479,1013.8,3.8
2022-01-23 17:00:00,1.453,1012.3,3.8
2022-01-23 18:00:00,1.307,1010.9,3.8
2022-01-23 19:00:00,1.042,1010.1,3.9
2022-01-23 20:00:00,0.723,1009.5,4.0
2022-01-23 21:00:00,0.469,1009.0,3.9
2022-01-23 22:00:00,0.29,1009.0,3.8
2022-01-23 23:00:00,0.216,1009.5,3.8
2022-01-24 00:00:00,0.291,1009.7,3.7
2022-01-24 01:00:00,0.532,1010.0,3.7
2022-01-24 02:00:00,0.845,1010.2,3.6
2022-01-24 03:00:00,1.138,1009.7,4.0
2022-01-24 04:00:00,1.323,1009.5,3.9
2022-01-24 05:00:00,1.461,1009.3,3.9
2022-01-24 06:00:00,1.463,1009.0,3.9
2022-01-24 07:00:00,1.254,1009.4,3.9
2022-01-24 08:00:00,0.991,1009.8,3.9
2022-01-24 09:00:00,0.685,1010.1,3.9
2022-01-24 10:00:00,0.463,1010.7,3.8
2022-01-24 11:00:00,0.299,1011.4,3.7
2022-01-24 12:00:00,0.274,1012.3,3.7
2022-01-24 13:00:00,0.492,1013.4,3.6
2022-01-24 14:00:00,0.863,1014.2,3.5
2022-01-24 15:00:00,1.211,1014.4,3.4
2022-01-24 16:00:00,1.386,1014.1,4.1
2022-01-24 17:00:00,1.42,1013.0,3.9
2022-01-24 18:00:00,1.405,1012.7,3.9
2022-01-24 19:00:00,1.284,1012.1,4.1
2022-01-24 20:00:00,1.063,1011.4,4.0
2022-01-24 21:00:00,0.751,1012.1,4.0
2022-01-24 22:00:00,0.553,1012.3,3.8
2022-01-24 23:00:00,0.415,1012.4,3.7
2022-01-25 00:00:00,0.391,1012.4,3.9
2022-01-25 01:00:00,0.487,1012.1,3.4
2022-01-25 02:00:00,0.729,1012.0,3.4
2022-01-25 03:00:00,1.005,1012.0,3.5
2022-01-25 04:00:00,1.281,1011.7,3.9
2022-01-25 05:00:00,1.522,1011.4,3.7
2022-01-25 06:00:00,1.687,1010.5,3.9
2022-01-25 07:00:00,1.633,1010.4,3.6
2022-01-25 08:00:00,1.353,1010.7,4.0
2022-01-25 09:00:00,1.002,1010.8,3.8
2022-01-25 10:00:00,0.705,1010.8,3.8
2022-01-25 11:00:00,0.555,1011.3,3.7
2022-01-25 12:00:00,0.405,1011.5,3.6
2022-01-25 13:00:00,0.378,1012.9,3.6
2022-01-25 14:00:00,0.536,1014.0,3.5
2022-01-25 15:00:00,0.867,1014.5,3.5
2022-01-25 16:00:00,1.196,1014.9,3.9
2022-01-25 17:00:00,1.327,1014.6,3.9
2022-01-25 18:00:00,1.344,1014.1,3.8
2022-01-25 19:00:00,1.296,1014.4,3.9
2022-01-25 20:00:00,1.117,1014.9,4.0
2022-01-25 21:00:00,0.895,1015.4,3.8
2022-01-25 22:00:00,0.637,1016.6,3.8
2022-01-25 23:00:00,0.445,1017.8,3.7
2022-01-26 00:00:00,0.274,1018.9,3.7
2022-01-26 01:00:00,0.187,1019.7,3.7
2022-01-26 02:00:00,0.251,1020.5,3.6
2022-01-26 03:00:00,0.488,1021.3,3.4
2022-01-26 04:00:00,0.777,1021.8,3.4
2022-01-26 05:00:00,1.098,1022.0,3.7
2022-01-26 06:00:00,1.356,1022.3,3.8
2022-01-26 07:00:00,1.538,1023.2,3.5
2022-01-26 08:00:00,1.467,1024.0,3.8
2022-01-26 09:00:00,1.209,1024.3,3.4
2022-01-26 10:00:00,0.875,1025.1,3.8
2022-01-26 11:00:00,0.604,1025.8,3.0
2022-01-26 12:00:00,0.421,1026.5,2.9
2022-01-26 13:00:00,0.278,1027.6,3.2
2022-01-26 14:00:00,0.268,1028.4,3.3
2022-01-26 15:00:00,0.488,1028.8,3.1
2022-01-26 16:00:00,0.722,1028.7,3.2
2022-01-26 17:00:00,0.883,1027.8,3.0
2022-01-26 18:00:00,0.976,1027.3,4.0
2022-01-26 19:00:00,1.041,1027.2,3.9
2022-01-26 20:00:00,1.087,1027.3,3.6
2022-01-26 21:00:00,0.974,1027.8,3.4
2022-01-26 22:00:00,0.805,1028.6,3.1
2022-01-26 23:00:00,0.516,1029.8,3.0
2022-01-27 00:00:00,0.32,1030.6,3.3
2022-01-27 01:00:00,0.156,1031.5,3.5
2022-01-27 02:00:00,0.051,1032.0,3.3
2022-01-27 03:00:00,0.108,1032.2,3.2
2022-01-27 04:00:00,0.43,1032.3,2.9
2022-01-27 05:00:00,0.845,1032.3,2.7
2022-01-27 06:00:00,1.239,1032.4,3.7
2022-01-27 07:00:00,1.473,1032.5,3.3
2022-01-27 08:00:00,1.528,1032.5,3.7
2022-01-27 09:00:00,1.421,1032.3,3.3
2022-01-27 10:00:00,1.19,1032.4,3.4
2022-01-27 11:00:00,0.919,1032.5,3.6
2022-01-27 12:00:00,0.64,1032.8,3.3
2022-01-27 13:00:00,0.443,1032.7,3.2
2022-01-27 14:00:00,0.256,1032.4,3.2
2022-01-27 15:00:00,0.201,1032.2,3.4
2022-01-27 16:00:00,0.366,1031.7,3.0
2022-01-27 17:00:00,0.588,1031.0,3.2
2022-01-27 18:00:00,0.848,1029.5,3.0
2022-01-27 19:00:00,1.074,1028.0,3.8
2022-01-27 20:00:00,1.222,1027.0,3.7
2022-01-27 21:00:00,1.26,1026.4,3.7
2022-01-27 22:00:00,1.129,1025.9,3.2
2022-01-27 23:00:00,0.884,1026.1,3.3
2022-01-28 00:00:00,0.629,1026.1,3.1
2022-01-28 01:00:00,0.39,1025.1,3.3
2022-01-28 02:00:00,0.194,1025.1,2.6
2022-01-28 03:00:00,0.045,1024.9,3.0
2022-01-28 04:00:00,0.084,1024.6,3.3
2022-01-28 05:00:00,0.448,1024.0,3.2
2022-01-28 06:00:00,0.931,1023.4,3.1
2022-01-28 07:00:00,1.31,1022.8,3.6
2022-01-28 08:00:00,1.46,1022.2,3.6
2022-01-28 09:00:00,1.479,1021.7,3.5
2022-01-28 10:00:00,1.463,1021.5,3.2
2022-01-28 11:00:00,1.297,1021.3,3.5
2022-01-28 12:00:00,1.016,1021.5,3.5
2022-01-28 13:00:00,0.653,1021.9,3.6
2022-01-28 14:00:00,0.383,1021.5,3.4
2022-01-28 15:00:00,0.161,1021.5,3.4
2022-01-28 16:00:00,0.038,1021.2,3.4
2022-01-28 17:00:00,0.166,1020.6,3.4
2022-01-28 18:00:00,0.476,1019.8,3.2
2022-01-28 19:00:00,0.846,1019.0,3.2
2022-01-28 20:00:00,1.148,1018.5,3.7
2022-01-28 21:00:00,1.294,1018.3,3.8
2022-01-28 22:00:00,1.321,1017.8,3.7
2022-01-28 23:00:00,1.228,1017.2,3.8
2022-01-29 00:00:00,1.019,1017.4,3.8
2022-01-29 01:00:00,0.737,1017.2,3.8
2022-01-29 02:00:00,0.486,1017.0,3.6
2022-01-29 03:00:00,0.241,1015.1,3.4
2022-01-29 04:00:00,0.163,1014.3,3.5
2022-01-29 05:00:00,0.319,1013.4,3.4
2022-01-29 06:00:00,0.716,1012.0,3.3
2022-01-29 07:00:00,1.158,1011.2,3.1
2022-01-29 08:00:00,1.473,1009.9,3.4
2022-01-29 09:00:00,1.682,1007.8,3.6
2022-01-29 10:00:00,1.777,1007.2,3.5
2022-01-29 11:00:00,1.793,1006.3,3.3
2022-01-29 12:00:00,1.657,1005.5,3.2
2022-01-29 13:00:00,1.372,1006.3,3.4
2022-01-29 14:00:00,1.009,1006.1,3.4
2022-01-29 15:00:00,0.727,1006.0,3.2
2022-01-29 16:00:00,0.417,1006.1,3.2
2022-01-29 17:00:00,0.279,1005.3,3.0
2022-01-29 18:00:00,0.27,1003.6,2.9
2022-01-29 19:00:00,0.465,1003.0,2.7
2022-01-29 20:00:00,0.819,1003.3,2.6
2022-01-29 21:00:00,1.229,1003.4,2.8
2022-01-29 22:00:00,1.512,1003.8,3.1
2022-01-29 23:00:00,1.642,1004.4,2.8
2022-01-30 00:00:00,1.66,1005.1,2.6
2022-01-30 01:00:00,1.356,1006.5,3.0
2022-01-30 02:00:00,0.876,1007.9,2.8
2022-01-30 03:00:00,0.464,1009.1,2.9
2022-01-30 04:00:00,0.237,1010.3,2.8
2022-01-30 05:00:00,0.102,1010.5,2.6
2022-01-30 06:00:00,0.177,1011.0,2.7
2022-01-30 07:00:00,0.418,1011.6,2.6
2022-01-30 08:00:00,0.831,1012.1,2.4
2022-01-30 09:00:00,1.269,1012.5,3.1
2022-01-30 10:00:00,1.596,1013.1,3.0
2022-01-30 11:00:00,1.802,1013.9,2.6
2022-01-30 12:00:00,1.824,1015.7,2.5
2022-01-30 13:00:00,1.557,1016.7,2.4
2022-01-30 14:00:00,1.136,1017.3,2.7
2022-01-30 15:00:00,0.656,1017.4,2.6
2022-01-30 16:00:00,0.304,1017.8,2.5
2022-01-30 17:00:00,-0.011,1017.0,2.6
2022-01-30 18:00:00,-0.196,1016.2,2.7
2022-01-30 19:00:00,-0.072,1016.0,2.7
2022-01-30 20:00:00,0.3,1016.2,2.4
2022-01-30 21:00:00,0.664,1016.6,2.5
2022-01-30 22:00:00,0.964,1017.4,2.7
2022-01-30 23:00:00,1.148,1018.5,2.7
2022-01-31 00:00:00,1.235,1019.7,2.8
2022-01-31 01:00:00,1.092,1020.7,2.6
2022-01-31 02:00:00,0.789,1021.4,2.6
2022-01-31 03:00:00,0.357,1022.3,2.6
2022-01-31 04:00:00,0.007,1023.0,2.5
2022-01-31 05:00:00,-0.254,1023.0,2.4
2022-01-31 06:00:00,-0.39,1023.1,2.4
2022-01-31 07:00:00,-0.284,1023.4,2.3
2022-01-31 08:00:00,0.189,1023.7,2.0
2022-01-31 09:00:00,0.737,1024.0,2.2
2022-01-31 10:00:00,1.218,1024.5,2.3
2022-01-31 11:00:00,1.52,1025.5,2.6
2022-01-31 12:00:00,1.665,1026.1,2.4
2022-01-31 13:00:00,1.637,1027.0,2.4
2022-01-31 14:00:00,1.383,1027.9,2.8
2022-01-31 15:00:00,0.971,1028.6,2.6
2022-01-31 16:00:00,0.528,1029.2,2.7
2022-01-31 17:00:00,0.193,1029.1,2.6
2022-01-31 18:00:00,-0.084,1028.5,2.6
2022-01-31 19:00:00,-0.278,1028.3,2.7
2022-01-31 20:00:00,-0.136,1028.1,2.5
2022-01-31 21:00:00,0.333,1028.3,2.3
2022-01-31 22:00:00,0.812,1029.0,2.3
2022-01-31 23:00:00,1.233,1029.6,2.5
2022-02-01 00:00:00,1.44,1030.4,2.4
2022-02-01 01:00:00,1.478,1030.8,2.5
2022-02-01 02:00:00,1.286,1031.4,2.5
2022-02-01 03:00:00,0.935,1031.7,2.6
2022-02-01 04:00:00,0.515,1032.0,2.6
2022-02-01 05:00:00,0.25,1032.0,2.4
2022-02-01 06:00:00,0.05,1032.0,2.4
2022-02-01 07:00:00,-0.064,1032.3,2.3
2022-02-01 08:00:00,0.027,1032.7,2.3
2022-02-01 09:00:00,0.454,1032.9,2.1
2022-02-01 10:00:00,0.988,1033.3,2.1
2022-02-01 11:00:00,1.453,1033.6,2.3
2022-02-01 12:00:00,1.746,1034.1,2.4
2022-02-01 13:00:00,1.882,1035.2,2.2
2022-02-01 14:00:00,1.823,1035.4,2.3
2022-02-01 15:00:00,1.533,1035.4,2.7
2022-02-01 16:00:00,1.068,1035.5,2.6
2022-02-01 17:00:00,0.598,1035.0,2.6
2022-02-01 18:00:00,0.269,1034.5,2.6
2022-02-01 19:00:00,0.003,1033.6,2.7
2022-02-01 20:00:00,-0.093,1033.5,2.6
2022-02-01 21:00:00,0.159,1033.2,2.5
2022-02-01 22:00:00,0.596,1033.2,2.1
2022-02-01 23:00:00,1.035,1033.4,2.1
2022-02-02 00:00:00,1.414,1034.4,2.4
2022-02-02 01:00:00,1.667,1034.3,2.4
2022-02-02 02:00:00,1.665,1034.3,2.5
2022-02-02 03:00:00,1.44,1034.1,2.6
2022-02-02 04:00:00,1.028,1033.6,2.6
2022-02-02 05:00:00,0.627,1033.2,2.5
2022-02-02 06:00:00,0.368,1033.2,2.5
2022-02-02 07:00:00,0.153,1032.9,2.4
2022-02-02 08:00:00,0.008,1032.6,2.4
2022-02-02 09:00:00,0.152,1032.3,2.3
2022-02-02 10:00:00,0.585,1032.0,2.1
2022-02-02 11:00:00,1.12,1032.2,2.4
2022-02-02 12:00:00,1.521,1032.0,2.3
2022-02-02 13:00:00,1.778,1032.2,2.4
2022-02-02 14:00:00,1.901,1032.1,2.4
2022-02-02 15:00:00,1.79,1032.3,2.5
2022-02-02 16:00:00,1.42,1031.7,2.7
2022-02-02 17:00:00,0.919,1030.9,2.7
2022-02-02 18:00:00,0.492,1030.2,2.7
2022-02-02 19:00:00,0.163,1029.4,2.8
2022-02-02 20:00:00,-0.087,1029.2,2.7
2022-02-02 21:00:00,-0.153,1028.2,2.7
2022-02-02 22:00:00,0.161,1028.5,2.5
2022-02-02 23:00:00,0.656,1028.7,2.2
2022-02-03 00:00:00,1.131,1028.6,2.4
2022-02-03 01:00:00,1.444,1028.0,2.3
2022-02-03 02:00:00,1.619,1027.7,2.4
2022-02-03 03:00:00,1.559,1026.8,2.6
2022-02-03 04:00:00,1.275,1026.4,2.6
2022-02-03 05:00:00,0.878,1026.4,2.6
2022-02-03 06:00:00,0.535,1026.3,2.6
2022-02-03 07:00:00,0.289,1026.3,2.7
2022-02-03 08:00:00,0.07,1026.1,2.6
2022-02-03 09:00:00,-0.028,1025.6,2.5
2022-02-03 10:00:00,0.174,1025.5,2.4
2022-02-03 11:00:00,0.664,1025.8,2.3
2022-02-03 12:00:00,1.141,1026.2,2.4
2022-02-03 13:00:00,1.504,1026.1,2.4
2022-02-03 14:00:00,1.743,1026.2,2.5
2022-02-03 15:00:00,1.822,1025.9,2.6
2022-02-03 16:00:00,1.627,1025.4,2.7
2022-02-03 17:00:00,1.213,1024.2,2.8
2022-02-03 18:00:00,0.705,1023.1,2.8
2022-02-03 19:00:00,0.353,1022.9,2.7
2022-02-03 20:00:00,0.078,1021.9,2.8
2022-02-03 21:00:00,-0.114,1021.7,2.7
2022-02-03 22:00:00,-0.068,1021.5,2.6
2022-02-03 23:00:00,0.357,1020.9,2.5
2022-02-04 00:00:00,0.826,1020.0,2.3
2022-02-04 01:00:00,1.252,1019.6,2.4
2022-02-04 02:00:00,1.453,1018.7,2.5
2022-02-04 03:00:00,1.577,1017.5,2.6
2022-02-04 04:00:00,1.522,1016.8,2.7
2022-02-04 05:00:00,1.278,1015.9,2.8
2022-02-04 06:00:00,0.914,1014.7,2.8
2022-02-04 07:00:00,0.619,1013.8,2.8
2022-02-04 08:00:00,0.322,1012.6,2.8
2022-02-04 09:00:00,0.078,1011.8,2.8
2022-02-04 10:00:00,0.019,1011.1,2.8
2022-02-04 11:00:00,0.335,1010.5,2.6
2022-02-04 12:00:00,0.884,1010.2,2.6
2022-02-04 13:00:00,1.328,1011.2,2.6
2022-02-04 14:00:00,1.527,1012.4,2.5
2022-02-04 15:00:00,1.646,1012.8,2.8
2022-02-04 16:00:00,1.575,1013.0,2.8
2022-02-04 17:00:00,1.3,1011.6,2.8
2022-02-04 18:00:00,0.924,1012.4,2.9
2022-02-04 19:00:00,0.535,1011.4,2.9
2022-02-04 20:00:00,0.211,1011.6,2.8
2022-02-04 21:00:00,-0.01,1012.8,2.8
2022-02-04 22:00:00,-0.163,1013.1,2.7
2022-02-04 23:00:00,-0.052,1014.4,2.5
2022-02-05 00:00:00,0.401,1015.3,2.4
2022-02-05 01:00:00,0.859,1016.1,2.3
2022-02-05 02:00:00,1.162,1016.5,2.3
2022-02-05 03:00:00,1.418,1016.5,2.5
2022-02-05 04:00:00,1.534,1016.7,2.6
2022-02-05 05:00:00,1.494,1016.8,2.5
2022-02-05 06:00:00,1.181,1016.1,2.5
2022-02-05 07:00:00,0.735,1016.3,2.6
2022-02-05 08:00:00,0.363,1016.6,2.6
2022-02-05 09:00:00,0.161,1017.3,2.4
2022-02-05 10:00:00,0.095,1017.8,2.3
2022-02-05 11:00:00,0.131,1019.3,2.3
2022-02-05 12:00:00,0.402,1020.2,2.2
2022-02-05 13:00:00,0.653,1021.7,2.3
2022-02-05 14:00:00,0.944,1023.4,2.4
2022-02-05 15:00:00,1.15,1024.2,2.5
2022-02-05 16:00:00,1.313,1024.7,2.4
2022-02-05 17:00:00,1.234,1025.0,2.5
2022-02-05 18:00:00,0.969,1026.1,2.2
2022-02-05 19:00:00,0.605,1027.0,2.2
2022-02-05 20:00:00,0.237,1027.7,2.3
2022-02-05 21:00:00,-0.036,1028.7,2.3
2022-02-05 22:00:00,-0.205,1029.9,2.3
2022-02-05 23:00:00,-0.285,1031.4,2.0
2022-02-06 00:00:00,-0.034,1032.7,2.1
2022-02-06 01:00:00,0.353,1033.1,1.7
2022-02-06 02:00:00,0.712,1034.4,2.2
2022-02-06 03:00:00,0.952,1034.5,2.4
2022-02-06 04:00:00,1.145,1035.1,2.0
2022-02-06 05:00:00,1.31,1035.6,2.1
2022-02-06 06:00:00,1.273,1035.8,2.2
2022-02-06 07:00:00,1.002,1035.7,2.1
2022-02-06 08:00:00,0.594,1035.7,2.2
2022-02-06 09:00:00,0.314,1036.2,1.5
2022-02-06 10:00:00,0.167,1036.5,1.7
2022-02-06 11:00:00,0.121,1037.3,1.9
2022-02-06 12:00:00,0.269,1037.9,1.8
2022-02-06 13:00:00,0.587,1038.5,1.7
2022-02-06 14:00:00,0.911,1038.9,2.0
2022-02-06 15:00:00,1.151,1039.0,2.4
2022-02-06 16:00:00,1.304,1038.7,2.1
2022-02-06 17:00:00,1.38,1037.8,2.2
2022-02-06 18:00:00,1.339,1036.6,2.5
2022-02-06 19:00:00,1.079,1035.8,2.5
2022-02-06 20:00:00,0.724,1035.1,2.5
2022-02-06 21:00:00,0.375,1034.8,2.4
2022-02-06 22:00:00,0.177,1034.5,2.4
2022-02-06 23:00:00,0.111,1034.2,2.4
2022-02-07 00:00:00,0.245,1033.9,2.1
2022-02-07 01:00:00,0.51,1033.7,2.1
2022-02-07 02:00:00,0.77,1033.2,2.2
2022-02-07 03:00:00,0.999,1032.9,2.5
2022-02-07 04:00:00,1.196,1033.0,2.4
2022-02-07 05:00:00,1.404,1032.4,2.2
2022-02-07 06:00:00,1.507,1031.5,2.5
2022-02-07 07:00:00,1.326,1030.8,2.4
2022-02-07 08:00:00,1.023,1030.2,2.3
2022-02-07 09:00:00,0.679,1029.6,2.3
2022-02-07 10:00:00,0.443,1029.2,2.2
2022-02-07 11:00:00,0.299,1028.7,2.1
2022-02-07 12:00:00,0.271,1028.8,2.2
2022-02-07 13:00:00,0.443,1028.6,2.1
2022-02-07 14:00:00,0.756,1028.0,2.1
2022-02-07 15:00:00,1.033,1027.6,2.2
2022-02-07 16:00:00,1.202,1026.7,2.5
2022-02-07 17:00:00,1.213,1025.1,2.4
2022-02-07 18:00:00,1.223,1023.7,2.3
2022-02-07 19:00:00,1.169,1022.1,2.2
2022-02-07 20:00:00,0.985,1022.3,2.3
2022-02-07 21:00:00,0.725,1020.9,2.3
2022-02-07 22:00:00,0.484,1020.8,2.3
2022-02-07 23:00:00,0.359,1020.7,2.3
2022-02-08 00:00:00,0.246,1019.9,2.3
2022-02-08 01:00:00,0.325,1019.5,2.1
2022-02-08 02:00:00,0.555,1018.7,2.2
2022-02-08 03:00:00,0.824,1017.7,2.1
2022-02-08 04:00:00,1.115,1016.2,2.1
2022-02-08 05:00:00,1.357,1014.9,2.2
2022-02-08 06:00:00,1.515,1014.0,2.2
2022-02-08 07:00:00,1.496,1013.3,2.4
2022-02-08 08:00:00,1.297,1012.4,2.2
2022-02-08 09:00:00,1.041,1012.3,2.3
2022-02-08 10:00:00,0.734,1012.4,2.2
2022-02-08 11:00:00,0.612,1012.5,1.9
2022-02-08 12:00:00,0.5,1013.2,2.1
2022-02-08 13:00:00,0.485,1013.9,2.2
2022-02-08 14:00:00,0.598,1014.1,2.1
2022-02-08 15:00:00,0.731,1013.9,2.2
2022-02-08 16:00:00,0.92,1013.7,2.2
2022-02-08 17:00:00,1.065,1012.7,2.7
2022-02-08 18:00:00,1.175,1012.2,2.5
2022-02-08 19:00:00,1.197,1012.8,2.4
2022-02-08 20:00:00,1.056,1013.6,2.3
2022-02-08 21:00:00,0.791,1014.5,2.1
2022-02-08 22:00:00,0.478,1015.0,2.0
2022-02-08 23:00:00,0.28,1016.0,2.1
2022-02-09 00:00:00,0.181,1016.7,2.1
2022-02-09 01:00:00,0.195,1017.3,2.2
2022-02-09 02:00:00,0.268,1017.8,2.1
2022-02-09 03:00:00,0.447,1018.1,2.2
2022-02-09 04:00:00,0.68,1018.2,2.1
2022-02-09 05:00:00,0.901,1018.3,2.2
2022-02-09 06:00:00,1.063,1018.5,2.2
2022-02-09 07:00:00,1.13,1018.7,2.3
2022-02-09 08:00:00,1.098,1018.8,1.9
2022-02-09 09:00:00,0.978,1018.8,1.5
2022-02-09 10:00:00,0.747,1018.6,2.1
2022-02-09 11:00:00,0.547,1019.1,1.9
2022-02-09 12:00:00,0.409,1019.4,1.8
2022-02-09 13:00:00,0.329,1020.3,2.0
2022-02-09 14:00:00,0.333,1020.7,2.1
2022-02-09 15:00:00,0.412,1020.0,2.0
2022-02-09 16:00:00,0.533,1019.4,2.0
2022-02-09 17:00:00,0.711,1018.6,2.1
2022-02-09 18:00:00,0.891,1017.5,2.3
2022-02-09 19:00:00,1.037,1016.7,2.4
2022-02-09 20:00:00,1.106,1016.0,2.3
2022-02-09 21:00:00,0.99,1015.8,2.1
2022-02-09 22:00:00,0.773,1015.4,2.1
2022-02-09 23:00:00,0.578,1015.3,2.1
2022-02-10 00:00:00,0.461,1015.5,2.2
2022-02-10 01:00:00,0.384,1015.3,2.2
2022-02-10 02:00:00,0.338,1015.1,2.1
2022-02-10 03:00:00,0.386,1014.8,2.3
2022-02-10 04:00:00,0.572,1014.2,2.2
2022-02-10 05:00:00,0.827,1013.6,2.3
2022-02-10 06:00:00,1.132,1012.9,2.4
2022-02-10 07:00:00,1.29,1012.5,2.3
2022-02-10 08:00:00,1.299,1012.3,2.4
2022-02-10 09:00:00,1.194,1012.2,2.3
2022-02-10 10:00:00,1.027,1011.3,2.2
2022-02-10 11:00:00,0.871,1011.4,2.3
2022-02-10 12:00:00,0.651,1011.9,2.2
2022-02-10 13:00:00,0.545,1012.2,2.2
2022-02-10 14:00:00,0.412,1012.1,2.3
2022-02-10 15:00:00,0.397,1011.8,2.4
2022-02-10 16:00:00,0.464,1011.5,2.4
2022-02-10 17:00:00,0.592,1010.7,2.4
2022-02-10 18:00:00,0.719,1010.1,2.4
2022-02-10 19:00:00,0.888,1010.2,2.5
2022-02-10 20:00:00,1.022,1010.6,2.6
2022-02-10 21:00:00,1.11,1010.8,2.6
2022-02-10 22:00:00,1.017,1011.1,2.5
2022-02-10 23:00:00,0.857,1011.9,2.5
2022-02-11 00:00:00,0.681,1013.4,2.4
2022-02-11 01:00:00,0.536,1014.2,2.5
2022-02-11 02:00:00,0.435,1014.3,2.5
2022-02-11 03:00:00,0.382,1014.9,2.6
2022-02-11 04:00:00,0.451,1014.7,2.6
2022-02-11 05:00:00,0.679,1014.8,2.5
2022-02-11 06:00:00,0.973,1015.0,2.7
2022-02-11 07:00:00,1.223,1015.1,2.6
2022-02-11 08:00:00,1.315,1015.3,2.7
2022-02-11 09:00:00,1.307,1015.4,2.7
2022-02-11 10:00:00,1.225,1015.6,2.6
2022-02-11 11:00:00,1.118,1016.2,2.5
2022-02-11 12:00:00,0.936,1016.6,2.8
2022-02-11 13:00:00,0.703,1017.2,2.3
2022-02-11 14:00:00,0.512,1017.0,2.7
2022-02-11 15:00:00,0.378,1017.0,2.7
2022-02-11 16:00:00,0.339,1016.7,2.8
2022-02-11 17:00:00,0.444,1015.9,2.8
2022-02-11 18:00:00,0.614,1014.7,2.8
2022-02-11 19:00:00,0.838,1013.9,2.9
2022-02-11 20:00:00,0.976,1013.2,2.8
2022-02-11 21:00:00,1.105,1012.7,3.0
2022-02-11 22:00:00,1.169,1012.5,3.0
2022-02-11 23:00:00,1.14,1013.1,2.8
2022-02-12 00:00:00,0.984,1013.3,2.9
2022-02-12 01:00:00,0.772,1013.3,2.9
2022-02-12 02:00:00,0.558,1012.9,2.9
2022-02-12 03:00:00,0.432,1012.6,2.9
2022-02-12 04:00:00,0.388,1012.1,3.0
2022-02-12 05:00:00,0.534,1011.8,2.9
2022-02-12 06:00:00,0.809,1011.5,3.1
2022-02-12 07:00:00,1.128,1011.3,3.0
2022-02-12 08:00:00,1.31,1011.0,3.0
2022-02-12 09:00:00,1.347,1010.9,3.2
2022-02-12 10:00:00,1.311,1011.6,3.1
2022-02-12 11:00:00,1.222,1011.6,3.1
2022-02-12 12:00:00,1.09,1012.0,3.2
2022-02-12 13:00:00,0.859,1012.8,3.2
2022-02-12 14:00:00,0.627,1013.4,3.1
2022-02-12 15:00:00,0.431,1013.6,3.2
2022-02-12 16:00:00,0.262,1013.9,3.4
2022-02-12 17:00:00,0.162,1013.8,3.5
2022-02-12 18:00:00,0.254,1013.9,3.5
2022-02-12 19:00:00,0.457,1014.1,3.4
2022-02-12 20:00:00,0.722,1014.4,3.5
2022-02-12 21:00:00,0.907,1015.4,3.4
2022-02-12 22:00:00,0.98,1016.4,3.2
2022-02-12 23:00:00,1.036,1017.1,3.2
2022-02-13 00:00:00,0.986,1018.6,3.2
2022-02-13 01:00:00,0.812,1019.1,3.2
2022-02-13 02:00:00,0.521,1019.6,3.2
2022-02-13 03:00:00,0.275,1019.9,3.3
2022-02-13 04:00:00,0.18,1019.7,3.3
2022-02-13 05:00:00,0.219,1020.4,3.3
2022-02-13 06:00:00,0.466,1020.1,3.3
2022-02-13 07:00:00,0.737,1020.5,3.3
2022-02-13 08:00:00,1.047,1020.4,3.5
2022-02-13 09:00:00,1.179,1021.1,3.5
2022-02-13 10:00:00,1.299,1021.9,3.5
2022-02-13 11:00:00,1.353,1021.6,3.4
2022-02-13 12:00:00,1.271,1021.7,3.7
2022-02-13 13:00:00,1.08,1022.4,3.5
2022-02-13 14:00:00,0.842,1022.4,3.6
2022-02-13 15:00:00,0.623,1022.2,3.3
2022-02-13 16:00:00,0.463,1021.5,3.4
2022-02-13 17:00:00,0.305,1020.8,3.3
2022-02-13 18:00:00,0.195,1019.2,3.3
2022-02-13 19:00:00,0.315,1018.4,3.3
2022-02-13 20:00:00,0.591,1017.7,3.3
2022-02-13 21:00:00,0.873,1017.9,3.3
2022-02-13 22:00:00,1.111,1017.6,3.9
2022-02-13 23:00:00,1.216,1017.8,3.4
2022-02-14 00:00:00,1.237,1017.8,3.5
2022-02-14 01:00:00,1.105,1017.8,3.3
2022-02-14 02:00:00,0.868,1018.5,3.3
2022-02-14 03:00:00,0.55,1018.3,3.3
2022-02-14 04:00:00,0.363,1018.1,3.2
2022-02-14 05:00:00,0.275,1017.7,3.3
2022-02-14 06:00:00,0.311,1017.6,3.0
2022-02-14 07:00:00,0.51,1017.8,3.3
2022-02-14 08:00:00,0.756,1017.7,3.4
2022-02-14 09:00:00,1.035,1017.9,3.3
2022-02-14 10:00:00,1.256,1018.4,3.6
2022-02-14 11:00:00,1.366,1018.9,3.5
2022-02-14 12:00:00,1.373,1019.8,3.5
2022-02-14 13:00:00,1.235,1020.5,3.3
2022-02-14 14:00:00,1.005,1021.3,2.7
2022-02-14 15:00:00,0.733,1021.6,2.9
2022-02-14 16:00:00,0.393,1021.8,3.0
2022-02-14 17:00:00,0.133,1021.6,3.2
2022-02-14 18:00:00,-0.086,1021.3,3.2
2022-02-14 19:00:00,-0.022,1021.1,3.2
2022-02-14 20:00:00,0.232,1021.7,3.2
2022-02-14 21:00:00,0.527,1022.1,3.1
2022-02-14 22:00:00,0.779,1023.5,3.1
2022-02-14 23:00:00,0.942,1025.2,3.5
2022-02-15 00:00:00,1.042,1026.8,3.2
2022-02-15 01:00:00,0.992,1027.9,3.3
2022-02-15 02:00:00,0.804,1028.9,2.7
2022-02-15 03:00:00,0.512,1029.8,2.7
2022-02-15 04:00:00,0.209,1030.3,2.9
2022-02-15 05:00:00,0.05,1031.3,2.9
2022-02-15 06:00:00,-0.027,1031.6,3.2
2022-02-15 07:00:00,0.1,1032.0,3.1
2022-02-15 08:00:00,0.333,1032.3,2.8
2022-02-15 09:00:00,0.667,1033.2,2.6
2022-02-15 10:00:00,1.036,1034.1,3.4
2022-02-15 11:00:00,1.246,1035.2,3.1
2022-02-15 12:00:00,1.315,1036.2,3.3
2022-02-15 13:00:00,1.271,1037.7,3.1
2022-02-15 14:00:00,1.029,1038.3,2.6
2022-02-15 15:00:00,0.732,1038.5,2.8
2022-02-15 16:00:00,0.436,1038.9,2.7
2022-02-15 17:00:00,0.195,1038.5,3.0
2022-02-15 18:00:00,-0.005,1038.0,3.0
2022-02-15 19:00:00,-0.102,1037.8,3.2
2022-02-15 20:00:00,0.067,1037.8,3.2
2022-02-15 21:00:00,0.342,1038.0,3.1
2022-02-15 22:00:00,0.696,1038.3,2.9
2022-02-15 23:00:00,0.989,1038.9,3.4
2022-02-16 00:00:00,1.157,1039.9,3.4
2022-02-16 01:00:00,1.209,1040.5,3.2
2022-02-16 02:00:00,1.039,1040.9,3.3
2022-02-16 03:00:00,0.725,1041.0,2.9
2022-02-16 04:00:00,0.341,1041.0,2.7
2022-02-16 05:00:00,0.067,1041.2,2.5
2022-02-16 06:00:00,-0.072,1041.3,3.0
2022-02-16 07:00:00,-0.075,1041.2,3.0
2022-02-16 08:00:00,0.122,1040.6,2.8
2022-02-16 09:00:00,0.474,1040.2,3.1
2022-02-16 10:00:00,0.9,1040.6,2.8
2022-02-16 11:00:00,1.2,1040.8,3.4
2022-02-16 12:00:00,1.364,1040.8,3.1
2022-02-16 13:00:00,1.422,1041.4,3.1
2022-02-16 14:00:00,1.359,1041.1,3.1
2022-02-16 15:00:00,1.094,1040.8,3.2
2022-02-16 16:00:00,0.72,1040.2,3.2
2022-02-16 17:00:00,0.322,1039.1,3.3
2022-02-16 18:00:00,0.066,1037.3,3.3
2022-02-16 19:00:00,-0.134,1035.9,3.4
2022-02-16 20:00:00,-0.095,1034.7,3.4
2022-02-16 21:00:00,0.174,1034.0,3.3
2022-02-16 22:00:00,0.601,1032.4,3.2
2022-02-16 23:00:00,1.004,1032.0,3.4
2022-02-17 00:00:00,1.247,1031.7,3.3
2022-02-17 01:00:00,1.337,1031.1,3.3
2022-02-17 02:00:00,1.279,1031.0,3.3
2022-02-17 03:00:00,1.044,1030.9,3.3
2022-02-17 04:00:00,0.69,1029.9,3.4
2022-02-17 05:00:00,0.378,1029.1,3.3
2022-02-17 06:00:00,0.158,1028.6,3.3
2022-02-17 07:00:00,-0.02,1027.8,3.3
2022-02-17 08:00:00,-0.074,1026.9,3.3
2022-02-17 09:00:00,0.176,1026.2,3.3
2022-02-17 10:00:00,0.61,1025.7,3.3
2022-02-17 11:00:00,1.095,1025.2,3.3
2022-02-17 12:00:00,1.371,1024.7,3.3
2022-02-17 13:00:00,1.49,1024.6,3.4
2022-02-17 14:00:00,1.461,1023.9,3.5
2022-02-17 15:00:00,1.294,1023.0,3.5
2022-02-17 16:00:00,0.949,1021.8,3.5
2022-02-17 17:00:00,0.535,1021.2,3.6
2022-02-17 18:00:00,0.238,1019.6,4.2
2022-02-17 19:00:00,0.02,1017.8,4.2
2022-02-17 20:00:00,-0.075,1015.9,4.0
2022-02-17 21:00:00,0.013,1014.4,4.0
2022-02-17 22:00:00,0.349,1013.4,3.7
2022-02-17 23:00:00,0.754,1012.3,3.6
2022-02-18 00:00:00,1.139,1011.2,3.5
2022-02-18 01:00:00,1.372,1009.6,3.6
2022-02-18 02:00:00,1.456,1008.8,3.8
2022-02-18 03:00:00,1.309,1008.1,3.7
2022-02-18 04:00:00,0.994,1006.0,3.8
2022-02-18 05:00:00,0.669,1003.9,3.8
2022-02-18 06:00:00,0.406,1002.5,3.8
2022-02-18 07:00:00,0.159,1000.4,4.1
2022-02-18 08:00:00,-0.026,997.5,4.0
2022-02-18 09:00:00,0.127,996.2,4.1
2022-02-18 10:00:00,0.494,995.2,4.1
2022-02-18 11:00:00,0.952,994.0,4.0
2022-02-18 12:00:00,1.327,995.8,3.9
2022-02-18 13:00:00,1.361,999.2,4.0
2022-02-18 14:00:00,1.254,1003.2,4.1
2022-02-18 15:00:00,1.017,1006.7,4.1
2022-02-18 16:00:00,0.777,1008.6,4.1
2022-02-18 17:00:00,0.391,1009.7,4.2
2022-02-18 18:00:00,0.055,1010.1,4.2
2022-02-18 19:00:00,-0.184,1010.6,4.4
2022-02-18 20:00:00,-0.429,1011.3,4.3
2022-02-18 21:00:00,-0.526,1012.6,4.2
2022-02-18 22:00:00,-0.213,1013.6,4.0
2022-02-18 23:00:00,0.285,1015.3,3.8
2022-02-19 00:00:00,0.712,1017.3,3.8
2022-02-19 01:00:00,0.935,1018.4,3.9
2022-02-19 02:00:00,1.021,1019.4,3.9
2022-02-19 03:00:00,1.087,1020.0,4.0
2022-02-19 04:00:00,1.043,1019.9,4.0
2022-02-19 05:00:00,0.753,1020.0,4.0
2022-02-19 06:00:00,0.403,1019.8,3.5
2022-02-19 07:00:00,0.114,1019.4,3.6
2022-02-19 08:00:00,-0.121,1018.3,3.5
2022-02-19 09:00:00,-0.236,1018.2,3.4
2022-02-19 10:00:00,-0.066,1017.8,3.5
2022-02-19 11:00:00,0.435,1017.6,3.4
2022-02-19 12:00:00,0.956,1017.1,3.3
2022-02-19 13:00:00,1.299,1017.3,3.9
2022-02-19 14:00:00,1.503,1016.6,3.8
2022-02-19 15:00:00,1.531,1014.8,3.8
2022-02-19 16:00:00,1.436,1014.1,3.9
2022-02-19 17:00:00,1.101,1013.2,4.0
2022-02-19 18:00:00,0.654,1012.6,3.9
2022-02-19 19:00:00,0.3,1011.4,3.8
2022-02-19 20:00:00,0.067,1011.0,3.8
2022-02-19 21:00:00,-0.149,1012.9,3.8
2022-02-19 22:00:00,-0.229,1014.7,3.8
2022-02-19 23:00:00,-0.126,1017.5,3.8
2022-02-20 00:00:00,0.138,1020.2,3.5
2022-02-20 01:00:00,0.534,1022.1,3.8
2022-02-20 02:00:00,0.627,1023.9,3.7
2022-02-20 03:00:00,0.803,1025.2,3.6
2022-02-20 04:00:00,0.904,1026.4,3.4
2022-02-20 05:00:00,0.859,1027.2,3.3
2022-02-20 06:00:00,0.636,1028.0,3.2
2022-02-20 07:00:00,0.256,1028.0,2.9
2022-02-20 08:00:00,-0.069,1029.0,3.0
2022-02-20 09:00:00,-0.318,1029.8,2.8
2022-02-20 10:00:00,-0.366,1031.0,2.5
2022-02-20 11:00:00,-0.093,1031.4,3.0
2022-02-20 12:00:00,0.416,1031.7,2.8
2022-02-20 13:00:00,0.823,1033.2,3.0
2022-02-20 14:00:00,1.104,1033.2,3.2
2022-02-20 15:00:00,1.283,1033.2,3.4
2022-02-20 16:00:00,1.324,1033.0,3.4
2022-02-20 17:00:00,1.049,1032.1,3.2
2022-02-20 18:00:00,0.64,1031.2,3.3
2022-02-20 19:00:00,0.284,1030.2,3.4
2022-02-20 20:00:00,0.146,1029.3,3.5
2022-02-20 21:00:00,-0.003,1028.5,3.4
2022-02-20 22:00:00,-0.084,1028.1,3.4
2022-02-20 23:00:00,0.035,1027.8,3.3
2022-02-21 00:00:00,0.414,1027.9,3.4
2022-02-21 01:00:00,0.853,1028.3,3.2
2022-02-21 02:00:00,1.143,1028.5,3.6
2022-02-21 03:00:00,1.282,1028.3,3.4
2022-02-21 04:00:00,1.404,1028.0,3.2
2022-02-21 05:00:00,1.356,1027.6,3.0
2022-02-21 06:00:00,1.08,1028.0,3.2
2022-02-21 07:00:00,0.724,1028.0,3.3
2022-02-21 08:00:00,0.39,1027.6,3.2
2022-02-21 09:00:00,0.103,1027.2,3.2
2022-02-21 10:00:00,-0.11,1027.2,3.1
2022-02-21 11:00:00,-0.173,1027.3,2.9
2022-02-21 12:00:00,0.1,1027.5,3.1
2022-02-21 13:00:00,0.538,1028.2,3.2
2022-02-21 14:00:00,0.99,1028.4,3.4
2022-02-21 15:00:00,1.175,1028.4,3.5
2022-02-21 16:00:00,1.195,1028.3,3.4
2022-02-21 17:00:00,1.139,1027.9,3.5
2022-02-21 18:00:00,0.927,1026.8,3.6
2022-02-21 19:00:00,0.612,1026.0,3.7
2022-02-21 20:00:00,0.287,1025.9,3.8
2022-02-21 21:00:00,0.061,1026.2,3.8
2022-02-21 22:00:00,-0.104,1026.4,3.8
2022-02-21 23:00:00,-0.161,1026.8,3.7
2022-02-22 00:00:00,0.088,1027.7,3.6
2022-02-22 01:00:00,0.465,1027.6,3.6
2022-02-22 02:00:00,0.814,1027.9,3.5
2022-02-22 03:00:00,1.06,1028.5,3.5
2022-02-22 04:00:00,1.259,1028.2,3.5
2022-02-22 05:00:00,1.404,1028.3,3.6
2022-02-22 06:00:00,1.387,1027.9,3.6
2022-02-22 07:00:00,1.124,1027.9,3.5
2022-02-22 08:00:00,0.715,1027.2,3.5
2022-02-22 09:00:00,0.326,1027.2,3.4
2022-02-22 10:00:00,0.109,1027.2,3.4
2022-02-22 11:00:00,-0.024,1027.2,3.5
2022-02-22 12:00:00,0.073,1027.1,3.4
2022-02-22 13:00:00,0.424,1028.0,3.4
2022-02-22 14:00:00,0.786,1027.5,3.4
2022-02-22 15:00:00,1.081,1026.7,3.5
2022-02-22 16:00:00,1.212,1025.7,3.6
2022-02-22 17:00:00,1.257,1024.2,3.6
2022-02-22 18:00:00,1.256,1022.2,3.7
2022-02-22 19:00:00,1.093,1021.2,3.7
2022-02-22 20:00:00,0.858,1020.6,3.8
2022-02-22 21:00:00,0.53,1019.6,4.0
2022-02-22 22:00:00,0.333,1018.7,3.9
2022-02-22 23:00:00,0.203,1017.3,3.9
2022-02-23 00:00:00,0.278,1016.4,3.9
2022-02-23 01:00:00,0.526,1015.9,3.8
2022-02-23 02:00:00,0.891,1015.7,3.7
2022-02-23 03:00:00,1.21,1015.5,3.7
2022-02-23 04:00:00,1.403,1015.1,3.7
2022-02-23 05:00:00,1.521,1014.9,3.9
2022-02-23 06:00:00,1.597,1014.1,4.0
2022-02-23 07:00:00,1.413,1014.1,4.1
2022-02-23 08:00:00,1.083,1013.7,4.1
2022-02-23 09:00:00,0.72,1013.4,4.1
2022-02-23 10:00:00,0.472,1013.8,4.1
2022-02-23 11:00:00,0.301,1013.9,4.1
2022-02-23 12:00:00,0.196,1013.8,4.1
2022-02-23 13:00:00,0.23,1014.4,4.1
2022-02-23 14:00:00,0.463,1014.6,4.1
2022-02-23 15:00:00,0.727,1014.8,4.1
2022-02-23 16:00:00,1.017,1014.4,3.9
2022-02-23 17:00:00,1.161,1014.2,3.9
2022-02-23 18:00:00,1.252,1013.7,3.9
2022-02-23 19:00:00,1.155,1013.5,4.0
2022-02-23 20:00:00,0.937,1013.6,4.0
2022-02-23 21:00:00,0.609,1013.8,4.3
2022-02-23 22:00:00,0.353,1015.7,4.3
2022-02-23 23:00:00,0.152,1017.0,4.2
2022-02-24 00:00:00,0.046,1019.6,4.1
2022-02-24 01:00:00,0.005,1021.5,4.1
2022-02-24 02:00:00,0.161,1023.2,4.1
2022-02-24 03:00:00,0.328,1024.3,4.0
2022-02-24 04:00:00,0.626,1025.7,4.0
2022-02-24 05:00:00,0.892,1025.7,3.8
2022-02-24 06:00:00,1.102,1027.0,3.6
2022-02-24 07:00:00,1.243,1027.3,3.6
2022-02-24 08:00:00,1.137,1027.4,3.9
2022-02-24 09:00:00,0.944,1028.4,3.7
2022-02-24 10:00:00,0.653,1030.2,3.4
2022-02-24 11:00:00,0.375,1030.3,3.4
2022-02-24 12:00:00,0.095,1030.9,3.5
2022-02-24 13:00:00,-0.054,1031.4,3.5
2022-02-24 14:00:00,-0.017,1032.3,3.4
2022-02-24 15:00:00,0.223,1031.9,3.6
2022-02-24 16:00:00,0.51,1032.2,3.6
2022-02-24 17:00:00,0.844,1033.0,3.6
2022-02-24 18:00:00,1.006,1032.2,3.6
2022-02-24 19:00:00,1.048,1032.2,3.5
2022-02-24 20:00:00,1.0,1032.0,3.6
2022-02-24 21:00:00,0.87,1031.8,3.4
2022-02-24 22:00:00,0.579,1031.3,3.0
2022-02-24 23:00:00,0.365,1030.9,3.2
2022-02-25 00:00:00,0.297,1031.5,3.4
2022-02-25 01:00:00,0.292,1032.0,3.5
2022-02-25 02:00:00,0.275,1031.5,3.4
2022-02-25 03:00:00,0.364,1031.0,3.5
2022-02-25 04:00:00,0.567,1029.8,3.5
2022-02-25 05:00:00,0.952,1029.5,3.6
2022-02-25 06:00:00,1.336,1027.9,3.6
2022-02-25 07:00:00,1.603,1027.5,3.7
2022-02-25 08:00:00,1.733,1025.6,3.9
2022-02-25 09:00:00,1.6,1021.9,3.8
2022-02-25 10:00:00,1.368,1021.2,3.8
2022-02-25 11:00:00,0.987,1019.4,3.7
2022-02-25 12:00:00,0.738,1018.2,3.1
2022-02-25 13:00:00,0.583,1018.1,3.5
2022-02-25 14:00:00,0.538,1017.0,3.5
2022-02-25 15:00:00,0.6,1015.9,3.4
2022-02-25 16:00:00,0.74,1014.9,3.6
2022-02-25 17:00:00,0.824,1015.1,3.6
2022-02-25 18:00:00,0.953,1015.2,3.4
2022-02-25 19:00:00,1.116,1015.0,3.7
2022-02-25 20:00:00,1.27,1015.1,3.9
2022-02-25 21:00:00,1.246,1016.2,4.0
2022-02-25 22:00:00,1.069,1018.2,3.6
2022-02-25 23:00:00,0.856,1020.3,3.1
2022-02-26 00:00:00,0.576,1022.7,3.3
2022-02-26 01:00:00,0.318,1024.4,3.6
2022-02-26 02:00:00,0.051,1025.9,3.4
2022-02-26 03:00:00,-0.138,1026.9,3.4
2022-02-26 04:00:00,-0.036,1027.9,3.4
2022-02-26 05:00:00,0.358,1028.0,3.2
2022-02-26 06:00:00,0.813,1029.0,3.5
2022-02-26 07:00:00,1.114,1029.2,3.6
2022-02-26 08:00:00,1.277,1029.5,3.5
2022-02-26 09:00:00,1.351,1030.0,3.8
2022-02-26 10:00:00,1.309,1030.5,3.4
2022-02-26 11:00:00,1.121,1031.7,3.1
2022-02-26 12:00:00,0.805,1032.2,3.1
2022-02-26 13:00:00,0.512,1032.5,2.6
2022-02-26 14:00:00,0.3,1032.5,2.6
2022-02-26 15:00:00,0.12,1031.7,3.3
2022-02-26 16:00:00,0.077,1031.2,3.2
2022-02-26 17:00:00,0.245,1030.3,3.3
2022-02-26 18:00:00,0.567,1029.3,3.5
2022-02-26 19:00:00,0.961,1028.1,3.4
2022-02-26 20:00:00,1.22,1027.3,3.7
2022-02-26 21:00:00,1.307,1026.7,3.6
2022-02-26 22:00:00,1.286,1026.1,3.6
2022-02-26 23:00:00,1.174,1026.3,3.4
2022-02-27 00:00:00,1.01,1026.8,3.3
2022-02-27 01:00:00,0.728,1026.2,3.3
2022-02-27 02:00:00,0.472,1026.2,3.3
2022-02-27 03:00:00,0.229,1025.9,3.5
2022-02-27 04:00:00,0.052,1025.1,3.3
2022-02-27 05:00:00,0.099,1024.2,3.2
2022-02-27 06:00:00,0.409,1023.6,3.6
2022-02-27 07:00:00,0.884,1023.3,3.2
2022-02-27 08:00:00,1.257,1022.4,4.1
2022-02-27 09:00:00,1.45,1021.9,3.7
2022-02-27 10:00:00,1.507,1021.7,3.7
2022-02-27 11:00:00,1.402,1021.4,3.7
2022-02-27 12:00:00,1.159,1020.7,3.4
2022-02-27 13:00:00,0.801,1020.5,3.2
2022-02-27 14:00:00,0.438,1019.8,3.0
2022-02-27 15:00:00,0.138,1018.6,3.0
2022-02-27 16:00:00,-0.097,1017.0,3.3
2022-02-27 17:00:00,-0.215,1015.3,3.4
2022-02-27 18:00:00,-0.032,1014.2,3.6
2022-02-27 19:00:00,0.332,1012.7,3.6
2022-02-27 20:00:00,0.697,1011.8,3.6
2022-02-27 21:00:00,0.882,1011.1,3.7
2022-02-27 22:00:00,1.006,1010.9,3.7
2022-02-27 23:00:00,1.106,1011.2,3.8
2022-02-28 00:00:00,1.072,1011.9,3.8
2022-02-28 01:00:00,0.87,1012.4,3.5
2022-02-28 02:00:00,0.512,1013.8,3.5
2022-02-28 03:00:00,0.102,1014.9,3.4
2022-02-28 04:00:00,-0.185,1015.7,3.5
2022-02-28 05:00:00,-0.379,1017.0,3.5
2022-02-28 06:00:00,-0.271,1017.5,3.4
2022-02-28 07:00:00,0.126,1018.4,3.4
2022-02-28 08:00:00,0.611,1019.4,3.4
2022-02-28 09:00:00,1.021,1020.1,3.8
2022-02-28 10:00:00,1.322,1021.3,3.5
2022-02-28 11:00:00,1.415,1022.6,3.7
2022-02-28 12:00:00,1.316,1023.9,3.3
2022-02-28 13:00:00,1.059,1025.3,3.2
2022-02-28 14:00:00,0.69,1025.8,3.3
2022-02-28 15:00:00,0.346,1025.9,3.2
2022-02-28 16:00:00,0.014,1026.6,3.3
2022-02-28 17:00:00,-0.217,1026.4,3.6
2022-02-28 18:00:00,-0.261,1026.0,3.7
2022-02-28 19:00:00,0.039,1025.7,3.7
2022-02-28 20:00:00,0.442,1025.7,3.7
2022-02-28 21:00:00,0.82,1025.5,3.6
2022-02-28 22:00:00,1.082,1026.0,3.7
2022-02-28 23:00:00,1.301,1026.2,3.9
2022-03-01 00:00:00,1.393,1026.8,3.9
2022-03-01 01:00:00,1.279,1026.7,3.8
2022-03-01 02:00:00,0.954,1026.6,3.8
2022-03-01 03:00:00,0.519,1026.4,3.7
2022-03-01 04:00:00,0.226,1026.4,3.6
2022-03-01 05:00:00,0.036,1026.3,3.7
2022-03-01 06:00:00,-0.014,1026.4,3.8
2022-03-01 07:00:00,0.196,1026.4,3.5
2022-03-01 08:00:00,0.601,1026.2,3.6
2022-03-01 09:00:00,1.079,1025.9,3.5
2022-03-01 10:00:00,1.463,1025.9,3.8
2022-03-01 11:00:00,1.713,1025.5,3.9
2022-03-01 12:00:00,1.811,1025.3,3.9
2022-03-01 13:00:00,1.695,1024.8,3.8
2022-03-01 14:00:00,1.37,1024.1,3.8
2022-03-01 15:00:00,0.965,1023.5,3.9
2022-03-01 16:00:00,0.57,1022.7,3.9
2022-03-01 17:00:00,0.219,1021.7,3.7
2022-03-01 18:00:00,-0.032,1019.8,3.8
2022-03-01 19:00:00,-0.107,1018.5,3.9
2022-03-01 20:00:00,0.207,1017.5,3.9
2022-03-01 21:00:00,0.653,1016.2,3.8
2022-03-01 22:00:00,1.102,1015.6,4.0
2022-03-01 23:00:00,1.47,1015.3,4.0
2022-03-02 00:00:00,1.68,1014.3,4.0
2022-03-02 01:00:00,1.703,1014.0,4.1
2022-03-02 02:00:00,1.451,1014.0,4.0
2022-03-02 03:00:00,1.031,1014.1,4.0
2022-03-02 04:00:00,0.591,1013.9,4.2
2022-03-02 05:00:00,0.328,1013.6,4.1
2022-03-02 06:00:00,0.118,1013.5,4.1
2022-03-02 07:00:00,0.037,1013.5,4.0
2022-03-02 08:00:00,0.216,1013.3,3.9
2022-03-02 09:00:00,0.65,1013.7,3.9
2022-03-02 10:00:00,1.139,1014.6,3.9
2022-03-02 11:00:00,1.522,1015.6,3.9
2022-03-02 12:00:00,1.742,1016.3,4.0
2022-03-02 13:00:00,1.811,1017.0,4.0
2022-03-02 14:00:00,1.67,1016.9,4.1
2022-03-02 15:00:00,1.26,1017.1,4.1
2022-03-02 16:00:00,0.786,1017.2,4.3
2022-03-02 17:00:00,0.409,1016.8,4.4
2022-03-02 18:00:00,0.097,1015.8,4.4
2022-03-02 19:00:00,-0.133,1015.2,4.5
2022-03-02 20:00:00,-0.092,1014.8,4.5
2022-03-02 21:00:00,0.287,1014.5,4.4
2022-03-02 22:00:00,0.76,1014.7,4.2
2022-03-02 23:00:00,1.227,1015.3,4.0
2022-03-03 00:00:00,1.541,1015.5,4.1
2022-03-03 01:00:00,1.701,1014.9,4.2
2022-03-03 02:00:00,1.634,1014.0,4.3
2022-03-03 03:00:00,1.315,1013.1,4.3
2022-03-03 04:00:00,0.873,1012.1,4.4
2022-03-03 05:00:00,0.512,1011.6,4.3
2022-03-03 06:00:00,0.261,1010.5,4.2
2022-03-03 07:00:00,0.096,1010.3,4.2
2022-03-03 08:00:00,0.032,1009.5,4.2
2022-03-03 09:00:00,0.278,1010.3,4.1
2022-03-03 10:00:00,0.743,1011.0,4.1
2022-03-03 11:00:00,1.228,1012.4,4.0
2022-03-03 12:00:00,1.523,1013.9,4.1
2022-03-03 13:00:00,1.649,1015.4,4.2
2022-03-03 14:00:00,1.558,1015.8,4.2
2022-03-03 15:00:00,1.325,1016.9,4.3
2022-03-03 16:00:00,1.035,1018.1,4.4
2022-03-03 17:00:00,0.582,1018.7,4.5
2022-03-03 18:00:00,0.232,1018.7,4.5
2022-03-03 19:00:00,-0.052,1018.4,4.6
2022-03-03 20:00:00,-0.239,1019.1,4.6
2022-03-03 21:00:00,-0.168,1020.1,4.5
2022-03-03 22:00:00,0.199,1021.7,4.4
2022-03-03 23:00:00,0.629,1023.5,4.2
2022-03-04 00:00:00,1.051,1025.5,4.1
2022-03-04 01:00:00,1.246,1027.1,4.1
2022-03-04 02:00:00,1.321,1028.4,4.2
2022-03-04 03:00:00,1.206,1029.5,4.3
2022-03-04 04:00:00,0.87,1030.3,4.1
2022-03-04 05:00:00,0.453,1031.2,3.9
2022-03-04 06:00:00,0.174,1031.8,3.7
2022-03-04 07:00:00,-0.018,1032.6,3.8
2022-03-04 08:00:00,-0.187,1032.5,3.6
2022-03-04 09:00:00,-0.076,1033.2,3.7
2022-03-04 10:00:00,0.296,1034.0,3.7
2022-03-04 11:00:00,0.747,1034.6,3.6
2022-03-04 12:00:00,1.139,1035.3,4.0
2022-03-04 13:00:00,1.411,1035.7,3.9
2022-03-04 14:00:00,1.638,1036.1,4.2
2022-03-04 15:00:00,1.668,1035.9,4.0
2022-03-04 16:00:00,1.406,1035.4,3.9
2022-03-04 17:00:00,0.969,1034.3,4.1
2022-03-04 18:00:00,0.462,1033.2,4.5
2022-03-04 19:00:00,0.154,1032.2,4.5
2022-03-04 20:00:00,-0.062,1031.5,4.4
2022-03-04 21:00:00,-0.109,1030.8,4.4
2022-03-04 22:00:00,0.19,1030.5,4.3
2022-03-04 23:00:00,0.603,1030.5,4.2
2022-03-05 00:00:00,1.024,1030.8,4.1
2022-03-05 01:00:00,1.297,1031.1,4.4
2022-03-05 02:00:00,1.432,1031.6,4.2
2022-03-05 03:00:00,1.44,1031.7,4.3
2022-03-05 04:00:00,1.265,1032.0,4.2
2022-03-05 05:00:00,0.958,1032.2,4.2
2022-03-05 06:00:00,0.608,1032.5,4.2
2022-03-05 07:00:00,0.265,1032.7,3.9
2022-03-05 08:00:00,-0.004,1032.4,4.0
2022-03-05 09:00:00,-0.209,1032.5,4.0
2022-03-05 10:00:00,-0.126,1032.9,3.9
2022-03-05 11:00:00,0.317,1033.1,3.9
2022-03-05 12:00:00,0.82,1033.3,3.9
2022-03-05 13:00:00,1.241,1034.1,4.0
2022-03-05 14:00:00,1.445,1034.6,4.1
2022-03-05 15:00:00,1.477,1034.7,4.3
2022-03-05 16:00:00,1.355,1034.4,4.2
2022-03-05 17:00:00,1.0,1033.6,4.3
2022-03-05 18:00:00,0.585,1032.7,4.4
2022-03-05 19:00:00,0.248,1032.5,4.4
2022-03-05 20:00:00,0.043,1031.4,4.4
2022-03-05 21:00:00,-0.091,1030.5,4.4
2022-03-05 22:00:00,-0.014,1030.5,4.3
2022-03-05 23:00:00,0.311,1030.2,4.2
2022-03-06 00:00:00,0.728,1029.9,4.2
2022-03-06 01:00:00,1.126,1029.5,4.2
2022-03-06 02:00:00,1.362,1028.4,4.2
2022-03-06 03:00:00,1.513,1027.6,4.3
2022-03-06 04:00:00,1.537,1026.2,4.3
2022-03-06 05:00:00,1.338,1026.1,4.3
2022-03-06 06:00:00,0.966,1024.7,4.3
2022-03-06 07:00:00,0.577,1023.3,4.3
2022-03-06 08:00:00,0.293,1021.8,4.3
2022-03-06 09:00:00,0.074,1021.2,4.2
2022-03-06 10:00:00,0.03,1020.8,4.3
2022-03-06 11:00:00,0.269,1019.6,4.2
2022-03-06 12:00:00,0.673,1018.8,4.2
2022-03-06 13:00:00,1.048,1018.4,4.1
2022-03-06 14:00:00,1.294,1018.5,4.3
2022-03-06 15:00:00,1.419,1018.1,4.3
2022-03-06 16:00:00,1.446,1018.0,4.4
2022-03-06 17:00:00,1.268,1017.1,4.4
2022-03-06 18:00:00,0.905,1015.6,4.5
2022-03-06 19:00:00,0.539,1014.8,4.6
2022-03-06 20:00:00,0.265,1014.4,4.6
2022-03-06 21:00:00,0.054,1014.0,4.7
2022-03-06 22:00:00,-0.052,1013.8,4.8
2022-03-06 23:00:00,0.142,1013.5,4.7
2022-03-07 00:00:00,0.513,1013.2,4.7
2022-03-07 01:00:00,0.926,1013.5,4.5
2022-03-07 02:00:00,1.17,1013.7,4.4
2022-03-07 03:00:00,1.28,1013.7,4.5
2022-03-07 04:00:00,1.332,1013.4,4.6
2022-03-07 05:00:00,1.295,1013.0,4.6
2022-03-07 06:00:00,1.056,1012.8,4.7
2022-03-07 07:00:00,0.708,1012.7,4.8
2022-03-07 08:00:00,0.389,1013.1,4.7
2022-03-07 09:00:00,0.137,1012.8,4.7
2022-03-07 10:00:00,-0.03,1012.9,4.7
2022-03-07 11:00:00,-0.043,1012.8,4.7
2022-03-07 12:00:00,0.177,1012.3,4.7
2022-03-07 13:00:00,0.536,1011.9,4.6
2022-03-07 14:00:00,0.918,1011.4,4.6
2022-03-07 15:00:00,1.17,1009.8,4.5
2022-03-07 16:00:00,1.336,1008.3,4.5
2022-03-07 17:00:00,1.34,1006.3,4.7
2022-03-07 18:00:00,1.116,1005.0,4.9
2022-03-07 19:00:00,0.805,1004.0,5.0
2022-03-07 20:00:00,0.503,1004.0,5.3
2022-03-07 21:00:00,0.287,1003.1,5.1
2022-03-07 22:00:00,0.117,1002.2,5.1
2022-03-07 23:00:00,0.112,1001.4,5.0
2022-03-08 00:00:00,0.365,1000.4,5.1
2022-03-08 01:00:00,0.776,998.8,5.0
2022-03-08 02:00:00,1.138,998.8,4.9
2022-03-08 03:00:00,1.279,1001.6,4.8
2022-03-08 04:00:00,1.32,1003.4,4.9
2022-03-08 05:00:00,1.325,1005.7,5.0
2022-03-08 06:00:00,1.075,1008.3,5.1
2022-03-08 07:00:00,0.814,1009.3,5.0
2022-03-08 08:00:00,0.449,1010.4,4.9
2022-03-08 09:00:00,0.216,1012.1,5.0
2022-03-08 10:00:00,0.06,1013.8,5.0
2022-03-08 11:00:00,-0.056,1015.7,4.9
2022-03-08 12:00:00,-0.093,1017.1,4.8
2022-03-08 13:00:00,0.088,1018.2,4.7
2022-03-08 14:00:00,0.362,1018.8,4.8
2022-03-08 15:00:00,0.59,1019.4,4.8
2022-03-08 16:00:00,0.717,1019.8,4.6
2022-03-08 17:00:00,0.864,1019.7,4.6
2022-03-08 18:00:00,0.946,1019.8,4.5
2022-03-08 19:00:00,0.901,1020.2,4.6
2022-03-08 20:00:00,0.676,1020.5,4.5
2022-03-08 21:00:00,0.389,1020.7,4.5
2022-03-08 22:00:00,0.076,1021.0,4.6
2022-03-08 23:00:00,-0.032,1021.1,4.6
2022-03-09 00:00:00,0.107,1021.8,4.6
2022-03-09 01:00:00,0.439,1022.2,4.7
2022-03-09 02:00:00,0.733,1022.4,4.5
2022-03-09 03:00:00,1.021,1023.4,4.8
2022-03-09 04:00:00,1.155,1023.2,4.8
2022-03-09 05:00:00,1.237,1023.0,4.7
2022-03-09 06:00:00,1.259,1022.6,4.8
2022-03-09 07:00:00,1.149,1022.7,4.5
2022-03-09 08:00:00,0.882,1021.6,4.8
2022-03-09 09:00:00,0.617,1020.8,4.7
2022-03-09 10:00:00,0.409,1020.2,4.5
2022-03-09 11:00:00,0.307,1020.3,4.7
2022-03-09 12:00:00,0.279,1020.4,4.6
2022-03-09 13:00:00,0.413,1019.8,4.7
2022-03-09 14:00:00,0.604,1019.2,4.6
2022-03-09 15:00:00,0.872,1018.2,4.4
2022-03-09 16:00:00,1.01,1017.1,4.9
2022-03-09 17:00:00,1.132,1014.9,4.9
2022-03-09 18:00:00,1.265,1013.7,4.8
2022-03-09 19:00:00,1.298,1013.4,4.6
2022-03-09 20:00:00,1.041,1013.1,4.3
2022-03-09 21:00:00,0.824,1012.6,4.4
2022-03-09 22:00:00,0.574,1013.3,4.4
2022-03-09 23:00:00,0.475,1014.2,4.5
2022-03-10 00:00:00,0.392,1014.5,4.6
2022-03-10 01:00:00,0.587,1015.5,4.7
2022-03-10 02:00:00,0.781,1016.1,4.7
2022-03-10 03:00:00,1.047,1016.8,4.5
2022-03-10 04:00:00,1.252,1017.7,4.9
2022-03-10 05:00:00,1.484,1018.2,4.9
2022-03-10 06:00:00,1.653,1018.8,4.7
2022-03-10 07:00:00,1.606,1018.6,5.0
2022-03-10 08:00:00,1.413,1019.2,4.7
2022-03-10 09:00:00,1.164,1019.6,4.3
2022-03-10 10:00:00,0.935,1020.6,4.1
2022-03-10 11:00:00,0.81,1021.7,4.5
2022-03-10 12:00:00,0.692,1023.4,4.8
2022-03-10 13:00:00,0.601,1023.4,4.8
2022-03-10 14:00:00,0.632,1023.7,4.6
2022-03-10 15:00:00,0.717,1023.9,4.6
2022-03-10 16:00:00,0.812,1023.1,4.6
2022-03-10 17:00:00,0.975,1021.9,4.8
2022-03-10 18:00:00,1.155,1021.4,5.0
2022-03-10 19:00:00,1.22,1020.8,5.0
2022-03-10 20:00:00,1.143,1020.7,5.0
2022-03-10 21:00:00,0.984,1020.5,4.5
2022-03-10 22:00:00,0.799,1020.2,4.6
2022-03-10 23:00:00,0.608,1020.6,4.5
2022-03-11 00:00:00,0.55,1020.8,4.6
2022-03-11 01:00:00,0.549,1020.9,4.6
2022-03-11 02:00:00,0.611,1021.3,4.6
2022-03-11 03:00:00,0.769,1021.5,4.6
2022-03-11 04:00:00,1.012,1021.3,4.4
2022-03-11 05:00:00,1.263,1020.4,4.6
2022-03-11 06:00:00,1.393,1020.2,5.1
2022-03-11 07:00:00,1.448,1020.4,4.6
2022-03-11 08:00:00,1.34,1020.0,4.8
2022-03-11 09:00:00,1.219,1020.3,4.5
2022-03-11 10:00:00,1.046,1019.9,4.5
2022-03-11 11:00:00,0.871,1020.4,4.5
2022-03-11 12:00:00,0.712,1020.4,4.5
2022-03-11 13:00:00,0.524,1020.3,4.6
2022-03-11 14:00:00,0.479,1020.9,4.5
2022-03-11 15:00:00,0.512,1020.8,4.7
2022-03-11 16:00:00,0.64,1019.7,4.6
2022-03-11 17:00:00,0.85,1019.5,4.6
2022-03-11 18:00:00,0.988,1018.3,4.4
2022-03-11 19:00:00,1.045,1016.9,5.0
2022-03-11 20:00:00,1.092,1015.5,5.2
2022-03-11 21:00:00,1.048,1015.3,5.0
2022-03-11 22:00:00,0.94,1014.9,4.7
2022-03-11 23:00:00,0.794,1014.8,4.6
2022-03-12 00:00:00,0.663,1014.1,4.5
2022-03-12 01:00:00,0.609,1013.4,4.7
2022-03-12 02:00:00,0.566,1012.7,4.9
2022-03-12 03:00:00,0.578,1011.7,4.8
2022-03-12 04:00:00,0.71,1010.3,4.9
2022-03-12 05:00:00,1.011,1008.8,4.6
2022-03-12 06:00:00,1.324,1008.0,4.6
2022-03-12 07:00:00,1.498,1006.7,5.1
2022-03-12 08:00:00,1.458,1003.9,4.6
2022-03-12 09:00:00,1.403,1001.4,4.9
2022-03-12 10:00:00,1.317,1000.1,4.7
2022-03-12 11:00:00,1.249,998.4,4.8
2022-03-12 12:00:00,1.114,997.4,4.8
2022-03-12 13:00:00,0.961,994.9,4.8
2022-03-12 14:00:00,0.83,994.0,4.9
2022-03-12 15:00:00,0.686,994.4,4.9
2022-03-12 16:00:00,0.653,992.5,4.8
2022-03-12 17:00:00,0.725,991.8,4.9
2022-03-12 18:00:00,0.915,990.8,5.0
2022-03-12 19:00:00,0.859,991.6,5.0
2022-03-12 20:00:00,0.826,991.9,5.0
2022-03-12 21:00:00,0.757,993.7,4.8
2022-03-12 22:00:00,0.852,997.5,4.6
2022-03-12 23:00:00,0.872,999.2,4.2
2022-03-13 00:00:00,0.772,1000.5,4.0
2022-03-13 01:00:00,0.535,1002.4,4.0
2022-03-13 02:00:00,0.102,1004.1,3.9
2022-03-13 03:00:00,-0.077,1005.8,3.7
2022-03-13 04:00:00,-0.036,1007.1,4.3
2022-03-13 05:00:00,0.217,1009.0,3.7
2022-03-13 06:00:00,0.426,1010.5,4.1
2022-03-13 07:00:00,0.388,1012.2,4.1
2022-03-13 08:00:00,0.299,1013.5,4.5
2022-03-13 09:00:00,0.321,1015.5,4.1
2022-03-13 10:00:00,0.434,1017.8,4.1
2022-03-13 11:00:00,0.43,1019.9,3.8
2022-03-13 12:00:00,0.303,1021.1,3.0
2022-03-13 13:00:00,0.094,1022.1,2.6
2022-03-13 14:00:00,0.011,1022.6,2.6
2022-03-13 15:00:00,-0.065,1023.6,3.3
2022-03-13 16:00:00,-0.062,1024.1,3.4
2022-03-13 17:00:00,-0.093,1024.2,3.6
2022-03-13 18:00:00,0.014,1023.8,3.4
2022-03-13 19:00:00,0.227,1022.9,3.5
2022-03-13 20:00:00,0.45,1022.2,3.3
2022-03-13 21:00:00,0.631,1022.3,4.4
2022-03-13 22:00:00,0.744,1023.2,3.0
2022-03-13 23:00:00,0.751,1024.2,3.3
2022-03-14 00:00:00,0.556,1025.3,3.4
2022-03-14 01:00:00,0.355,1025.9,3.6
2022-03-14 02:00:00,0.115,1026.4,3.4
2022-03-14 03:00:00,-0.057,1026.8,3.8
2022-03-14 04:00:00,-0.145,1026.7,3.8
2022-03-14 05:00:00,0.011,1026.6,3.7
2022-03-14 06:00:00,0.366,1026.5,3.9
2022-03-14 07:00:00,0.686,1026.6,4.1
2022-03-14 08:00:00,0.866,1026.6,4.2
2022-03-14 09:00:00,0.875,1027.0,4.5
2022-03-14 10:00:00,0.878,1027.8,4.1
2022-03-14 11:00:00,0.843,1028.6,4.3
2022-03-14 12:00:00,0.791,1029.2,4.0
2022-03-14 13:00:00,0.68,1029.8,4.0
2022-03-14 14:00:00,0.475,1030.4,4.0
2022-03-14 15:00:00,0.28,1030.7,4.1
2022-03-14 16:00:00,0.018,1030.7,4.3
2022-03-14 17:00:00,-0.173,1030.1,4.3
2022-03-14 18:00:00,-0.144,1029.4,4.4
2022-03-14 19:00:00,0.15,1028.8,4.5
2022-03-14 20:00:00,0.547,1028.3,4.5
2022-03-14 21:00:00,0.882,1027.9,4.5
2022-03-14 22:00:00,1.065,1027.5,4.6
2022-03-14 23:00:00,1.07,1027.5,4.6
2022-03-15 00:00:00,0.981,1027.3,4.5
2022-03-15 01:00:00,0.812,1027.8,4.6
2022-03-15 02:00:00,0.561,1028.0,4.6
2022-03-15 03:00:00,0.324,1027.9,4.6
2022-03-15 04:00:00,0.19,1027.3,4.7
2022-03-15 05:00:00,0.198,1026.9,4.7
2022-03-15 06:00:00,0.377,1026.9,4.7
2022-03-15 07:00:00,0.618,1026.5,4.5
2022-03-15 08:00:00,0.914,1025.7,4.6
2022-03-15 09:00:00,1.183,1025.7,4.6
2022-03-15 10:00:00,1.382,1025.6,4.9
2022-03-15 11:00:00,1.425,1025.6,4.9
2022-03-15 12:00:00,1.332,1025.6,5.0
2022-03-15 13:00:00,1.143,1025.3,5.1
2022-03-15 14:00:00,0.881,1025.2,4.9
2022-03-15 15:00:00,0.575,1024.7,5.1
2022-03-15 16:00:00,0.334,1023.9,5.1
2022-03-15 17:00:00,0.147,1023.4,5.4
2022-03-15 18:00:00,0.088,1022.2,5.5
2022-03-15 19:00:00,0.303,1021.1,5.5
2022-03-15 20:00:00,0.607,1020.3,5.3
2022-03-15 21:00:00,0.958,1019.6,5.2
2022-03-15 22:00:00,1.202,1019.1,5.2
2022-03-15 23:00:00,1.376,1019.2,5.1
2022-03-16 00:00:00,1.427,1019.1,5.2
2022-03-16 01:00:00,1.328,1019.8,5.2
2022-03-16 02:00:00,1.026,1020.0,5.2
2022-03-16 03:00:00,0.628,1019.9,5.2
2022-03-16 04:00:00,0.319,1020.4,5.3
2022-03-16 05:00:00,0.18,1020.6,5.3
2022-03-16 06:00:00,0.171,1020.2,5.3
2022-03-16 07:00:00,0.367,1020.4,5.2
2022-03-16 08:00:00,0.67,1020.6,5.2
2022-03-16 09:00:00,1.041,1021.0,5.1
2022-03-16 10:00:00,1.313,1021.5,5.2
2022-03-16 11:00:00,1.446,1022.3,5.3
2022-03-16 12:00:00,1.437,1023.3,5.4
2022-03-16 13:00:00,1.311,1023.5,5.4
2022-03-16 14:00:00,1.048,1023.6,5.5
2022-03-16 15:00:00,0.707,1023.6,5.6
2022-03-16 16:00:00,0.388,1023.9,5.7
2022-03-16 17:00:00,0.138,1023.4,6.0
2022-03-16 18:00:00,-0.023,1022.5,6.1
2022-03-16 19:00:00,0.059,1022.0,5.9
2022-03-16 20:00:00,0.353,1021.8,6.0
2022-03-16 21:00:00,0.755,1021.6,5.8
2022-03-16 22:00:00,1.099,1021.7,5.4
2022-03-16 23:00:00,1.37,1022.1,5.4
2022-03-17 00:00:00,1.524,1022.6,5.5
2022-03-17 01:00:00,1.484,1023.1,5.5
2022-03-17 02:00:00,1.267,1023.0,5.5
2022-03-17 03:00:00,0.864,1022.6,5.5
2022-03-17 04:00:00,0.537,1022.2,5.5
2022-03-17 05:00:00,0.351,1021.4,5.5
2022-03-17 06:00:00,0.26,1021.1,5.6
2022-03-17 07:00:00,0.283,1020.4,5.6
2022-03-17 08:00:00,0.566,1019.9,5.5
2022-03-17 09:00:00,0.942,1019.2,5.5
2022-03-17 10:00:00,1.379,1019.2,5.5
2022-03-17 11:00:00,1.612,1019.2,5.5
2022-03-17 12:00:00,1.692,1019.2,5.6
2022-03-17 13:00:00,1.689,1018.9,5.8
2022-03-17 14:00:00,1.514,1018.1,5.8
2022-03-17 15:00:00,1.169,1017.6,5.9
2022-03-17 16:00:00,0.729,1016.8,6.0
2022-03-17 17:00:00,0.395,1016.2,5.9
2022-03-17 18:00:00,0.194,1015.1,5.9
2022-03-17 19:00:00,0.059,1014.0,5.9
2022-03-17 20:00:00,0.216,1013.0,5.9
2022-03-17 21:00:00,0.594,1012.1,5.8
2022-03-17 22:00:00,1.006,1012.4,5.6
2022-03-17 23:00:00,1.34,1013.0,5.6
2022-03-18 00:00:00,1.542,1013.1,5.7
2022-03-18 01:00:00,1.632,1013.4,5.8
2022-03-18 02:00:00,1.517,1013.6,5.8
2022-03-18 03:00:00,1.185,1013.3,5.9
2022-03-18 04:00:00,0.764,1013.1,5.9
2022-03-18 05:00:00,0.428,1012.9,5.8
2022-03-18 06:00:00,0.239,1013.4,5.9
2022-03-18 07:00:00,0.099,1013.7,5.8
2022-03-18 08:00:00,0.161,1013.8,5.7
2022-03-18 09:00:00,0.521,1014.2,5.7
2022-03-18 10:00:00,1.032,1015.1,5.6
2022-03-18 11:00:00,1.417,1015.5,5.6
2022-03-18 12:00:00,1.582,1016.1,5.7
2022-03-18 13:00:00,1.652,1016.5,5.8
2022-03-18 14:00:00,1.579,1017.6,5.8
2022-03-18 15:00:00,1.312,1017.6,5.9
2022-03-18 16:00:00,0.924,1017.3,6.0
2022-03-18 17:00:00,0.527,1016.9,6.6
2022-03-18 18:00:00,0.227,1016.3,6.2
2022-03-18 19:00:00,0.0,1015.7,6.3
2022-03-18 20:00:00,-0.036,1015.5,6.7
2022-03-18 21:00:00,0.313,1015.5,6.5
2022-03-18 22:00:00,0.793,1015.8,6.3
2022-03-18 23:00:00,1.239,1016.0,5.9
2022-03-19 00:00:00,1.532,1016.3,6.0
2022-03-19 01:00:00,1.692,1016.3,6.1
2022-03-19 02:00:00,1.716,1015.4,6.2
2022-03-19 03:00:00,1.485,1014.9,6.3
2022-03-19 04:00:00,1.109,1016.0,6.3
2022-03-19 05:00:00,0.688,1015.9,6.3
2022-03-19 06:00:00,0.368,1015.0,6.3
2022-03-19 07:00:00,0.158,1014.5,6.3
2022-03-19 08:00:00,0.051,1013.8,6.3
2022-03-19 09:00:00,0.187,1013.1,6.3
2022-03-19 10:00:00,0.652,1013.0,6.2
2022-03-19 11:00:00,1.209,1012.5,6.0
2022-03-19 12:00:00,1.621,1012.5,6.0
2022-03-19 13:00:00,1.735,1012.5,6.2
2022-03-19 14:00:00,1.734,1011.6,6.3
2022-03-19 15:00:00,1.581,1011.4,6.4
2022-03-19 16:00:00,1.275,1010.3,6.5
2022-03-19 17:00:00,0.84,1009.2,6.8
2022-03-19 18:00:00,0.521,1008.2,6.8
2022-03-19 19:00:00,0.266,1007.0,7.0
2022-03-19 20:00:00,0.096,1006.0,6.9
2022-03-19 21:00:00,0.154,1004.9,6.9
2022-03-19 22:00:00,0.602,1003.5,6.8
2022-03-19 23:00:00,1.12,1004.2,6.5
2022-03-20 00:00:00,1.548,1004.6,6.3
2022-03-20 01:00:00,1.754,1005.2,6.4
2022-03-20 02:00:00,1.864,1005.4,6.5
2022-03-20 03:00:00,1.808,1006.8,6.7
2022-03-20 04:00:00,1.431,1006.3,6.8
2022-03-20 05:00:00,0.983,1006.3,6.7
2022-03-20 06:00:00,0.638,1007.2,6.7
2022-03-20 07:00:00,0.367,1007.8,6.7
2022-03-20 08:00:00,0.095,1007.4,6.7
2022-03-20 09:00:00,0.037,1007.7,6.6
2022-03-20 10:00:00,0.337,1008.0,6.5
2022-03-20 11:00:00,0.842,1008.2,6.5
2022-03-20 12:00:00,1.311,1009.0,6.3
2022-03-20 13:00:00,1.585,1009.4,6.4
2022-03-20 14:00:00,1.733,1009.5,6.5
2022-03-20 15:00:00,1.671,1008.9,6.7
2022-03-20 16:00:00,1.426,1008.5,6.8
2022-03-20 17:00:00,1.065,1009.3,6.8
2022-03-20 18:00:00,0.695,1008.8,6.8
2022-03-20 19:00:00,0.359,1008.3,6.8
2022-03-20 20:00:00,0.095,1008.0,6.8
2022-03-20 21:00:00,-0.062,1008.2,6.9
2022-03-20 22:00:00,0.039,1008.5,6.7
2022-03-20 23:00:00,0.522,1009.2,6.8
2022-03-21 00:00:00,1.073,1010.2,6.5
2022-03-21 01:00:00,1.427,1011.1,6.4
2022-03-21 02:00:00,1.591,1011.9,6.4
2022-03-21 03:00:00,1.603,1012.9,6.6
2022-03-21 04:00:00,1.487,1013.4,6.8
2022-03-21 05:00:00,1.211,1014.0,6.4
2022-03-21 06:00:00,0.76,1014.9,6.5
2022-03-21 07:00:00,0.396,1015.2,6.4
2022-03-21 08:00:00,0.083,1015.9,6.4
2022-03-21 09:00:00,-0.103,1016.7,6.3
2022-03-21 10:00:00,0.025,1017.7,6.2
2022-03-21 11:00:00,0.384,1018.5,6.4
2022-03-21 12:00:00,0.794,1019.3,6.2
2022-03-21 13:00:00,1.09,1019.9,6.2
2022-03-21 14:00:00,1.318,1020.2,6.4
2022-03-21 15:00:00,1.466,1020.6,6.5
2022-03-21 16:00:00,1.498,1020.0,6.7
2022-03-21 17:00:00,1.258,1018.9,6.6
2022-03-21 18:00:00,0.838,1017.6,6.8
2022-03-21 19:00:00,0.383,1016.8,7.0
2022-03-21 20:00:00,0.093,1016.2,6.9
2022-03-21 21:00:00,-0.086,1016.0,6.9
2022-03-21 22:00:00,-0.114,1016.1,6.9
2022-03-21 23:00:00,0.194,1016.7,6.8
2022-03-22 00:00:00,0.685,1017.2,6.7
2022-03-22 01:00:00,1.161,1017.8,6.6
2022-03-22 02:00:00,1.453,1018.7,6.5
2022-03-22 03:00:00,1.609,1019.0,6.6
2022-03-22 04:00:00,1.697,1018.9,6.7
2022-03-22 05:00:00,1.53,1019.3,6.8
2022-03-22 06:00:00,1.189,1019.1,6.9
2022-03-22 07:00:00,0.751,1019.0,6.7
2022-03-22 08:00:00,0.402,1019.7,6.7
2022-03-22 09:00:00,0.122,1020.2,6.7
2022-03-22 10:00:00,-0.029,1020.7,6.6
2022-03-22 11:00:00,0.016,1021.4,6.5
2022-03-22 12:00:00,0.329,1022.7,6.6
2022-03-22 13:00:00,0.726,1023.1,6.5
2022-03-22 14:00:00,1.067,1023.1,6.5
2022-03-22 15:00:00,1.248,1023.0,6.6
2022-03-22 16:00:00,1.308,1022.5,6.6
2022-03-22 17:00:00,1.226,1022.0,6.7
2022-03-22 18:00:00,0.951,1021.2,6.8
2022-03-22 19:00:00,0.62,1020.5,6.9
2022-03-22 20:00:00,0.344,1020.3,6.8
2022-03-22 21:00:00,0.113,1019.9,6.8
2022-03-22 22:00:00,-0.057,1020.1,6.8
2022-03-22 23:00:00,-0.037,1020.5,6.7
2022-03-23 00:00:00,0.286,1021.4,6.7
2022-03-23 01:00:00,0.741,1022.3,6.6
2022-03-23 02:00:00,1.151,1023.2,6.7
2022-03-23 03:00:00,1.367,1023.4,6.6
2022-03-23 04:00:00,1.507,1023.5,6.7
2022-03-23 05:00:00,1.582,1023.8,6.7
2022-03-23 06:00:00,1.387,1024.3,6.7
2022-03-23 07:00:00,1.055,1024.4,6.7
2022-03-23 08:00:00,0.601,1023.9,6.5
2022-03-23 09:00:00,0.324,1023.7,6.5
2022-03-23 10:00:00,0.109,1023.7,6.5
2022-03-23 11:00:00,0.013,1024.5,6.4
2022-03-23 12:00:00,0.195,1024.5,6.4
2022-03-23 13:00:00,0.562,1025.2,6.5
2022-03-23 14:00:00,0.97,1025.5,6.4
2022-03-23 15:00:00,1.22,1025.2,6.7
2022-03-23 16:00:00,1.359,1024.9,6.6
2022-03-23 17:00:00,1.425,1024.2,6.6
2022-03-23 18:00:00,1.344,1023.7,6.7
2022-03-23 19:00:00,1.104,1023.4,6.7
2022-03-23 20:00:00,0.811,1023.0,6.7
2022-03-23 21:00:00,0.552,1022.2,6.7
2022-03-23 22:00:00,0.369,1022.2,6.6
2022-03-23 23:00:00,0.258,1022.4,6.5
2022-03-24 00:00:00,0.357,1022.3,6.5
2022-03-24 01:00:00,0.651,1022.0,6.7
2022-03-24 02:00:00,1.069,1021.2,6.5
2022-03-24 03:00:00,1.375,1020.4,6.7
2022-03-24 04:00:00,1.624,1019.3,6.6
2022-03-24 05:00:00,1.836,1018.1,6.7
2022-03-24 06:00:00,1.982,1017.2,6.7
2022-03-24 07:00:00,1.827,1016.5,6.7
2022-03-24 08:00:00,1.554,1016.1,6.8
2022-03-24 09:00:00,1.153,1015.2,6.6
2022-03-24 10:00:00,0.875,1014.8,6.5
2022-03-24 11:00:00,0.673,1014.7,6.6
2022-03-24 12:00:00,0.553,1014.6,6.6
2022-03-24 13:00:00,0.56,1014.4,6.6
2022-03-24 14:00:00,0.77,1014.3,6.6
2022-03-24 15:00:00,1.003,1014.3,6.6
2022-03-24 16:00:00,1.297,1014.4,6.5
2022-03-24 17:00:00,1.529,1013.6,6.7
2022-03-24 18:00:00,1.616,1012.9,6.6
2022-03-24 19:00:00,1.489,1011.7,6.6
2022-03-24 20:00:00,1.284,1011.2,6.5
2022-03-24 21:00:00,1.04,1011.2,6.6
2022-03-24 22:00:00,0.793,1009.9,6.5
2022-03-24 23:00:00,0.648,1009.9,6.6
2022-03-25 00:00:00,0.562,1009.4,6.6
2022-03-25 01:00:00,0.608,1007.7,6.6
2022-03-25 02:00:00,0.822,1007.9,6.5
2022-03-25 03:00:00,1.138,1006.5,6.5
2022-03-25 04:00:00,1.433,1004.6,6.6
2022-03-25 05:00:00,1.695,1004.2,6.5
2022-03-25 06:00:00,1.827,1006.2,6.5
2022-03-25 07:00:00,1.82,1004.4,6.6
2022-03-25 08:00:00,1.524,1004.2,6.6
2022-03-25 09:00:00,1.2,1005.1,6.5
2022-03-25 10:00:00,0.876,1005.9,6.5
2022-03-25 11:00:00,0.686,1005.4,6.5
2022-03-25 12:00:00,0.471,1004.9,6.5
2022-03-25 13:00:00,0.38,1004.7,6.6
2022-03-25 14:00:00,0.406,1004.2,6.6
2022-03-25 15:00:00,0.654,1004.0,6.6
2022-03-25 16:00:00,0.868,1002.8,6.6
2022-03-25 17:00:00,1.169,1001.6,6.7
2022-03-25 18:00:00,1.277,1001.2,6.7
2022-03-25 19:00:00,1.49,1001.3,6.6
2022-03-25 20:00:00,1.398,1001.2,6.6
2022-03-25 21:00:00,1.237,1001.0,6.6
2022-03-25 22:00:00,0.901,1000.8,6.6
2022-03-25 23:00:00,0.635,1001.3,6.7
2022-03-26 00:00:00,0.536,1001.6,6.6
2022-03-26 01:00:00,0.491,1002.3,6.6
2022-03-26 02:00:00,0.567,1002.7,6.6
2022-03-26 03:00:00,0.69,1002.7,6.6
2022-03-26 04:00:00,0.889,1002.5,6.7
2022-03-26 05:00:00,1.2,1002.0,6.7
2022-03-26 06:00:00,1.51,1001.7,6.7
2022-03-26 07:00:00,1.69,1000.9,6.7
2022-03-26 08:00:00,1.713,1000.3,6.8
2022-03-26 09:00:00,1.592,1000.1,6.8
2022-03-26 10:00:00,1.338,999.8,6.6
2022-03-26 11:00:00,0.991,999.9,6.7
2022-03-26 12:00:00,0.735,999.9,6.7
2022-03-26 13:00:00,0.496,999.7,6.7
2022-03-26 14:00:00,0.366,999.1,6.8
2022-03-26 15:00:00,0.449,998.5,6.8
2022-03-26 16:00:00,0.638,998.2,6.8
2022-03-26 17:00:00,0.873,997.1,6.8
2022-03-26 18:00:00,1.185,996.0,6.9
2022-03-26 19:00:00,1.437,995.7,6.8
2022-03-26 20:00:00,1.537,995.7,6.7
2022-03-26 21:00:00,1.432,996.5,6.8
2022-03-26 22:00:00,1.243,996.7,6.8
2022-03-26 23:00:00,1.01,997.5,6.8
2022-03-27 00:00:00,0.8,998.3,6.8
2022-03-27 01:00:00,0.601,999.3,6.8
2022-03-27 02:00:00,0.507,1000.0,6.8
2022-03-27 03:00:00,0.399,1000.4,6.8
2022-03-27 04:00:00,0.531,1000.8,6.8
2022-03-27 05:00:00,0.722,1000.9,6.7
2022-03-27 06:00:00,1.044,1001.0,6.7
2022-03-27 07:00:00,1.278,1001.1,6.8
2022-03-27 08:00:00,1.491,1001.3,6.8
2022-03-27 09:00:00,1.546,1001.7,6.8
2022-03-27 10:00:00,1.471,1002.4,6.7
2022-03-27 11:00:00,1.247,1003.2,6.4
2022-03-27 12:00:00,0.876,1003.9,6.4
2022-03-27 13:00:00,0.586,1003.9,6.4
2022-03-27 14:00:00,0.381,1004.5,6.5
2022-03-27 15:00:00,0.203,1004.5,6.6
2022-03-27 16:00:00,0.144,1004.2,6.7
2022-03-27 17:00:00,0.324,1003.7,6.7
2022-03-27 18:00:00,0.704,1003.4,6.6
2022-03-27 19:00:00,1.086,1003.5,6.7
2022-03-27 20:00:00,1.282,1004.0,6.6
2022-03-27 21:00:00,1.301,1004.5,6.8
2022-03-27 22:00:00,1.172,1005.5,6.7
2022-03-27 23:00:00,1.046,1006.3,6.5
2022-03-28 00:00:00,0.844,1007.2,6.3
2022-03-28 01:00:00,0.593,1008.5,6.4
2022-03-28 02:00:00,0.402,1009.1,6.5
2022-03-28 03:00:00,0.161,1009.8,6.5
2022-03-28 04:00:00,0.026,1010.4,6.5
2022-03-28 05:00:00,0.144,1011.0,6.3
2022-03-28 06:00:00,0.391,1011.4,6.5
2022-03-28 07:00:00,0.772,1011.5,6.5
2022-03-28 08:00:00,1.08,1011.9,6.7
2022-03-28 09:00:00,1.21,1012.4,6.4
2022-03-28 10:00:00,1.336,1012.7,6.6
2022-03-28 11:00:00,1.313,1013.3,6.3
2022-03-28 12:00:00,1.098,1013.5,5.8
2022-03-28 13:00:00,0.685,1013.4,5.6
2022-03-28 14:00:00,0.368,1013.4,5.6
2022-03-28 15:00:00,0.102,1013.0,5.7
2022-03-28 16:00:00,-0.057,1012.8,5.9
2022-03-28 17:00:00,-0.083,1012.2,5.9
2022-03-28 18:00:00,0.173,1012.2,6.1
2022-03-28 19:00:00,0.54,1012.3,6.1
2022-03-28 20:00:00,0.778,1012.4,6.2
2022-03-28 21:00:00,1.001,1013.0,6.4
2022-03-28 22:00:00,1.099,1013.8,6.3
2022-03-28 23:00:00,1.103,1015.0,6.4
2022-03-29 00:00:00,0.985,1016.0,5.8
2022-03-29 01:00:00,0.722,1017.4,5.5
2022-03-29 02:00:00,0.431,1017.8,5.4
2022-03-29 03:00:00,0.18,1018.1,5.7
2022-03-29 04:00:00,-0.062,1018.5,5.8
2022-03-29 05:00:00,-0.177,1018.5,5.4
2022-03-29 06:00:00,-0.073,1019.3,5.7
2022-03-29 07:00:00,0.29,1019.3,5.9
2022-03-29 08:00:00,0.766,1019.5,5.8
2022-03-29 09:00:00,1.16,1019.9,6.2
2022-03-29 10:00:00,1.368,1020.2,6.0
2022-03-29 11:00:00,1.442,1020.9,5.8
2022-03-29 12:00:00,1.311,1021.5,5.5
2022-03-29 13:00:00,1.032,1021.7,5.6
2022-03-29 14:00:00,0.668,1021.9,5.4
2022-03-29 15:00:00,0.337,1021.6,5.4
2022-03-29 16:00:00,0.055,1020.9,5.7
2022-03-29 17:00:00,-0.18,1020.8,5.8
2022-03-29 18:00:00,-0.183,1020.4,5.8
2022-03-29 19:00:00,0.132,1020.1,5.9
2022-03-29 20:00:00,0.482,1019.8,5.9
2022-03-29 21:00:00,0.813,1019.7,6.0
2022-03-29 22:00:00,1.038,1019.7,6.1
2022-03-29 23:00:00,1.192,1020.4,6.0
2022-03-30 00:00:00,1.252,1021.1,5.9
2022-03-30 01:00:00,1.122,1022.2,5.8
2022-03-30 02:00:00,0.822,1022.5,5.6
2022-03-30 03:00:00,0.43,1023.1,5.6
2022-03-30 04:00:00,0.154,1023.3,5.5
2022-03-30 05:00:00,-0.088,1023.8,5.8
2022-03-30 06:00:00,-0.187,1023.8,5.7
2022-03-30 07:00:00,0.034,1023.9,5.4
2022-03-30 08:00:00,0.481,1023.9,5.6
2022-03-30 09:00:00,0.997,1024.3,5.8
2022-03-30 10:00:00,1.333,1024.5,5.8
2022-03-30 11:00:00,1.495,1025.2,5.8
2022-03-30 12:00:00,1.493,1025.6,5.8
2022-03-30 13:00:00,1.333,1025.1,5.6
2022-03-30 14:00:00,1.029,1024.9,5.6
2022-03-30 15:00:00,0.63,1024.8,5.7
2022-03-30 16:00:00,0.263,1024.8,5.8
2022-03-30 17:00:00,-0.023,1023.7,5.9
2022-03-30 18:00:00,-0.19,1022.6,6.0
2022-03-30 19:00:00,-0.131,1021.7,6.0
2022-03-30 20:00:00,0.279,1019.8,6.0
2022-03-30 21:00:00,0.766,1019.6,5.9
2022-03-30 22:00:00,1.219,1019.3,5.9
2022-03-30 23:00:00,1.47,1018.1,5.9
2022-03-31 00:00:00,1.611,1018.1,5.9
2022-03-31 01:00:00,1.561,1018.1,5.8
2022-03-31 02:00:00,1.261,1017.3,5.9
2022-03-31 03:00:00,0.845,1016.3,5.9
2022-03-31 04:00:00,0.503,1016.3,5.9
2022-03-31 05:00:00,0.249,1015.0,5.8
2022-03-31 06:00:00,0.036,1013.8,5.8
2022-03-31 07:00:00,0.01,1012.4,5.8
2022-03-31 08:00:00,0.306,1011.3,5.9
2022-03-31 09:00:00,0.778,1010.6,5.9
2022-03-31 10:00:00,1.287,1009.5,5.9
2022-03-31 11:00:00,1.581,1009.0,5.9
2022-03-31 12:00:00,1.738,1008.6,5.9
2022-03-31 13:00:00,1.725,1008.3,5.9
2022-03-31 14:00:00,1.513,1008.0,6.0
2022-03-31 15:00:00,1.111,1007.7,6.0
2022-03-31 16:00:00,0.683,1006.4,6.1
2022-03-31 17:00:00,0.387,1005.3,6.3
2022-03-31 18:00:00,0.158,1004.1,6.2
2022-03-31 19:00:00,0.003,1003.3,6.1
2022-03-31 20:00:00,0.204,1002.3,6.2
2022-03-31 21:00:00,0.682,1001.9,6.2
2022-03-31 22:00:00,1.188,1000.9,6.0
2022-03-31 23:00:00,1.555,999.9,6.0
2022-04-01 00:00:00,1.714,999.5,6.2
2022-04-01 01:00:00,1.801,999.7,6.2
2022-04-01 02:00:00,1.714,998.8,6.2
2022-04-01 03:00:00,1.385,998.9,6.2
2022-04-01 04:00:00,1.028,998.7,6.2
2022-04-01 05:00:00,0.536,997.9,6.3
2022-04-01 06:00:00,0.216,996.9,6.4
2022-04-01 07:00:00,0.016,997.2,6.3
2022-04-01 08:00:00,0.028,997.9,6.3
2022-04-01 09:00:00,0.44,998.6,6.3
2022-04-01 10:00:00,0.96,1000.2,6.3
2022-04-01 11:00:00,1.385,1000.3,6.2
2022-04-01 12:00:00,1.493,1001.4,6.2
2022-04-01 13:00:00,1.491,1001.3,6.2
2022-04-01 14:00:00,1.513,1001.9,6.3
2022-04-01 15:00:00,1.389,1002.5,6.4
2022-04-01 16:00:00,1.051,1002.8,6.7
2022-04-01 17:00:00,0.63,1002.3,6.8
2022-04-01 18:00:00,0.268,1002.2,6.8
2022-04-01 19:00:00,-0.022,1002.7,6.9
2022-04-01 20:00:00,-0.181,1003.5,6.8
2022-04-01 21:00:00,0.064,1004.7,6.8
2022-04-01 22:00:00,0.54,1006.4,6.7
2022-04-01 23:00:00,0.997,1007.9,6.4
2022-04-02 00:00:00,1.296,1009.2,6.4
2022-04-02 01:00:00,1.448,1010.8,6.3
2022-04-02 02:00:00,1.432,1011.7,6.4
2022-04-02 03:00:00,1.252,1012.7,6.4
2022-04-02 04:00:00,0.91,1013.6,6.3
2022-04-02 05:00:00,0.486,1014.6,6.2
2022-04-02 06:00:00,0.191,1015.2,6.2
2022-04-02 07:00:00,-0.124,1015.5,6.2
2022-04-02 08:00:00,-0.365,1016.1,6.3
2022-04-02 09:00:00,-0.32,1016.7,6.0
2022-04-02 10:00:00,0.11,1017.4,6.2
2022-04-02 11:00:00,0.685,1018.5,6.2
2022-04-02 12:00:00,1.11,1019.2,6.2
2022-04-02 13:00:00,1.296,1019.7,6.2
2022-04-02 14:00:00,1.364,1019.8,6.3
2022-04-02 15:00:00,1.27,1020.0,6.3
2022-04-02 16:00:00,0.942,1019.2,6.4
2022-04-02 17:00:00,0.51,1018.5,6.6
2022-04-02 18:00:00,0.166,1017.6,6.7
2022-04-02 19:00:00,-0.037,1016.4,6.7
2022-04-02 20:00:00,-0.136,1015.7,6.8
2022-04-02 21:00:00,-0.019,1015.4,7.0
2022-04-02 22:00:00,0.378,1015.2,6.7
2022-04-02 23:00:00,0.89,1015.1,6.6
2022-04-03 00:00:00,1.258,1016.2,6.4
2022-04-03 01:00:00,1.498,1016.4,6.4
2022-04-03 02:00:00,1.604,1015.5,6.4
2022-04-03 03:00:00,1.598,1015.0,6.5
2022-04-03 04:00:00,1.308,1014.2,6.6
2022-04-03 05:00:00,0.915,1014.3,6.4
2022-04-03 06:00:00,0.53,1013.9,6.4
2022-04-03 07:00:00,0.264,1013.2,6.4
2022-04-03 08:00:00,0.052,1012.9,6.4
2022-04-03 09:00:00,-0.052,1012.0,6.3
2022-04-03 10:00:00,0.229,1011.4,6.4
2022-04-03 11:00:00,0.711,1011.1,6.4
2022-04-03 12:00:00,1.138,1010.9,6.5
2022-04-03 13:00:00,1.335,1010.1,6.4
2022-04-03 14:00:00,1.512,1009.3,6.4
2022-04-03 15:00:00,1.645,1009.8,6.5
2022-04-03 16:00:00,1.465,1009.5,6.5
2022-04-03 17:00:00,1.102,1009.2,6.5
2022-04-03 18:00:00,0.692,1008.7,6.5
2022-04-03 19:00:00,0.352,1008.0,6.5
2022-04-03 20:00:00,0.157,1007.8,6.5
2022-04-03 21:00:00,0.131,1007.7,6.5
2022-04-03 22:00:00,0.405,1008.0,6.5
2022-04-03 23:00:00,0.882,1008.4,6.5
2022-04-04 00:00:00,1.306,1009.2,6.5
2022-04-04 01:00:00,1.501,1010.2,6.5
2022-04-04 02:00:00,1.565,1010.7,6.4
2022-04-04 03:00:00,1.578,1010.9,6.5
2022-04-04 04:00:00,1.481,1011.3,6.4
2022-04-04 05:00:00,1.214,1011.6,6.4
2022-04-04 06:00:00,0.837,1012.2,6.3
2022-04-04 07:00:00,0.474,1012.8,6.3
2022-04-04 08:00:00,0.255,1013.0,6.2
2022-04-04 09:00:00,0.092,1013.4,6.3
2022-04-04 10:00:00,0.101,1014.3,6.3
2022-04-04 11:00:00,0.401,1015.1,6.3
2022-04-04 12:00:00,0.734,1015.8,6.2
2022-04-04 13:00:00,1.097,1015.4,6.4
2022-04-04 14:00:00,1.336,1015.8,6.4
2022-04-04 15:00:00,1.43,1016.0,6.4
2022-04-04 16:00:00,1.36,1016.2,6.5
2022-04-04 17:00:00,1.137,1015.7,6.6
2022-04-04 18:00:00,0.806,1015.2,6.7
2022-04-04 19:00:00,0.467,1014.8,7.0
2022-04-04 20:00:00,0.245,1014.6,6.8
2022-04-04 21:00:00,0.129,1014.5,6.7
2022-04-04 22:00:00,0.194,1014.8,6.7
2022-04-04 23:00:00,0.517,1014.7,6.7
2022-04-05 00:00:00,0.897,1015.4,6.7
2022-04-05 01:00:00,1.255,1016.1,6.6
2022-04-05 02:00:00,1.421,1016.6,6.5
2022-04-05 03:00:00,1.492,1016.9,6.6
2022-04-05 04:00:00,1.513,1017.2,6.6
2022-04-05 05:00:00,1.377,1017.4,6.6
2022-04-05 06:00:00,1.083,1017.6,6.5
2022-04-05 07:00:00,0.702,1017.3,6.5
2022-04-05 08:00:00,0.393,1017.8,6.5
2022-04-05 09:00:00,0.196,1018.0,6.5
2022-04-05 10:00:00,0.129,1018.1,6.5
2022-04-05 11:00:00,0.294,1018.3,6.5
2022-04-05 12:00:00,0.578,1019.0,6.6
2022-04-05 13:00:00,0.877,1019.1,6.5
2022-04-05 14:00:00,1.111,1018.6,6.6
2022-04-05 15:00:00,1.268,1018.0,6.5
2022-04-05 16:00:00,1.343,1018.2,6.6
2022-04-05 17:00:00,1.268,1018.1,6.6
2022-04-05 18:00:00,0.986,1017.9,6.7
2022-04-05 19:00:00,0.682,1016.9,6.8
2022-04-05 20:00:00,0.445,1017.1,6.8
2022-04-05 21:00:00,0.27,1016.7,6.7
2022-04-05 22:00:00,0.22,1016.1,6.7
2022-04-05 23:00:00,0.392,1016.4,6.7
2022-04-06 00:00:00,0.729,1016.1,6.7
2022-04-06 01:00:00,1.108,1016.3,6.7
2022-04-06 02:00:00,1.358,1015.8,6.7
2022-04-06 03:00:00,1.459,1014.9,6.7
2022-04-06 04:00:00,1.498,1014.1,6.7
2022-04-06 05:00:00,1.486,1013.2,6.7
2022-04-06 06:00:00,1.325,1011.9,6.8
2022-04-06 07:00:00,1.044,1010.8,6.8
2022-04-06 08:00:00,0.764,1010.1,6.7
2022-04-06 09:00:00,0.555,1009.0,6.8
2022-04-06 10:00:00,0.405,1008.0,6.8
2022-04-06 11:00:00,0.428,1007.5,6.8
2022-04-06 12:00:00,0.626,1007.5,6.8
2022-04-06 13:00:00,0.896,1007.9,6.8
2022-04-06 14:00:00,1.16,1008.1,6.8
2022-04-06 15:00:00,1.328,1008.7,6.8
2022-04-06 16:00:00,1.357,1008.0,6.8
2022-04-06 17:00:00,1.423,1008.5,6.8
2022-04-06 18:00:00,1.35,1009.8,6.8
2022-04-06 19:00:00,1.082,1010.3,6.8
2022-04-06 20:00:00,0.791,1009.0,6.8
2022-04-06 21:00:00,0.713,1010.1,6.8
2022-04-06 22:00:00,0.589,1010.1,6.8
2022-04-06 23:00:00,0.542,1011.5,6.8
2022-04-07 00:00:00,0.76,1012.4,6.9
2022-04-07 01:00:00,1.107,1013.4,6.9
2022-04-07 02:00:00,1.362,1013.8,6.9
2022-04-07 03:00:00,1.509,1012.9,6.9
2022-04-07 04:00:00,1.528,1013.4,6.9
2022-04-07 05:00:00,1.641,1013.1,6.9
2022-04-07 06:00:00,1.655,1013.0,6.9
2022-04-07 07:00:00,1.411,1012.8,7.0
2022-04-07 08:00:00,1.06,1013.0,7.0
2022-04-07 09:00:00,0.743,1011.5,7.0
2022-04-07 10:00:00,0.585,1010.8,7.0
2022-04-07 11:00:00,0.552,1010.4,7.0
2022-04-07 12:00:00,0.701,1011.1,7.0
2022-04-07 13:00:00,0.871,1010.4,7.0
2022-04-07 14:00:00,1.084,1010.8,7.0
2022-04-07 15:00:00,1.207,1010.8,7.0
2022-04-07 16:00:00,1.289,1010.6,6.9
2022-04-07 17:00:00,1.429,1008.4,6.9
2022-04-07 18:00:00,1.455,1006.5,7.0
2022-04-07 19:00:00,1.397,1005.0,7.0
2022-04-07 20:00:00,1.278,1003.8,7.0
2022-04-07 21:00:00,1.149,1003.6,7.0
2022-04-07 22:00:00,0.994,1003.0,7.0
2022-04-07 23:00:00,0.889,1001.8,7.0
2022-04-08 00:00:00,0.93,1000.5,7.0
2022-04-08 01:00:00,1.159,999.5,7.0
2022-04-08 02:00:00,1.455,999.9,7.0
2022-04-08 03:00:00,1.672,999.7,7.1
2022-04-08 04:00:00,1.815,999.0,7.1
2022-04-08 05:00:00,1.878,998.5,7.2
2022-04-08 06:00:00,1.841,998.3,7.2
2022-04-08 07:00:00,1.701,998.1,7.2
2022-04-08 08:00:00,1.414,999.3,7.2
2022-04-08 09:00:00,1.184,999.9,7.3
2022-04-08 10:00:00,0.979,1000.9,7.2
2022-04-08 11:00:00,0.802,1001.8,7.2
2022-04-08 12:00:00,0.632,1002.4,7.2
2022-04-08 13:00:00,0.633,1003.2,7.3
2022-04-08 14:00:00,0.836,1003.7,7.2
2022-04-08 15:00:00,1.027,1004.1,7.3
2022-04-08 16:00:00,1.233,1004.1,7.3
2022-04-08 17:00:00,1.334,1004.1,7.1
2022-04-08 18:00:00,1.394,1004.1,7.2
2022-04-08 19:00:00,1.386,1003.6,7.0
2022-04-08 20:00:00,1.242,1003.6,7.3
2022-04-08 21:00:00,1.038,1004.2,7.6
2022-04-08 22:00:00,0.864,1004.4,8.0
2022-04-08 23:00:00,0.764,1004.4,7.7
2022-04-09 00:00:00,0.741,1004.9,7.8
2022-04-09 01:00:00,0.788,1005.6,7.6
2022-04-09 02:00:00,0.879,1005.8,7.7
2022-04-09 03:00:00,0.973,1005.7,7.7
2022-04-09 04:00:00,1.199,1005.2,7.7
2022-04-09 05:00:00,1.4,1005.2,7.4
2022-04-09 06:00:00,1.542,1004.4,7.3
2022-04-09 07:00:00,1.517,1004.9,7.3
2022-04-09 08:00:00,1.331,1004.4,7.3
2022-04-09 09:00:00,1.165,1004.1,7.4
2022-04-09 10:00:00,1.007,1003.6,7.5
2022-04-09 11:00:00,0.85,1003.9,7.4
2022-04-09 12:00:00,0.71,1003.5,7.5
2022-04-09 13:00:00,0.644,1003.5,7.5
2022-04-09 14:00:00,0.704,1003.4,7.5
2022-04-09 15:00:00,0.897,1003.6,7.6
2022-04-09 16:00:00,1.022,1003.4,7.6
2022-04-09 17:00:00,1.099,1003.4,7.6
2022-04-09 18:00:00,1.183,1003.5,7.3
2022-04-09 19:00:00,1.213,1003.4,7.3
2022-04-09 20:00:00,1.246,1002.9,7.4
2022-04-09 21:00:00,1.159,1003.0,7.7
2022-04-09 22:00:00,1.031,1003.5,7.7
2022-04-09 23:00:00,0.892,1003.6,7.8
2022-04-10 00:00:00,0.795,1004.2,7.6
2022-04-10 01:00:00,0.704,1005.6,7.6
2022-04-10 02:00:00,0.692,1005.4,7.7
2022-04-10 03:00:00,0.79,1005.9,7.7
2022-04-10 04:00:00,0.938,1005.6,7.7
2022-04-10 05:00:00,1.176,1005.6,7.7
2022-04-10 06:00:00,1.338,1005.2,7.4
2022-04-10 07:00:00,1.424,1005.1,7.4
2022-04-10 08:00:00,1.402,1005.2,7.5
2022-04-10 09:00:00,1.288,1005.9,7.4
2022-04-10 10:00:00,1.077,1006.8,7.4
2022-04-10 11:00:00,0.864,1007.7,7.4
2022-04-10 12:00:00,0.634,1008.7,7.4
2022-04-10 13:00:00,0.502,1009.0,7.4
2022-04-10 14:00:00,0.443,1009.0,7.4
2022-04-10 15:00:00,0.483,1009.1,7.6
2022-04-10 16:00:00,0.618,1008.7,7.5
2022-04-10 17:00:00,0.71,1008.6,7.6
2022-04-10 18:00:00,0.884,1008.4,7.7
2022-04-10 19:00:00,1.05,1008.2,7.6
2022-04-10 20:00:00,1.162,1008.6,7.4
2022-04-10 21:00:00,1.133,1009.0,7.4
2022-04-10 22:00:00,0.951,1010.1,7.4
2022-04-10 23:00:00,0.778,1011.0,7.4
2022-04-11 00:00:00,0.642,1012.2,7.3
2022-04-11 01:00:00,0.549,1013.8,7.3
2022-04-11 02:00:00,0.467,1014.7,7.3
2022-04-11 03:00:00,0.424,1015.2,7.4
2022-04-11 04:00:00,0.52,1015.6,7.4
2022-04-11 05:00:00,0.725,1016.3,7.5
2022-04-11 06:00:00,0.971,1016.7,7.5
2022-04-11 07:00:00,1.161,1016.7,7.4
2022-04-11 08:00:00,1.241,1017.4,7.3
2022-04-11 09:00:00,1.208,1018.2,7.3
2022-04-11 10:00:00,1.077,1019.5,7.4
2022-04-11 11:00:00,0.95,1020.5,7.3
2022-04-11 12:00:00,0.73,1021.2,7.1
2022-04-11 13:00:00,0.481,1021.0,7.3
2022-04-11 14:00:00,0.36,1020.6,7.2
2022-04-11 15:00:00,0.317,1021.3,7.3
2022-04-11 16:00:00,0.391,1021.0,7.4
2022-04-11 17:00:00,0.553,1020.4,7.5
2022-04-11 18:00:00,0.738,1019.7,7.6
2022-04-11 19:00:00,0.989,1018.6,7.6
2022-04-11 20:00:00,1.133,1017.7,7.4
2022-04-11 21:00:00,1.191,1017.9,7.4
2022-04-11 22:00:00,1.213,1017.9,7.6
2022-04-11 23:00:00,1.132,1017.4,7.7
2022-04-12 00:00:00,0.985,1017.7,7.7
2022-04-12 01:00:00,0.76,1018.0,7.8
2022-04-12 02:00:00,0.556,1018.2,7.7
2022-04-12 03:00:00,0.436,1017.8,7.6
2022-04-12 04:00:00,0.433,1018.0,7.7
2022-04-12 05:00:00,0.622,1017.7,7.7
2022-04-12 06:00:00,0.881,1016.7,7.7
2022-04-12 07:00:00,1.205,1015.9,7.7
2022-04-12 08:00:00,1.376,1014.9,7.6
2022-04-12 09:00:00,1.422,1014.9,7.5
2022-04-12 10:00:00,1.386,1014.8,7.6
2022-04-12 11:00:00,1.249,1015.0,7.7
2022-04-12 12:00:00,1.056,1015.8,7.7
2022-04-12 13:00:00,0.787,1016.0,7.8
2022-04-12 14:00:00,0.575,1016.3,7.6
2022-04-12 15:00:00,0.417,1016.0,7.7
2022-04-12 16:00:00,0.292,1016.6,7.7
2022-04-12 17:00:00,0.265,1017.0,7.7
2022-04-12 18:00:00,0.462,1017.0,7.8
2022-04-12 19:00:00,0.749,1016.0,8.0
2022-04-12 20:00:00,1.026,1015.7,8.1
2022-04-12 21:00:00,1.213,1016.0,7.5
2022-04-12 22:00:00,1.279,1016.6,7.7
2022-04-12 23:00:00,1.251,1017.1,7.8
2022-04-13 00:00:00,1.125,1017.9,8.1
2022-04-13 01:00:00,0.899,1018.5,8.2
2022-04-13 02:00:00,0.599,1018.7,8.1
2022-04-13 03:00:00,0.364,1018.9,7.9
2022-04-13 04:00:00,0.249,1019.0,7.9
2022-04-13 05:00:00,0.328,1018.9,7.9
2022-04-13 06:00:00,0.575,1018.6,8.0
2022-04-13 07:00:00,0.919,1018.7,8.0
2022-04-13 08:00:00,1.18,1018.8,8.0
2022-04-13 09:00:00,1.315,1018.5,7.7
2022-04-13 10:00:00,1.391,1018.8,7.8
2022-04-13 11:00:00,1.38,1019.4,7.8
2022-04-13 12:00:00,1.26,1019.7,8.0
2022-04-13 13:00:00,1.003,1019.0,8.0
2022-04-13 14:00:00,0.661,1018.4,8.0
2022-04-13 15:00:00,0.477,1017.9,8.0
2022-04-13 16:00:00,0.265,1017.3,8.0
2022-04-13 17:00:00,0.188,1016.1,8.2
2022-04-13 18:00:00,0.321,1014.9,8.5
2022-04-13 19:00:00,0.665,1013.9,8.5
2022-04-13 20:00:00,1.012,1012.6,8.7
2022-04-13 21:00:00,1.31,1012.3,7.9
2022-04-13 22:00:00,1.475,1011.8,8.0
2022-04-13 23:00:00,1.549,1011.4,8.4
2022-04-14 00:00:00,1.479,1011.5,8.2
2022-04-14 01:00:00,1.249,1011.2,8.4
2022-04-14 02:00:00,0.894,1010.9,8.4
2022-04-14 03:00:00,0.593,1010.2,8.3
2022-04-14 04:00:00,0.407,1009.5,8.2
2022-04-14 05:00:00,0.288,1009.1,8.3
2022-04-14 06:00:00,0.392,1008.6,8.4
2022-04-14 07:00:00,0.672,1008.0,8.3
2022-04-14 08:00:00,1.033,1007.6,8.5
2022-04-14 09:00:00,1.325,1007.4,8.1
2022-04-14 10:00:00,1.535,1007.7,8.1
2022-04-14 11:00:00,1.569,1008.2,8.2
2022-04-14 12:00:00,1.51,1008.2,8.2
2022-04-14 13:00:00,1.284,1007.8,8.4
2022-04-14 14:00:00,0.969,1007.5,8.5
2022-04-14 15:00:00,0.603,1007.8,8.5
2022-04-14 16:00:00,0.366,1007.4,8.4
2022-04-14 17:00:00,0.191,1007.2,8.7
2022-04-14 18:00:00,0.165,1006.7,8.8
2022-04-14 19:00:00,0.386,1006.0,8.8
2022-04-14 20:00:00,0.807,1005.7,9.2
2022-04-14 21:00:00,1.206,1005.3,9.4
2022-04-14 22:00:00,1.499,1007.2,8.2
2022-04-14 23:00:00,1.663,1009.8,8.4
2022-04-15 00:00:00,1.617,1010.6,8.9
2022-04-15 01:00:00,1.468,1012.4,8.5
2022-04-15 02:00:00,1.168,1013.4,8.8
2022-04-15 03:00:00,0.745,1014.0,8.9
2022-04-15 04:00:00,0.393,1014.5,8.9
2022-04-15 05:00:00,0.182,1015.9,8.9
2022-04-15 06:00:00,0.144,1016.6,8.8
2022-04-15 07:00:00,0.417,1017.0,9.0
2022-04-15 08:00:00,0.732,1018.3,8.8
2022-04-15 09:00:00,1.12,1018.5,8.9
2022-04-15 10:00:00,1.389,1019.1,8.6
2022-04-15 11:00:00,1.526,1020.0,8.6
2022-04-15 12:00:00,1.664,1021.0,8.7
2022-04-15 13:00:00,1.61,1021.7,8.7
2022-04-15 14:00:00,1.289,1021.6,8.7
2022-04-15 15:00:00,0.92,1021.2,9.2
2022-04-15 16:00:00,0.473,1020.7,9.0
2022-04-15 17:00:00,0.168,1020.2,9.4
2022-04-15 18:00:00,-0.029,1019.3,9.1
2022-04-15 19:00:00,0.064,1018.5,9.9
2022-04-15 20:00:00,0.519,1018.3,9.3
2022-04-15 21:00:00,1.008,1018.0,10.0
2022-04-15 22:00:00,1.406,1017.1,8.5
2022-04-15 23:00:00,1.635,1017.0,8.8
2022-04-16 00:00:00,1.792,1017.8,9.4
2022-04-16 01:00:00,1.755,1018.9,9.3
2022-04-16 02:00:00,1.459,1018.7,9.4
2022-04-16 03:00:00,1.061,1018.5,9.4
2022-04-16 04:00:00,0.671,1018.2,9.3
2022-04-16 05:00:00,0.339,1017.8,9.4
2022-04-16 06:00:00,0.089,1017.4,9.4
2022-04-16 07:00:00,-0.011,1016.9,9.1
2022-04-16 08:00:00,0.228,1016.5,9.1
2022-04-16 09:00:00,0.655,1016.4,9.1
2022-04-16 10:00:00,1.12,1015.9,8.9
2022-04-16 11:00:00,1.439,1016.0,8.8
2022-04-16 12:00:00,1.601,1016.1,8.9
2022-04-16 13:00:00,1.626,1015.6,8.9
2022-04-16 14:00:00,1.448,1016.1,9.0
2022-04-16 15:00:00,1.103,1015.6,9.0
2022-04-16 16:00:00,0.676,1014.3,9.0
2022-04-16 17:00:00,0.308,1012.9,9.4
2022-04-16 18:00:00,0.074,1011.7,9.4
2022-04-16 19:00:00,-0.031,1010.1,9.6
2022-04-16 20:00:00,0.158,1009.1,9.8
2022-04-16 21:00:00,0.659,1007.8,9.7
2022-04-16 22:00:00,1.165,1007.9,9.4
2022-04-16 23:00:00,1.562,1008.8,9.1
2022-04-17 00:00:00,1.729,1010.2,9.2
2022-04-17 01:00:00,1.793,1012.7,9.1
2022-04-17 02:00:00,1.666,1013.3,9.3
2022-04-17 03:00:00,1.274,1013.3,9.4
2022-04-17 04:00:00,0.831,1013.0,9.4
2022-04-17 05:00:00,0.465,1014.3,9.3
2022-04-17 06:00:00,0.178,1014.3,9.2
2022-04-17 07:00:00,-0.108,1014.4,9.2
2022-04-17 08:00:00,-0.14,1015.0,9.2
2022-04-17 09:00:00,0.265,1015.5,9.2
2022-04-17 10:00:00,0.757,1017.0,9.3
2022-04-17 11:00:00,1.24,1017.9,9.2
2022-04-17 12:00:00,1.418,1019.2,9.2
2022-04-17 13:00:00,1.497,1019.8,9.2
2022-04-17 14:00:00,1.397,1019.8,9.3
2022-04-17 15:00:00,1.194,1020.0,9.3
2022-04-17 16:00:00,0.86,1020.5,9.5
2022-04-17 17:00:00,0.473,1020.8,9.6
2022-04-17 18:00:00,0.132,1020.8,9.6
2022-04-17 19:00:00,-0.132,1020.9,9.7
2022-04-17 20:00:00,-0.291,1021.7,9.7
2022-04-17 21:00:00,-0.074,1022.5,9.6
2022-04-17 22:00:00,0.471,1023.3,9.8
2022-04-17 23:00:00,1.061,1024.0,9.6
2022-04-18 00:00:00,1.426,1025.0,9.4
2022-04-18 01:00:00,1.657,1026.3,9.3
2022-04-18 02:00:00,1.747,1026.8,9.5
2022-04-18 03:00:00,1.612,1027.1,9.4
2022-04-18 04:00:00,1.222,1027.3,9.4
2022-04-18 05:00:00,0.698,1027.7,9.3
2022-04-18 06:00:00,0.29,1028.0,9.2
2022-04-18 07:00:00,0.026,1028.2,9.2
2022-04-18 08:00:00,-0.175,1028.2,9.2
2022-04-18 09:00:00,-0.131,1028.6,9.1
2022-04-18 10:00:00,0.244,1028.6,9.1
2022-04-18 11:00:00,0.704,1027.7,9.2
2022-04-18 12:00:00,1.126,1028.2,9.3
2022-04-18 13:00:00,1.399,1028.1,9.3
2022-04-18 14:00:00,1.601,1027.7,9.2
2022-04-18 15:00:00,1.582,1027.5,9.3
2022-04-18 16:00:00,1.328,1027.3,9.3
2022-04-18 17:00:00,0.889,1026.7,9.3
2022-04-18 18:00:00,0.479,1026.4,9.3
2022-04-18 19:00:00,0.186,1025.9,9.5
2022-04-18 20:00:00,0.012,1024.7,9.4
2022-04-18 21:00:00,-0.037,1023.0,9.4
2022-04-18 22:00:00,0.352,1022.3,9.4
2022-04-18 23:00:00,0.928,1020.8,9.4
2022-04-19 00:00:00,1.542,1018.7,9.2
2022-04-19 01:00:00,1.874,1016.7,9.2
2022-04-19 02:00:00,2.143,1015.1,9.2
2022-04-19 03:00:00,2.286,1012.2,9.1
2022-04-19 04:00:00,2.171,1009.1,9.0
2022-04-19 05:00:00,1.921,1004.6,8.8
2022-04-19 06:00:00,1.637,1002.9,8.9
2022-04-19 07:00:00,1.302,1000.4,9.0
2022-04-19 08:00:00,0.857,998.3,9.0
2022-04-19 09:00:00,0.554,998.0,9.0
2022-04-19 10:00:00,0.518,1000.0,9.1
2022-04-19 11:00:00,0.497,1001.6,9.0
2022-04-19 12:00:00,0.669,1003.3,9.1
2022-04-19 13:00:00,1.08,1003.9,9.0
2022-04-19 14:00:00,1.527,1005.2,9.1
2022-04-19 15:00:00,1.76,1006.3,9.1
2022-04-19 16:00:00,1.566,1007.3,9.1
2022-04-19 17:00:00,1.174,1008.4,9.1
2022-04-19 18:00:00,0.739,1009.1,9.2
2022-04-19 19:00:00,0.364,1009.5,9.4
2022-04-19 20:00:00,0.122,1010.2,9.3
2022-04-19 21:00:00,-0.056,1010.7,9.2
2022-04-19 22:00:00,0.015,1011.6,9.3
2022-04-19 23:00:00,0.392,1013.2,9.3
2022-04-20 00:00:00,0.882,1014.3,9.2
2022-04-20 01:00:00,1.336,1015.0,9.2
2022-04-20 02:00:00,1.492,1015.9,9.2
2022-04-20 03:00:00,1.636,1016.8,9.1
2022-04-20 04:00:00,1.645,1017.4,9.0
2022-04-20 05:00:00,1.37,1018.3,9.0
2022-04-20 06:00:00,0.94,1019.1,9.0
2022-04-20 07:00:00,0.5,1020.1,8.8
2022-04-20 08:00:00,0.122,1021.2,8.8
2022-04-20 09:00:00,-0.188,1022.2,8.8
2022-04-20 10:00:00,-0.36,1023.2,8.8
2022-04-20 11:00:00,-0.272,1024.8,8.8
2022-04-20 12:00:00,0.113,1025.9,8.8
2022-04-20 13:00:00,0.544,1026.5,8.9
2022-04-20 14:00:00,0.92,1026.6,9.1
2022-04-20 15:00:00,1.144,1027.1,9.1
2022-04-20 16:00:00,1.236,1027.2,9.2
2022-04-20 17:00:00,1.168,1027.4,9.2
2022-04-20 18:00:00,0.958,1027.7,9.6
2022-04-20 19:00:00,0.624,1027.8,9.9
2022-04-20 20:00:00,0.339,1028.1,9.5
2022-04-20 21:00:00,0.076,1028.2,9.5
2022-04-20 22:00:00,-0.098,1028.7,9.5
2022-04-20 23:00:00,0.003,1029.3,9.6
2022-04-21 00:00:00,0.4,1030.2,9.7
2022-04-21 01:00:00,0.881,1030.9,9.6
2022-04-21 02:00:00,1.247,1031.7,9.4
2022-04-21 03:00:00,1.463,1031.9,9.3
2022-04-21 04:00:00,1.544,1032.4,9.2
2022-04-21 05:00:00,1.537,1032.0,9.2
2022-04-21 06:00:00,1.272,1032.1,9.2
2022-04-21 07:00:00,0.913,1031.8,9.2
2022-04-21 08:00:00,0.505,1032.3,9.2
2022-04-21 09:00:00,0.241,1032.7,9.2
2022-04-21 10:00:00,0.02,1033.0,9.2
2022-04-21 11:00:00,-0.104,1033.2,9.2
2022-04-21 12:00:00,0.007,1033.4,9.2
2022-04-21 13:00:00,0.351,1033.4,9.4
2022-04-21 14:00:00,0.738,1033.2,9.3
2022-04-21 15:00:00,1.142,1032.8,9.2
2022-04-21 16:00:00,1.371,1032.3,9.3
2022-04-21 17:00:00,1.425,1031.7,9.4
2022-04-21 18:00:00,1.28,1030.2,9.5
2022-04-21 19:00:00,1.001,1029.8,9.3
2022-04-21 20:00:00,0.66,1028.4,9.6
2022-04-21 21:00:00,0.367,1028.0,9.7
2022-04-21 22:00:00,0.191,1027.7,9.8
2022-04-21 23:00:00,0.145,1027.5,9.5
2022-04-22 00:00:00,0.299,1027.5,9.6
2022-04-22 01:00:00,0.64,1027.4,9.5
2022-04-22 02:00:00,0.993,1027.7,9.5
2022-04-22 03:00:00,1.26,1027.5,9.3
2022-04-22 04:00:00,1.408,1027.5,9.3
2022-04-22 05:00:00,1.59,1027.7,9.3
2022-04-22 06:00:00,1.619,1027.4,9.2
2022-04-22 07:00:00,1.402,1027.2,9.4
2022-04-22 08:00:00,1.046,1026.9,9.4
2022-04-22 09:00:00,0.648,1026.9,9.4
2022-04-22 10:00:00,0.312,1027.3,9.4
2022-04-22 11:00:00,0.066,1028.0,9.4
2022-04-22 12:00:00,-0.029,1028.5,9.4
2022-04-22 13:00:00,0.088,1028.5,9.5
2022-04-22 14:00:00,0.388,1028.6,9.5
2022-04-22 15:00:00,0.726,1028.9,9.4
2022-04-22 16:00:00,1.011,1028.6,9.3
2022-04-22 17:00:00,1.125,1028.2,9.4
2022-04-22 18:00:00,1.174,1027.6,9.5
2022-04-22 19:00:00,1.054,1027.2,9.6
2022-04-22 20:00:00,0.889,1026.8,10.0
2022-04-22 21:00:00,0.618,1027.1,10.2
2022-04-22 22:00:00,0.439,1027.2,9.9
2022-04-22 23:00:00,0.244,1027.5,9.7
2022-04-23 00:00:00,0.128,1028.2,10.0
2022-04-23 01:00:00,0.184,1028.7,9.8
2022-04-23 02:00:00,0.486,1029.1,9.9
2022-04-23 03:00:00,0.872,1029.5,9.9
2022-04-23 04:00:00,1.21,1029.7,9.7
2022-04-23 05:00:00,1.454,1030.0,9.6
2022-04-23 06:00:00,1.55,1029.4,9.6
2022-04-23 07:00:00,1.531,1029.1,9.5
2022-04-23 08:00:00,1.264,1029.1,9.6
2022-04-23 09:00:00,0.935,1029.4,9.6
2022-04-23 10:00:00,0.583,1029.5,9.6
2022-04-23 11:00:00,0.394,1030.4,9.6
2022-04-23 12:00:00,0.216,1030.7,9.7
2022-04-23 13:00:00,0.099,1030.4,9.6
2022-04-23 14:00:00,0.168,1030.3,9.6
2022-04-23 15:00:00,0.391,1030.0,9.7
2022-04-23 16:00:00,0.712,1029.0,9.7
2022-04-23 17:00:00,1.032,1028.6,9.5
2022-04-23 18:00:00,1.265,1028.0,9.6
2022-04-23 19:00:00,1.347,1026.9,9.8
2022-04-23 20:00:00,1.224,1025.6,9.7
2022-04-23 21:00:00,1.017,1024.8,10.0
2022-04-23 22:00:00,0.758,1024.9,10.0
2022-04-23 23:00:00,0.515,1024.6,10.1
2022-04-24 00:00:00,0.375,1024.6,9.9
2022-04-24 01:00:00,0.29,1024.9,9.9
2022-04-24 02:00:00,0.324,1025.4,9.8
2022-04-24 03:00:00,0.525,1025.2,9.8
2022-04-24 04:00:00,0.843,1025.0,9.9
2022-04-24 05:00:00,1.152,1024.6,9.8
2022-04-24 06:00:00,1.375,1024.0,9.6
2022-04-24 07:00:00,1.482,1023.4,9.8
2022-04-24 08:00:00,1.462,1023.3,9.7
2022-04-24 09:00:00,1.309,1023.4,9.7
2022-04-24 10:00:00,1.051,1023.6,9.7
2022-04-24 11:00:00,0.768,1024.1,9.9
2022-04-24 12:00:00,0.508,1024.5,9.9
2022-04-24 13:00:00,0.265,1024.4,9.9
2022-04-24 14:00:00,0.121,1024.6,10.1
2022-04-24 15:00:00,0.304,1024.7,10.0
2022-04-24 16:00:00,0.678,1025.1,10.3
2022-04-24 17:00:00,1.018,1025.0,10.2
2022-04-24 18:00:00,1.289,1025.0,10.0
2022-04-24 19:00:00,1.452,1024.7,9.9
2022-04-24 20:00:00,1.516,1024.4,10.2
2022-04-24 21:00:00,1.458,1024.4,10.1
2022-04-24 22:00:00,1.307,1024.5,10.5
2022-04-24 23:00:00,1.098,1024.7,10.0
2022-04-25 00:00:00,0.865,1024.6,10.2
2022-04-25 01:00:00,0.638,1024.7,10.2
2022-04-25 02:00:00,0.468,1024.6,10.3
2022-04-25 03:00:00,0.421,1024.0,10.2
2022-04-25 04:00:00,0.55,1023.7,10.1
2022-04-25 05:00:00,0.842,1023.5,10.1
2022-04-25 06:00:00,1.223,1023.3,10.1
2022-04-25 07:00:00,1.502,1023.0,9.6
2022-04-25 08:00:00,1.611,1023.0,9.7
2022-04-25 09:00:00,1.608,1023.5,9.9
2022-04-25 10:00:00,1.442,1023.7,10.0
2022-04-25 11:00:00,1.17,1024.3,10.0
2022-04-25 12:00:00,0.814,1024.7,10.0
2022-04-25 13:00:00,0.52,1025.2,10.0
2022-04-25 14:00:00,0.288,1024.9,10.0
2022-04-25 15:00:00,0.125,1024.8,10.0
2022-04-25 16:00:00,0.22,1025.5,10.0
2022-04-25 17:00:00,0.546,1025.5,10.0
2022-04-25 18:00:00,0.878,1025.5,10.2
2022-04-25 19:00:00,1.21,1025.0,10.1
2022-04-25 20:00:00,1.426,1024.9,9.9
2022-04-25 21:00:00,1.477,1024.8,10.0
2022-04-25 22:00:00,1.47,1024.5,10.0
2022-04-25 23:00:00,1.331,1023.9,10.1
2022-04-26 00:00:00,1.109,1023.7,10.1
2022-04-26 01:00:00,0.825,1023.8,10.1
2022-04-26 02:00:00,0.589,1023.6,10.1
2022-04-26 03:00:00,0.415,1023.4,10.1
2022-04-26 04:00:00,0.392,1022.7,10.1
2022-04-26 05:00:00,0.613,1022.4,10.1
2022-04-26 06:00:00,0.958,1021.9,10.1
2022-04-26 07:00:00,1.323,1020.9,10.2
2022-04-26 08:00:00,1.562,1020.7,9.9
2022-04-26 09:00:00,1.673,1020.6,10.0
2022-04-26 10:00:00,1.696,1020.4,10.0
2022-04-26 11:00:00,1.539,1020.2,10.0
2022-04-26 12:00:00,1.28,1019.9,10.1
2022-04-26 13:00:00,0.899,1019.3,10.2
2022-04-26 14:00:00,0.592,1019.1,10.1
2022-04-26 15:00:00,0.369,1018.5,10.1
2022-04-26 16:00:00,0.215,1017.7,10.3
2022-04-26 17:00:00,0.282,1017.1,10.2
2022-04-26 18:00:00,0.608,1016.2,10.2
2022-04-26 19:00:00,0.974,1016.0,10.2
2022-04-26 20:00:00,1.293,1015.3,9.9
2022-04-26 21:00:00,1.497,1015.0,10.1
2022-04-26 22:00:00,1.592,1015.2,10.1
2022-04-26 23:00:00,1.563,1015.2,10.1
2022-04-27 00:00:00,1.336,1014.9,10.1
2022-04-27 01:00:00,1.022,1014.6,10.3
2022-04-27 02:00:00,0.723,1014.3,10.2
2022-04-27 03:00:00,0.514,1013.8,10.2
2022-04-27 04:00:00,0.307,1013.8,10.2
2022-04-27 05:00:00,0.263,1013.4,10.3
2022-04-27 06:00:00,0.504,1013.9,10.3
2022-04-27 07:00:00,0.854,1014.0,10.4
2022-04-27 08:00:00,1.199,1014.5,10.3
2022-04-27 09:00:00,1.377,1014.8,10.1
2022-04-27 10:00:00,1.404,1015.1,10.2
2022-04-27 11:00:00,1.456,1015.0,10.1
2022-04-27 12:00:00,1.348,1015.1,10.2
2022-04-27 13:00:00,1.028,1014.8,10.2
2022-04-27 14:00:00,0.611,1014.4,10.4
2022-04-27 15:00:00,0.35,1014.0,10.5
2022-04-27 16:00:00,0.135,1013.6,10.4
2022-04-27 17:00:00,0.059,1012.9,10.6
2022-04-27 18:00:00,0.205,1013.1,10.6
2022-04-27 19:00:00,0.569,1013.4,10.5
2022-04-27 20:00:00,0.925,1013.5,10.5
2022-04-27 21:00:00,1.188,1013.9,10.3
2022-04-27 22:00:00,1.303,1014.4,10.4
2022-04-27 23:00:00,1.402,1014.8,10.3
2022-04-28 00:00:00,1.341,1015.6,10.3
2022-04-28 01:00:00,1.09,1016.3,10.4
2022-04-28 02:00:00,0.737,1017.0,10.3
2022-04-28 03:00:00,0.419,1017.1,10.3
2022-04-28 04:00:00,0.133,1017.2,10.3
2022-04-28 05:00:00,-0.08,1016.9,10.3
2022-04-28 06:00:00,-0.11,1016.7,10.3
2022-04-28 07:00:00,0.189,1016.4,10.3
2022-04-28 08:00:00,0.579,1016.2,10.3
2022-04-28 09:00:00,0.998,1015.6,10.2
2022-04-28 10:00:00,1.229,1016.3,10.2
2022-04-28 11:00:00,1.35,1017.1,10.2
2022-04-28 12:00:00,1.339,1017.5,10.2
2022-04-28 13:00:00,1.12,1017.5,10.1
2022-04-28 14:00:00,0.792,1017.2,10.2
2022-04-28 15:00:00,0.381,1017.0,10.2
2022-04-28 16:00:00,0.121,1016.6,10.2
2022-04-28 17:00:00,-0.079,1015.8,10.3
2022-04-28 18:00:00,-0.131,1015.1,10.6
2022-04-28 19:00:00,0.145,1014.7,10.7
2022-04-28 20:00:00,0.539,1014.6,10.7
2022-04-28 21:00:00,0.941,1014.4,10.6
2022-04-28 22:00:00,1.244,1014.8,10.4
2022-04-28 23:00:00,1.438,1015.2,10.3
2022-04-29 00:00:00,1.529,1016.1,10.3
2022-04-29 01:00:00,1.443,1017.5,10.3
2022-04-29 02:00:00,1.152,1018.9,10.3
2022-04-29 03:00:00,0.736,1019.5,10.2
2022-04-29 04:00:00,0.393,1019.6,10.1
2022-04-29 05:00:00,0.145,1019.7,10.2
2022-04-29 06:00:00,0.015,1019.4,10.0
2022-04-29 07:00:00,0.1,1019.4,10.0
2022-04-29 08:00:00,0.448,1019.6,10.1
2022-04-29 09:00:00,0.857,1019.7,10.2
2022-04-29 10:00:00,1.238,1020.2,10.1
2022-04-29 11:00:00,1.437,1020.6,10.1
2022-04-29 12:00:00,1.466,1020.6,9.9
2022-04-29 13:00:00,1.348,1020.5,9.9
2022-04-29 14:00:00,1.055,1020.0,9.9
2022-04-29 15:00:00,0.7,1019.4,10.0
2022-04-29 16:00:00,0.389,1018.6,10.1
2022-04-29 17:00:00,0.164,1017.7,10.1
2022-04-29 18:00:00,0.032,1016.9,10.3
2022-04-29 19:00:00,0.048,1016.1,10.4
2022-04-29 20:00:00,0.359,1015.8,10.6
2022-04-29 21:00:00,0.839,1016.0,10.6
2022-04-29 22:00:00,1.307,1015.9,10.0
2022-04-29 23:00:00,1.597,1016.3,10.2
2022-04-30 00:00:00,1.719,1017.1,10.0
2022-04-30 01:00:00,1.699,1018.4,10.2
2022-04-30 02:00:00,1.47,1019.5,10.2
2022-04-30 03:00:00,1.118,1020.0,10.1
2022-04-30 04:00:00,0.729,1020.3,10.0
2022-04-30 05:00:00,0.45,1021.0,10.0
2022-04-30 06:00:00,0.21,1020.6,10.0
2022-04-30 07:00:00,0.075,1020.4,9.9
2022-04-30 08:00:00,0.233,1020.5,10.0
2022-04-30 09:00:00,0.654,1020.6,10.0
2022-04-30 10:00:00,1.068,1021.1,10.0
2022-04-30 11:00:00,1.367,1021.4,9.9
2022-04-30 12:00:00,1.509,1021.6,9.9
2022-04-30 13:00:00,1.545,1021.4,9.8
2022-04-30 14:00:00,1.423,1020.7,9.8
2022-04-30 15:00:00,1.135,1020.1,10.0
2022-04-30 16:00:00,0.741,1019.6,10.3
2022-04-30 17:00:00,0.416,1019.2,10.3
2022-04-30 18:00:00,0.221,1018.5,10.4
2022-04-30 19:00:00,0.145,1017.8,10.7
2022-04-30 20:00:00,0.299,1017.2,10.8
2022-04-30 21:00:00,0.694,1017.0,10.8
2022-04-30 22:00:00,1.187,1017.6,10.8
2022-04-30 23:00:00,1.536,1017.9,10.0
2022-05-01 00:00:00,1.749,1018.5,10.2
2022-05-01 01:00:00,1.816,1019.4,10.3
2022-05-01 02:00:00,1.719,1019.7,10.1
2022-05-01 03:00:00,1.427,1019.6,10.3
2022-05-01 04:00:00,1.028,1019.7,10.2
2022-05-01 05:00:00,0.646,1019.8,10.2
2022-05-01 06:00:00,0.377,1019.6,10.2
2022-05-01 07:00:00,0.157,1019.7,10.2
2022-05-01 08:00:00,0.106,1019.6,10.1
2022-05-01 09:00:00,0.365,1019.9,10.2
2022-05-01 10:00:00,0.748,1020.1,10.2
2022-05-01 11:00:00,1.15,1020.5,10.1
2022-05-01 12:00:00,1.39,1020.8,10.0
2022-05-01 13:00:00,1.511,1021.0,10.1
2022-05-01 14:00:00,1.533,1020.8,10.0
2022-05-01 15:00:00,1.356,1021.1,10.1
2022-05-01 16:00:00,1.017,1021.0,10.0
2022-05-01 17:00:00,0.606,1020.6,11.0
2022-05-01 18:00:00,0.338,1019.9,10.7
2022-05-01 19:00:00,0.159,1019.2,10.8
2022-05-01 20:00:00,0.154,1018.9,11.1
2022-05-01 21:00:00,0.452,1019.0,11.2
2022-05-01 22:00:00,0.911,1018.8,10.9
2022-05-01 23:00:00,1.348,1018.3,10.6
2022-05-02 00:00:00,1.59,1017.7,10.5
2022-05-02 01:00:00,1.719,1018.4,10.5
2022-05-02 02:00:00,1.743,1019.1,10.3
2022-05-02 03:00:00,1.629,1019.1,10.6
2022-05-02 04:00:00,1.308,1018.7,10.6
2022-05-02 05:00:00,0.899,1018.7,10.6
2022-05-02 06:00:00,0.544,1018.2,10.6
2022-05-02 07:00:00,0.28,1017.6,10.7
2022-05-02 08:00:00,0.136,1017.4,10.6
2022-05-02 09:00:00,0.248,1017.0,10.6
2022-05-02 10:00:00,0.658,1019.0,10.6
2022-05-02 11:00:00,1.023,1017.9,10.6
2022-05-02 12:00:00,1.303,1018.2,10.3
2022-05-02 13:00:00,1.423,1017.8,10.4
2022-05-02 14:00:00,1.549,1017.6,10.3
2022-05-02 15:00:00,1.517,1017.1,10.3
2022-05-02 16:00:00,1.291,1017.5,10.4
2022-05-02 17:00:00,0.96,1017.1,10.3
2022-05-02 18:00:00,0.618,1016.6,10.5
2022-05-02 19:00:00,0.409,1016.1,10.6
2022-05-02 20:00:00,0.272,1017.0,10.6
2022-05-02 21:00:00,0.339,1017.0,10.7
2022-05-02 22:00:00,0.689,1017.1,10.7
2022-05-02 23:00:00,1.118,1017.5,10.8
2022-05-03 00:00:00,1.488,1018.0,10.4
2022-05-03 01:00:00,1.649,1018.3,10.4
2022-05-03 02:00:00,1.719,1018.9,10.4
2022-05-03 03:00:00,1.704,1018.8,10.4
2022-05-03 04:00:00,1.525,1019.3,10.5
2022-05-03 05:00:00,1.185,1019.7,10.5
2022-05-03 06:00:00,0.801,1019.6,10.5
2022-05-03 07:00:00,0.534,1019.5,10.5
2022-05-03 08:00:00,0.29,1020.1,10.5
2022-05-03 09:00:00,0.196,1020.4,10.5
2022-05-03 10:00:00,0.341,1020.5,10.6
2022-05-03 11:00:00,0.68,1020.7,10.6
2022-05-03 12:00:00,1.037,1021.3,10.7
2022-05-03 13:00:00,1.295,1021.6,10.5
2022-05-03 14:00:00,1.429,1022.0,10.5
2022-05-03 15:00:00,1.452,1021.9,10.5
2022-05-03 16:00:00,1.336,1021.9,10.6
2022-05-03 17:00:00,1.049,1021.5,10.9
2022-05-03 18:00:00,0.732,1021.8,10.9
2022-05-03 19:00:00,0.503,1021.6,11.0
2022-05-03 20:00:00,0.386,1021.6,11.0
2022-05-03 21:00:00,0.331,1021.3,11.1
2022-05-03 22:00:00,0.522,1021.2,11.1
2022-05-03 23:00:00,0.871,1020.9,11.1
2022-05-04 00:00:00,1.289,1020.1,11.1
2022-05-04 01:00:00,1.534,1019.7,10.8
2022-05-04 02:00:00,1.678,1020.2,10.9
2022-05-04 03:00:00,1.764,1020.3,11.1
2022-05-04 04:00:00,1.683,1019.6,10.9
2022-05-04 05:00:00,1.427,1019.1,11.0
2022-05-04 06:00:00,1.076,1018.8,10.9
2022-05-04 07:00:00,0.706,1018.3,10.9
2022-05-04 08:00:00,0.416,1018.0,11.1
2022-05-04 09:00:00,0.258,1016.7,11.0
2022-05-04 10:00:00,0.316,1017.2,11.0
2022-05-04 11:00:00,0.555,1015.8,11.0
2022-05-04 12:00:00,0.833,1015.3,11.0
2022-05-04 13:00:00,1.073,1016.5,10.8
2022-05-04 14:00:00,1.303,1015.6,10.7
2022-05-04 15:00:00,1.453,1016.3,10.8
2022-05-04 16:00:00,1.483,1015.9,10.8
2022-05-04 17:00:00,1.182,1015.2,10.9
2022-05-04 18:00:00,0.945,1014.7,11.0
2022-05-04 19:00:00,0.639,1014.2,11.0
2022-05-04 20:00:00,0.55,1013.8,11.0
2022-05-04 21:00:00,0.425,1013.4,11.0
2022-05-04 22:00:00,0.445,1013.2,11.2
2022-05-04 23:00:00,0.634,1013.4,11.3
2022-05-05 00:00:00,0.984,1013.9,11.3
2022-05-05 01:00:00,1.327,1014.9,11.0
2022-05-05 02:00:00,1.487,1015.2,11.0
2022-05-05 03:00:00,1.564,1015.9,11.0
2022-05-05 04:00:00,1.564,1016.5,10.8
2022-05-05 05:00:00,1.395,1016.8,11.0
2022-05-05 06:00:00,1.155,1016.5,11.0
2022-05-05 07:00:00,0.804,1016.6,11.0
2022-05-05 08:00:00,0.542,1016.9,11.1
2022-05-05 09:00:00,0.337,1017.2,11.2
2022-05-05 10:00:00,0.223,1017.4,11.1
2022-05-05 11:00:00,0.332,1018.3,11.1
2022-05-05 12:00:00,0.535,1018.8,11.1
2022-05-05 13:00:00,0.789,1019.7,11.3
2022-05-05 14:00:00,1.011,1020.0,10.7
2022-05-05 15:00:00,1.223,1019.6,11.0
2022-05-05 16:00:00,1.308,1019.2,11.1
2022-05-05 17:00:00,1.262,1018.9,11.3
2022-05-05 18:00:00,1.066,1018.4,11.7
2022-05-05 19:00:00,0.803,1017.9,11.9
2022-05-05 20:00:00,0.59,1017.0,12.0
2022-05-05 21:00:00,0.475,1016.6,11.5
2022-05-05 22:00:00,0.426,1016.9,11.5
2022-05-05 23:00:00,0.491,1017.4,11.5
2022-05-06 00:00:00,0.776,1017.2,11.9
2022-05-06 01:00:00,1.106,1017.0,11.8
2022-05-06 02:00:00,1.341,1017.3,11.5
2022-05-06 03:00:00,1.459,1017.5,11.5
2022-05-06 04:00:00,1.522,1017.3,11.4
2022-05-06 05:00:00,1.516,1016.4,11.4
2022-05-06 06:00:00,1.356,1015.6,11.6
2022-05-06 07:00:00,1.099,1015.9,11.6
2022-05-06 08:00:00,0.769,1016.1,11.5
2022-05-06 09:00:00,0.548,1015.4,11.6
2022-05-06 10:00:00,0.414,1015.2,11.7
2022-05-06 11:00:00,0.385,1015.1,11.7
2022-05-06 12:00:00,0.452,1015.8,11.7
2022-05-06 13:00:00,0.69,1015.7,11.6
2022-05-06 14:00:00,0.932,1014.9,11.7
2022-05-06 15:00:00,1.137,1014.9,11.1
2022-05-06 16:00:00,1.264,1014.8,11.3
2022-05-06 17:00:00,1.338,1014.0,11.4
2022-05-06 18:00:00,1.221,1013.6,11.7
2022-05-06 19:00:00,1.058,1013.4,11.7
2022-05-06 20:00:00,0.816,1012.8,11.9
2022-05-06 21:00:00,0.66,1012.8,11.7
2022-05-06 22:00:00,0.618,1012.4,11.7
2022-05-06 23:00:00,0.613,1011.8,11.6
2022-05-07 00:00:00,0.718,1011.6,11.6
2022-05-07 01:00:00,0.992,1011.2,11.5
2022-05-07 02:00:00,1.336,1011.2,11.6
2022-05-07 03:00:00,1.528,1010.4,11.6
2022-05-07 04:00:00,1.654,1010.3,11.4
2022-05-07 05:00:00,1.655,1009.8,11.5
2022-05-07 06:00:00,1.596,1009.0,11.5
2022-05-07 07:00:00,1.42,1007.9,11.5
2022-05-07 08:00:00,1.083,1006.8,11.8
2022-05-07 09:00:00,0.931,1007.4,11.7
2022-05-07 10:00:00,0.856,1007.9,11.7
2022-05-07 11:00:00,0.807,1007.9,11.7
2022-05-07 12:00:00,0.833,1008.1,11.7
2022-05-07 13:00:00,1.022,1008.4,11.7
2022-05-07 14:00:00,1.121,1009.0,11.6
2022-05-07 15:00:00,1.445,1009.5,11.5
2022-05-07 16:00:00,1.608,1009.6,11.4
2022-05-07 17:00:00,1.696,1011.1,11.4
2022-05-07 18:00:00,1.624,1011.5,11.5
2022-05-07 19:00:00,1.567,1011.7,11.6
2022-05-07 20:00:00,1.411,1011.8,11.7
2022-05-07 21:00:00,1.205,1012.0,11.5
2022-05-07 22:00:00,1.056,1012.6,11.6
2022-05-07 23:00:00,0.998,1013.3,11.4
2022-05-08 00:00:00,0.966,1014.1,11.4
2022-05-08 01:00:00,1.13,1015.0,11.5
2022-05-08 02:00:00,1.361,1015.8,11.4
2022-05-08 03:00:00,1.537,1016.1,11.4
2022-05-08 04:00:00,1.691,1016.6,11.4
2022-05-08 05:00:00,1.805,1016.5,11.2
2022-05-08 06:00:00,1.9,1016.1,11.3
2022-05-08 07:00:00,1.833,1015.8,11.3
2022-05-08 08:00:00,1.697,1015.9,11.3
2022-05-08 09:00:00,1.449,1016.2,11.3
2022-05-08 10:00:00,1.214,1016.7,11.3
2022-05-08 11:00:00,1.037,1017.5,11.2
2022-05-08 12:00:00,0.941,1017.8,11.3
2022-05-08 13:00:00,0.91,1018.6,11.3
2022-05-08 14:00:00,1.041,1019.4,11.3
2022-05-08 15:00:00,1.2,1019.8,11.3
2022-05-08 16:00:00,1.403,1019.9,11.4
2022-05-08 17:00:00,1.577,1019.7,11.3
2022-05-08 18:00:00,1.727,1019.4,11.3
2022-05-08 19:00:00,1.776,1019.3,11.3
2022-05-08 20:00:00,1.706,1019.2,11.4
2022-05-08 21:00:00,1.607,1019.1,11.5
2022-05-08 22:00:00,1.385,1019.6,11.5
2022-05-08 23:00:00,1.202,1020.2,11.5
2022-05-09 00:00:00,1.056,1020.9,11.4
2022-05-09 01:00:00,1.006,1021.3,11.4
2022-05-09 02:00:00,1.096,1021.9,11.3
2022-05-09 03:00:00,1.24,1022.0,11.3
2022-05-09 04:00:00,1.43,1022.0,11.3
2022-05-09 05:00:00,1.608,1021.8,11.3
2022-05-09 06:00:00,1.735,1021.4,11.3
2022-05-09 07:00:00,1.756,1021.2,11.3
2022-05-09 08:00:00,1.686,1021.3,11.3
2022-05-09 09:00:00,1.531,1021.5,11.2
2022-05-09 10:00:00,1.295,1022.1,11.2
2022-05-09 11:00:00,1.068,1022.7,11.2
2022-05-09 12:00:00,0.88,1023.2,11.2
2022-05-09 13:00:00,0.797,1023.6,11.2
2022-05-09 14:00:00,0.792,1023.7,11.2
2022-05-09 15:00:00,0.922,1023.8,11.3
2022-05-09 16:00:00,1.095,1023.5,11.5
2022-05-09 17:00:00,1.349,1023.4,11.6
2022-05-09 18:00:00,1.551,1023.0,11.3
2022-05-09 19:00:00,1.688,1022.8,11.5
2022-05-09 20:00:00,1.748,1022.7,11.6
2022-05-09 21:00:00,1.654,1023.0,11.4
2022-05-09 22:00:00,1.515,1023.4,11.5
2022-05-09 23:00:00,1.249,1024.1,11.5
2022-05-10 00:00:00,1.077,1025.0,11.7
2022-05-10 01:00:00,0.975,1025.6,11.6
2022-05-10 02:00:00,0.92,1026.1,11.6
2022-05-10 03:00:00,0.995,1026.3,11.6
2022-05-10 04:00:00,1.221,1026.5,11.6
2022-05-10 05:00:00,1.423,1026.0,11.6
2022-05-10 06:00:00,1.639,1025.8,11.5
2022-05-10 07:00:00,1.78,1025.7,11.4
2022-05-10 08:00:00,1.798,1025.8,11.4
2022-05-10 09:00:00,1.704,1026.0,11.4
2022-05-10 10:00:00,1.542,1026.5,11.4
2022-05-10 11:00:00,1.321,1027.5,11.4
2022-05-10 12:00:00,1.094,1027.9,11.4
2022-05-10 13:00:00,0.867,1028.2,11.4
2022-05-10 14:00:00,0.712,1028.3,11.4
2022-05-10 15:00:00,0.663,1028.1,11.5
2022-05-10 16:00:00,0.82,1027.7,11.5
2022-05-10 17:00:00,1.081,1026.9,11.8
2022-05-10 18:00:00,1.35,1026.4,11.9
2022-05-10 19:00:00,1.537,1026.1,11.7
2022-05-10 20:00:00,1.67,1025.9,11.6
2022-05-10 21:00:00,1.712,1026.0,11.8
2022-05-10 22:00:00,1.596,1026.1,12.0
2022-05-10 23:00:00,1.398,1026.3,11.9
2022-05-11 00:00:00,1.132,1026.6,11.8
2022-05-11 01:00:00,0.938,1027.3,11.9
2022-05-11 02:00:00,0.816,1027.6,11.7
2022-05-11 03:00:00,0.757,1027.5,11.7
2022-05-11 04:00:00,0.825,1027.0,11.8
2022-05-11 05:00:00,1.015,1026.7,11.8
2022-05-11 06:00:00,1.272,1026.0,11.7
2022-05-11 07:00:00,1.503,1025.7,11.6
2022-05-11 08:00:00,1.641,1025.3,11.6
2022-05-11 09:00:00,1.665,1024.9,11.6
2022-05-11 10:00:00,1.553,1024.9,11.7
2022-05-11 11:00:00,1.42,1025.3,11.7
2022-05-11 12:00:00,1.127,1025.3,11.7
2022-05-11 13:00:00,0.872,1025.5,11.7
2022-05-11 14:00:00,0.697,1025.9,11.7
2022-05-11 15:00:00,0.604,1025.7,11.8
2022-05-11 16:00:00,0.606,1025.7,11.8
2022-05-11 17:00:00,0.802,1025.3,11.8
2022-05-11 18:00:00,1.042,1024.7,11.9
2022-05-11 19:00:00,1.344,1024.2,11.8
2022-05-11 20:00:00,1.582,1023.8,11.8
2022-05-11 21:00:00,1.694,1023.9,11.7
2022-05-11 22:00:00,1.696,1023.9,11.9
2022-05-11 23:00:00,1.528,1023.7,12.0
2022-05-12 00:00:00,1.312,1023.9,12.1
2022-05-12 01:00:00,1.002,1024.4,12.0
2022-05-12 02:00:00,0.744,1025.3,12.1
2022-05-12 03:00:00,0.537,1025.1,12.0
2022-05-12 04:00:00,0.453,1024.9,12.0
2022-05-12 05:00:00,0.618,1024.5,12.1
2022-05-12 06:00:00,0.883,1024.4,12.1
2022-05-12 07:00:00,1.214,1024.2,12.1
2022-05-12 08:00:00,1.401,1024.0,11.8
2022-05-12 09:00:00,1.494,1023.8,11.9
2022-05-12 10:00:00,1.518,1024.3,11.9
2022-05-12 11:00:00,1.43,1025.5,11.9
2022-05-12 12:00:00,1.253,1025.8,12.1
2022-05-12 13:00:00,0.92,1026.4,12.2
2022-05-12 14:00:00,0.591,1026.7,12.4
2022-05-12 15:00:00,0.347,1027.1,12.2
2022-05-12 16:00:00,0.217,1026.8,12.5
2022-05-12 17:00:00,0.302,1026.4,12.7
2022-05-12 18:00:00,0.597,1026.9,12.5
2022-05-12 19:00:00,0.939,1026.8,12.6
2022-05-12 20:00:00,1.256,1026.3,12.1
2022-05-12 21:00:00,1.487,1026.4,12.1
2022-05-12 22:00:00,1.587,1026.2,12.4
2022-05-12 23:00:00,1.571,1026.4,12.7
2022-05-13 00:00:00,1.352,1026.2,12.5
2022-05-13 01:00:00,1.056,1026.2,12.5
2022-05-13 02:00:00,0.721,1026.1,12.8
2022-05-13 03:00:00,0.472,1025.5,12.6
2022-05-13 04:00:00,0.275,1026.0,12.6
2022-05-13 05:00:00,0.223,1025.8,12.6
2022-05-13 06:00:00,0.393,1025.5,12.6
2022-05-13 07:00:00,0.716,1025.3,12.6
2022-05-13 08:00:00,1.122,1025.1,12.8
2022-05-13 09:00:00,1.393,1024.7,12.1
2022-05-13 10:00:00,1.5,1025.2,12.1
2022-05-13 11:00:00,1.453,1025.8,12.2
2022-05-13 12:00:00,1.273,1026.1,12.3
2022-05-13 13:00:00,1.012,1026.6,12.2
2022-05-13 14:00:00,0.695,1026.7,12.7
2022-05-13 15:00:00,0.426,1026.6,12.9
2022-05-13 16:00:00,0.2,1026.0,12.6
2022-05-13 17:00:00,0.045,1025.4,12.8
2022-05-13 18:00:00,0.184,1024.5,13.0
2022-05-13 19:00:00,0.594,1024.2,13.2
2022-05-13 20:00:00,1.076,1023.6,13.1
2022-05-13 21:00:00,1.434,1023.3,12.4
2022-05-13 22:00:00,1.646,1022.7,12.5
2022-05-13 23:00:00,1.698,1022.5,12.6
2022-05-14 00:00:00,1.622,1022.3,12.7
2022-05-14 01:00:00,1.406,1022.9,12.8
2022-05-14 02:00:00,1.017,1023.4,12.5
2022-05-14 03:00:00,0.597,1023.1,13.0
2022-05-14 04:00:00,0.291,1022.8,12.9
2022-05-14 05:00:00,0.076,1021.9,12.9
2022-05-14 06:00:00,0.074,1021.6,12.8
2022-05-14 07:00:00,0.395,1021.4,12.8
2022-05-14 08:00:00,0.833,1021.1,12.9
2022-05-14 09:00:00,1.211,1020.8,12.5
2022-05-14 10:00:00,1.428,1020.5,12.3
2022-05-14 11:00:00,1.521,1021.0,12.5
2022-05-14 12:00:00,1.479,1020.8,12.6
2022-05-14 13:00:00,1.253,1020.8,12.7
2022-05-14 14:00:00,0.916,1020.4,12.6
2022-05-14 15:00:00,0.559,1019.8,12.6
2022-05-14 16:00:00,0.305,1019.4,13.1
2022-05-14 17:00:00,0.095,1018.7,13.0
2022-05-14 18:00:00,-0.031,1018.4,13.0
2022-05-14 19:00:00,0.191,1017.8,13.1
2022-05-14 20:00:00,0.665,1017.2,13.2
2022-05-14 21:00:00,1.19,1016.2,13.0
2022-05-14 22:00:00,1.555,1015.9,12.8
2022-05-14 23:00:00,1.788,1015.3,12.7
2022-05-15 00:00:00,1.857,1015.2,12.8
2022-05-15 01:00:00,1.69,1015.1,12.9
2022-05-15 02:00:00,1.329,1015.1,12.8
2022-05-15 03:00:00,0.872,1015.0,12.7
2022-05-15 04:00:00,0.512,1014.8,12.8
2022-05-15 05:00:00,0.222,1014.5,12.9
2022-05-15 06:00:00,0.007,1014.1,12.9
2022-05-15 07:00:00,0.03,1013.5,12.8
2022-05-15 08:00:00,0.401,1013.2,13.0
2022-05-15 09:00:00,0.866,1012.9,13.1
2022-05-15 10:00:00,1.269,1012.9,12.7
2022-05-15 11:00:00,1.467,1013.3,12.8
2022-05-15 12:00:00,1.59,1013.6,12.8
2022-05-15 13:00:00,1.558,1013.6,12.8
2022-05-15 14:00:00,1.297,1013.4,12.9
2022-05-15 15:00:00,0.921,1013.3,12.9
2022-05-15 16:00:00,0.548,1012.9,13.1
2022-05-15 17:00:00,0.246,1012.3,13.2
2022-05-15 18:00:00,0.05,1011.6,13.3
2022-05-15 19:00:00,0.042,1010.7,13.4
2022-05-15 20:00:00,0.423,1010.0,13.5
2022-05-15 21:00:00,1.01,1009.4,13.8
2022-05-15 22:00:00,1.514,1009.4,13.2
2022-05-15 23:00:00,1.806,1008.8,13.0
2022-05-16 00:00:00,1.998,1009.3,13.1
2022-05-16 01:00:00,2.047,1010.0,13.3
2022-05-16 02:00:00,1.86,1010.1,13.2
2022-05-16 03:00:00,1.408,1010.3,13.2
2022-05-16 04:00:00,0.926,1009.9,13.1
2022-05-16 05:00:00,0.538,1009.4,13.3
2022-05-16 06:00:00,0.236,1009.0,13.1
2022-05-16 07:00:00,0.002,1008.0,13.2
2022-05-16 08:00:00,0.113,1008.1,13.3
2022-05-16 09:00:00,0.538,1007.9,13.4
2022-05-16 10:00:00,1.017,1007.5,13.5
2022-05-16 11:00:00,1.414,1007.3,13.2
2022-05-16 12:00:00,1.643,1007.3,13.2
2022-05-16 13:00:00,1.714,1007.0,13.3
2022-05-16 14:00:00,1.627,1006.9,13.3
2022-05-16 15:00:00,1.331,1006.5,13.4
2022-05-16 16:00:00,0.934,1005.9,13.2
2022-05-16 17:00:00,0.57,1005.0,13.5
2022-05-16 18:00:00,0.281,1003.4,13.9
2022-05-16 19:00:00,0.116,1002.4,13.8
2022-05-16 20:00:00,0.204,1000.9,13.8
2022-05-16 21:00:00,0.665,1000.6,14.0
2022-05-16 22:00:00,1.243,1001.0,13.9
2022-05-16 23:00:00,1.694,1001.3,13.6
2022-05-17 00:00:00,1.939,1003.1,13.4
2022-05-17 01:00:00,2.044,1002.6,13.6
2022-05-17 02:00:00,2.079,1003.8,13.6
2022-05-17 03:00:00,1.773,1005.2,13.4
2022-05-17 04:00:00,1.368,1005.9,13.5
2022-05-17 05:00:00,0.831,1006.7,13.5
2022-05-17 06:00:00,0.455,1007.0,13.5
2022-05-17 07:00:00,0.122,1007.0,13.5
2022-05-17 08:00:00,-0.067,1007.3,13.5
2022-05-17 09:00:00,0.103,1007.8,13.6
2022-05-17 10:00:00,0.484,1008.3,13.7
2022-05-17 11:00:00,1.021,1008.9,13.6
2022-05-17 12:00:00,1.41,1009.1,13.6
2022-05-17 13:00:00,1.647,1009.2,13.6
2022-05-17 14:00:00,1.68,1008.7,13.6
2022-05-17 15:00:00,1.56,1008.5,13.9
2022-05-17 16:00:00,1.24,1007.5,14.2
2022-05-17 17:00:00,0.808,1006.9,14.3
2022-05-17 18:00:00,0.449,1006.7,14.2
2022-05-17 19:00:00,0.154,1006.4,14.4
2022-05-17 20:00:00,-0.006,1006.4,14.2
2022-05-17 21:00:00,0.091,1006.7,14.2
2022-05-17 22:00:00,0.549,1007.1,14.4
2022-05-17 23:00:00,1.128,1007.6,14.1
2022-05-18 00:00:00,1.556,1009.0,14.0
2022-05-18 01:00:00,1.813,1010.6,13.8
2022-05-18 02:00:00,1.939,1011.8,14.0
2022-05-18 03:00:00,1.94,1012.3,14.0
2022-05-18 04:00:00,1.597,1013.1,13.9
2022-05-18 05:00:00,1.154,1013.3,13.9
2022-05-18 06:00:00,0.671,1013.2,13.9
2022-05-18 07:00:00,0.319,1013.5,13.8
2022-05-18 08:00:00,0.04,1014.2,13.8
2022-05-18 09:00:00,-0.113,1014.5,13.8
2022-05-18 10:00:00,0.1,1014.9,13.9
2022-05-18 11:00:00,0.525,1015.3,13.9
2022-05-18 12:00:00,0.965,1015.6,13.9
2022-05-18 13:00:00,1.305,1016.3,14.0
2022-05-18 14:00:00,1.522,1016.4,13.9
2022-05-18 15:00:00,1.601,1016.1,13.9
2022-05-18 16:00:00,1.392,1015.7,14.0
2022-05-18 17:00:00,1.061,1014.7,14.2
2022-05-18 18:00:00,0.651,1014.4,14.4
2022-05-18 19:00:00,0.358,1014.0,14.8
2022-05-18 20:00:00,0.153,1013.3,14.6
2022-05-18 21:00:00,0.043,1013.1,14.7
2022-05-18 22:00:00,0.197,1012.7,14.9
2022-05-18 23:00:00,0.641,1012.5,14.9
2022-05-19 00:00:00,1.147,1011.8,14.6
2022-05-19 01:00:00,1.54,1011.5,14.2
2022-05-19 02:00:00,1.802,1011.8,14.3
2022-05-19 03:00:00,1.972,1012.0,14.3
2022-05-19 04:00:00,1.925,1012.7,14.3
2022-05-19 05:00:00,1.589,1012.2,14.0
2022-05-19 06:00:00,1.127,1012.1,14.0
2022-05-19 07:00:00,0.65,1011.5,14.2
2022-05-19 08:00:00,0.323,1010.8,14.2
2022-05-19 09:00:00,0.087,1010.5,14.2
2022-05-19 10:00:00,-0.01,1009.4,14.2
2022-05-19 11:00:00,0.296,1009.7,14.2
2022-05-19 12:00:00,0.682,1008.8,14.3
2022-05-19 13:00:00,1.106,1008.8,14.2
2022-05-19 14:00:00,1.435,1008.6,14.2
2022-05-19 15:00:00,1.65,1007.9,14.2
2022-05-19 16:00:00,1.691,1007.8,14.1
2022-05-19 17:00:00,1.483,1007.5,14.1
2022-05-19 18:00:00,1.14,1006.8,14.2
2022-05-19 19:00:00,0.784,1007.3,14.4
2022-05-19 20:00:00,0.542,1007.1,14.8
2022-05-19 21:00:00,0.331,1006.2,14.5
2022-05-19 22:00:00,0.261,1006.2,14.6
2022-05-19 23:00:00,0.428,1006.4,14.6
2022-05-20 00:00:00,0.883,1007.0,14.6
2022-05-20 01:00:00,1.318,1008.0,14.5
2022-05-20 02:00:00,1.666,1009.7,14.3
2022-05-20 03:00:00,1.867,1010.6,14.2
2022-05-20 04:00:00,1.965,1011.2,14.2
2022-05-20 05:00:00,1.86,1010.9,14.2
2022-05-20 06:00:00,1.572,1011.4,14.0
2022-05-20 07:00:00,1.131,1011.4,14.0
2022-05-20 08:00:00,0.736,1011.3,14.0
2022-05-20 09:00:00,0.449,1012.0,14.1
2022-05-20 10:00:00,0.205,1013.0,14.1
2022-05-20 11:00:00,0.089,1014.2,14.2
2022-05-20 12:00:00,0.278,1014.6,14.3
2022-05-20 13:00:00,0.616,1015.4,14.5
2022-05-20 14:00:00,0.999,1015.3,14.3
2022-05-20 15:00:00,1.368,1014.7,14.3
2022-05-20 16:00:00,1.615,1015.0,14.2
2022-05-20 17:00:00,1.649,1015.4,14.3
2022-05-20 18:00:00,1.414,1014.8,14.3
2022-05-20 19:00:00,1.119,1014.1,14.3
2022-05-20 20:00:00,0.811,1014.7,14.6
2022-05-20 21:00:00,0.598,1013.9,14.7
2022-05-20 22:00:00,0.42,1013.8,14.7
2022-05-20 23:00:00,0.343,1013.5,14.6
2022-05-21 00:00:00,0.53,1013.3,14.7
2022-05-21 01:00:00,0.889,1014.1,14.8
2022-05-21 02:00:00,1.268,1014.3,14.7
2022-05-21 03:00:00,1.526,1014.1,14.4
2022-05-21 04:00:00,1.745,1014.1,14.3
2022-05-21 05:00:00,1.889,1013.8,14.3
2022-05-21 06:00:00,1.863,1013.9,14.4
2022-05-21 07:00:00,1.575,1014.1,14.4
2022-05-21 08:00:00,1.171,1014.2,14.3
2022-05-21 09:00:00,0.766,1014.3,14.3
2022-05-21 10:00:00,0.493,1014.8,14.5
2022-05-21 11:00:00,0.26,1015.6,14.5
2022-05-21 12:00:00,0.191,1016.6,14.6
2022-05-21 13:00:00,0.428,1017.5,14.6
2022-05-21 14:00:00,0.725,1017.2,14.8
2022-05-21 15:00:00,1.057,1017.3,14.6
2022-05-21 16:00:00,1.317,1016.7,14.4
2022-05-21 17:00:00,1.477,1016.1,14.5
2022-05-21 18:00:00,1.563,1016.1,14.6
2022-05-21 19:00:00,1.439,1016.0,14.7
2022-05-21 20:00:00,1.227,1015.9,14.8
2022-05-21 21:00:00,0.917,1015.7,16.2
2022-05-21 22:00:00,0.628,1015.9,15.6
2022-05-21 23:00:00,0.381,1015.5,15.6
2022-05-22 00:00:00,0.278,1015.3,15.5
2022-05-22 01:00:00,0.421,1015.4,15.4
2022-05-22 02:00:00,0.787,1016.6,15.4
2022-05-22 03:00:00,1.155,1017.3,15.6
2022-05-22 04:00:00,1.42,1017.8,14.7
2022-05-22 05:00:00,1.617,1017.2,14.7
2022-05-22 06:00:00,1.684,1017.0,14.9
2022-05-22 07:00:00,1.616,1016.6,14.8
2022-05-22 08:00:00,1.38,1015.7,14.9
2022-05-22 09:00:00,1.05,1015.9,14.9
2022-05-22 10:00:00,0.734,1016.2,14.9
2022-05-22 11:00:00,0.474,1016.8,15.1
2022-05-22 12:00:00,0.231,1017.0,15.1
2022-05-22 13:00:00,0.115,1017.1,15.3
2022-05-22 14:00:00,0.289,1017.2,15.5
2022-05-22 15:00:00,0.616,1016.5,15.8
2022-05-22 16:00:00,0.995,1016.6,15.4
2022-05-22 17:00:00,1.324,1016.2,15.0
2022-05-22 18:00:00,1.501,1015.1,14.9
2022-05-22 19:00:00,1.586,1014.4,15.0
2022-05-22 20:00:00,1.468,1013.9,15.2
2022-05-22 21:00:00,1.216,1013.5,15.2
2022-05-22 22:00:00,0.89,1013.4,15.9
2022-05-22 23:00:00,0.688,1013.8,16.3
2022-05-23 00:00:00,0.495,1014.0,16.0
2022-05-23 01:00:00,0.372,1014.9,15.9
2022-05-23 02:00:00,0.441,1016.4,15.7
2022-05-23 03:00:00,0.659,1017.0,16.0
2022-05-23 04:00:00,0.984,1017.5,15.7
2022-05-23 05:00:00,1.311,1018.0,15.4
2022-05-23 06:00:00,1.493,1018.3,15.3
2022-05-23 07:00:00,1.547,1018.4,15.4
2022-05-23 08:00:00,1.413,1018.6,15.0
2022-05-23 09:00:00,1.252,1019.8,15.2
2022-05-23 10:00:00,0.975,1020.9,15.3
2022-05-23 11:00:00,0.635,1021.7,15.3
2022-05-23 12:00:00,0.336,1022.3,15.5
2022-05-23 13:00:00,0.116,1022.7,15.6
2022-05-23 14:00:00,0.033,1023.1,15.8
2022-05-23 15:00:00,0.265,1023.2,16.1
2022-05-23 16:00:00,0.654,1023.1,16.3
2022-05-23 17:00:00,1.015,1022.7,15.7
2022-05-23 18:00:00,1.273,1022.2,15.5
2022-05-23 19:00:00,1.432,1021.8,15.7
2022-05-23 20:00:00,1.506,1021.6,15.5
2022-05-23 21:00:00,1.394,1021.5,15.6
2022-05-23 22:00:00,1.19,1021.7,15.7
2022-05-23 23:00:00,0.877,1021.9,15.8
2022-05-24 00:00:00,0.658,1022.2,16.1
2022-05-24 01:00:00,0.46,1022.3,16.2
2022-05-24 02:00:00,0.356,1023.0,16.1
2022-05-24 03:00:00,0.41,1023.7,15.9
2022-05-24 04:00:00,0.677,1024.0,15.9
2022-05-24 05:00:00,0.984,1023.8,15.8
2022-05-24 06:00:00,1.306,1023.8,15.7
2022-05-24 07:00:00,1.465,1024.0,15.7
2022-05-24 08:00:00,1.543,1023.8,15.5
2022-05-24 09:00:00,1.526,1024.1,15.6
2022-05-24 10:00:00,1.329,1024.7,15.5
2022-05-24 11:00:00,1.036,1025.4,15.4
2022-05-24 12:00:00,0.644,1025.9,15.6
2022-05-24 13:00:00,0.385,1026.2,15.6
2022-05-24 14:00:00,0.213,1026.2,15.7
2022-05-24 15:00:00,0.194,1026.7,15.8
2022-05-24 16:00:00,0.421,1026.8,15.9
2022-05-24 17:00:00,0.82,1026.5,16.0
2022-05-24 18:00:00,1.129,1026.3,16.0
2022-05-24 19:00:00,1.358,1026.4,15.9
2022-05-24 20:00:00,1.557,1026.0,15.7
2022-05-24 21:00:00,1.611,1026.0,15.9
2022-05-24 22:00:00,1.529,1025.8,16.3
2022-05-24 23:00:00,1.346,1026.4,15.7
2022-05-25 00:00:00,1.059,1026.7,15.8
2022-05-25 01:00:00,0.754,1027.2,16.0
2022-05-25 02:00:00,0.542,1027.5,15.9
2022-05-25 03:00:00,0.395,1027.4,15.7
2022-05-25 04:00:00,0.413,1027.6,15.8
2022-05-25 05:00:00,0.685,1027.4,15.7
2022-05-25 06:00:00,1.009,1027.2,15.7
2022-05-25 07:00:00,1.301,1027.5,15.2
2022-05-25 08:00:00,1.469,1027.5,15.2
2022-05-25 09:00:00,1.568,1027.8,15.5
2022-05-25 10:00:00,1.493,1028.0,15.3
2022-05-25 11:00:00,1.261,1028.9,15.3
2022-05-25 12:00:00,0.978,1029.7,15.5
2022-05-25 13:00:00,0.64,1029.6,15.4
2022-05-25 14:00:00,0.395,1029.8,15.7
2022-05-25 15:00:00,0.224,1029.8,15.7
2022-05-25 16:00:00,0.188,1029.9,16.3
2022-05-25 17:00:00,0.391,1029.0,16.3
2022-05-25 18:00:00,0.756,1029.1,16.6
2022-05-25 19:00:00,1.149,1028.8,16.7
2022-05-25 20:00:00,1.434,1028.6,15.7
2022-05-25 21:00:00,1.641,1028.3,16.0
2022-05-25 22:00:00,1.688,1028.2,16.0
2022-05-25 23:00:00,1.53,1028.5,16.0
2022-05-26 00:00:00,1.254,1028.8,15.8
2022-05-26 01:00:00,0.951,1029.0,15.8
2022-05-26 02:00:00,0.691,1029.1,15.9
2022-05-26 03:00:00,0.443,1028.8,16.0
2022-05-26 04:00:00,0.288,1028.6,15.9
2022-05-26 05:00:00,0.335,1028.4,15.9
2022-05-26 06:00:00,0.592,1027.6,16.0
2022-05-26 07:00:00,0.903,1027.2,15.9
2022-05-26 08:00:00,1.225,1026.7,15.5
2022-05-26 09:00:00,1.429,1027.1,15.6
2022-05-26 10:00:00,1.498,1027.1,15.7
2022-05-26 11:00:00,1.429,1027.3,15.7
2022-05-26 12:00:00,1.197,1027.5,15.7
2022-05-26 13:00:00,0.857,1027.6,15.8
2022-05-26 14:00:00,0.512,1027.0,16.1
2022-05-26 15:00:00,0.289,1026.6,16.1
2022-05-26 16:00:00,0.189,1026.0,16.3
2022-05-26 17:00:00,0.227,1025.4,16.5
2022-05-26 18:00:00,0.487,1024.5,16.5
2022-05-26 19:00:00,0.869,1023.8,16.1
2022-05-26 20:00:00,1.239,1023.0,16.1
2022-05-26 21:00:00,1.499,1022.4,16.1
2022-05-26 22:00:00,1.625,1021.7,16.4
2022-05-26 23:00:00,1.682,1021.3,16.3
2022-05-27 00:00:00,1.518,1021.1,16.3
2022-05-27 01:00:00,1.267,1020.9,16.0
2022-05-27 02:00:00,0.891,1020.6,16.1
2022-05-27 03:00:00,0.603,1020.2,16.2
2022-05-27 04:00:00,0.344,1019.3,16.3
2022-05-27 05:00:00,0.227,1018.6,16.3
2022-05-27 06:00:00,0.319,1017.8,16.3
2022-05-27 07:00:00,0.664,1017.2,16.3
2022-05-27 08:00:00,1.012,1016.4,16.2
2022-05-27 09:00:00,1.287,1015.9,16.0
2022-05-27 10:00:00,1.416,1015.8,16.0
2022-05-27 11:00:00,1.476,1015.6,16.1
2022-05-27 12:00:00,1.425,1015.6,16.2
2022-05-27 13:00:00,1.179,1015.2,16.2
2022-05-27 14:00:00,0.825,1014.6,16.5
2022-05-27 15:00:00,0.523,1014.2,16.2
2022-05-27 16:00:00,0.307,1013.7,16.6
2022-05-27 17:00:00,0.23,1012.7,16.7
2022-05-27 18:00:00,0.321,1012.1,17.1
2022-05-27 19:00:00,0.673,1011.7,17.4
2022-05-27 20:00:00,1.081,1011.0,16.8
2022-05-27 21:00:00,1.461,1010.5,16.2
2022-05-27 22:00:00,1.687,1010.0,16.3
2022-05-27 23:00:00,1.744,1009.6,16.6
2022-05-28 00:00:00,1.721,1010.3,16.6
2022-05-28 01:00:00,1.454,1010.4,16.6
2022-05-28 02:00:00,1.17,1010.2,16.6
2022-05-28 03:00:00,0.825,1009.5,16.6
2022-05-28 04:00:00,0.576,1008.6,16.8
2022-05-28 05:00:00,0.362,1007.7,16.7
2022-05-28 06:00:00,0.301,1007.0,16.7
2022-05-28 07:00:00,0.464,1006.4,16.7
2022-05-28 08:00:00,0.75,1006.0,16.7
2022-05-28 09:00:00,1.047,1005.8,16.4
2022-05-28 10:00:00,1.279,1006.4,16.4
2022-05-28 11:00:00,1.438,1006.6,16.4
2022-05-28 12:00:00,1.572,1006.6,16.5
2022-05-28 13:00:00,1.415,1006.8,16.5
2022-05-28 14:00:00,1.119,1006.7,16.6
2022-05-28 15:00:00,0.736,1006.6,16.7
2022-05-28 16:00:00,0.477,1006.1,16.7
2022-05-28 17:00:00,0.31,1007.2,17.2
2022-05-28 18:00:00,0.222,1007.0,17.1
2022-05-28 19:00:00,0.327,1007.4,17.3
2022-05-28 20:00:00,0.789,1008.1,17.4
2022-05-28 21:00:00,1.202,1008.2,17.1
2022-05-28 22:00:00,1.478,1008.2,16.7
2022-05-28 23:00:00,1.602,1009.0,16.7
2022-05-29 00:00:00,1.682,1009.9,16.8
2022-05-29 01:00:00,1.636,1010.5,16.9
2022-05-29 02:00:00,1.392,1011.7,17.0
2022-05-29 03:00:00,1.051,1012.5,17.0
2022-05-29 04:00:00,0.677,1013.6,17.2
2022-05-29 05:00:00,0.371,1013.8,17.1
2022-05-29 06:00:00,0.152,1014.1,17.0
2022-05-29 07:00:00,0.1,1014.6,17.0
2022-05-29 08:00:00,0.381,1014.9,17.0
2022-05-29 09:00:00,0.762,1015.2,17.0
2022-05-29 10:00:00,1.122,1015.8,16.7
2022-05-29 11:00:00,1.322,1016.7,16.8
2022-05-29 12:00:00,1.424,1017.6,16.8
2022-05-29 13:00:00,1.392,1018.5,16.8
2022-05-29 14:00:00,1.174,1018.7,16.9
2022-05-29 15:00:00,0.907,1018.9,16.9
2022-05-29 16:00:00,0.595,1018.8,17.2
2022-05-29 17:00:00,0.393,1018.5,17.6
2022-05-29 18:00:00,0.246,1018.7,17.8
2022-05-29 19:00:00,0.282,1018.5,18.1
2022-05-29 20:00:00,0.521,1017.9,18.1
2022-05-29 21:00:00,0.93,1017.7,17.7
2022-05-29 22:00:00,1.358,1017.6,17.1
2022-05-29 23:00:00,1.579,1018.1,17.2
2022-05-30 00:00:00,1.716,1018.3,17.5
2022-05-30 01:00:00,1.729,1018.5,17.2
2022-05-30 02:00:00,1.578,1019.3,17.4
2022-05-30 03:00:00,1.274,1019.6,17.5
2022-05-30 04:00:00,0.879,1019.9,17.4
2022-05-30 05:00:00,0.539,1019.7,17.3
2022-05-30 06:00:00,0.297,1019.8,17.3
2022-05-30 07:00:00,0.134,1019.6,17.4
2022-05-30 08:00:00,0.195,1019.8,17.4
2022-05-30 09:00:00,0.519,1019.9,17.3
2022-05-30 10:00:00,0.855,1020.2,17.2
2022-05-30 11:00:00,1.144,1020.8,17.1
2022-05-30 12:00:00,1.278,1020.9,17.1
2022-05-30 13:00:00,1.361,1021.1,17.2
2022-05-30 14:00:00,1.329,1020.6,17.1
2022-05-30 15:00:00,1.1,1020.1,17.4
2022-05-30 16:00:00,0.8,1019.4,17.7
2022-05-30 17:00:00,0.499,1018.7,17.6
2022-05-30 18:00:00,0.298,1018.6,18.1
2022-05-30 19:00:00,0.208,1018.1,18.6
2022-05-30 20:00:00,0.312,1017.5,18.4
2022-05-30 21:00:00,0.665,1017.3,18.5
2022-05-30 22:00:00,1.111,1017.0,18.3
2022-05-30 23:00:00,1.422,1016.9,17.5
2022-05-31 00:00:00,1.583,1016.8,17.6
2022-05-31 01:00:00,1.654,1016.8,17.5
2022-05-31 02:00:00,1.619,1017.0,17.6
2022-05-31 03:00:00,1.38,1017.2,17.9
2022-05-31 04:00:00,1.059,1017.1,18.0
2022-05-31 05:00:00,0.667,1016.7,17.9
2022-05-31 06:00:00,0.385,1016.5,18.0
2022-05-31 07:00:00,0.152,1016.1,18.0
2022-05-31 08:00:00,0.058,1015.8,17.9
2022-05-31 09:00:00,0.21,1016.1,18.0
2022-05-31 10:00:00,0.539,1016.2,17.9
2022-05-31 11:00:00,0.87,1016.4,17.7
2022-05-31 12:00:00,1.155,1016.1,17.5
2022-05-31 13:00:00,1.274,1015.9,17.5
2022-05-31 14:00:00,1.314,1015.3,17.7
2022-05-31 15:00:00,1.183,1014.6,17.4
2022-05-31 16:00:00,0.975,1014.3,17.9
2022-05-31 17:00:00,0.652,1014.2,18.2
2022-05-31 18:00:00,0.412,1013.5,18.3
2022-05-31 19:00:00,0.276,1013.1,18.5
2022-05-31 20:00:00,0.261,1012.7,18.7
2022-05-31 21:00:00,0.481,1012.3,19.1
2022-05-31 22:00:00,0.869,1012.0,18.7
2022-05-31 23:00:00,1.241,1012.0,18.9
2022-06-01 00:00:00,1.534,1012.1,18.3
2022-06-01 01:00:00,1.698,1012.5,17.8
2022-06-01 02:00:00,1.756,1013.3,17.8
2022-06-01 03:00:00,1.698,1013.6,18.2
2022-06-01 04:00:00,1.465,1014.2,18.0
2022-06-01 05:00:00,1.075,1014.2,17.8
2022-06-01 06:00:00,0.763,1014.8,18.1
2022-06-01 07:00:00,0.544,1015.2,18.0
2022-06-01 08:00:00,0.372,1015.0,18.0
2022-06-01 09:00:00,0.399,1015.2,18.0
2022-06-01 10:00:00,0.652,1015.3,18.1
2022-06-01 11:00:00,0.97,1015.7,17.9
2022-06-01 12:00:00,1.251,1016.2,17.8
2022-06-01 13:00:00,1.431,1016.3,17.5
2022-06-01 14:00:00,1.545,1016.2,17.8
2022-06-01 15:00:00,1.578,1016.0,17.6
2022-06-01 16:00:00,1.397,1015.4,17.8
2022-06-01 17:00:00,1.136,1014.4,17.9
2022-06-01 18:00:00,0.807,1014.4,17.8
2022-06-01 19:00:00,0.609,1013.9,18.7
2022-06-01 20:00:00,0.493,1013.5,18.2
2022-06-01 21:00:00,0.559,1013.4,18.1
2022-06-01 22:00:00,0.788,1012.8,18.2
2022-06-01 23:00:00,1.136,1012.7,18.1
2022-06-02 00:00:00,1.48,1013.2,18.0
2022-06-02 01:00:00,1.674,1011.4,17.9
2022-06-02 02:00:00,1.753,1013.5,17.7
2022-06-02 03:00:00,1.785,1012.3,17.7
2022-06-02 04:00:00,1.608,1010.7,17.7
2022-06-02 05:00:00,1.346,1010.2,17.8
2022-06-02 06:00:00,0.967,1009.5,17.9
2022-06-02 07:00:00,0.631,1010.4,17.8
2022-06-02 08:00:00,0.392,1007.9,17.8
2022-06-02 09:00:00,0.348,1008.4,17.8
2022-06-02 10:00:00,0.499,1008.7,17.9
2022-06-02 11:00:00,0.758,1009.1,17.9
2022-06-02 12:00:00,0.935,1009.3,17.6
2022-06-02 13:00:00,1.158,1008.6,17.5
2022-06-02 14:00:00,1.3,1008.2,17.6
2022-06-02 15:00:00,1.461,1007.7,17.7
2022-06-02 16:00:00,1.456,1007.4,17.8
2022-06-02 17:00:00,1.281,1007.2,18.3
2022-06-02 18:00:00,0.99,1006.4,18.3
2022-06-02 19:00:00,0.705,1005.8,18.4
2022-06-02 20:00:00,0.543,1005.1,18.2
2022-06-02 21:00:00,0.502,1006.3,18.4
2022-06-02 22:00:00,0.607,1006.0,18.6
2022-06-02 23:00:00,0.916,1006.3,18.7
2022-06-03 00:00:00,1.333,1006.5,18.6
2022-06-03 01:00:00,1.579,1007.2,17.8
2022-06-03 02:00:00,1.698,1007.3,18.0
2022-06-03 03:00:00,1.681,1007.1,17.9
2022-06-03 04:00:00,1.648,1007.1,18.0
2022-06-03 05:00:00,1.482,1006.7,18.2
2022-06-03 06:00:00,1.169,1006.9,18.2
2022-06-03 07:00:00,0.902,1006.5,18.1
2022-06-03 08:00:00,0.704,1006.3,18.4
2022-06-03 09:00:00,0.509,1006.6,18.2
2022-06-03 10:00:00,0.326,1007.3,18.3
2022-06-03 11:00:00,0.524,1007.5,18.4
2022-06-03 12:00:00,0.805,1008.0,18.3
2022-06-03 13:00:00,1.144,1008.2,18.4
2022-06-03 14:00:00,1.353,1008.6,17.7
2022-06-03 15:00:00,1.462,1008.7,18.0
2022-06-03 16:00:00,1.48,1008.9,17.9
2022-06-03 17:00:00,1.412,1008.7,18.5
2022-06-03 18:00:00,1.194,1008.5,18.8
2022-06-03 19:00:00,0.897,1008.3,18.5
2022-06-03 20:00:00,0.717,1008.1,18.6
2022-06-03 21:00:00,0.648,1008.3,18.8
2022-06-03 22:00:00,0.635,1008.3,18.8
2022-06-03 23:00:00,0.786,1008.7,18.9
2022-06-04 00:00:00,1.061,1009.0,18.6
2022-06-04 01:00:00,1.38,1009.3,18.3
2022-06-04 02:00:00,1.568,1010.1,18.3
2022-06-04 03:00:00,1.661,1010.1,18.5
2022-06-04 04:00:00,1.681,1010.6,18.1
2022-06-04 05:00:00,1.593,1011.0,18.2
2022-06-04 06:00:00,1.399,1011.2,18.4
2022-06-04 07:00:00,1.089,1011.1,18.6
2022-06-04 08:00:00,0.769,1011.3,18.4
2022-06-04 09:00:00,0.543,1011.5,18.6
2022-06-04 10:00:00,0.4,1011.8,18.5
2022-06-04 11:00:00,0.433,1012.2,18.5
2022-06-04 12:00:00,0.666,1012.3,18.6
2022-06-04 13:00:00,0.939,1012.6,18.5
2022-06-04 14:00:00,1.154,1012.6,18.4
2022-06-04 15:00:00,1.307,1012.5,18.2
2022-06-04 16:00:00,1.415,1012.5,18.4
2022-06-04 17:00:00,1.445,1012.0,18.5
2022-06-04 18:00:00,1.328,1011.5,19.0
2022-06-04 19:00:00,1.165,1011.2,19.0
2022-06-04 20:00:00,0.898,1011.0,18.8
2022-06-04 21:00:00,0.735,1010.6,19.1
2022-06-04 22:00:00,0.639,1010.6,18.9
2022-06-04 23:00:00,0.679,1010.5,18.9
2022-06-05 00:00:00,0.857,1010.9,19.2
2022-06-05 01:00:00,1.086,1011.0,19.1
2022-06-05 02:00:00,1.358,1011.8,18.7
2022-06-05 03:00:00,1.518,1012.2,18.6
2022-06-05 04:00:00,1.575,1012.8,18.8
2022-06-05 05:00:00,1.555,1013.0,18.5
2022-06-05 06:00:00,1.447,1013.3,18.5
2022-06-05 07:00:00,1.224,1014.0,18.8
2022-06-05 08:00:00,0.913,1014.4,18.7
2022-06-05 09:00:00,0.629,1014.8,18.7
2022-06-05 10:00:00,0.459,1015.6,18.7
2022-06-05 11:00:00,0.35,1016.0,18.7
2022-06-05 12:00:00,0.43,1016.3,18.8
2022-06-05 13:00:00,0.671,1017.1,18.9
2022-06-05 14:00:00,0.965,1017.3,18.9
2022-06-05 15:00:00,1.193,1017.1,18.5
2022-06-05 16:00:00,1.331,1016.9,18.7
2022-06-05 17:00:00,1.414,1016.6,18.6
2022-06-05 18:00:00,1.357,1016.1,19.0
2022-06-05 19:00:00,1.195,1015.7,19.7
2022-06-05 20:00:00,1.012,1015.5,19.6
2022-06-05 21:00:00,0.822,1015.3,19.6
2022-06-05 22:00:00,0.702,1015.1,19.4
2022-06-05 23:00:00,0.607,1015.4,19.3
2022-06-06 00:00:00,0.605,1015.7,19.4
2022-06-06 01:00:00,0.782,1015.9,19.4
2022-06-06 02:00:00,1.061,1016.2,19.0
2022-06-06 03:00:00,1.34,1016.4,19.0
2022-06-06 04:00:00,1.524,1016.5,19.3
2022-06-06 05:00:00,1.567,1016.6,19.0
2022-06-06 06:00:00,1.516,1016.7,19.1
2022-06-06 07:00:00,1.322,1016.7,18.9
2022-06-06 08:00:00,1.096,1016.6,19.1
2022-06-06 09:00:00,0.788,1016.5,19.1
2022-06-06 10:00:00,0.565,1017.3,19.1
2022-06-06 11:00:00,0.456,1017.6,19.1
2022-06-06 12:00:00,0.413,1018.0,19.1
2022-06-06 13:00:00,0.505,1018.1,19.1
2022-06-06 14:00:00,0.684,1018.0,19.3
2022-06-06 15:00:00,0.913,1017.8,19.4
2022-06-06 16:00:00,1.116,1018.3,18.6
2022-06-06 17:00:00,1.304,1018.1,19.2
2022-06-06 18:00:00,1.416,1017.7,19.0
2022-06-06 19:00:00,1.374,1017.5,19.7
2022-06-06 20:00:00,1.234,1017.3,20.0
2022-06-06 21:00:00,0.988,1017.3,20.3
2022-06-06 22:00:00,0.761,1016.9,19.9
2022-06-06 23:00:00,0.632,1017.1,20.4
2022-06-07 00:00:00,0.57,1016.8,19.9
2022-06-07 01:00:00,0.652,1017.2,19.8
2022-06-07 02:00:00,0.832,1018.0,19.6
2022-06-07 03:00:00,1.089,1018.6,19.2
2022-06-07 04:00:00,1.32,1019.0,19.4
2022-06-07 05:00:00,1.428,1018.6,19.6
2022-06-07 06:00:00,1.455,1018.5,19.4
2022-06-07 07:00:00,1.391,1018.3,19.4
2022-06-07 08:00:00,1.264,1018.1,19.4
2022-06-07 09:00:00,1.026,1018.1,19.3
2022-06-07 10:00:00,0.782,1018.6,19.3
2022-06-07 11:00:00,0.555,1018.8,19.2
2022-06-07 12:00:00,0.409,1019.2,19.3
2022-06-07 13:00:00,0.329,1018.7,19.4
2022-06-07 14:00:00,0.447,1018.3,19.5
2022-06-07 15:00:00,0.691,1018.0,19.7
2022-06-07 16:00:00,0.992,1017.7,19.4
2022-06-07 17:00:00,1.276,1017.3,18.8
2022-06-07 18:00:00,1.463,1016.9,19.4
2022-06-07 19:00:00,1.533,1016.4,19.6
2022-06-07 20:00:00,1.428,1016.3,19.7
2022-06-07 21:00:00,1.235,1015.6,19.7
2022-06-07 22:00:00,1.044,1015.2,19.5
2022-06-07 23:00:00,0.844,1014.9,19.6
2022-06-08 00:00:00,0.721,1014.7,19.5
2022-06-08 01:00:00,0.63,1014.7,19.5
2022-06-08 02:00:00,0.674,1015.1,19.6
2022-06-08 03:00:00,0.839,1014.4,19.6
2022-06-08 04:00:00,1.107,1014.1,19.6
2022-06-08 05:00:00,1.368,1013.0,19.8
2022-06-08 06:00:00,1.504,1012.5,19.3
2022-06-08 07:00:00,1.518,1011.8,19.3
2022-06-08 08:00:00,1.474,1011.5,19.3
2022-06-08 09:00:00,1.306,1011.5,19.3
2022-06-08 10:00:00,1.053,1011.4,19.4
2022-06-08 11:00:00,0.752,1011.9,19.3
2022-06-08 12:00:00,0.517,1012.3,19.5
2022-06-08 13:00:00,0.344,1012.4,19.4
2022-06-08 14:00:00,0.299,1012.0,19.6
2022-06-08 15:00:00,0.484,1012.5,19.8
2022-06-08 16:00:00,0.758,1012.1,19.8
2022-06-08 17:00:00,1.063,1012.3,19.6
2022-06-08 18:00:00,1.305,1011.8,19.3
2022-06-08 19:00:00,1.44,1011.7,19.3
2022-06-08 20:00:00,1.537,1011.4,19.4
2022-06-08 21:00:00,1.454,1010.8,19.5
2022-06-08 22:00:00,1.297,1010.7,19.8
2022-06-08 23:00:00,1.035,1010.6,19.9
2022-06-09 00:00:00,0.794,1010.8,19.8
2022-06-09 01:00:00,0.593,1010.4,20.0
2022-06-09 02:00:00,0.485,1010.4,20.0
2022-06-09 03:00:00,0.539,1010.2,19.9
2022-06-09 04:00:00,0.828,1009.4,19.9
2022-06-09 05:00:00,1.133,1008.5,19.7
2022-06-09 06:00:00,1.4,1007.3,19.5
2022-06-09 07:00:00,1.5,1006.2,19.7
2022-06-09 08:00:00,1.555,1004.3,19.4
2022-06-09 09:00:00,1.529,1003.2,19.6
2022-06-09 10:00:00,1.378,1003.4,19.6
2022-06-09 11:00:00,1.121,1002.7,19.5
2022-06-09 12:00:00,0.838,1002.9,19.8
2022-06-09 13:00:00,0.566,1002.9,20.2
2022-06-09 14:00:00,0.427,1002.5,20.1
2022-06-09 15:00:00,0.344,1002.6,20.0
2022-06-09 16:00:00,0.482,1002.7,20.2
2022-06-09 17:00:00,0.822,1002.8,20.4
2022-06-09 18:00:00,1.225,1003.0,20.4
2022-06-09 19:00:00,1.443,1003.3,19.5
2022-06-09 20:00:00,1.582,1003.6,19.8
2022-06-09 21:00:00,1.621,1003.6,20.0
2022-06-09 22:00:00,1.457,1004.3,19.5
2022-06-09 23:00:00,1.283,1005.5,20.2
2022-06-10 00:00:00,1.022,1006.7,20.0
2022-06-10 01:00:00,0.768,1007.4,20.0
2022-06-10 02:00:00,0.519,1008.2,20.0
2022-06-10 03:00:00,0.352,1008.6,20.0
2022-06-10 04:00:00,0.376,1009.5,19.9
2022-06-10 05:00:00,0.615,1009.3,19.9
2022-06-10 06:00:00,0.958,1009.5,19.8
2022-06-10 07:00:00,1.258,1009.4,19.4
2022-06-10 08:00:00,1.404,1009.3,19.6
2022-06-10 09:00:00,1.433,1009.5,19.5
2022-06-10 10:00:00,1.351,1009.9,19.4
2022-06-10 11:00:00,1.148,1010.3,19.5
2022-06-10 12:00:00,0.876,1010.8,19.6
2022-06-10 13:00:00,0.597,1011.1,19.7
2022-06-10 14:00:00,0.405,1011.2,19.8
2022-06-10 15:00:00,0.235,1011.6,20.1
2022-06-10 16:00:00,0.212,1011.6,20.2
2022-06-10 17:00:00,0.436,1011.0,20.3
2022-06-10 18:00:00,0.813,1010.5,20.2
2022-06-10 19:00:00,1.24,1010.5,19.8
2022-06-10 20:00:00,1.561,1010.3,19.7
2022-06-10 21:00:00,1.748,1010.6,19.7
2022-06-10 22:00:00,1.773,1010.6,19.5
2022-06-10 23:00:00,1.53,1010.7,19.8
2022-06-11 00:00:00,1.226,1011.3,19.7
2022-06-11 01:00:00,0.839,1011.5,19.7
2022-06-11 02:00:00,0.592,1012.2,20.1
2022-06-11 03:00:00,0.392,1012.7,20.1
2022-06-11 04:00:00,0.236,1012.8,19.8
2022-06-11 05:00:00,0.315,1012.7,19.9
2022-06-11 06:00:00,0.607,1012.5,19.9
2022-06-11 07:00:00,0.952,1012.5,19.4
2022-06-11 08:00:00,1.253,1012.0,19.3
2022-06-11 09:00:00,1.415,1012.3,19.3
2022-06-11 10:00:00,1.45,1012.5,19.2
2022-06-11 11:00:00,1.376,1012.9,19.2
2022-06-11 12:00:00,1.165,1013.5,19.3
2022-06-11 13:00:00,0.846,1013.8,19.4
2022-06-11 14:00:00,0.505,1013.9,19.5
2022-06-11 15:00:00,0.27,1013.9,19.5
2022-06-11 16:00:00,0.123,1013.9,19.7
2022-06-11 17:00:00,0.172,1013.8,19.8
2022-06-11 18:00:00,0.519,1013.3,20.1
2022-06-11 19:00:00,1.01,1013.5,19.8
2022-06-11 20:00:00,1.417,1013.4,19.1
2022-06-11 21:00:00,1.633,1012.9,19.2
2022-06-11 22:00:00,1.764,1012.8,19.2
2022-06-11 23:00:00,1.789,1013.1,19.4
2022-06-12 00:00:00,1.617,1013.5,19.6
2022-06-12 01:00:00,1.305,1014.0,19.4
2022-06-12 02:00:00,0.854,1014.6,19.3
2022-06-12 03:00:00,0.527,1014.8,19.4
2022-06-12 04:00:00,0.25,1015.0,19.4
2022-06-12 05:00:00,0.12,1014.9,19.2
2022-06-12 06:00:00,0.228,1015.2,19.2
2022-06-12 07:00:00,0.584,1015.2,19.1
2022-06-12 08:00:00,0.969,1015.4,18.7
2022-06-12 09:00:00,1.272,1015.4,18.9
2022-06-12 10:00:00,1.454,1015.4,18.8
2022-06-12 11:00:00,1.533,1015.8,18.8
2022-06-12 12:00:00,1.444,1016.6,18.7
2022-06-12 13:00:00,1.158,1016.2,18.8
2022-06-12 14:00:00,0.803,1015.7,18.8
2022-06-12 15:00:00,0.494,1016.3,18.9
2022-06-12 16:00:00,0.224,1015.9,19.0
2022-06-12 17:00:00,0.045,1016.0,19.0
2022-06-12 18:00:00,0.112,1015.0,19.2
2022-06-12 19:00:00,0.55,1014.5,19.5
2022-06-12 20:00:00,1.097,1014.5,19.1
2022-06-12 21:00:00,1.532,1014.0,19.0
2022-06-12 22:00:00,1.781,1014.1,18.7
2022-06-12 23:00:00,1.95,1013.7,19.0
2022-06-13 00:00:00,1.91,1013.6,19.1
2022-06-13 01:00:00,1.616,1013.2,18.7
2022-06-13 02:00:00,1.248,1013.4,18.7
2022-06-13 03:00:00,0.818,1013.5,18.6
2022-06-13 04:00:00,0.489,1013.1,18.9
2022-06-13 05:00:00,0.209,1013.0,18.9
2022-06-13 06:00:00,0.049,1013.1,18.9
2022-06-13 07:00:00,0.146,1013.2,18.9
2022-06-13 08:00:00,0.543,1012.8,18.6
2022-06-13 09:00:00,0.969,1012.8,18.8
2022-06-13 10:00:00,1.347,1012.9,18.8
2022-06-13 11:00:00,1.542,1013.2,18.8
2022-06-13 12:00:00,1.61,1013.7,18.7
2022-06-13 13:00:00,1.441,1013.9,18.7
2022-06-13 14:00:00,1.136,1014.0,18.8
2022-06-13 15:00:00,0.716,1013.6,18.8
2022-06-13 16:00:00,0.382,1013.3,19.3
2022-06-13 17:00:00,0.165,1012.8,19.3
2022-06-13 18:00:00,0.047,1012.8,19.4
2022-06-13 19:00:00,0.182,1012.1,19.8
2022-06-13 20:00:00,0.661,1011.5,20.1
2022-06-13 21:00:00,1.158,1011.2,19.3
2022-06-13 22:00:00,1.568,1011.2,19.0
2022-06-13 23:00:00,1.84,1011.5,19.0
2022-06-14 00:00:00,1.997,1011.9,19.2
2022-06-14 01:00:00,1.939,1012.2,19.3
2022-06-14 02:00:00,1.625,1013.1,18.5
2022-06-14 03:00:00,1.165,1013.6,18.8
2022-06-14 04:00:00,0.71,1013.9,18.7
2022-06-14 05:00:00,0.369,1013.2,18.9
2022-06-14 06:00:00,0.079,1012.8,18.9
2022-06-14 07:00:00,-0.1,1013.4,18.9
2022-06-14 08:00:00,0.13,1013.1,18.8
2022-06-14 09:00:00,0.56,1012.7,18.7
2022-06-14 10:00:00,1.034,1013.2,19.0
2022-06-14 11:00:00,1.37,1013.4,19.1
2022-06-14 12:00:00,1.574,1014.1,18.9
2022-06-14 13:00:00,1.626,1014.1,18.8
2022-06-14 14:00:00,1.456,1013.8,18.8
2022-06-14 15:00:00,1.115,1013.4,18.8
2022-06-14 16:00:00,0.711,1013.6,18.8
2022-06-14 17:00:00,0.425,1013.4,19.2
2022-06-14 18:00:00,0.159,1013.3,19.3
2022-06-14 19:00:00,0.068,1013.1,19.6
2022-06-14 20:00:00,0.142,1012.5,19.7
2022-06-14 21:00:00,0.691,1012.2,20.1
2022-06-14 22:00:00,1.238,1011.9,19.3
2022-06-14 23:00:00,1.672,1012.0,19.2
2022-06-15 00:00:00,1.966,1012.4,19.2
2022-06-15 01:00:00,2.124,1013.1,19.3
2022-06-15 02:00:00,1.946,1014.4,19.2
2022-06-15 03:00:00,1.59,1014.8,18.4
2022-06-15 04:00:00,1.133,1015.1,18.5
2022-06-15 05:00:00,0.686,1015.1,19.1
2022-06-15 06:00:00,0.338,1015.4,19.1
2022-06-15 07:00:00,0.041,1015.3,18.9
2022-06-15 08:00:00,-0.085,1015.8,18.9
2022-06-15 09:00:00,0.167,1016.2,18.9
2022-06-15 10:00:00,0.597,1016.6,18.8
2022-06-15 11:00:00,1.036,1017.4,19.1
2022-06-15 12:00:00,1.402,1017.8,19.1
2022-06-15 13:00:00,1.638,1018.7,19.0
2022-06-15 14:00:00,1.672,1019.2,19.0
2022-06-15 15:00:00,1.496,1019.1,19.0
2022-06-15 16:00:00,1.12,1020.1,19.0
2022-06-15 17:00:00,0.702,1020.1,19.2
2022-06-15 18:00:00,0.421,1020.5,19.6
2022-06-15 19:00:00,0.196,1020.9,19.9
2022-06-15 20:00:00,0.092,1020.0,19.9
2022-06-15 21:00:00,0.323,1019.7,19.9
2022-06-15 22:00:00,0.845,1019.9,20.0
2022-06-15 23:00:00,1.347,1020.7,19.4
2022-06-16 00:00:00,1.732,1021.4,19.4
2022-06-16 01:00:00,1.976,1021.6,19.4
2022-06-16 02:00:00,2.075,1022.2,19.4
2022-06-16 03:00:00,1.947,1022.1,18.8
2022-06-16 04:00:00,1.618,1022.4,18.7
2022-06-16 05:00:00,1.15,1022.1,18.7
2022-06-16 06:00:00,0.721,1022.4,19.0
2022-06-16 07:00:00,0.366,1021.8,19.1
2022-06-16 08:00:00,0.086,1021.9,19.1
2022-06-16 09:00:00,-0.007,1021.6,19.1
2022-06-16 10:00:00,0.255,1022.2,19.0
2022-06-16 11:00:00,0.687,1025.0,18.9
2022-06-16 12:00:00,1.167,1023.6,19.2
2022-06-16 13:00:00,1.529,1023.2,19.3
2022-06-16 14:00:00,1.72,1022.1,19.2
2022-06-16 15:00:00,1.709,1021.5,19.0
2022-06-16 16:00:00,1.453,1021.4,19.1
2022-06-16 17:00:00,1.064,1020.9,19.1
2022-06-16 18:00:00,0.735,1019.9,19.2
2022-06-16 19:00:00,0.545,1019.3,19.3
2022-06-16 20:00:00,0.284,1018.4,19.4
2022-06-16 21:00:00,0.167,1017.2,19.3
2022-06-16 22:00:00,0.328,1016.3,19.3
2022-06-16 23:00:00,0.81,1016.6,19.5
2022-06-17 00:00:00,1.348,1016.5,19.4
2022-06-17 01:00:00,1.743,1015.6,19.4
2022-06-17 02:00:00,1.968,1014.3,19.2
2022-06-17 03:00:00,1.994,1014.0,19.2
2022-06-17 04:00:00,1.83,1014.2,19.0
2022-06-17 05:00:00,1.477,1013.2,18.9
2022-06-17 06:00:00,1.049,1012.2,18.9
2022-06-17 07:00:00,0.682,1011.4,19.1
2022-06-17 08:00:00,0.345,1010.8,19.2
2022-06-17 09:00:00,0.066,1010.1,19.2
2022-06-17 10:00:00,-0.051,1009.7,19.2
2022-06-17 11:00:00,0.239,1009.0,19.2
2022-06-17 12:00:00,0.692,1008.7,19.0
2022-06-17 13:00:00,1.204,1008.5,19.2
2022-06-17 14:00:00,1.506,1007.7,19.5
2022-06-17 15:00:00,1.638,1006.7,19.3
2022-06-17 16:00:00,1.651,1006.1,19.4
2022-06-17 17:00:00,1.408,1005.2,19.7
2022-06-17 18:00:00,1.079,1004.2,19.8
2022-06-17 19:00:00,0.71,1003.3,20.1
2022-06-17 20:00:00,0.481,1002.8,20.4
2022-06-17 21:00:00,0.264,1002.3,20.1
2022-06-17 22:00:00,0.133,1002.6,20.1
2022-06-17 23:00:00,0.339,1003.0,20.1
2022-06-18 00:00:00,0.808,1003.2,20.4
2022-06-18 01:00:00,1.342,1003.5,19.7
2022-06-18 02:00:00,1.646,1003.9,19.6
2022-06-18 03:00:00,1.83,1003.7,19.6
2022-06-18 04:00:00,1.921,1003.6,19.8
2022-06-18 05:00:00,1.847,1003.4,19.8
2022-06-18 06:00:00,1.502,1003.1,19.5
2022-06-18 07:00:00,1.045,1003.0,19.6
2022-06-18 08:00:00,0.638,1002.9,19.5
2022-06-18 09:00:00,0.355,1003.4,19.6
2022-06-18 10:00:00,0.087,1004.3,19.5
2022-06-18 11:00:00,0.05,1004.5,19.5
2022-06-18 12:00:00,0.328,1005.2,19.5
2022-06-18 13:00:00,0.692,1005.5,19.6
2022-06-18 14:00:00,1.085,1005.7,19.5
2022-06-18 15:00:00,1.3,1006.1,19.8
2022-06-18 16:00:00,1.438,1006.6,19.7
2022-06-18 17:00:00,1.487,1006.7,19.8
2022-06-18 18:00:00,1.352,1006.9,19.8
2022-06-18 19:00:00,1.05,1007.6,19.8
2022-06-18 20:00:00,0.672,1008.0,19.8
2022-06-18 21:00:00,0.464,1009.0,19.8
2022-06-18 22:00:00,0.225,1009.7,19.8
2022-06-18 23:00:00,0.098,1010.3,19.8
2022-06-19 00:00:00,0.259,1010.5,19.7
2022-06-19 01:00:00,0.69,1011.1,19.8
2022-06-19 02:00:00,1.133,1012.0,19.4
2022-06-19 03:00:00,1.462,1012.3,19.6
2022-06-19 04:00:00,1.686,1012.5,19.8
2022-06-19 05:00:00,1.843,1012.6,19.7
2022-06-19 06:00:00,1.752,1012.6,19.5
2022-06-19 07:00:00,1.416,1012.7,19.4
2022-06-19 08:00:00,0.997,1012.9,19.4
2022-06-19 09:00:00,0.578,1013.5,19.3
2022-06-19 10:00:00,0.275,1014.0,19.2
2022-06-19 11:00:00,0.072,1014.2,19.2
2022-06-19 12:00:00,0.028,1014.6,19.2
2022-06-19 13:00:00,0.33,1015.1,19.3
2022-06-19 14:00:00,0.745,1014.8,19.4
2022-06-19 15:00:00,1.168,1014.8,19.4
2022-06-19 16:00:00,1.418,1014.3,19.4
2022-06-19 17:00:00,1.568,1013.9,19.3
2022-06-19 18:00:00,1.525,1013.5,19.3
2022-06-19 19:00:00,1.302,1013.3,19.5
2022-06-19 20:00:00,0.99,1013.2,19.5
2022-06-19 21:00:00,0.711,1013.2,19.6
2022-06-19 22:00:00,0.532,1013.6,19.7
2022-06-19 23:00:00,0.399,1014.4,19.6
2022-06-20 00:00:00,0.377,1015.3,19.5
2022-06-20 01:00:00,0.553,1016.3,19.5
2022-06-20 02:00:00,0.91,1017.3,19.6
2022-06-20 03:00:00,1.209,1017.9,19.2
2022-06-20 04:00:00,1.437,1018.7,19.0
2022-06-20 05:00:00,1.629,1018.8,19.1
2022-06-20 06:00:00,1.758,1019.2,18.9
2022-06-20 07:00:00,1.608,1019.2,18.9
2022-06-20 08:00:00,1.312,1019.1,18.9
2022-06-20 09:00:00,0.898,1019.4,18.7
2022-06-20 10:00:00,0.546,1020.1,18.6
2022-06-20 11:00:00,0.299,1020.8,18.6
2022-06-20 12:00:00,0.119,1020.8,18.7
2022-06-20 13:00:00,0.161,1021.1,18.8
2022-06-20 14:00:00,0.464,1020.8,18.9
2022-06-20 15:00:00,0.795,1020.9,18.9
2022-06-20 16:00:00,1.139,1020.5,18.9
2022-06-20 17:00:00,1.361,1020.0,18.8
2022-06-20 18:00:00,1.531,1019.7,18.9
2022-06-20 19:00:00,1.573,1019.7,18.5
2022-06-20 20:00:00,1.392,1019.4,18.7
2022-06-20 21:00:00,1.121,1019.1,18.7
2022-06-20 22:00:00,0.775,1018.7,19.0
2022-06-20 23:00:00,0.54,1018.7,19.4
2022-06-21 00:00:00,0.378,1018.8,19.3
2022-06-21 01:00:00,0.35,1019.0,19.2
2022-06-21 02:00:00,0.543,1019.4,19.1
2022-06-21 03:00:00,0.842,1019.7,18.9
2022-06-21 04:00:00,1.151,1019.7,19.0
2022-06-21 05:00:00,1.364,1019.8,18.4
2022-06-21 06:00:00,1.506,1019.5,18.4
2022-06-21 07:00:00,1.578,1019.5,18.2
2022-06-21 08:00:00,1.416,1019.4,18.3
2022-06-21 09:00:00,1.171,1019.9,18.3
2022-06-21 10:00:00,0.821,1020.6,18.2
2022-06-21 11:00:00,0.523,1021.0,18.4
2022-06-21 12:00:00,0.295,1021.1,18.5
2022-06-21 13:00:00,0.136,1021.2,18.6
2022-06-21 14:00:00,0.169,1021.0,18.9
2022-06-21 15:00:00,0.5,1020.6,19.0
2022-06-21 16:00:00,0.894,1020.2,19.0
2022-06-21 17:00:00,1.238,1020.7,18.6
2022-06-21 18:00:00,1.47,1019.8,18.5
2022-06-21 19:00:00,1.605,1019.3,18.4
2022-06-21 20:00:00,1.575,1018.9,18.8
2022-06-21 21:00:00,1.374,1018.7,18.6
2022-06-21 22:00:00,1.109,1018.7,18.6
2022-06-21 23:00:00,0.827,1019.6,18.9
2022-06-22 00:00:00,0.631,1019.3,18.9
2022-06-22 01:00:00,0.466,1019.7,18.7
2022-06-22 02:00:00,0.356,1019.4,18.8
2022-06-22 03:00:00,0.47,1018.8,18.9
2022-06-22 04:00:00,0.749,1019.1,18.7
2022-06-22 05:00:00,1.075,1018.4,18.9
2022-06-22 06:00:00,1.364,1017.8,18.8
2022-06-22 07:00:00,1.542,1017.4,18.4
2022-06-22 08:00:00,1.578,1017.1,18.2
2022-06-22 09:00:00,1.412,1016.9,18.0
2022-06-22 10:00:00,1.169,1016.9,18.1
2022-06-22 11:00:00,0.831,1017.1,18.1
2022-06-22 12:00:00,0.614,1017.5,18.4
2022-06-22 13:00:00,0.44,1017.6,18.5
2022-06-22 14:00:00,0.351,1017.8,18.5
2022-06-22 15:00:00,0.434,1017.4,18.8
2022-06-22 16:00:00,0.699,1017.6,18.8
2022-06-22 17:00:00,1.02,1017.6,18.5
2022-06-22 18:00:00,1.273,1017.2,18.2
2022-06-22 19:00:00,1.485,1017.1,18.4
2022-06-22 20:00:00,1.651,1016.9,18.1
2022-06-22 21:00:00,1.641,1016.5,17.9
2022-06-22 22:00:00,1.439,1016.2,17.9
2022-06-22 23:00:00,1.169,1016.3,18.0
2022-06-23 00:00:00,0.907,1016.5,18.0
2022-06-23 01:00:00,0.698,1016.4,18.3
2022-06-23 02:00:00,0.53,1017.2,18.4
2022-06-23 03:00:00,0.465,1017.0,18.2
2022-06-23 04:00:00,0.596,1016.7,18.5
2022-06-23 05:00:00,0.824,1016.3,18.4
2022-06-23 06:00:00,1.14,1015.7,18.4
2022-06-23 07:00:00,1.369,1015.2,18.1
2022-06-23 08:00:00,1.487,1014.9,18.1
2022-06-23 09:00:00,1.517,1014.7,17.9
2022-06-23 10:00:00,1.344,1014.6,17.9
2022-06-23 11:00:00,1.111,1014.5,17.8
2022-06-23 12:00:00,0.857,1015.0,18.2
2022-06-23 13:00:00,0.635,1014.7,18.0
2022-06-23 14:00:00,0.447,1014.9,18.3
2022-06-23 15:00:00,0.318,1015.6,18.5
2022-06-23 16:00:00,0.416,1015.3,18.9
2022-06-23 17:00:00,0.725,1015.9,18.8
2022-06-23 18:00:00,1.119,1015.8,18.8
2022-06-23 19:00:00,1.416,1014.9,17.8
2022-06-23 20:00:00,1.62,1014.9,17.9
2022-06-23 21:00:00,1.719,1014.5,18.2
2022-06-23 22:00:00,1.673,1014.8,18.4
2022-06-23 23:00:00,1.505,1015.1,18.4
2022-06-24 00:00:00,1.235,1015.5,18.2
2022-06-24 01:00:00,0.932,1015.6,18.1
2022-06-24 02:00:00,0.728,1015.8,18.4
2022-06-24 03:00:00,0.526,1015.8,18.5
2022-06-24 04:00:00,0.453,1015.8,18.4
2022-06-24 05:00:00,0.614,1015.7,18.4
2022-06-24 06:00:00,0.875,1015.8,18.2
2022-06-24 07:00:00,1.145,1016.0,18.5
2022-06-24 08:00:00,1.386,1016.0,17.8
2022-06-24 09:00:00,1.497,1016.3,17.8
2022-06-24 10:00:00,1.494,1016.8,18.0
2022-06-24 11:00:00,1.343,1017.1,17.8
2022-06-24 12:00:00,1.096,1017.3,17.9
2022-06-24 13:00:00,0.79,1017.4,17.9
2022-06-24 14:00:00,0.569,1017.5,18.2
2022-06-24 15:00:00,0.436,1017.6,18.7
2022-06-24 16:00:00,0.379,1017.5,18.9
2022-06-24 17:00:00,0.51,1017.2,18.8
2022-06-24 18:00:00,0.807,1016.7,19.1
2022-06-24 19:00:00,1.196,1016.4,19.4
2022-06-24 20:00:00,1.523,1016.3,18.2
2022-06-24 21:00:00,1.695,1016.5,18.5
2022-06-24 22:00:00,1.72,1016.4,18.6
2022-06-24 23:00:00,1.644,1016.3,18.6
2022-06-25 00:00:00,1.402,1016.7,18.5
2022-06-25 01:00:00,1.13,1017.4,18.5
2022-06-25 02:00:00,0.831,1017.4,18.6
2022-06-25 03:00:00,0.59,1017.7,18.7
2022-06-25 04:00:00,0.373,1017.7,18.8
2022-06-25 05:00:00,0.312,1017.6,18.6
2022-06-25 06:00:00,0.474,1017.8,18.8
2022-06-25 07:00:00,0.736,1017.9,18.7
2022-06-25 08:00:00,1.031,1018.2,17.7
2022-06-25 09:00:00,1.244,1018.6,18.2
2022-06-25 10:00:00,1.352,1019.2,18.2
2022-06-25 11:00:00,1.362,1019.4,18.3
2022-06-25 12:00:00,1.193,1019.8,18.4
2022-06-25 13:00:00,0.95,1020.1,18.9
2022-06-25 14:00:00,0.642,1020.1,18.8
2022-06-25 15:00:00,0.435,1020.0,18.7
2022-06-25 16:00:00,0.318,1019.8,19.1
2022-06-25 17:00:00,0.317,1019.6,19.5
2022-06-25 18:00:00,0.513,1019.2,19.4
2022-06-25 19:00:00,0.861,1018.9,20.0
2022-06-25 20:00:00,1.228,1018.7,19.4
2022-06-25 21:00:00,1.482,1018.8,19.0
2022-06-25 22:00:00,1.606,1018.7,19.3
2022-06-25 23:00:00,1.636,1018.6,19.0
2022-06-26 00:00:00,1.519,1018.7,19.0
2022-06-26 01:00:00,1.308,1019.0,19.3
2022-06-26 02:00:00,0.991,1019.5,19.1
2022-06-26 03:00:00,0.694,1019.8,19.3
2022-06-26 04:00:00,0.468,1019.8,19.5
2022-06-26 05:00:00,0.282,1019.9,19.5
2022-06-26 06:00:00,0.26,1019.9,19.3
2022-06-26 07:00:00,0.493,1019.5,19.5
2022-06-26 08:00:00,0.789,1019.7,19.2
2022-06-26 09:00:00,1.089,1019.8,18.5
2022-06-26 10:00:00,1.254,1020.1,18.6
2022-06-26 11:00:00,1.34,1020.5,18.7
2022-06-26 12:00:00,1.312,1020.8,19.0
2022-06-26 13:00:00,1.104,1020.7,18.8
2022-06-26 14:00:00,0.86,1020.0,19.6
2022-06-26 15:00:00,0.578,1019.6,19.4
2022-06-26 16:00:00,0.419,1019.6,19.6
2022-06-26 17:00:00,0.299,1019.1,19.6
2022-06-26 18:00:00,0.368,1018.1,19.5
2022-06-26 19:00:00,0.637,1017.4,20.3
2022-06-26 20:00:00,1.009,1017.1,20.2
2022-06-26 21:00:00,1.355,1016.6,19.2
2022-06-26 22:00:00,1.558,1016.0,19.5
2022-06-26 23:00:00,1.662,1016.2,20.3
2022-06-27 00:00:00,1.668,1016.2,20.1
2022-06-27 01:00:00,1.516,1016.9,19.9
2022-06-27 02:00:00,1.269,1017.3,19.8
2022-06-27 03:00:00,0.9,1017.0,19.8
2022-06-27 04:00:00,0.584,1016.8,19.9
2022-06-27 05:00:00,0.354,1016.8,19.8
2022-06-27 06:00:00,0.207,1016.5,19.7
2022-06-27 07:00:00,0.289,1016.0,19.7
2022-06-27 08:00:00,0.577,1015.3,19.8
2022-06-27 09:00:00,0.875,1014.5,19.7
2022-06-27 10:00:00,1.116,1014.5,19.2
2022-06-27 11:00:00,1.252,1014.8,19.2
2022-06-27 12:00:00,1.344,1014.9,19.4
2022-06-27 13:00:00,1.315,1014.7,19.5
2022-06-27 14:00:00,1.089,1014.4,19.6
2022-06-27 15:00:00,0.816,1014.3,19.5
2022-06-27 16:00:00,0.529,1014.4,19.7
2022-06-27 17:00:00,0.342,1014.2,19.7
2022-06-27 18:00:00,0.266,1013.7,19.7
2022-06-27 19:00:00,0.412,1014.1,19.8
2022-06-27 20:00:00,0.712,1013.4,19.9
2022-06-27 21:00:00,1.092,1013.9,19.8
2022-06-27 22:00:00,1.41,1014.1,19.6
2022-06-27 23:00:00,1.554,1014.5,19.5
2022-06-28 00:00:00,1.617,1014.9,19.7
2022-06-28 01:00:00,1.549,1015.5,19.5
2022-06-28 02:00:00,1.323,1016.1,19.7
2022-06-28 03:00:00,1.056,1016.2,19.6
2022-06-28 04:00:00,0.728,1016.5,19.5
2022-06-28 05:00:00,0.472,1017.0,19.6
2022-06-28 06:00:00,0.267,1017.6,19.6
2022-06-28 07:00:00,0.153,1018.0,19.6
2022-06-28 08:00:00,0.267,1018.3,19.6
2022-06-28 09:00:00,0.521,1018.7,19.6
2022-06-28 10:00:00,0.856,1019.5,19.6
2022-06-28 11:00:00,1.117,1020.1,19.5
2022-06-28 12:00:00,1.253,1021.1,19.5
2022-06-28 13:00:00,1.297,1021.3,19.6
2022-06-28 14:00:00,1.172,1021.2,19.5
2022-06-28 15:00:00,0.981,1021.3,19.5
2022-06-28 16:00:00,0.707,1021.4,20.0
2022-06-28 17:00:00,0.474,1021.6,20.2
2022-06-28 18:00:00,0.293,1021.4,20.2
2022-06-28 19:00:00,0.249,1021.5,20.2
2022-06-28 20:00:00,0.438,1021.2,20.4
2022-06-28 21:00:00,0.814,1020.9,20.2
2022-06-28 22:00:00,1.212,1020.9,19.9
2022-06-28 23:00:00,1.461,1021.1,20.0
2022-06-29 00:00:00,1.574,1021.8,19.8
2022-06-29 01:00:00,1.605,1022.2,19.8
2022-06-29 02:00:00,1.497,1022.5,20.0
2022-06-29 03:00:00,1.251,1023.0,20.1
2022-06-29 04:00:00,0.893,1023.1,19.9
2022-06-29 05:00:00,0.565,1023.2,20.0
2022-06-29 06:00:00,0.363,1023.2,19.9
2022-06-29 07:00:00,0.192,1023.3,19.9
2022-06-29 08:00:00,0.158,1023.4,20.0
2022-06-29 09:00:00,0.364,1023.4,20.0
2022-06-29 10:00:00,0.668,1023.9,19.9
2022-06-29 11:00:00,0.975,1024.3,19.6
2022-06-29 12:00:00,1.186,1024.4,19.7
2022-06-29 13:00:00,1.293,1024.7,19.7
2022-06-29 14:00:00,1.272,1024.3,19.8
2022-06-29 15:00:00,1.083,1024.2,19.6
2022-06-29 16:00:00,0.835,1023.8,19.8
2022-06-29 17:00:00,0.569,1023.5,20.3
2022-06-29 18:00:00,0.399,1022.8,20.4
2022-06-29 19:00:00,0.311,1022.4,20.5
2022-06-29 20:00:00,0.339,1022.1,20.9
2022-06-29 21:00:00,0.597,1021.8,21.1
2022-06-29 22:00:00,0.981,1021.5,20.6
2022-06-29 23:00:00,1.349,1021.4,20.1
2022-06-30 00:00:00,1.56,1021.2,20.1
2022-06-30 01:00:00,1.61,1021.6,20.6
2022-06-30 02:00:00,1.568,1022.1,20.1
2022-06-30 03:00:00,1.386,1022.1,20.3
2022-06-30 04:00:00,1.12,1022.1,20.2
2022-06-30 05:00:00,0.769,1022.2,20.2
2022-06-30 06:00:00,0.474,1022.1,20.1
2022-06-30 07:00:00,0.215,1022.0,20.2
2022-06-30 08:00:00,0.093,1022.0,20.2
2022-06-30 09:00:00,0.176,1022.2,20.2
2022-06-30 10:00:00,0.452,1022.5,20.2
2022-06-30 11:00:00,0.755,1022.8,20.1
2022-06-30 12:00:00,1.01,1023.6,19.8
2022-06-30 13:00:00,1.176,1023.5,19.8
2022-06-30 14:00:00,1.274,1023.2,20.0
2022-06-30 15:00:00,1.223,1023.4,20.1
2022-06-30 16:00:00,1.016,1022.8,19.8
2022-06-30 17:00:00,0.722,1022.4,20.3
2022-06-30 18:00:00,0.486,1021.5,20.4
2022-06-30 19:00:00,0.354,1020.9,20.9
2022-06-30 20:00:00,0.309,1020.4,20.9
2022-06-30 21:00:00,0.421,1020.1,21.3
2022-06-30 22:00:00,0.716,1020.0,21.3
2022-06-30 23:00:00,1.093,1020.3,21.0
2022-07-01 00:00:00,1.444,1020.4,20.2
2022-07-01 01:00:00,1.58,1020.4,20.2
2022-07-01 02:00:00,1.605,1020.7,20.2
2022-07-01 03:00:00,1.524,1020.7,20.4
2022-07-01 04:00:00,1.307,1020.6,20.5
2022-07-01 05:00:00,1.001,1020.4,20.4
2022-07-01 06:00:00,0.655,1020.1,20.3
2022-07-01 07:00:00,0.407,1019.8,20.4
2022-07-01 08:00:00,0.2,1019.6,20.4
2022-07-01 09:00:00,0.108,1019.3,20.3
2022-07-01 10:00:00,0.277,1019.1,20.4
2022-07-01 11:00:00,0.604,1019.1,20.4
2022-07-01 12:00:00,0.939,1019.0,20.2
2022-07-01 13:00:00,1.186,1018.6,20.0
2022-07-01 14:00:00,1.342,1018.2,20.2
2022-07-01 15:00:00,1.379,1017.9,20.1
2022-07-01 16:00:00,1.234,1017.4,20.5
2022-07-01 17:00:00,0.987,1016.9,20.8
2022-07-01 18:00:00,0.693,1016.2,21.0
2022-07-01 19:00:00,0.491,1015.5,21.6
2022-07-01 20:00:00,0.372,1014.8,21.2
2022-07-01 21:00:00,0.383,1014.6,21.3
2022-07-01 22:00:00,0.546,1014.8,21.6
2022-07-01 23:00:00,0.816,1014.2,21.3
2022-07-02 00:00:00,1.219,1014.1,20.5
2022-07-02 01:00:00,1.427,1013.9,20.6
2022-07-02 02:00:00,1.536,1014.0,20.3
2022-07-02 03:00:00,1.557,1014.6,21.0
2022-07-02 04:00:00,1.442,1014.3,20.7
2022-07-02 05:00:00,1.194,1013.7,20.7
2022-07-02 06:00:00,0.868,1013.1,20.7
2022-07-02 07:00:00,0.546,1012.7,20.5
2022-07-02 08:00:00,0.287,1012.7,20.6
2022-07-02 09:00:00,0.119,1012.9,20.6
2022-07-02 10:00:00,0.144,1013.0,20.5
2022-07-02 11:00:00,0.405,1013.3,20.6
2022-07-02 12:00:00,0.738,1013.9,20.7
2022-07-02 13:00:00,1.077,1013.7,20.0
2022-07-02 14:00:00,1.244,1013.4,20.2
2022-07-02 15:00:00,1.284,1013.1,20.2
2022-07-02 16:00:00,1.263,1013.5,20.1
2022-07-02 17:00:00,1.119,1013.3,20.8
2022-07-02 18:00:00,0.928,1012.9,20.6
2022-07-02 19:00:00,0.698,1012.5,20.7
2022-07-02 20:00:00,0.48,1012.0,20.9
2022-07-02 21:00:00,0.321,1011.9,21.3
2022-07-02 22:00:00,0.315,1011.8,21.2
2022-07-02 23:00:00,0.587,1012.1,21.3
2022-07-03 00:00:00,0.995,1012.7,21.0
2022-07-03 01:00:00,1.33,1013.0,21.4
2022-07-03 02:00:00,1.483,1013.6,20.7
2022-07-03 03:00:00,1.521,1013.6,20.3
2022-07-03 04:00:00,1.485,1013.9,20.3
2022-07-03 05:00:00,1.316,1014.2,20.5
2022-07-03 06:00:00,1.053,1014.1,20.6
2022-07-03 07:00:00,0.724,1014.2,20.6
2022-07-03 08:00:00,0.435,1013.7,20.5
2022-07-03 09:00:00,0.262,1014.0,20.6
2022-07-03 10:00:00,0.162,1015.0,20.7
2022-07-03 11:00:00,0.244,1015.4,20.8
2022-07-03 12:00:00,0.52,1015.9,20.9
2022-07-03 13:00:00,0.837,1016.6,20.6
2022-07-03 14:00:00,1.104,1017.0,20.4
2022-07-03 15:00:00,1.264,1017.6,20.5
2022-07-03 16:00:00,1.372,1017.5,20.4
2022-07-03 17:00:00,1.304,1016.9,20.6
2022-07-03 18:00:00,1.077,1016.6,21.0
2022-07-03 19:00:00,0.797,1016.2,21.2
2022-07-03 20:00:00,0.573,1015.9,21.3
2022-07-03 21:00:00,0.449,1016.3,21.3
2022-07-03 22:00:00,0.392,1016.0,21.6
2022-07-03 23:00:00,0.508,1016.4,21.6
2022-07-04 00:00:00,0.777,1017.1,21.7
2022-07-04 01:00:00,1.093,1017.8,21.5
2022-07-04 02:00:00,1.374,1018.5,20.3
2022-07-04 03:00:00,1.476,1018.5,20.8
2022-07-04 04:00:00,1.516,1018.9,20.2
2022-07-04 05:00:00,1.42,1019.5,20.4
2022-07-04 06:00:00,1.246,1019.8,20.6
2022-07-04 07:00:00,0.956,1019.9,20.7
2022-07-04 08:00:00,0.631,1020.0,20.7
2022-07-04 09:00:00,0.349,1020.0,20.7
2022-07-04 10:00:00,0.171,1020.6,20.6
2022-07-04 11:00:00,0.166,1021.1,20.6
2022-07-04 12:00:00,0.374,1021.8,20.7
2022-07-04 13:00:00,0.687,1022.1,20.7
2022-07-04 14:00:00,0.975,1022.0,21.2
2022-07-04 15:00:00,1.142,1022.0,20.4
2022-07-04 16:00:00,1.273,1021.9,20.4
2022-07-04 17:00:00,1.378,1021.2,20.7
2022-07-04 18:00:00,1.3,1020.6,20.9
2022-07-04 19:00:00,1.115,1020.2,20.9
2022-07-04 20:00:00,0.818,1020.1,21.3
2022-07-04 21:00:00,0.592,1020.0,22.8
2022-07-04 22:00:00,0.426,1019.5,21.2
2022-07-04 23:00:00,0.387,1019.7,21.5
2022-07-05 00:00:00,0.517,1019.9,21.2
2022-07-05 01:00:00,0.797,1019.9,21.5
2022-07-05 02:00:00,1.143,1020.4,21.2
2022-07-05 03:00:00,1.356,1020.3,20.4
2022-07-05 04:00:00,1.435,1020.2,20.7
2022-07-05 05:00:00,1.449,1020.1,20.5
2022-07-05 06:00:00,1.337,1019.8,20.1
2022-07-05 07:00:00,1.097,1019.5,20.5
2022-07-05 08:00:00,0.82,1019.4,20.7
2022-07-05 09:00:00,0.519,1019.2,20.6
2022-07-05 10:00:00,0.308,1019.6,20.8
2022-07-05 11:00:00,0.199,1019.8,20.7
2022-07-05 12:00:00,0.22,1019.7,20.8
2022-07-05 13:00:00,0.448,1019.3,20.9
2022-07-05 14:00:00,0.746,1018.8,20.9
2022-07-05 15:00:00,1.015,1017.8,20.9
2022-07-05 16:00:00,1.237,1017.1,20.2
2022-07-05 17:00:00,1.436,1016.2,20.8
2022-07-05 18:00:00,1.483,1015.3,21.3
2022-07-05 19:00:00,1.332,1014.3,21.2
2022-07-05 20:00:00,1.1,1013.5,20.6
2022-07-05 21:00:00,0.811,1013.0,20.6
2022-07-05 22:00:00,0.599,1012.7,20.9
2022-07-05 23:00:00,0.457,1012.2,21.4
2022-07-06 00:00:00,0.452,1011.9,21.0
2022-07-06 01:00:00,0.612,1011.3,21.1
2022-07-06 02:00:00,0.874,1011.7,21.1
2022-07-06 03:00:00,1.184,1011.2,21.6
2022-07-06 04:00:00,1.381,1010.5,20.3
2022-07-06 05:00:00,1.485,1010.1,20.6
2022-07-06 06:00:00,1.425,1009.9,20.5
2022-07-06 07:00:00,1.279,1009.5,20.6
2022-07-06 08:00:00,1.064,1009.1,20.6
2022-07-06 09:00:00,0.792,1008.9,20.6
2022-07-06 10:00:00,0.545,1009.2,20.4
2022-07-06 11:00:00,0.354,1009.3,20.6
2022-07-06 12:00:00,0.225,1009.7,20.6
2022-07-06 13:00:00,0.262,1009.7,20.8
2022-07-06 14:00:00,0.525,1009.8,21.1
2022-07-06 15:00:00,0.822,1010.6,20.8
2022-07-06 16:00:00,1.155,1010.7,20.3
2022-07-06 17:00:00,1.356,1011.0,20.3
2022-07-06 18:00:00,1.471,1011.6,20.4
2022-07-06 19:00:00,1.426,1011.6,20.1
2022-07-06 20:00:00,1.219,1011.4,20.6
2022-07-06 21:00:00,0.987,1011.6,20.9
2022-07-06 22:00:00,0.726,1011.4,20.7
2022-07-06 23:00:00,0.518,1011.7,20.9
2022-07-07 00:00:00,0.407,1012.3,21.1
2022-07-07 01:00:00,0.403,1013.1,21.1
2022-07-07 02:00:00,0.579,1013.8,21.1
2022-07-07 03:00:00,0.857,1013.7,21.1
2022-07-07 04:00:00,1.135,1014.0,20.8
2022-07-07 05:00:00,1.3,1014.0,20.3
2022-07-07 06:00:00,1.412,1014.2,20.5
2022-07-07 07:00:00,1.444,1014.1,19.9
2022-07-07 08:00:00,1.299,1014.3,20.2
2022-07-07 09:00:00,1.06,1015.0,20.1
2022-07-07 10:00:00,0.771,1015.6,20.2
2022-07-07 11:00:00,0.534,1016.1,20.4
2022-07-07 12:00:00,0.372,1016.1,20.5
2022-07-07 13:00:00,0.295,1016.3,20.7
2022-07-07 14:00:00,0.385,1016.3,21.1
2022-07-07 15:00:00,0.691,1016.5,21.4
2022-07-07 16:00:00,1.035,1016.5,21.5
2022-07-07 17:00:00,1.321,1016.2,20.4
2022-07-07 18:00:00,1.54,1015.9,20.4
2022-07-07 19:00:00,1.654,1015.9,20.5
2022-07-07 20:00:00,1.628,1016.3,20.5
2022-07-07 21:00:00,1.394,1016.0,20.5
2022-07-07 22:00:00,1.113,1015.9,20.4
2022-07-07 23:00:00,0.808,1015.9,20.5
2022-07-08 00:00:00,0.613,1015.7,21.0
2022-07-08 01:00:00,0.475,1016.1,21.1
2022-07-08 02:00:00,0.448,1016.2,21.1
2022-07-08 03:00:00,0.587,1016.5,21.1
2022-07-08 04:00:00,0.845,1016.7,21.0
2022-07-08 05:00:00,1.147,1016.6,21.1
2022-07-08 06:00:00,1.356,1016.4,20.5
2022-07-08 07:00:00,1.403,1016.0,20.3
2022-07-08 08:00:00,1.355,1015.8,20.1
2022-07-08 09:00:00,1.181,1015.9,19.7
2022-07-08 10:00:00,0.971,1016.5,20.3
2022-07-08 11:00:00,0.728,1016.4,20.1
2022-07-08 12:00:00,0.537,1016.9,20.6
2022-07-08 13:00:00,0.348,1017.3,20.8
2022-07-08 14:00:00,0.266,1017.1,20.8
2022-07-08 15:00:00,0.37,1016.8,20.8
2022-07-08 16:00:00,0.681,1016.5,21.3
2022-07-08 17:00:00,1.057,1016.2,21.3
2022-07-08 18:00:00,1.381,1015.4,20.4
2022-07-08 19:00:00,1.577,1014.8,20.4
2022-07-08 20:00:00,1.672,1014.8,20.8
2022-07-08 21:00:00,1.632,1014.8,20.4
2022-07-08 22:00:00,1.415,1014.9,20.5
2022-07-08 23:00:00,1.13,1014.9,20.5
2022-07-09 00:00:00,0.817,1015.1,20.4
2022-07-09 01:00:00,0.539,1015.5,20.9
2022-07-09 02:00:00,0.348,1016.0,21.0
2022-07-09 03:00:00,0.311,1016.0,20.7
2022-07-09 04:00:00,0.499,1016.0,20.9
2022-07-09 05:00:00,0.805,1015.5,20.8
2022-07-09 06:00:00,1.084,1015.4,21.1
2022-07-09 07:00:00,1.273,1015.9,19.9
2022-07-09 08:00:00,1.328,1015.9,20.0
2022-07-09 09:00:00,1.337,1016.0,20.4
2022-07-09 10:00:00,1.175,1016.5,20.1
2022-07-09 11:00:00,0.971,1016.8,20.3
2022-07-09 12:00:00,0.681,1017.2,20.4
2022-07-09 13:00:00,0.422,1017.5,20.4
2022-07-09 14:00:00,0.275,1017.7,20.9
2022-07-09 15:00:00,0.195,1017.7,21.1
2022-07-09 16:00:00,0.389,1017.7,21.4
2022-07-09 17:00:00,0.758,1017.3,21.6
2022-07-09 18:00:00,1.191,1016.9,21.5
2022-07-09 19:00:00,1.474,1016.6,20.7
2022-07-09 20:00:00,1.673,1016.4,20.9
2022-07-09 21:00:00,1.764,1016.4,21.2
2022-07-09 22:00:00,1.708,1016.3,21.3
2022-07-09 23:00:00,1.496,1016.8,21.4
2022-07-10 00:00:00,1.164,1017.2,21.1
2022-07-10 01:00:00,0.804,1017.2,20.9
2022-07-10 02:00:00,0.528,1017.6,21.0
2022-07-10 03:00:00,0.295,1017.3,21.1
2022-07-10 04:00:00,0.259,1017.5,21.1
2022-07-10 05:00:00,0.47,1017.5,21.1
2022-07-10 06:00:00,0.765,1017.3,21.0
2022-07-10 07:00:00,1.064,1017.3,20.3
2022-07-10 08:00:00,1.27,1017.5,20.6
2022-07-10 09:00:00,1.384,1017.8,20.6
2022-07-10 10:00:00,1.411,1018.5,20.7
2022-07-10 11:00:00,1.26,1018.8,20.7
2022-07-10 12:00:00,0.974,1019.0,20.6
2022-07-10 13:00:00,0.647,1019.5,20.7
2022-07-10 14:00:00,0.436,1019.7,20.9
2022-07-10 15:00:00,0.253,1019.5,21.1
2022-07-10 16:00:00,0.142,1019.2,21.3
2022-07-10 17:00:00,0.312,1018.8,21.8
2022-07-10 18:00:00,0.711,1018.7,21.8
2022-07-10 19:00:00,1.196,1018.2,22.0
2022-07-10 20:00:00,1.551,1017.5,21.2
2022-07-10 21:00:00,1.76,1017.3,21.2
2022-07-10 22:00:00,1.823,1016.8,21.3
2022-07-10 23:00:00,1.719,1016.7,21.6
2022-07-11 00:00:00,1.469,1017.0,21.2
2022-07-11 01:00:00,1.141,1017.4,21.2
2022-07-11 02:00:00,0.75,1017.5,21.2
2022-07-11 03:00:00,0.479,1017.1,21.2
2022-07-11 04:00:00,0.235,1017.1,21.2
2022-07-11 05:00:00,0.137,1016.4,21.3
2022-07-11 06:00:00,0.336,1016.3,21.2
2022-07-11 07:00:00,0.694,1016.4,21.1
2022-07-11 08:00:00,1.06,1016.4,21.1
2022-07-11 09:00:00,1.319,1016.3,21.1
2022-07-11 10:00:00,1.482,1016.1,21.1
2022-07-11 11:00:00,1.467,1016.3,21.1
2022-07-11 12:00:00,1.256,1016.2,21.1
2022-07-11 13:00:00,0.948,1016.4,21.2
2022-07-11 14:00:00,0.635,1015.7,21.3
2022-07-11 15:00:00,0.394,1015.2,21.6
2022-07-11 16:00:00,0.201,1014.8,21.6
2022-07-11 17:00:00,0.108,1014.4,21.7
2022-07-11 18:00:00,0.313,1013.6,21.9
2022-07-11 19:00:00,0.777,1013.1,22.0
2022-07-11 20:00:00,1.274,1012.6,21.4
2022-07-11 21:00:00,1.659,1012.5,21.5
2022-07-11 22:00:00,1.863,1011.7,21.5
2022-07-11 23:00:00,1.934,1011.5,21.5
2022-07-12 00:00:00,1.822,1011.7,21.5
2022-07-12 01:00:00,1.54,1011.5,21.5
2022-07-12 02:00:00,1.125,1011.7,21.5
2022-07-12 03:00:00,0.735,1011.5,21.4
2022-07-12 04:00:00,0.407,1011.3,21.6
2022-07-12 05:00:00,0.146,1012.1,21.6
2022-07-12 06:00:00,0.041,1012.0,21.4
2022-07-12 07:00:00,0.243,1011.6,21.5
2022-07-12 08:00:00,0.639,1010.9,21.3
2022-07-12 09:00:00,1.053,1010.7,21.4
2022-07-12 10:00:00,1.353,1010.6,21.5
2022-07-12 11:00:00,1.54,1010.6,21.5
2022-07-12 12:00:00,1.552,1009.9,21.5
2022-07-12 13:00:00,1.357,1009.5,21.5
2022-07-12 14:00:00,1.035,1008.8,21.6
2022-07-12 15:00:00,0.678,1008.6,21.7
2022-07-12 16:00:00,0.396,1008.0,21.9
2022-07-12 17:00:00,0.182,1007.7,22.0
2022-07-12 18:00:00,0.079,1007.2,22.0
2022-07-12 19:00:00,0.315,1006.4,22.1
2022-07-12 20:00:00,0.843,1005.7,22.1
2022-07-12 21:00:00,1.382,1005.7,21.8
2022-07-12 22:00:00,1.701,1005.9,21.9
2022-07-12 23:00:00,1.89,1005.7,22.1
2022-07-13 00:00:00,1.976,1006.4,21.9
2022-07-13 01:00:00,1.849,1006.5,22.0
2022-07-13 02:00:00,1.54,1007.6,22.0
2022-07-13 03:00:00,1.055,1007.7,22.0
2022-07-13 04:00:00,0.662,1008.0,22.1
2022-07-13 05:00:00,0.326,1008.3,22.0
2022-07-13 06:00:00,0.032,1008.5,22.0
2022-07-13 07:00:00,-0.063,1009.2,22.0
2022-07-13 08:00:00,0.137,1009.3,22.0
2022-07-13 09:00:00,0.676,1009.8,21.8
2022-07-13 10:00:00,1.114,1010.8,22.0
2022-07-13 11:00:00,1.503,1011.7,22.0
2022-07-13 12:00:00,1.63,1012.2,21.9
2022-07-13 13:00:00,1.557,1012.8,22.0
2022-07-13 14:00:00,1.326,1012.8,22.1
2022-07-13 15:00:00,0.952,1013.0,22.1
2022-07-13 16:00:00,0.623,1012.9,22.1
2022-07-13 17:00:00,0.364,1012.7,22.5
2022-07-13 18:00:00,0.133,1012.1,22.5
2022-07-13 19:00:00,0.036,1012.0,22.6
2022-07-13 20:00:00,0.285,1011.8,22.8
2022-07-13 21:00:00,0.795,1011.7,23.0
2022-07-13 22:00:00,1.352,1011.5,22.3
2022-07-13 23:00:00,1.738,1011.7,22.3
2022-07-14 00:00:00,1.96,1011.7,22.3
2022-07-14 01:00:00,2.04,1012.1,22.4
2022-07-14 02:00:00,1.883,1012.8,22.3
2022-07-14 03:00:00,1.527,1012.9,22.2
2022-07-14 04:00:00,1.04,1012.7,22.3
2022-07-14 05:00:00,0.63,1012.8,22.4
2022-07-14 06:00:00,0.307,1012.7,22.4
2022-07-14 07:00:00,0.011,1012.9,22.3
2022-07-14 08:00:00,-0.036,1012.7,22.3
2022-07-14 09:00:00,0.249,1012.9,22.3
2022-07-14 10:00:00,0.72,1013.4,22.1
2022-07-14 11:00:00,1.187,1014.0,22.4
2022-07-14 12:00:00,1.537,1014.4,22.4
2022-07-14 13:00:00,1.719,1014.7,22.3
2022-07-14 14:00:00,1.664,1015.0,22.4
2022-07-14 15:00:00,1.377,1015.6,22.5
2022-07-14 16:00:00,0.974,1015.5,22.5
2022-07-14 17:00:00,0.583,1015.2,22.6
2022-07-14 18:00:00,0.34,1014.8,22.8
2022-07-14 19:00:00,0.127,1014.7,22.9
2022-07-14 20:00:00,0.038,1014.5,22.7
2022-07-14 21:00:00,0.306,1014.6,22.8
2022-07-14 22:00:00,0.814,1014.6,22.9
2022-07-14 23:00:00,1.374,1014.9,22.5
2022-07-15 00:00:00,1.727,1015.6,22.6
2022-07-15 01:00:00,1.947,1016.4,22.6
2022-07-15 02:00:00,2.007,1017.3,22.7
2022-07-15 03:00:00,1.827,1017.8,22.5
2022-07-15 04:00:00,1.462,1018.7,22.5
2022-07-15 05:00:00,0.941,1018.8,22.5
2022-07-15 06:00:00,0.543,1019.1,22.5
2022-07-15 07:00:00,0.203,1019.2,22.5
2022-07-15 08:00:00,-0.059,1019.2,22.5
2022-07-15 09:00:00,-0.061,1019.5,22.5
2022-07-15 10:00:00,0.308,1019.6,22.4
2022-07-15 11:00:00,0.758,1020.0,22.4
2022-07-15 12:00:00,1.22,1020.7,22.6
2022-07-15 13:00:00,1.542,1020.8,22.6
2022-07-15 14:00:00,1.678,1020.9,22.5
2022-07-15 15:00:00,1.653,1021.4,22.6
2022-07-15 16:00:00,1.397,1021.4,22.7
2022-07-15 17:00:00,1.01,1021.3,22.7
2022-07-15 18:00:00,0.623,1021.2,22.8
2022-07-15 19:00:00,0.37,1020.8,23.0
2022-07-15 20:00:00,0.127,1020.5,23.1
2022-07-15 21:00:00,0.092,1020.4,23.1
2022-07-15 22:00:00,0.367,1020.1,22.9
2022-07-15 23:00:00,0.882,1020.6,23.1
2022-07-16 00:00:00,1.396,1020.5,22.6
2022-07-16 01:00:00,1.724,1020.8,22.7
2022-07-16 02:00:00,1.9,1021.1,22.7
2022-07-16 03:00:00,1.942,1021.1,22.8
2022-07-16 04:00:00,1.747,1021.2,22.3
2022-07-16 05:00:00,1.374,1021.4,22.4
2022-07-16 06:00:00,0.898,1021.0,22.4
2022-07-16 07:00:00,0.519,1020.6,22.7
2022-07-16 08:00:00,0.198,1020.6,22.6
2022-07-16 09:00:00,-0.053,1020.3,22.6
2022-07-16 10:00:00,-0.03,1020.5,22.6
2022-07-16 11:00:00,0.35,1020.4,22.5
2022-07-16 12:00:00,0.798,1020.3,22.6
2022-07-16 13:00:00,1.26,1020.5,22.8
2022-07-16 14:00:00,1.554,1020.1,22.8
2022-07-16 15:00:00,1.702,1020.0,22.6
2022-07-16 16:00:00,1.635,1019.6,22.7
2022-07-16 17:00:00,1.34,1018.9,22.8
2022-07-16 18:00:00,0.92,1018.5,22.8
2022-07-16 19:00:00,0.617,1018.3,23.0
2022-07-16 20:00:00,0.366,1017.8,23.3
2022-07-16 21:00:00,0.161,1017.5,23.1
2022-07-16 22:00:00,0.143,1017.2,23.0
2022-07-16 23:00:00,0.431,1017.0,22.9
2022-07-17 00:00:00,0.909,1017.1,23.0
2022-07-17 01:00:00,1.348,1017.4,22.7
2022-07-17 02:00:00,1.64,1017.7,22.8
2022-07-17 03:00:00,1.832,1017.6,22.8
2022-07-17 04:00:00,1.875,1017.5,22.9
2022-07-17 05:00:00,1.679,1017.6,22.6
2022-07-17 06:00:00,1.276,1017.5,22.6
2022-07-17 07:00:00,0.802,1017.4,22.7
2022-07-17 08:00:00,0.447,1017.0,22.9
2022-07-17 09:00:00,0.158,1016.6,22.8
2022-07-17 10:00:00,-0.002,1016.7,22.7
2022-07-17 11:00:00,0.116,1017.0,22.7
2022-07-17 12:00:00,0.546,1017.4,22.5
2022-07-17 13:00:00,0.965,1017.4,22.8
2022-07-17 14:00:00,1.351,1017.3,22.9
2022-07-17 15:00:00,1.57,1017.2,22.9
2022-07-17 16:00:00,1.691,1016.9,22.9
2022-07-17 17:00:00,1.635,1016.9,22.9
2022-07-17 18:00:00,1.365,1016.9,23.0
2022-07-17 19:00:00,0.986,1016.6,23.0
2022-07-17 20:00:00,0.669,1016.3,23.1
2022-07-17 21:00:00,0.435,1016.1,23.3
2022-07-17 22:00:00,0.228,1015.9,23.2
2022-07-17 23:00:00,0.175,1015.9,23.1
2022-07-18 00:00:00,0.522,1015.9,22.8
2022-07-18 01:00:00,0.979,1015.9,23.1
2022-07-18 02:00:00,1.394,1016.0,22.9
2022-07-18 03:00:00,1.621,1016.3,23.0
2022-07-18 04:00:00,1.75,1016.5,22.9
2022-07-18 05:00:00,1.756,1016.4,23.0
2022-07-18 06:00:00,1.516,1016.0,23.0
2022-07-18 07:00:00,1.153,1015.6,23.0
2022-07-18 08:00:00,0.754,1015.3,22.9
2022-07-18 09:00:00,0.459,1015.2,23.0
2022-07-18 10:00:00,0.221,1014.9,22.9
2022-07-18 11:00:00,0.095,1015.3,22.9
2022-07-18 12:00:00,0.244,1015.1,22.8
2022-07-18 13:00:00,0.651,1014.7,22.8
2022-07-18 14:00:00,1.05,1014.3,23.0
2022-07-18 15:00:00,1.387,1013.4,23.1
2022-07-18 16:00:00,1.606,1013.0,23.0
2022-07-18 17:00:00,1.734,1011.5,23.0
2022-07-18 18:00:00,1.641,1010.4,23.1
2022-07-18 19:00:00,1.425,1009.9,23.1
2022-07-18 20:00:00,1.092,1009.6,23.1
2022-07-18 21:00:00,0.785,1008.5,23.2
2022-07-18 22:00:00,0.574,1008.2,23.4
2022-07-18 23:00:00,0.356,1008.5,23.3
2022-07-19 00:00:00,0.363,1007.4,23.2
2022-07-19 01:00:00,0.66,1007.7,23.0
2022-07-19 02:00:00,1.031,1007.9,23.0
2022-07-19 03:00:00,1.346,1008.0,23.1
2022-07-19 04:00:00,1.503,1008.3,23.1
2022-07-19 05:00:00,1.611,1008.3,23.1
2022-07-19 06:00:00,1.581,1008.2,23.3
2022-07-19 07:00:00,1.33,1008.2,23.2
2022-07-19 08:00:00,0.993,1007.8,23.2
2022-07-19 09:00:00,0.656,1008.1,23.2
2022-07-19 10:00:00,0.38,1008.4,23.2
2022-07-19 11:00:00,0.202,1009.0,23.2
2022-07-19 12:00:00,0.085,1009.6,23.2
2022-07-19 13:00:00,0.248,1009.7,23.2
2022-07-19 14:00:00,0.599,1009.7,23.5
2022-07-19 15:00:00,1.039,1009.5,23.2
2022-07-19 16:00:00,1.327,1009.2,23.3
2022-07-19 17:00:00,1.525,1008.8,23.4
2022-07-19 18:00:00,1.609,1008.5,23.6
2022-07-19 19:00:00,1.491,1008.3,23.7
2022-07-19 20:00:00,1.222,1008.1,24.0
2022-07-19 21:00:00,0.886,1007.8,24.1
2022-07-19 22:00:00,0.617,1007.3,24.3
2022-07-19 23:00:00,0.417,1007.1,24.3
2022-07-20 00:00:00,0.293,1007.5,24.2
2022-07-20 01:00:00,0.32,1008.1,24.0
2022-07-20 02:00:00,0.578,1008.6,23.8
2022-07-20 03:00:00,0.938,1008.8,23.7
2022-07-20 04:00:00,1.235,1008.8,23.5
2022-07-20 05:00:00,1.384,1008.7,23.5
2022-07-20 06:00:00,1.461,1008.6,23.6
2022-07-20 07:00:00,1.412,1008.5,23.6
2022-07-20 08:00:00,1.215,1008.4,23.6
2022-07-20 09:00:00,0.93,1008.6,23.6
2022-07-20 10:00:00,0.63,1008.9,23.6
2022-07-20 11:00:00,0.409,1009.3,23.6
2022-07-20 12:00:00,0.229,1009.5,23.7
2022-07-20 13:00:00,0.159,1009.5,23.8
2022-07-20 14:00:00,0.404,1009.1,24.0
2022-07-20 15:00:00,0.794,1009.0,24.1
2022-07-20 16:00:00,1.16,1008.6,23.5
2022-07-20 17:00:00,1.417,1008.3,23.8
2022-07-20 18:00:00,1.572,1007.8,23.7
2022-07-20 19:00:00,1.625,1007.3,23.8
2022-07-20 20:00:00,1.493,1006.8,24.0
2022-07-20 21:00:00,1.286,1006.2,23.8
2022-07-20 22:00:00,0.983,1005.7,23.9
2022-07-20 23:00:00,0.748,1005.6,24.0
2022-07-21 00:00:00,0.555,1006.0,24.2
2022-07-21 01:00:00,0.426,1006.8,24.2
2022-07-21 02:00:00,0.46,1007.3,24.2
2022-07-21 03:00:00,0.681,1007.3,24.2
2022-07-21 04:00:00,0.945,1007.0,24.0
2022-07-21 05:00:00,1.208,1006.6,24.1
2022-07-21 06:00:00,1.375,1006.2,23.8
2022-07-21 07:00:00,1.475,1005.8,23.8
2022-07-21 08:00:00,1.449,1005.6,23.9
2022-07-21 09:00:00,1.226,1005.0,23.8
2022-07-21 10:00:00,0.993,1004.9,23.8
2022-07-21 11:00:00,0.698,1005.1,23.8
2022-07-21 12:00:00,0.485,1005.4,24.0
2022-07-21 13:00:00,0.364,1005.4,24.0
2022-07-21 14:00:00,0.404,1005.2,24.3
2022-07-21 15:00:00,0.665,1005.5,24.4
2022-07-21 16:00:00,1.008,1004.9,24.5
2022-07-21 17:00:00,1.319,1004.0,24.0
2022-07-21 18:00:00,1.537,1003.8,24.1
2022-07-21 19:00:00,1.63,1003.8,23.9
2022-07-21 20:00:00,1.663,1003.8,24.0
2022-07-21 21:00:00,1.513,1003.6,23.9
2022-07-21 22:00:00,1.335,1003.4,24.0
2022-07-21 23:00:00,1.03,1004.2,24.3
2022-07-22 00:00:00,0.764,1005.4,24.7
2022-07-22 01:00:00,0.543,1006.0,24.6
2022-07-22 02:00:00,0.406,1006.7,24.6
2022-07-22 03:00:00,0.4,1007.0,24.4
2022-07-22 04:00:00,0.643,1007.0,24.3
2022-07-22 05:00:00,0.962,1007.0,24.3
2022-07-22 06:00:00,1.283,1007.5,23.8
2022-07-22 07:00:00,1.384,1008.1,23.8
2022-07-22 08:00:00,1.3,1008.8,23.9
2022-07-22 09:00:00,1.263,1009.6,24.0
2022-07-22 10:00:00,1.101,1010.3,23.8
2022-07-22 11:00:00,0.882,1010.9,23.9
2022-07-22 12:00:00,0.669,1011.6,23.9
2022-07-22 13:00:00,0.499,1012.2,24.2
2022-07-22 14:00:00,0.319,1012.4,24.3
2022-07-22 15:00:00,0.341,1012.4,24.7
2022-07-22 16:00:00,0.626,1012.4,25.0
2022-07-22 17:00:00,0.975,1012.4,25.3
2022-07-22 18:00:00,1.32,1011.9,24.0
2022-07-22 19:00:00,1.54,1011.8,24.3
2022-07-22 20:00:00,1.59,1011.8,24.2
2022-07-22 21:00:00,1.567,1011.8,24.1
2022-07-22 22:00:00,1.435,1011.9,24.2
2022-07-22 23:00:00,1.289,1012.8,24.2
2022-07-23 00:00:00,0.993,1012.7,24.3
2022-07-23 01:00:00,0.78,1013.2,24.5
2022-07-23 02:00:00,0.546,1013.5,24.5
2022-07-23 03:00:00,0.36,1014.0,24.4
2022-07-23 04:00:00,0.415,1014.2,24.5
2022-07-23 05:00:00,0.647,1014.1,24.6
2022-07-23 06:00:00,0.923,1014.2,24.4
2022-07-23 07:00:00,1.154,1014.4,24.0
2022-07-23 08:00:00,1.282,1014.7,23.9
2022-07-23 09:00:00,1.316,1015.3,23.9
2022-07-23 10:00:00,1.253,1015.9,24.0
2022-07-23 11:00:00,1.07,1016.3,23.9
2022-07-23 12:00:00,0.824,1016.6,24.3
2022-07-23 13:00:00,0.561,1016.9,24.2
2022-07-23 14:00:00,0.427,1016.8,24.2
2022-07-23 15:00:00,0.372,1016.8,24.6
2022-07-23 16:00:00,0.453,1016.5,25.0
2022-07-23 17:00:00,0.69,1016.6,25.1
2022-07-23 18:00:00,0.992,1016.3,24.9
2022-07-23 19:00:00,1.308,1015.9,23.8
2022-07-23 20:00:00,1.487,1015.5,24.2
2022-07-23 21:00:00,1.555,1015.2,24.2
2022-07-23 22:00:00,1.55,1015.5,23.9
2022-07-23 23:00:00,1.422,1015.5,24.2
2022-07-24 00:00:00,1.23,1015.7,24.2
2022-07-24 01:00:00,0.919,1016.5,24.0
2022-07-24 02:00:00,0.647,1016.6,24.4
2022-07-24 03:00:00,0.409,1016.2,24.6
2022-07-24 04:00:00,0.291,1016.6,24.6
2022-07-24 05:00:00,0.404,1016.5,24.6
2022-07-24 06:00:00,0.652,1016.0,24.7
2022-07-24 07:00:00,0.916,1016.1,24.3
2022-07-24 08:00:00,1.133,1016.5,23.6
2022-07-24 09:00:00,1.241,1016.1,23.6
2022-07-24 10:00:00,1.278,1015.8,24.0
2022-07-24 11:00:00,1.214,1015.8,24.0
2022-07-24 12:00:00,1.043,1017.2,24.0
2022-07-24 13:00:00,0.792,1017.6,24.3
2022-07-24 14:00:00,0.576,1017.1,24.2
2022-07-24 15:00:00,0.465,1017.1,24.3
2022-07-24 16:00:00,0.414,1016.6,24.4
2022-07-24 17:00:00,0.476,1015.9,24.7
2022-07-24 18:00:00,0.709,1015.4,24.9
2022-07-24 19:00:00,1.082,1014.8,24.5
2022-07-24 20:00:00,1.407,1014.1,23.7
2022-07-24 21:00:00,1.567,1013.8,24.1
2022-07-24 22:00:00,1.583,1013.4,24.3
2022-07-24 23:00:00,1.527,1013.6,24.7
2022-07-25 00:00:00,1.36,1013.9,24.6
2022-07-25 01:00:00,1.132,1014.1,24.6
2022-07-25 02:00:00,0.83,1014.8,24.4
2022-07-25 03:00:00,0.564,1014.0,24.6
2022-07-25 04:00:00,0.37,1014.1,24.7
2022-07-25 05:00:00,0.293,1013.6,24.6
2022-07-25 06:00:00,0.366,1013.2,24.6
2022-07-25 07:00:00,0.6,1012.6,24.6
2022-07-25 08:00:00,0.874,1012.5,24.3
2022-07-25 09:00:00,1.101,1012.1,23.8
2022-07-25 10:00:00,1.224,1011.8,23.8
2022-07-25 11:00:00,1.275,1011.9,24.1
2022-07-25 12:00:00,1.165,1011.8,24.1
2022-07-25 13:00:00,0.976,1011.7,24.2
2022-07-25 14:00:00,0.713,1012.0,24.7
2022-07-25 15:00:00,0.494,1012.2,24.2
2022-07-25 16:00:00,0.365,1012.0,24.4
2022-07-25 17:00:00,0.339,1012.2,24.6
2022-07-25 18:00:00,0.428,1011.5,24.4
2022-07-25 19:00:00,0.674,1011.4,24.7
2022-07-25 20:00:00,1.023,1011.1,24.7
2022-07-25 21:00:00,1.319,1010.7,23.9
2022-07-25 22:00:00,1.478,1010.5,23.8
2022-07-25 23:00:00,1.512,1010.8,23.9
2022-07-26 00:00:00,1.476,1010.9,23.8
2022-07-26 01:00:00,1.279,1012.0,24.1
2022-07-26 02:00:00,0.97,1012.6,24.1
2022-07-26 03:00:00,0.652,1013.0,24.0
2022-07-26 04:00:00,0.439,1013.1,24.1
2022-07-26 05:00:00,0.229,1013.1,24.1
2022-07-26 06:00:00,0.145,1013.3,24.1
2022-07-26 07:00:00,0.326,1014.2,24.2
2022-07-26 08:00:00,0.652,1014.7,24.2
2022-07-26 09:00:00,0.971,1015.3,24.0
2022-07-26 10:00:00,1.046,1015.6,23.7
2022-07-26 11:00:00,1.11,1016.4,23.8
2022-07-26 12:00:00,1.14,1017.1,23.8
2022-07-26 13:00:00,1.127,1017.2,23.8
2022-07-26 14:00:00,0.94,1016.9,23.9
2022-07-26 15:00:00,0.694,1016.9,23.7
2022-07-26 16:00:00,0.47,1016.8,24.1
2022-07-26 17:00:00,0.314,1016.8,23.9
2022-07-26 18:00:00,0.287,1016.5,24.0
2022-07-26 19:00:00,0.485,1015.9,24.5
2022-07-26 20:00:00,0.848,1015.1,24.7
2022-07-26 21:00:00,1.239,1014.9,24.0
2022-07-26 22:00:00,1.473,1014.7,24.0
2022-07-26 23:00:00,1.568,1014.6,23.6
2022-07-27 00:00:00,1.619,1014.5,23.7
2022-07-27 01:00:00,1.528,1015.2,23.7
2022-07-27 02:00:00,1.28,1015.7,23.5
2022-07-27 03:00:00,0.91,1015.4,23.4
2022-07-27 04:00:00,0.578,1015.2,23.3
2022-07-27 05:00:00,0.372,1015.4,23.5
2022-07-27 06:00:00,0.283,1015.3,23.6
2022-07-27 07:00:00,0.286,1014.9,23.6
2022-07-27 08:00:00,0.471,1014.8,23.6
2022-07-27 09:00:00,0.725,1014.7,23.6
2022-07-27 10:00:00,1.032,1014.9,23.1
2022-07-27 11:00:00,1.259,1015.1,23.2
2022-07-27 12:00:00,1.363,1015.1,23.3
2022-07-27 13:00:00,1.324,1015.0,23.1
2022-07-27 14:00:00,1.18,1014.1,23.2
2022-07-27 15:00:00,0.947,1014.9,23.4
2022-07-27 16:00:00,0.652,1014.8,23.9
2022-07-27 17:00:00,0.472,1014.2,23.9
2022-07-27 18:00:00,0.367,1013.8,24.2
2022-07-27 19:00:00,0.415,1013.6,24.3
2022-07-27 20:00:00,0.64,1013.4,24.6
2022-07-27 21:00:00,1.021,1012.9,24.1
2022-07-27 22:00:00,1.413,1012.6,23.7
2022-07-27 23:00:00,1.651,1012.6,23.3
2022-07-28 00:00:00,1.652,1012.1,23.7
2022-07-28 01:00:00,1.616,1012.1,23.3
2022-07-28 02:00:00,1.459,1012.3,23.2
2022-07-28 03:00:00,1.184,1012.4,23.0
2022-07-28 04:00:00,0.85,1012.4,23.0
2022-07-28 05:00:00,0.61,1012.0,23.0
2022-07-28 06:00:00,0.372,1012.2,23.2
2022-07-28 07:00:00,0.215,1011.5,23.3
2022-07-28 08:00:00,0.27,1011.5,23.3
2022-07-28 09:00:00,0.557,1010.9,23.4
2022-07-28 10:00:00,0.926,1011.2,23.4
2022-07-28 11:00:00,1.241,1011.6,23.0
2022-07-28 12:00:00,1.371,1012.0,23.0
2022-07-28 13:00:00,1.434,1011.9,23.0
2022-07-28 14:00:00,1.349,1011.5,23.1
2022-07-28 15:00:00,1.137,1011.3,23.0
2022-07-28 16:00:00,0.87,1011.2,23.6
2022-07-28 17:00:00,0.591,1011.0,23.3
2022-07-28 18:00:00,0.401,1010.3,23.9
2022-07-28 19:00:00,0.345,1010.0,24.0
2022-07-28 20:00:00,0.485,1009.5,24.2
2022-07-28 21:00:00,0.821,1009.2,24.0
2022-07-28 22:00:00,1.231,1008.7,23.7
2022-07-28 23:00:00,1.547,1008.7,23.4
2022-07-29 00:00:00,1.691,1008.6,23.1
2022-07-29 01:00:00,1.708,1009.1,23.2
2022-07-29 02:00:00,1.602,1009.9,23.3
2022-07-29 03:00:00,1.386,1010.0,23.1
2022-07-29 04:00:00,1.073,1010.2,23.1
2022-07-29 05:00:00,0.731,1010.4,23.0
2022-07-29 06:00:00,0.478,1010.5,23.1
2022-07-29 07:00:00,0.252,1010.6,23.1
2022-07-29 08:00:00,0.148,1011.1,23.2
2022-07-29 09:00:00,0.298,1011.5,23.2
2022-07-29 10:00:00,0.651,1012.2,23.3
2022-07-29 11:00:00,1.023,1012.4,23.0
2022-07-29 12:00:00,1.296,1012.8,23.1
2022-07-29 13:00:00,1.438,1013.4,23.1
2022-07-29 14:00:00,1.435,1013.4,22.8
2022-07-29 15:00:00,1.301,1013.6,22.8
2022-07-29 16:00:00,1.035,1013.7,22.9
2022-07-29 17:00:00,0.719,1013.8,23.5
2022-07-29 18:00:00,0.486,1013.8,23.2
2022-07-29 19:00:00,0.326,1013.3,23.6
2022-07-29 20:00:00,0.29,1013.3,23.5
2022-07-29 21:00:00,0.513,1013.2,23.7
2022-07-29 22:00:00,0.898,1012.9,23.7
2022-07-29 23:00:00,1.313,1013.0,23.3
2022-07-30 00:00:00,1.547,1012.7,23.1
2022-07-30 01:00:00,1.614,1013.2,22.9
2022-07-30 02:00:00,1.642,1013.6,22.7
2022-07-30 03:00:00,1.497,1012.9,22.7
2022-07-30 04:00:00,1.245,1012.9,22.5
2022-07-30 05:00:00,0.917,1012.9,22.6
2022-07-30 06:00:00,0.6,1012.9,22.6
2022-07-30 07:00:00,0.366,1013.0,22.8
2022-07-30 08:00:00,0.186,1013.3,22.9
2022-07-30 09:00:00,0.163,1013.8,22.9
2022-07-30 10:00:00,0.436,1014.6,23.1
2022-07-30 11:00:00,0.79,1015.6,23.1
2022-07-30 12:00:00,1.157,1016.1,22.7
2022-07-30 13:00:00,1.344,1017.0,22.7
2022-07-30 14:00:00,1.469,1017.2,22.8
2022-07-30 15:00:00,1.364,1017.5,22.6
2022-07-30 16:00:00,1.157,1017.5,22.7
2022-07-30 17:00:00,0.852,1017.7,23.1
2022-07-30 18:00:00,0.561,1017.6,22.9
2022-07-30 19:00:00,0.395,1017.3,23.4
2022-07-30 20:00:00,0.284,1017.5,23.5
2022-07-30 21:00:00,0.35,1017.4,23.6
2022-07-30 22:00:00,0.634,1017.6,23.8
2022-07-30 23:00:00,1.009,1018.0,23.8
2022-07-31 00:00:00,1.349,1018.9,22.7
2022-07-31 01:00:00,1.529,1019.6,22.9
2022-07-31 02:00:00,1.589,1020.5,22.9
2022-07-31 03:00:00,1.538,1020.8,22.8
2022-07-31 04:00:00,1.355,1021.1,22.9
2022-07-31 05:00:00,1.039,1021.1,22.8
2022-07-31 06:00:00,0.66,1021.3,22.6
2022-07-31 07:00:00,0.386,1021.6,22.7
2022-07-31 08:00:00,0.181,1021.9,22.8
2022-07-31 09:00:00,0.075,1022.1,22.8
2022-07-31 10:00:00,0.251,1022.5,22.9
2022-07-31 11:00:00,0.615,1022.5,23.0
2022-07-31 12:00:00,0.972,1022.7,22.9
2022-07-31 13:00:00,1.217,1022.8,22.6
2022-07-31 14:00:00,1.373,1022.8,22.6
2022-07-31 15:00:00,1.463,1022.5,22.7
2022-07-31 16:00:00,1.383,1022.3,22.8
2022-07-31 17:00:00,1.141,1022.0,22.6
2022-07-31 18:00:00,0.793,1021.4,23.2
2022-07-31 19:00:00,0.524,1020.7,23.1
2022-07-31 20:00:00,0.368,1020.3,23.2
2022-07-31 21:00:00,0.291,1019.9,23.7
2022-07-31 22:00:00,0.42,1019.6,23.5
2022-07-31 23:00:00,0.775,1019.4,23.7
2022-08-01 00:00:00,1.198,1019.2,23.1
2022-08-01 01:00:00,1.505,1018.7,23.0
2022-08-01 02:00:00,1.609,1018.3,22.8
2022-08-01 03:00:00,1.596,1018.4,22.7
2022-08-01 04:00:00,1.505,1017.9,22.6
2022-08-01 05:00:00,1.267,1017.6,22.3
2022-08-01 06:00:00,0.957,1017.5,22.5
2022-08-01 07:00:00,0.65,1018.0,22.2
2022-08-01 08:00:00,0.381,1017.3,22.5
2022-08-01 09:00:00,0.163,1016.6,22.6
2022-08-01 10:00:00,0.161,1016.2,22.6
2022-08-01 11:00:00,0.496,1016.0,22.8
2022-08-01 12:00:00,0.853,1016.2,22.9
2022-08-01 13:00:00,1.18,1015.6,22.5
2022-08-01 14:00:00,1.369,1015.4,22.6
2022-08-01 15:00:00,1.521,1015.4,22.4
2022-08-01 16:00:00,1.605,1015.0,22.3
2022-08-01 17:00:00,1.458,1014.6,22.2
2022-08-01 18:00:00,1.152,1014.4,22.2
2022-08-01 19:00:00,0.774,1014.1,22.3
2022-08-01 20:00:00,0.535,1013.5,22.3
2022-08-01 21:00:00,0.38,1013.0,22.6
2022-08-01 22:00:00,0.365,1012.3,22.5
2022-08-01 23:00:00,0.611,1012.1,22.8
2022-08-02 00:00:00,0.982,1012.0,22.8
2022-08-02 01:00:00,1.369,1012.2,22.7
2022-08-02 02:00:00,1.545,1011.9,22.5
2022-08-02 03:00:00,1.639,1011.9,22.3
2022-08-02 04:00:00,1.629,1011.6,22.3
2022-08-02 05:00:00,1.514,1011.1,22.0
2022-08-02 06:00:00,1.257,1011.1,22.0
2022-08-02 07:00:00,0.906,1010.5,22.0
2022-08-02 08:00:00,0.596,1010.7,21.8
2022-08-02 09:00:00,0.348,1010.2,22.1
2022-08-02 10:00:00,0.196,1010.3,22.2
2022-08-02 11:00:00,0.288,1010.9,22.2
2022-08-02 12:00:00,0.631,1010.7,22.5
2022-08-02 13:00:00,0.982,1010.6,22.6
2022-08-02 14:00:00,1.295,1010.4,22.2
2022-08-02 15:00:00,1.457,1010.5,22.2
2022-08-02 16:00:00,1.563,1009.9,21.9
2022-08-02 17:00:00,1.554,1009.6,22.3
2022-08-02 18:00:00,1.316,1009.3,22.4
2022-08-02 19:00:00,1.032,1009.2,22.5
2022-08-02 20:00:00,0.744,1008.8,22.5
2022-08-02 21:00:00,0.541,1008.5,22.9
2022-08-02 22:00:00,0.403,1008.6,23.1
2022-08-02 23:00:00,0.42,1009.0,22.9
2022-08-03 00:00:00,0.7,1009.6,23.2
2022-08-03 01:00:00,1.05,1010.2,23.2
2022-08-03 02:00:00,1.362,1011.0,22.9
2022-08-03 03:00:00,1.495,1011.4,22.5
2022-08-03 04:00:00,1.562,1012.2,22.1
2022-08-03 05:00:00,1.513,1012.9,22.5
2022-08-03 06:00:00,1.342,1012.9,22.2
2022-08-03 07:00:00,1.053,1013.3,22.1
2022-08-03 08:00:00,0.723,1013.7,22.2
2022-08-03 09:00:00,0.452,1014.7,22.3
2022-08-03 10:00:00,0.292,1015.1,22.4
2022-08-03 11:00:00,0.222,1015.3,22.4
2022-08-03 12:00:00,0.361,1015.6,22.6
2022-08-03 13:00:00,0.711,1015.7,22.9
2022-08-03 14:00:00,1.083,1016.5,22.9
2022-08-03 15:00:00,1.345,,
2022-08-03 16:00:00,1.503,,
2022-08-03 17:00:00,1.592,,
2022-08-03 18:00:00,1.499,,
2022-08-03 19:00:00,1.255,,
2022-08-03 20:00:00,0.941,,
2022-08-03 21:00:00,0.68,,
2022-08-03 22:00:00,0.498,,
2022-08-03 23:00:00,0.395,,
2022-08-04 00:00:00,0.497,,
2022-08-04 01:00:00,0.757,1016.1,23.7
2022-08-04 02:00:00,1.046,1016.9,23.2
2022-08-04 03:00:00,1.263,1017.3,23.6
2022-08-04 04:00:00,1.391,1017.1,22.9
2022-08-04 05:00:00,1.45,1017.1,22.6
2022-08-04 06:00:00,1.392,1017.0,22.8
2022-08-04 07:00:00,1.187,1017.1,22.6
2022-08-04 08:00:00,0.936,1017.1,22.6
2022-08-04 09:00:00,0.619,1017.0,22.6
2022-08-04 10:00:00,0.417,1017.6,22.8
2022-08-04 11:00:00,0.249,1018.4,22.9
2022-08-04 12:00:00,0.203,1018.7,22.9
2022-08-04 13:00:00,0.393,1018.3,23.3
2022-08-04 14:00:00,0.796,1018.2,23.4
2022-08-04 15:00:00,1.15,,
2022-08-04 16:00:00,1.39,,
2022-08-04 17:00:00,1.526,,
2022-08-04 18:00:00,1.612,,
2022-08-04 19:00:00,1.482,,
2022-08-04 20:00:00,1.263,,
2022-08-04 21:00:00,0.918,,
2022-08-04 22:00:00,0.667,,
2022-08-04 23:00:00,0.483,1016.2,23.5
2022-08-05 00:00:00,0.404,1016.7,23.9
2022-08-05 01:00:00,0.467,1017.4,23.7
2022-08-05 02:00:00,0.696,1017.8,23.9
2022-08-05 03:00:00,0.93,1018.2,23.6
2022-08-05 04:00:00,1.207,1018.5,23.4
2022-08-05 05:00:00,1.344,1018.5,23.1
2022-08-05 06:00:00,1.373,1018.6,23.2
2022-08-05 07:00:00,1.209,1018.6,23.2
2022-08-05 08:00:00,1.056,1018.6,23.2
2022-08-05 09:00:00,0.812,1019.0,23.4
2022-08-05 10:00:00,0.559,1019.4,23.2
2022-08-05 11:00:00,0.334,1019.9,23.5
2022-08-05 12:00:00,0.195,1020.8,23.5
2022-08-05 13:00:00,0.145,1020.8,23.7
2022-08-05 14:00:00,0.404,1021.2,23.9
2022-08-05 15:00:00,0.783,1021.4,24.0
2022-08-05 16:00:00,1.126,1021.4,23.5
2022-08-05 17:00:00,1.373,1021.6,23.4
2022-08-05 18:00:00,1.489,1021.3,23.5
2022-08-05 19:00:00,1.551,1020.5,23.5
2022-08-05 20:00:00,1.385,1020.1,23.9
2022-08-05 21:00:00,1.161,1020.1,23.7
2022-08-05 22:00:00,0.816,1020.0,23.7
2022-08-05 23:00:00,0.571,1020.2,23.9
2022-08-06 00:00:00,0.383,1021.0,24.0
2022-08-06 01:00:00,0.251,1021.8,24.1
2022-08-06 02:00:00,0.3,1021.5,24.1
2022-08-06 03:00:00,0.571,1022.0,24.1
2022-08-06 04:00:00,0.854,1022.0,23.9
2022-08-06 05:00:00,1.08,1022.1,23.4
2022-08-06 06:00:00,1.219,1021.7,23.4
2022-08-06 07:00:00,1.289,1021.8,23.6
2022-08-06 08:00:00,1.256,1022.3,23.6
2022-08-06 09:00:00,1.02,1022.2,23.6
2022-08-06 10:00:00,0.749,1023.1,23.7
2022-08-06 11:00:00,0.463,1023.5,23.7
2022-08-06 12:00:00,0.284,1023.8,23.7
2022-08-06 13:00:00,0.183,1024.4,23.9
2022-08-06 14:00:00,0.23,1024.0,24.0
2022-08-06 15:00:00,0.476,1023.9,24.3
2022-08-06 16:00:00,0.819,1023.6,24.2
2022-08-06 17:00:00,1.157,1023.1,24.0
2022-08-06 18:00:00,1.398,1022.7,23.9
2022-08-06 19:00:00,1.592,1022.3,24.4
2022-08-06 20:00:00,1.632,1021.7,24.4
2022-08-06 21:00:00,1.463,1021.2,24.1
2022-08-06 22:00:00,1.19,1021.2,24.0
2022-08-06 23:00:00,0.813,1021.3,24.0
2022-08-07 00:00:00,0.58,1021.4,23.9
2022-08-07 01:00:00,0.384,1021.8,24.3
2022-08-07 02:00:00,0.224,1022.6,24.4
2022-08-07 03:00:00,0.225,1023.0,24.4
2022-08-07 04:00:00,0.462,1023.0,24.3
2022-08-07 05:00:00,0.767,1022.8,24.4
2022-08-07 06:00:00,1.064,1022.4,23.6
2022-08-07 07:00:00,1.211,1022.2,23.8
2022-08-07 08:00:00,1.244,1022.2,23.9
2022-08-07 09:00:00,1.161,1022.1,23.9
2022-08-07 10:00:00,0.987,1022.3,24.0
2022-08-07 11:00:00,0.751,1022.5,24.2
2022-08-07 12:00:00,0.486,1022.8,24.1
2022-08-07 13:00:00,0.257,1023.0,24.1
2022-08-07 14:00:00,0.109,1022.5,24.4
2022-08-07 15:00:00,0.113,1022.3,24.4
2022-08-07 16:00:00,0.405,1021.3,24.8
2022-08-07 17:00:00,0.81,1020.8,24.7
2022-08-07 18:00:00,1.208,1020.2,24.5
2022-08-07 19:00:00,1.463,1020.4,24.1
2022-08-07 20:00:00,1.58,1019.3,24.6
2022-08-07 21:00:00,1.587,1018.3,24.7
2022-08-07 22:00:00,1.451,1018.0,24.5
2022-08-07 23:00:00,1.205,1018.0,24.3
2022-08-08 00:00:00,0.86,1018.3,24.2
2022-08-08 01:00:00,0.573,1018.7,24.3
2022-08-08 02:00:00,0.272,1019.2,24.5
2022-08-08 03:00:00,0.077,1019.2,24.5
2022-08-08 04:00:00,0.055,1019.1,24.4
2022-08-08 05:00:00,0.32,1018.9,24.5
2022-08-08 06:00:00,0.667,1018.5,24.4
2022-08-08 07:00:00,0.982,1018.2,24.1
2022-08-08 08:00:00,1.166,1018.1,24.1
2022-08-08 09:00:00,1.241,1017.9,24.1
2022-08-08 10:00:00,1.189,1017.9,24.2
2022-08-08 11:00:00,0.993,1018.1,24.0
2022-08-08 12:00:00,0.712,1018.1,24.0
2022-08-08 13:00:00,0.457,1017.7,24.2
2022-08-08 14:00:00,0.249,1017.2,24.4
2022-08-08 15:00:00,0.103,1016.8,24.6
2022-08-08 16:00:00,0.078,1016.4,24.6
2022-08-08 17:00:00,0.344,1015.8,24.9
2022-08-08 18:00:00,0.78,1014.9,25.0
2022-08-08 19:00:00,1.249,1014.3,24.6
2022-08-08 20:00:00,1.526,1013.5,24.5
2022-08-08 21:00:00,1.68,1013.1,24.7
2022-08-08 22:00:00,1.689,1012.7,25.1
2022-08-08 23:00:00,1.537,1012.3,24.5
2022-08-09 00:00:00,1.279,1012.8,24.1
2022-08-09 01:00:00,0.889,1013.2,24.2
2022-08-09 02:00:00,0.537,1013.4,24.1
2022-08-09 03:00:00,0.255,1013.4,24.6
2022-08-09 04:00:00,0.038,1013.8,24.6
2022-08-09 05:00:00,0.015,1013.8,24.6
2022-08-09 06:00:00,0.31,1013.4,24.6
2022-08-09 07:00:00,0.65,1013.1,24.6
2022-08-09 08:00:00,1.019,1013.0,24.3
2022-08-09 09:00:00,1.251,1013.0,24.4
2022-08-09 10:00:00,1.397,1013.3,24.3
2022-08-09 11:00:00,1.393,1013.5,24.3
2022-08-09 12:00:00,1.182,1013.7,24.2
2022-08-09 13:00:00,0.877,1013.7,24.1
2022-08-09 14:00:00,0.546,1013.4,24.4
2022-08-09 15:00:00,0.289,1013.4,24.8
2022-08-09 16:00:00,0.111,1012.9,25.0
2022-08-09 17:00:00,0.112,1012.4,25.0
2022-08-09 18:00:00,0.391,1012.2,25.1
2022-08-09 19:00:00,0.864,1011.9,25.2
2022-08-09 20:00:00,1.349,1011.4,24.7
2022-08-09 21:00:00,1.656,1011.4,24.6
2022-08-09 22:00:00,1.801,1011.8,24.7
2022-08-09 23:00:00,1.829,1012.4,24.8
2022-08-10 00:00:00,1.681,1013.0,24.6
2022-08-10 01:00:00,1.402,1013.6,24.2
2022-08-10 02:00:00,0.969,1014.3,24.2
2022-08-10 03:00:00,0.529,1014.5,24.4
2022-08-10 04:00:00,0.231,1014.9,24.5
2022-08-10 05:00:00,-0.019,1015.1,24.5
2022-08-10 06:00:00,-0.041,1015.0,24.6
2022-08-10 07:00:00,0.288,1015.6,24.6
2022-08-10 08:00:00,0.721,1015.8,24.6
2022-08-10 09:00:00,1.13,1016.6,24.5
2022-08-10 10:00:00,1.392,1016.9,24.7
2022-08-10 11:00:00,1.504,1017.4,24.4
2022-08-10 12:00:00,1.443,1018.2,24.3
2022-08-10 13:00:00,1.193,1018.1,24.2
2022-08-10 14:00:00,0.873,1018.2,24.2
2022-08-10 15:00:00,0.555,1018.1,24.3
2022-08-10 16:00:00,0.333,1018.0,24.6
2022-08-10 17:00:00,0.135,1017.9,24.7
2022-08-10 18:00:00,0.044,1017.2,24.8
2022-08-10 19:00:00,0.314,1016.3,25.0
2022-08-10 20:00:00,0.848,1015.7,25.0
2022-08-10 21:00:00,1.39,1015.1,24.6
2022-08-10 22:00:00,1.762,1014.9,24.5
2022-08-10 23:00:00,1.946,1015.3,24.6
2022-08-11 00:00:00,1.993,1015.5,24.5
2022-08-11 01:00:00,1.841,1015.8,23.2
2022-08-11 02:00:00,1.435,1015.5,23.3
2022-08-11 03:00:00,0.944,1015.3,23.4
2022-08-11 04:00:00,0.551,1015.2,24.1
2022-08-11 05:00:00,0.267,1014.6,24.1
2022-08-11 06:00:00,0.07,1014.3,24.2
2022-08-11 07:00:00,0.08,1013.7,24.2
2022-08-11 08:00:00,0.42,1013.1,24.3
2022-08-11 09:00:00,0.865,1012.8,24.2
2022-08-11 10:00:00,1.328,1013.1,24.2
2022-08-11 11:00:00,1.627,1013.5,24.3
2022-08-11 12:00:00,1.761,1012.8,24.1
2022-08-11 13:00:00,1.682,1013.3,23.9
2022-08-11 14:00:00,1.388,1013.1,23.9
2022-08-11 15:00:00,0.987,1013.0,23.9
2022-08-11 16:00:00,0.627,1012.9,23.9
2022-08-11 17:00:00,0.385,1012.2,24.2
2022-08-11 18:00:00,0.162,1011.9,24.4
2022-08-11 19:00:00,0.096,1011.4,24.5
2022-08-11 20:00:00,0.404,1010.8,24.6
2022-08-11 21:00:00,0.964,1010.8,24.9
2022-08-11 22:00:00,1.508,1010.7,24.3
2022-08-11 23:00:00,1.849,1010.6,24.4
2022-08-12 00:00:00,2.043,1011.1,24.0
2022-08-12 01:00:00,2.07,1011.5,24.2
2022-08-12 02:00:00,1.831,1012.0,22.8
2022-08-12 03:00:00,1.391,1012.3,23.1
2022-08-12 04:00:00,0.893,1012.8,23.3
2022-08-12 05:00:00,0.525,1012.9,23.7
2022-08-12 06:00:00,0.238,1013.0,23.7
2022-08-12 07:00:00,-0.011,1013.6,23.7
2022-08-12 08:00:00,0.004,1013.6,23.9
2022-08-12 09:00:00,0.384,1013.6,24.0
2022-08-12 10:00:00,0.872,1014.5,24.2
2022-08-12 11:00:00,1.345,1015.1,24.2
2022-08-12 12:00:00,1.671,1015.6,24.2
2022-08-12 13:00:00,1.81,1016.2,23.8
2022-08-12 14:00:00,1.677,1016.1,23.6
2022-08-12 15:00:00,1.383,1016.2,23.6
2022-08-12 16:00:00,0.944,1016.2,23.6
2022-08-12 17:00:00,0.592,1015.9,23.7
2022-08-12 18:00:00,0.317,1015.5,24.0
2022-08-12 19:00:00,0.118,1014.9,24.1
2022-08-12 20:00:00,0.083,1014.7,24.3
2022-08-12 21:00:00,0.435,1014.7,24.4
2022-08-12 22:00:00,0.971,1015.1,24.3
2022-08-12 23:00:00,1.52,1015.2,24.2
2022-08-13 00:00:00,1.832,1015.8,24.0
2022-08-13 01:00:00,1.999,1016.9,24.0
2022-08-13 02:00:00,1.985,1017.4,23.9
2022-08-13 03:00:00,1.712,1017.7,23.2
2022-08-13 04:00:00,1.26,1017.9,23.4
2022-08-13 05:00:00,0.784,1018.2,23.3
2022-08-13 06:00:00,0.414,1018.0,23.5
2022-08-13 07:00:00,0.116,1018.0,23.5
2022-08-13 08:00:00,-0.11,1018.2,23.4
2022-08-13 09:00:00,0.016,1018.6,23.6
2022-08-13 10:00:00,0.515,1019.0,23.7
2022-08-13 11:00:00,1.026,1019.5,23.9
2022-08-13 12:00:00,1.48,1019.7,23.9
2022-08-13 13:00:00,1.738,1019.7,23.7
2022-08-13 14:00:00,1.83,1019.8,23.4
2022-08-13 15:00:00,1.698,1019.7,23.4
2022-08-13 16:00:00,1.337,1019.8,23.3
2022-08-13 17:00:00,0.907,1019.4,23.4
2022-08-13 18:00:00,0.583,1019.0,23.5
2022-08-13 19:00:00,0.292,1018.4,23.6
2022-08-13 20:00:00,0.086,1017.8,23.8
2022-08-13 21:00:00,0.077,1017.6,23.9
2022-08-13 22:00:00,0.474,1017.3,23.9
2022-08-13 23:00:00,1.033,1017.5,23.9
2022-08-14 00:00:00,1.504,1017.9,23.8
2022-08-14 01:00:00,1.801,1018.6,23.8
2022-08-14 02:00:00,1.939,1018.8,23.6
2022-08-14 03:00:00,1.928,1018.9,23.5
2022-08-14 04:00:00,1.628,1019.1,23.0
2022-08-14 05:00:00,1.181,1018.9,23.2
2022-08-14 06:00:00,0.705,1018.5,23.2
2022-08-14 07:00:00,0.369,1018.4,23.3
2022-08-14 08:00:00,0.077,1018.4,23.3
2022-08-14 09:00:00,-0.069,1018.4,23.4
2022-08-14 10:00:00,0.147,1018.5,23.4
2022-08-14 11:00:00,0.647,1018.8,23.5
2022-08-14 12:00:00,1.131,1018.8,23.7
2022-08-14 13:00:00,1.512,1018.6,23.7
2022-08-14 14:00:00,1.761,1018.6,23.6
2022-08-14 15:00:00,1.829,1018.4,23.4
2022-08-14 16:00:00,1.663,1018.1,23.4
2022-08-14 17:00:00,1.27,1017.8,23.5
2022-08-14 18:00:00,0.87,1017.6,23.4
2022-08-14 19:00:00,0.556,1017.1,23.5
2022-08-14 20:00:00,0.315,1016.8,23.7
2022-08-14 21:00:00,0.135,1016.5,23.7
2022-08-14 22:00:00,0.202,1016.5,23.7
2022-08-14 23:00:00,0.629,1016.5,23.6
2022-08-15 00:00:00,1.142,1016.6,23.6
2022-08-15 01:00:00,1.55,1017.0,23.6
2022-08-15 02:00:00,1.759,1017.2,23.6
2022-08-15 03:00:00,1.859,1017.2,23.4
2022-08-15 04:00:00,1.811,1017.2,23.3
2022-08-15 05:00:00,1.484,1017.1,23.0
2022-08-15 06:00:00,1.056,1016.7,23.1
2022-08-15 07:00:00,0.646,1016.5,23.1
2022-08-15 08:00:00,0.321,1016.4,23.2
2022-08-15 09:00:00,0.089,1016.1,23.2
2022-08-15 10:00:00,0.022,1016.1,23.2
2022-08-15 11:00:00,0.325,1016.1,23.3
2022-08-15 12:00:00,0.777,1015.9,23.4
2022-08-15 13:00:00,1.237,1016.0,23.6
2022-08-15 14:00:00,1.554,1016.1,23.6
2022-08-15 15:00:00,1.793,1015.9,23.5
2022-08-15 16:00:00,1.852,1015.7,23.3
2022-08-15 17:00:00,1.641,1015.6,23.3
2022-08-15 18:00:00,1.242,1015.8,23.4
2022-08-15 19:00:00,0.836,1015.6,23.3
2022-08-15 20:00:00,0.568,1015.1,24.0
2022-08-15 21:00:00,0.381,1014.7,23.8
2022-08-15 22:00:00,0.239,1014.9,23.6
2022-08-15 23:00:00,0.346,1015.1,23.6
2022-08-16 00:00:00,0.724,1015.4,23.7
2022-08-16 01:00:00,1.163,1015.8,23.6
2022-08-16 02:00:00,1.488,1016.0,23.5
2022-08-16 03:00:00,1.698,1016.2,23.6
2022-08-16 04:00:00,1.795,1016.3,23.4
2022-08-16 05:00:00,1.711,1016.2,23.3
2022-08-16 06:00:00,1.384,1015.8,23.3
2022-08-16 07:00:00,0.981,1015.9,23.3
2022-08-16 08:00:00,0.614,1015.7,23.3
2022-08-16 09:00:00,0.372,1015.4,23.2
2022-08-16 10:00:00,0.216,1015.7,23.2
2022-08-16 11:00:00,0.279,1016.1,23.3
2022-08-16 12:00:00,0.646,1016.9,23.4
2022-08-16 13:00:00,1.063,1017.0,23.6
2022-08-16 14:00:00,1.453,1016.8,23.6
2022-08-16 15:00:00,1.7,1017.0,23.6
2022-08-16 16:00:00,1.83,1017.0,23.4
2022-08-16 17:00:00,1.861,1016.5,23.4
2022-08-16 18:00:00,1.647,1016.3,23.2
2022-08-16 19:00:00,1.363,1015.8,23.4
2022-08-16 20:00:00,1.031,1015.6,23.4
2022-08-16 21:00:00,0.767,1015.4,23.7
2022-08-16 22:00:00,0.527,1015.4,23.9
2022-08-16 23:00:00,0.42,1015.4,23.8
2022-08-17 00:00:00,0.606,1015.8,23.6
2022-08-17 01:00:00,0.96,1016.1,23.7
2022-08-17 02:00:00,1.326,1016.3,23.4
2022-08-17 03:00:00,1.553,1016.3,23.4
2022-08-17 04:00:00,1.686,1016.4,23.5
2022-08-17 05:00:00,1.771,1016.3,23.4
2022-08-17 06:00:00,1.68,1016.2,23.4
2022-08-17 07:00:00,1.38,1016.2,23.3
2022-08-17 08:00:00,0.996,1016.3,23.3
2022-08-17 09:00:00,0.687,1016.3,23.2
2022-08-17 10:00:00,0.507,1016.4,23.2
2022-08-17 11:00:00,0.404,1016.8,23.3
2022-08-17 12:00:00,0.486,1016.9,23.3
2022-08-17 13:00:00,0.814,1017.0,23.5
2022-08-17 14:00:00,1.173,1017.0,23.5
2022-08-17 15:00:00,1.461,1017.0,23.5
2022-08-17 16:00:00,1.651,1016.7,23.4
2022-08-17 17:00:00,1.816,1016.0,23.4
2022-08-17 18:00:00,1.836,1015.5,23.4
2022-08-17 19:00:00,1.624,1014.9,23.4
2022-08-17 20:00:00,1.287,1014.3,23.4
2022-08-17 21:00:00,0.953,1013.7,23.3
2022-08-17 22:00:00,0.734,1013.7,23.5
2022-08-17 23:00:00,0.586,1013.7,23.5
2022-08-18 00:00:00,0.551,1013.7,23.5
2022-08-18 01:00:00,0.729,1014.1,23.5
2022-08-18 02:00:00,0.909,1015.0,23.6
2022-08-18 03:00:00,1.197,1014.4,23.3
2022-08-18 04:00:00,1.392,1013.7,23.4
2022-08-18 05:00:00,1.555,1013.5,23.4
2022-08-18 06:00:00,1.6,1013.0,23.3
2022-08-18 07:00:00,1.446,1012.9,23.3
2022-08-18 08:00:00,1.154,1012.9,23.3
2022-08-18 09:00:00,0.804,1013.1,23.2
2022-08-18 10:00:00,0.571,1013.2,23.2
2022-08-18 11:00:00,0.403,1013.7,23.1
2022-08-18 12:00:00,0.335,1013.8,23.2
2022-08-18 13:00:00,0.419,1013.6,23.3
2022-08-18 14:00:00,0.728,1013.2,23.5
2022-08-18 15:00:00,1.073,1012.9,23.5
2022-08-18 16:00:00,1.354,1012.5,23.6
2022-08-18 17:00:00,1.525,1012.3,23.5
2022-08-18 18:00:00,1.64,1012.1,23.6
2022-08-18 19:00:00,1.576,1011.5,23.5
2022-08-18 20:00:00,1.353,1011.4,23.9
2022-08-18 21:00:00,1.072,1011.7,23.6
2022-08-18 22:00:00,0.807,1012.0,23.8
2022-08-18 23:00:00,0.638,1012.1,24.0
2022-08-19 00:00:00,0.47,1012.7,23.9
2022-08-19 01:00:00,0.405,1013.3,23.8
2022-08-19 02:00:00,0.514,1014.0,23.7
2022-08-19 03:00:00,0.721,1014.4,23.7
2022-08-19 04:00:00,0.976,1014.9,23.7
2022-08-19 05:00:00,1.178,1015.3,23.5
2022-08-19 06:00:00,1.282,1015.6,23.4
2022-08-19 07:00:00,1.307,1015.8,23.5
2022-08-19 08:00:00,1.153,1016.1,23.5
2022-08-19 09:00:00,0.939,1016.4,23.4
2022-08-19 10:00:00,0.674,1016.8,23.5
2022-08-19 11:00:00,0.491,1017.4,23.4
2022-08-19 12:00:00,0.362,1018.2,23.4
2022-08-19 13:00:00,0.354,1018.6,23.6
2022-08-19 14:00:00,0.513,1018.8,23.9
2022-08-19 15:00:00,0.806,1018.7,23.9
2022-08-19 16:00:00,1.115,1018.5,23.9
2022-08-19 17:00:00,1.31,1018.0,23.8
2022-08-19 18:00:00,1.483,1017.7,23.8
2022-08-19 19:00:00,1.573,1018.1,23.9
2022-08-19 20:00:00,1.509,1017.8,23.7
2022-08-19 21:00:00,1.266,1017.8,23.8
2022-08-19 22:00:00,1.009,1017.6,23.8
2022-08-19 23:00:00,0.751,1017.8,23.8
2022-08-20 00:00:00,0.597,1017.9,23.9
2022-08-20 01:00:00,0.495,1018.6,23.9
2022-08-20 02:00:00,0.441,1019.3,24.0
2022-08-20 03:00:00,0.547,1019.6,24.0
2022-08-20 04:00:00,0.723,1019.9,24.1
2022-08-20 05:00:00,0.963,1020.1,23.8
2022-08-20 06:00:00,1.147,1020.3,23.7
2022-08-20 07:00:00,1.23,1020.5,23.6
2022-08-20 08:00:00,1.223,1020.7,23.7
2022-08-20 09:00:00,1.089,1020.4,23.7
2022-08-20 10:00:00,0.909,1020.7,23.7
2022-08-20 11:00:00,0.668,1021.0,23.8
2022-08-20 12:00:00,0.52,1021.2,23.8
2022-08-20 13:00:00,0.4,1021.7,23.9
2022-08-20 14:00:00,0.401,1022.0,23.8
2022-08-20 15:00:00,0.564,1022.0,24.2
2022-08-20 16:00:00,0.843,1021.8,24.2
2022-08-20 17:00:00,1.105,1021.2,24.2
2022-08-20 18:00:00,1.331,1021.0,24.1
2022-08-20 19:00:00,1.451,1020.5,24.0
2022-08-20 20:00:00,1.525,1020.4,24.2
2022-08-20 21:00:00,1.426,1020.4,24.1
2022-08-20 22:00:00,1.219,1020.6,24.0
2022-08-20 23:00:00,0.958,1020.4,24.0
2022-08-21 00:00:00,0.765,1020.5,24.0
2022-08-21 01:00:00,0.597,1020.8,24.2
2022-08-21 02:00:00,0.457,1021.0,24.3
2022-08-21 03:00:00,0.409,1020.9,24.3
2022-08-21 04:00:00,0.557,1020.9,24.3
2022-08-21 05:00:00,0.804,1020.7,24.3
2022-08-21 06:00:00,1.065,1020.3,24.3
2022-08-21 07:00:00,1.24,1020.5,23.7
2022-08-21 08:00:00,1.276,1020.5,23.9
2022-08-21 09:00:00,1.244,1020.8,24.0
2022-08-21 10:00:00,1.109,1021.0,24.0
2022-08-21 11:00:00,0.954,1021.2,24.0
2022-08-21 12:00:00,0.744,1021.4,23.9
2022-08-21 13:00:00,0.596,1020.9,24.0
2022-08-21 14:00:00,0.51,1020.8,24.1
2022-08-21 15:00:00,0.522,1020.7,24.2
2022-08-21 16:00:00,0.677,1020.8,24.2
2022-08-21 17:00:00,0.939,1020.3,24.3
2022-08-21 18:00:00,1.237,1020.1,24.1
2022-08-21 19:00:00,1.446,1019.7,24.2
2022-08-21 20:00:00,1.547,1019.2,24.2
2022-08-21 21:00:00,1.525,1018.5,24.3
2022-08-21 22:00:00,1.431,1017.8,24.1
2022-08-21 23:00:00,1.271,1017.5,24.0
2022-08-22 00:00:00,1.069,1017.3,24.0
2022-08-22 01:00:00,0.875,1017.5,24.0
2022-08-22 02:00:00,0.693,1017.5,24.1
2022-08-22 03:00:00,0.479,1017.0,24.1
2022-08-22 04:00:00,0.42,1016.9,24.1
2022-08-22 05:00:00,0.61,1016.7,24.2
2022-08-22 06:00:00,0.872,1016.6,24.2
2022-08-22 07:00:00,1.122,1016.0,24.1
2022-08-22 08:00:00,1.25,1015.5,24.0
2022-08-22 09:00:00,1.318,1014.5,23.9
2022-08-22 10:00:00,1.297,1014.4,23.9
2022-08-22 11:00:00,1.16,1014.6,23.9
2022-08-22 12:00:00,1.033,1014.4,23.9
2022-08-22 13:00:00,0.857,1014.2,24.0
2022-08-22 14:00:00,0.704,1014.1,24.1
2022-08-22 15:00:00,0.575,1013.7,24.1
2022-08-22 16:00:00,0.582,1013.6,24.1
2022-08-22 17:00:00,0.741,1012.9,24.3
2022-08-22 18:00:00,0.983,1012.5,24.5
2022-08-22 19:00:00,1.294,1011.5,24.1
2022-08-22 20:00:00,1.515,1011.3,24.1
2022-08-22 21:00:00,1.608,1010.8,24.1
2022-08-22 22:00:00,1.604,1010.5,24.1
2022-08-22 23:00:00,1.491,1010.1,24.0
2022-08-23 00:00:00,1.288,1010.4,24.0
2022-08-23 01:00:00,1.048,1010.8,24.0
2022-08-23 02:00:00,0.801,1010.9,24.0
2022-08-23 03:00:00,0.581,1011.0,24.2
2022-08-23 04:00:00,0.412,1010.4,24.2
2022-08-23 05:00:00,0.404,1009.8,24.2
2022-08-23 06:00:00,0.655,1009.6,24.2
2022-08-23 07:00:00,0.879,1009.4,24.2
2022-08-23 08:00:00,1.083,1009.4,24.3
2022-08-23 09:00:00,1.22,1009.0,24.0
2022-08-23 10:00:00,1.343,1009.2,24.0
2022-08-23 11:00:00,1.352,1009.7,24.0
2022-08-23 12:00:00,1.229,1010.1,24.1
2022-08-23 13:00:00,1.037,1010.0,24.2
2022-08-23 14:00:00,0.751,1010.3,24.1
2022-08-23 15:00:00,0.599,1010.3,24.2
2022-08-23 16:00:00,0.513,1009.9,24.3
2022-08-23 17:00:00,0.563,1009.5,24.6
2022-08-23 18:00:00,0.76,1009.2,24.8
2022-08-23 19:00:00,1.076,1009.0,24.6
2022-08-23 20:00:00,1.377,1008.7,24.3
2022-08-23 21:00:00,1.575,1008.7,24.4
2022-08-23 22:00:00,1.641,1009.0,24.5
2022-08-23 23:00:00,1.65,1009.5,24.7
2022-08-24 00:00:00,1.521,1010.5,24.4
2022-08-24 01:00:00,1.276,1011.3,24.4
2022-08-24 02:00:00,0.93,1011.9,24.4
2022-08-24 03:00:00,0.664,1012.0,24.4
2022-08-24 04:00:00,0.457,1012.3,24.5
2022-08-24 05:00:00,0.338,1012.5,24.3
2022-08-24 06:00:00,0.369,1012.4,24.3
2022-08-24 07:00:00,0.577,1012.6,24.4
2022-08-24 08:00:00,0.832,1012.9,24.3
2022-08-24 09:00:00,1.078,1013.4,24.0
2022-08-24 10:00:00,1.239,1013.7,24.1
2022-08-24 11:00:00,1.31,1014.3,24.1
2022-08-24 12:00:00,1.278,1014.9,24.1
2022-08-24 13:00:00,1.103,1015.3,24.1
2022-08-24 14:00:00,0.881,1015.4,24.2
2022-08-24 15:00:00,0.626,1015.6,24.4
2022-08-24 16:00:00,0.487,1015.1,24.4
2022-08-24 17:00:00,0.394,1014.7,24.7
2022-08-24 18:00:00,0.406,1014.2,24.7
2022-08-24 19:00:00,0.688,1014.0,24.7
2022-08-24 20:00:00,1.078,1013.9,24.8
2022-08-24 21:00:00,1.397,1013.7,24.3
2022-08-24 22:00:00,1.564,1013.9,24.4
2022-08-24 23:00:00,1.613,1014.0,24.5
2022-08-25 00:00:00,1.563,1014.3,24.5
2022-08-25 01:00:00,1.405,1014.9,24.5
2022-08-25 02:00:00,1.147,1015.3,24.5
2022-08-25 03:00:00,0.799,1015.8,24.3
2022-08-25 04:00:00,0.522,1016.2,24.4
2022-08-25 05:00:00,0.319,1016.6,24.4
2022-08-25 06:00:00,0.22,1016.5,24.4
2022-08-25 07:00:00,0.306,1016.4,24.4
2022-08-25 08:00:00,0.571,1016.5,24.4
2022-08-25 09:00:00,0.872,1016.1,24.4
2022-08-25 10:00:00,1.164,1016.6,24.2
2022-08-25 11:00:00,1.334,1017.2,24.2
2022-08-25 12:00:00,1.414,1017.5,24.2
2022-08-25 13:00:00,1.299,1017.7,24.3
2022-08-25 14:00:00,1.051,1018.0,24.3
2022-08-25 15:00:00,0.767,1017.9,24.6
2022-08-25 16:00:00,0.539,1017.7,24.4
2022-08-25 17:00:00,0.41,1017.2,24.9
2022-08-25 18:00:00,0.338,1016.9,25.0
2022-08-25 19:00:00,0.454,1016.5,25.2
2022-08-25 20:00:00,0.775,1016.2,25.3
2022-08-25 21:00:00,1.176,1016.0,24.8
2022-08-25 22:00:00,1.474,1016.0,24.6
2022-08-25 23:00:00,1.641,1016.0,24.7
2022-08-26 00:00:00,1.683,1016.3,24.8
2022-08-26 01:00:00,1.586,1017.1,24.6
2022-08-26 02:00:00,1.309,1017.1,24.6
2022-08-26 03:00:00,0.991,1016.6,24.5
2022-08-26 04:00:00,0.651,1016.6,24.4
2022-08-26 05:00:00,0.426,1016.6,24.4
2022-08-26 06:00:00,0.264,1016.0,24.5
2022-08-26 07:00:00,0.223,1015.6,24.5
2022-08-26 08:00:00,0.434,1015.4,24.6
2022-08-26 09:00:00,0.703,1015.3,24.6
2022-08-26 10:00:00,1.071,1015.0,24.4
2022-08-26 11:00:00,1.335,1014.8,24.4
2022-08-26 12:00:00,1.505,1014.5,24.4
2022-08-26 13:00:00,1.509,1014.7,24.5
2022-08-26 14:00:00,1.346,1014.3,24.5
2022-08-26 15:00:00,1.055,1014.3,24.6
2022-08-26 16:00:00,0.753,1013.8,24.8
2022-08-26 17:00:00,0.53,1013.0,25.2
2022-08-26 18:00:00,0.374,1012.4,25.0
2022-08-26 19:00:00,0.362,1011.7,24.9
2022-08-26 20:00:00,0.57,1011.1,25.0
2022-08-26 21:00:00,0.97,1010.6,24.8
2022-08-26 22:00:00,1.374,1010.8,24.7
2022-08-26 23:00:00,1.594,1011.0,24.7
2022-08-27 00:00:00,1.661,1011.8,24.7
2022-08-27 01:00:00,1.643,1012.5,24.6
2022-08-27 02:00:00,1.457,1013.0,24.5
2022-08-27 03:00:00,1.16,1013.2,24.6
2022-08-27 04:00:00,0.822,1013.4,24.5
2022-08-27 05:00:00,0.552,1013.4,24.5
2022-08-27 06:00:00,0.321,1013.1,24.5
2022-08-27 07:00:00,0.145,1013.1,24.5
2022-08-27 08:00:00,0.124,1013.3,24.6
2022-08-27 09:00:00,0.409,1013.6,24.6
2022-08-27 10:00:00,0.802,1014.0,24.6
2022-08-27 11:00:00,1.195,1014.5,24.6
2022-08-27 12:00:00,1.394,1015.4,24.6
2022-08-27 13:00:00,1.484,1015.9,24.5
2022-08-27 14:00:00,1.426,1016.2,24.5
2022-08-27 15:00:00,1.203,1016.4,24.6
2022-08-27 16:00:00,0.877,1016.4,24.6
2022-08-27 17:00:00,0.569,1016.0,24.9
2022-08-27 18:00:00,0.363,1015.8,25.1
2022-08-27 19:00:00,0.239,1015.3,25.0
2022-08-27 20:00:00,0.313,1015.0,25.2
2022-08-27 21:00:00,0.653,1015.4,25.2
2022-08-27 22:00:00,1.097,1016.0,25.1
2022-08-27 23:00:00,1.451,1016.5,24.8
2022-08-28 00:00:00,1.636,1017.0,24.7
2022-08-28 01:00:00,1.689,1017.6,24.8
2022-08-28 02:00:00,1.622,1018.1,24.7
2022-08-28 03:00:00,1.42,1018.7,24.7
2022-08-28 04:00:00,1.097,1018.8,24.7
2022-08-28 05:00:00,0.745,1018.9,24.6
2022-08-28 06:00:00,0.486,1019.1,24.6
2022-08-28 07:00:00,0.281,1019.4,24.6
2022-08-28 08:00:00,0.151,1019.3,24.6
2022-08-28 09:00:00,0.339,1019.6,24.7
2022-08-28 10:00:00,0.758,1020.3,24.7
2022-08-28 11:00:00,1.171,1021.1,24.6
2022-08-28 12:00:00,1.441,1021.7,24.7
2022-08-28 13:00:00,1.6,1022.2,24.7
2022-08-28 14:00:00,1.651,1022.5,24.6
2022-08-28 15:00:00,1.527,1022.3,24.6
2022-08-28 16:00:00,1.219,1022.2,24.6
2022-08-28 17:00:00,0.853,1021.9,24.7
2022-08-28 18:00:00,0.586,1021.7,24.7
2022-08-28 19:00:00,0.414,1021.3,24.9
2022-08-28 20:00:00,0.305,1020.7,24.9
2022-08-28 21:00:00,0.441,1020.7,24.9
2022-08-28 22:00:00,0.822,1020.4,24.9
2022-08-28 23:00:00,1.253,1020.4,24.8
2022-08-29 00:00:00,1.57,1020.3,24.8
2022-08-29 01:00:00,1.717,1020.7,24.7
2022-08-29 02:00:00,1.756,1020.9,24.6
2022-08-29 03:00:00,1.648,1021.0,24.6
2022-08-29 04:00:00,1.347,1021.1,24.5
2022-08-29 05:00:00,0.985,1021.2,24.5
2022-08-29 06:00:00,0.649,1021.1,24.5
2022-08-29 07:00:00,0.403,1020.8,24.5
2022-08-29 08:00:00,0.195,1020.5,24.6
2022-08-29 09:00:00,0.172,1020.3,24.6
2022-08-29 10:00:00,0.496,1020.6,24.6
2022-08-29 11:00:00,0.91,1020.8,24.7
2022-08-29 12:00:00,1.281,1021.1,24.7
2022-08-29 13:00:00,1.503,1021.2,24.7
2022-08-29 14:00:00,1.632,1021.4,24.7
2022-08-29 15:00:00,1.63,1021.1,24.7
2022-08-29 16:00:00,1.413,1020.7,24.7
2022-08-29 17:00:00,1.051,1019.9,24.8
2022-08-29 18:00:00,0.691,1019.0,24.8
2022-08-29 19:00:00,0.459,1018.6,25.1
2022-08-29 20:00:00,0.298,1018.0,25.2
2022-08-29 21:00:00,0.25,1017.4,25.1
2022-08-29 22:00:00,0.542,1017.4,25.0
2022-08-29 23:00:00,0.985,1017.4,25.2
2022-08-30 00:00:00,1.386,1017.1,24.8
2022-08-30 01:00:00,1.585,1017.7,24.9
2022-08-30 02:00:00,1.631,1017.3,24.8
2022-08-30 03:00:00,1.596,1017.2,24.7
2022-08-30 04:00:00,1.424,1016.6,24.7
2022-08-30 05:00:00,1.158,1017.0,24.7
2022-08-30 06:00:00,0.808,1016.4,24.7
2022-08-30 07:00:00,0.523,1015.7,24.7
2022-08-30 08:00:00,0.256,1015.4,24.7
2022-08-30 09:00:00,0.108,1015.3,24.7
2022-08-30 10:00:00,0.253,1015.4,24.8
2022-08-30 11:00:00,0.658,1015.3,24.8
2022-08-30 12:00:00,1.075,1014.5,24.9
2022-08-30 13:00:00,1.386,1014.2,24.9
2022-08-30 14:00:00,1.591,1014.1,24.9
2022-08-30 15:00:00,1.731,1013.5,24.9
2022-08-30 16:00:00,1.679,1013.0,24.8
2022-08-30 17:00:00,1.387,1011.7,24.8
2022-08-30 18:00:00,0.996,1011.0,24.9
2022-08-30 19:00:00,0.645,1009.9,24.9
2022-08-30 20:00:00,0.448,1009.0,25.2
2022-08-30 21:00:00,0.351,1008.5,25.2
2022-08-30 22:00:00,0.466,1008.1,25.2
2022-08-30 23:00:00,0.804,1007.9,25.1
2022-08-31 00:00:00,1.18,1007.5,24.9
2022-08-31 01:00:00,1.46,1008.3,24.9
2022-08-31 02:00:00,1.582,1009.2,25.1
2022-08-31 03:00:00,1.627,1008.6,25.1
2022-08-31 04:00:00,1.649,1008.3,25.0
2022-08-31 05:00:00,1.447,1008.2,25.0
2022-08-31 06:00:00,1.062,1007.9,24.9
2022-08-31 07:00:00,0.679,1008.1,24.9
2022-08-31 08:00:00,0.453,1008.3,24.9
2022-08-31 09:00:00,0.266,1008.4,24.9
2022-08-31 10:00:00,0.242,1008.6,24.9
2022-08-31 11:00:00,0.471,1009.1,25.0
2022-08-31 12:00:00,0.846,1009.6,25.0
2022-08-31 13:00:00,1.242,1009.5,25.1
2022-08-31 14:00:00,1.522,1009.8,25.1
2022-08-31 15:00:00,1.683,1009.6,25.1
2022-08-31 16:00:00,1.702,1009.6,25.1
2022-08-31 17:00:00,1.568,1009.0,25.0
2022-08-31 18:00:00,1.251,1008.9,25.1
2022-08-31 19:00:00,0.862,1008.8,25.1
2022-08-31 20:00:00,0.582,1008.7,25.2
2022-08-31 21:00:00,0.357,1008.8,25.2
2022-08-31 22:00:00,0.216,1009.2,25.2
2022-08-31 23:00:00,0.375,1009.8,25.1
2022-09-01 00:00:00,0.75,1010.3,25.1
2022-09-01 01:00:00,1.11,1010.8,25.1
2022-09-01 02:00:00,1.346,1011.1,25.1
2022-09-01 03:00:00,1.463,1011.3,25.1
2022-09-01 04:00:00,1.525,1011.4,25.0
2022-09-01 05:00:00,1.474,1011.6,25.0
2022-09-01 06:00:00,1.23,1011.7,24.9
2022-09-01 07:00:00,0.884,1011.5,24.9
2022-09-01 08:00:00,0.545,1011.8,24.9
2022-09-01 09:00:00,0.339,1012.1,24.8
2022-09-01 10:00:00,0.2,1012.7,24.8
2022-09-01 11:00:00,0.239,1013.1,24.8
2022-09-01 12:00:00,0.515,1013.7,24.8
2022-09-01 13:00:00,0.922,1013.8,24.9
2022-09-01 14:00:00,1.3,1013.8,25.1
2022-09-01 15:00:00,1.527,1014.0,25.1
2022-09-01 16:00:00,1.652,1013.9,25.0
2022-09-01 17:00:00,1.658,1013.6,25.2
2022-09-01 18:00:00,1.444,1013.3,25.3
2022-09-01 19:00:00,1.125,1013.3,25.1
2022-09-01 20:00:00,0.779,1013.2,25.2
2022-09-01 21:00:00,0.546,1013.2,25.3
2022-09-01 22:00:00,0.368,1013.7,25.2
2022-09-01 23:00:00,0.25,1014.3,25.1
2022-09-02 00:00:00,0.379,1015.2,25.0
2022-09-02 01:00:00,0.703,1016.3,25.0
2022-09-02 02:00:00,1.019,1017.4,25.0
2022-09-02 03:00:00,1.243,1017.9,25.0
2022-09-02 04:00:00,1.375,1018.4,25.0
2022-09-02 05:00:00,1.468,1019.2,24.9
2022-09-02 06:00:00,1.337,1019.8,24.8
2022-09-02 07:00:00,1.093,1020.3,24.8
2022-09-02 08:00:00,0.758,1021.0,24.9
2022-09-02 09:00:00,0.495,1021.9,24.7
2022-09-02 10:00:00,0.356,1022.7,24.6
2022-09-02 11:00:00,0.302,1023.5,24.6
2022-09-02 12:00:00,0.406,1024.1,24.6
2022-09-02 13:00:00,0.728,1024.6,24.7
2022-09-02 14:00:00,1.087,1024.7,24.7
2022-09-02 15:00:00,1.377,1025.1,24.8
2022-09-02 16:00:00,1.604,1024.9,24.9
2022-09-02 17:00:00,1.761,1024.7,24.9
2022-09-02 18:00:00,1.746,1024.8,24.9
2022-09-02 19:00:00,1.487,1024.7,24.8
2022-09-02 20:00:00,1.164,1024.2,24.9
2022-09-02 21:00:00,0.807,1024.1,24.8
2022-09-02 22:00:00,0.609,1024.8,24.8
2022-09-02 23:00:00,0.423,1024.8,24.9
2022-09-03 00:00:00,0.367,1025.2,24.9
2022-09-03 01:00:00,0.501,1025.4,24.8
2022-09-03 02:00:00,0.759,1025.4,24.7
2022-09-03 03:00:00,1.042,1025.3,24.7
2022-09-03 04:00:00,1.277,1025.5,24.7
2022-09-03 05:00:00,1.416,1025.5,24.7
2022-09-03 06:00:00,1.465,1025.2,24.6
2022-09-03 07:00:00,1.296,1025.2,24.5
2022-09-03 08:00:00,1.007,1025.4,24.5
2022-09-03 09:00:00,0.695,1025.6,24.5
2022-09-03 10:00:00,0.491,1025.7,24.5
2022-09-03 11:00:00,0.344,1026.3,24.4
2022-09-03 12:00:00,0.249,1026.5,24.5
2022-09-03 13:00:00,0.346,1026.2,24.5
2022-09-03 14:00:00,0.651,1026.2,24.7
2022-09-03 15:00:00,1.004,1026.0,24.7
2022-09-03 16:00:00,1.312,1025.6,24.7
2022-09-03 17:00:00,1.54,1024.9,24.7
2022-09-03 18:00:00,1.669,1024.6,24.8
2022-09-03 19:00:00,1.617,1024.0,24.8
2022-09-03 20:00:00,1.378,1023.1,24.8
2022-09-03 21:00:00,1.082,1023.0,24.7
2022-09-03 22:00:00,0.75,1022.6,24.6
2022-09-03 23:00:00,0.539,1022.4,24.6
2022-09-04 00:00:00,0.372,1022.2,24.6
2022-09-04 01:00:00,0.327,1022.2,24.7
2022-09-04 02:00:00,0.48,1022.1,24.7
2022-09-04 03:00:00,0.705,1022.3,24.6
2022-09-04 04:00:00,0.953,1022.4,24.6
2022-09-04 05:00:00,1.181,1022.3,24.5
2022-09-04 06:00:00,1.349,1021.8,24.5
2022-09-04 07:00:00,1.398,1021.6,24.5
2022-09-04 08:00:00,1.221,1021.5,24.5
2022-09-04 09:00:00,0.974,1021.2,24.4
2022-09-04 10:00:00,0.728,1021.1,24.4
2022-09-04 11:00:00,0.541,1021.3,24.4
2022-09-04 12:00:00,0.382,1021.4,24.4
2022-09-04 13:00:00,0.291,1021.3,24.4
2022-09-04 14:00:00,0.359,1021.0,24.5
2022-09-04 15:00:00,0.666,1020.8,24.7
2022-09-04 16:00:00,1.042,1020.3,24.6
2022-09-04 17:00:00,1.362,1019.5,24.7
2022-09-04 18:00:00,1.573,1019.0,24.5
2022-09-04 19:00:00,1.671,1018.3,24.6
2022-09-04 20:00:00,1.621,1017.8,24.5
2022-09-04 21:00:00,1.41,1017.8,24.5
2022-09-04 22:00:00,1.149,1017.9,24.5
2022-09-04 23:00:00,0.827,1017.8,24.5
2022-09-05 00:00:00,0.612,1018.1,24.5
2022-09-05 01:00:00,0.387,1018.8,24.7
2022-09-05 02:00:00,0.233,1018.4,24.7
2022-09-05 03:00:00,0.299,1019.2,24.7
2022-09-05 04:00:00,0.568,1019.1,24.7
2022-09-05 05:00:00,0.877,1018.7,24.7
2022-09-05 06:00:00,1.194,1018.2,24.4
2022-09-05 07:00:00,1.365,1018.2,24.5
2022-09-05 08:00:00,1.379,1018.4,24.5
2022-09-05 09:00:00,1.223,1018.7,24.5
2022-09-05 10:00:00,1.039,1018.7,24.5
2022-09-05 11:00:00,0.78,1019.4,24.4
2022-09-05 12:00:00,0.594,1019.7,24.4
2022-09-05 13:00:00,0.433,1019.7,24.5
2022-09-05 14:00:00,0.34,1019.6,24.6
2022-09-05 15:00:00,0.403,1019.7,24.8
2022-09-05 16:00:00,0.672,1019.3,25.0
2022-09-05 17:00:00,1.017,1018.8,25.0
2022-09-05 18:00:00,1.384,1018.5,24.7
2022-09-05 19:00:00,1.628,1017.9,24.7
2022-09-05 20:00:00,1.757,1017.5,24.7
2022-09-05 21:00:00,1.719,1017.5,24.6
2022-09-05 22:00:00,1.517,1017.3,24.7
2022-09-05 23:00:00,1.255,1016.9,24.6
2022-09-06 00:00:00,0.927,1017.2,24.5
2022-09-06 01:00:00,0.681,1017.8,24.7
2022-09-06 02:00:00,0.433,1017.9,24.8
2022-09-06 03:00:00,0.267,1017.6,24.7
2022-09-06 04:00:00,0.314,1017.7,24.7
2022-09-06 05:00:00,0.598,1017.4,24.8
2022-09-06 06:00:00,0.913,1016.8,24.7
2022-09-06 07:00:00,1.232,1016.4,24.5
2022-09-06 08:00:00,1.412,1016.0,24.6
2022-09-06 09:00:00,1.48,1015.8,24.5
2022-09-06 10:00:00,1.419,1015.9,24.5
2022-09-06 11:00:00,1.249,1016.1,24.5
2022-09-06 12:00:00,0.969,1016.0,24.5
2022-09-06 13:00:00,0.707,1016.1,24.5
2022-09-06 14:00:00,0.503,1015.8,24.5
2022-09-06 15:00:00,0.382,1016.2,24.6
2022-09-06 16:00:00,0.417,1016.0,24.6
2022-09-06 17:00:00,0.706,1015.4,24.6
2022-09-06 18:00:00,1.108,1015.5,24.6
2022-09-06 19:00:00,1.491,1015.3,24.7
2022-09-06 20:00:00,1.74,1015.3,24.7
2022-09-06 21:00:00,1.856,1015.2,24.5
2022-09-06 22:00:00,1.867,1015.4,24.4
2022-09-06 23:00:00,1.761,1015.5,24.4
2022-09-07 00:00:00,1.514,1015.7,24.4
2022-09-07 01:00:00,1.116,1016.4,24.4
2022-09-07 02:00:00,0.79,1016.5,24.3
2022-09-07 03:00:00,0.469,1016.5,24.4
2022-09-07 04:00:00,0.304,1016.1,24.4
2022-09-07 05:00:00,0.394,1016.1,24.4
2022-09-07 06:00:00,0.765,1015.7,24.4
2022-09-07 07:00:00,1.139,1015.5,24.4
2022-09-07 08:00:00,1.422,1015.4,24.5
2022-09-07 09:00:00,1.597,1015.6,24.5
2022-09-07 10:00:00,1.713,1015.6,24.4
2022-09-07 11:00:00,1.673,1016.0,24.3
2022-09-07 12:00:00,1.487,1016.2,24.2
2022-09-07 13:00:00,1.209,1016.3,24.2
2022-09-07 14:00:00,0.935,1016.6,24.2
2022-09-07 15:00:00,0.683,1016.5,24.2
2022-09-07 16:00:00,0.494,1016.3,24.3
2022-09-07 17:00:00,0.45,1016.1,24.3
2022-09-07 18:00:00,0.687,1015.8,24.3
2022-09-07 19:00:00,1.079,1015.2,24.3
2022-09-07 20:00:00,1.53,1014.6,24.4
2022-09-07 21:00:00,1.853,1014.5,24.3
2022-09-07 22:00:00,2.031,1014.5,24.2
2022-09-07 23:00:00,2.079,1014.5,24.2
2022-09-08 00:00:00,1.884,1014.5,24.1
2022-09-08 01:00:00,1.555,1014.8,24.0
2022-09-08 02:00:00,1.092,1014.8,24.0
2022-09-08 03:00:00,0.778,1014.7,23.9
2022-09-08 04:00:00,0.5,1014.3,24.0
2022-09-08 05:00:00,0.331,1014.2,24.0
2022-09-08 06:00:00,0.378,1014.1,24.1
2022-09-08 07:00:00,0.699,1013.7,24.1
2022-09-08 08:00:00,1.068,1013.6,24.1
2022-09-08 09:00:00,1.439,1013.7,24.2
2022-09-08 10:00:00,1.723,1013.7,24.1
2022-09-08 11:00:00,1.868,1014.1,24.0
2022-09-08 12:00:00,1.764,1014.1,23.9
2022-09-08 13:00:00,1.498,1013.8,23.9
2022-09-08 14:00:00,1.127,1013.7,23.9
2022-09-08 15:00:00,0.82,1013.6,23.9
2022-09-08 16:00:00,0.56,1013.6,24.0
2022-09-08 17:00:00,0.37,1013.3,24.1
2022-09-08 18:00:00,0.35,1013.0,24.2
2022-09-08 19:00:00,0.628,1012.6,24.2
2022-09-08 20:00:00,1.134,1012.0,24.2
2022-09-08 21:00:00,1.589,1011.6,24.2
2022-09-08 22:00:00,1.896,1011.8,24.1
2022-09-08 23:00:00,2.105,1012.2,24.0
2022-09-09 00:00:00,2.135,1012.8,24.0
2022-09-09 01:00:00,1.897,1013.5,23.7
2022-09-09 02:00:00,1.496,1013.6,23.8
2022-09-09 03:00:00,1.025,1013.7,23.8
2022-09-09 04:00:00,0.686,1014.2,23.8
2022-09-09 05:00:00,0.419,1014.6,23.8
2022-09-09 06:00:00,0.232,1014.7,23.9
2022-09-09 07:00:00,0.324,1015.1,23.9
2022-09-09 08:00:00,0.684,1015.4,24.0
2022-09-09 09:00:00,1.116,1015.7,24.0
2022-09-09 10:00:00,1.545,1016.3,24.0
2022-09-09 11:00:00,1.84,1017.0,24.0
2022-09-09 12:00:00,1.928,1017.7,23.9
2022-09-09 13:00:00,1.811,1018.0,23.8
2022-09-09 14:00:00,1.521,1018.5,23.8
2022-09-09 15:00:00,1.1,1018.9,23.8
2022-09-09 16:00:00,0.768,1019.0,23.9
2022-09-09 17:00:00,0.497,1018.7,24.0
2022-09-09 18:00:00,0.283,1018.6,24.2
2022-09-09 19:00:00,0.253,1018.2,24.2
2022-09-09 20:00:00,0.599,1018.1,24.2
2022-09-09 21:00:00,1.125,1018.5,24.2
2022-09-09 22:00:00,1.607,1018.7,24.1
2022-09-09 23:00:00,1.896,1019.3,24.1
2022-09-10 00:00:00,2.062,1020.1,24.0
2022-09-10 01:00:00,2.04,1020.8,23.9
2022-09-10 02:00:00,1.761,1021.3,23.8
2022-09-10 03:00:00,1.322,1021.5,23.8
2022-09-10 04:00:00,0.86,1022.1,23.8
2022-09-10 05:00:00,0.528,1022.1,23.7
2022-09-10 06:00:00,0.242,1022.4,23.8
2022-09-10 07:00:00,0.057,1022.6,23.8
2022-09-10 08:00:00,0.177,1022.8,23.9
2022-09-10 09:00:00,0.6,1023.0,23.9
2022-09-10 10:00:00,1.132,1023.1,24.0
2022-09-10 11:00:00,1.547,1023.7,24.0
2022-09-10 12:00:00,1.792,1024.0,23.9
2022-09-10 13:00:00,1.841,1024.2,23.8
2022-09-10 14:00:00,1.702,1024.7,23.8
2022-09-10 15:00:00,1.347,1024.8,23.9
2022-09-10 16:00:00,0.912,1024.6,23.9
2022-09-10 17:00:00,0.588,1024.3,24.0
2022-09-10 18:00:00,0.317,1023.8,24.2
2022-09-10 19:00:00,0.101,1023.3,24.3
2022-09-10 20:00:00,0.134,1022.8,24.3
2022-09-10 21:00:00,0.545,1022.5,24.3
2022-09-10 22:00:00,1.09,1022.7,24.3
2022-09-10 23:00:00,1.527,1022.7,24.1
2022-09-11 00:00:00,1.798,1022.8,24.1
2022-09-11 01:00:00,1.923,1023.4,24.0
2022-09-11 02:00:00,1.892,1023.3,24.0
2022-09-11 03:00:00,1.586,1023.2,23.8
2022-09-11 04:00:00,1.146,1023.4,23.9
2022-09-11 05:00:00,0.724,1023.2,23.9
2022-09-11 06:00:00,0.397,1022.9,23.9
2022-09-11 07:00:00,0.128,1022.6,23.9
2022-09-11 08:00:00,0.01,1022.3,23.9
2022-09-11 09:00:00,0.295,1021.9,24.0
2022-09-11 10:00:00,0.812,1021.9,24.0
2022-09-11 11:00:00,1.331,1021.9,24.0
2022-09-11 12:00:00,1.657,1021.8,24.0
2022-09-11 13:00:00,1.858,1021.7,24.0
2022-09-11 14:00:00,1.938,1021.8,23.9
2022-09-11 15:00:00,1.747,1021.8,23.9
2022-09-11 16:00:00,1.352,1021.4,23.9
2022-09-11 17:00:00,0.892,1020.8,23.9
2022-09-11 18:00:00,0.571,1020.1,23.9
2022-09-11 19:00:00,0.3,1019.2,24.0
2022-09-11 20:00:00,0.133,1018.5,24.0
2022-09-11 21:00:00,0.295,1017.9,24.0
2022-09-11 22:00:00,0.764,1017.5,24.0
2022-09-11 23:00:00,1.283,1017.3,24.0
2022-09-12 00:00:00,1.666,1016.8,24.0
2022-09-12 01:00:00,1.875,1016.4,24.0
2022-09-12 02:00:00,1.974,1015.8,23.9
2022-09-12 03:00:00,1.867,1014.7,23.9
2022-09-12 04:00:00,1.563,1014.5,23.8
2022-09-12 05:00:00,1.145,1013.7,23.8
2022-09-12 06:00:00,0.755,1012.9,23.8
2022-09-12 07:00:00,0.446,1012.1,23.8
2022-09-12 08:00:00,0.196,1011.7,23.8
2022-09-12 09:00:00,0.157,1011.5,23.9
2022-09-12 10:00:00,0.558,1011.3,23.9
2022-09-12 11:00:00,1.062,1011.4,23.9
2022-09-12 12:00:00,1.527,1011.8,23.9
2022-09-12 13:00:00,1.816,1011.6,23.9
2022-09-12 14:00:00,1.985,1011.8,23.9
2022-09-12 15:00:00,1.989,1011.8,23.9
2022-09-12 16:00:00,1.726,1011.4,23.8
2022-09-12 17:00:00,1.303,1010.9,24.0
2022-09-12 18:00:00,0.899,1010.3,24.1
2022-09-12 19:00:00,0.63,1009.5,24.5
2022-09-12 20:00:00,0.403,1009.1,24.4
2022-09-12 21:00:00,0.305,1008.9,24.3
2022-09-12 22:00:00,0.532,1008.6,24.2
2022-09-12 23:00:00,0.965,1008.8,24.2
2022-09-13 00:00:00,1.416,1009.0,24.0
2022-09-13 01:00:00,1.698,1009.5,24.0
2022-09-13 02:00:00,1.877,1009.5,24.0
2022-09-13 03:00:00,1.944,1009.5,24.0
2022-09-13 04:00:00,1.787,1009.4,24.0
2022-09-13 05:00:00,1.428,1009.1,24.0
2022-09-13 06:00:00,0.981,1008.5,24.0
2022-09-13 07:00:00,0.656,1007.6,24.0
2022-09-13 08:00:00,0.409,1007.2,24.0
2022-09-13 09:00:00,0.306,1007.1,24.0
2022-09-13 10:00:00,0.456,1007.2,24.0
2022-09-13 11:00:00,0.916,1007.0,24.0
2022-09-13 12:00:00,1.361,1007.3,24.1
2022-09-13 13:00:00,1.659,1007.9,24.1
2022-09-13 14:00:00,1.869,1008.1,24.1
2022-09-13 15:00:00,2.007,1007.8,24.1
2022-09-13 16:00:00,1.986,1007.5,24.1
2022-09-13 17:00:00,1.694,1007.5,23.9
2022-09-13 18:00:00,1.277,1006.9,24.2
2022-09-13 19:00:00,0.88,1006.2,24.2
2022-09-13 20:00:00,0.607,1006.1,24.4
2022-09-13 21:00:00,0.426,1005.9,24.3
2022-09-13 22:00:00,0.397,1006.4,24.3
2022-09-13 23:00:00,0.72,1007.2,24.2
2022-09-14 00:00:00,1.101,1008.3,24.1
2022-09-14 01:00:00,1.411,1009.2,24.1
2022-09-14 02:00:00,1.6,1009.6,24.1
2022-09-14 03:00:00,1.683,1009.9,24.1
2022-09-14 04:00:00,1.703,1010.6,23.9
2022-09-14 05:00:00,1.489,1011.1,23.8
2022-09-14 06:00:00,1.161,1011.1,23.8
2022-09-14 07:00:00,0.787,1011.6,23.9
2022-09-14 08:00:00,0.525,1011.9,23.8
2022-09-14 09:00:00,0.287,1012.2,23.8
2022-09-14 10:00:00,0.212,1012.8,23.8
2022-09-14 11:00:00,0.453,1013.4,23.7
2022-09-14 12:00:00,0.88,1013.9,23.8
2022-09-14 13:00:00,1.299,1014.2,24.0
2022-09-14 14:00:00,1.552,1014.7,24.1
2022-09-14 15:00:00,1.725,1014.7,24.0
2022-09-14 16:00:00,1.785,1014.8,24.0
2022-09-14 17:00:00,1.67,1014.6,24.1
2022-09-14 18:00:00,1.359,1014.6,24.0
2022-09-14 19:00:00,0.977,1014.3,24.1
2022-09-14 20:00:00,0.683,1014.1,24.1
2022-09-14 21:00:00,0.453,1014.2,24.1
2022-09-14 22:00:00,0.315,1014.6,24.1
2022-09-14 23:00:00,0.363,1014.8,24.1
2022-09-15 00:00:00,0.688,1015.4,24.1
2022-09-15 01:00:00,1.048,1015.9,24.1
2022-09-15 02:00:00,1.31,1016.4,24.0
2022-09-15 03:00:00,1.442,1016.8,24.0
2022-09-15 04:00:00,1.553,1016.9,24.0
2022-09-15 05:00:00,1.537,1017.1,23.9
2022-09-15 06:00:00,1.267,1017.3,23.9
2022-09-15 07:00:00,0.919,1017.7,23.9
2022-09-15 08:00:00,0.6,1018.1,23.8
2022-09-15 09:00:00,0.38,1018.7,23.8
2022-09-15 10:00:00,0.254,1019.2,23.8
2022-09-15 11:00:00,0.258,1020.0,23.7
2022-09-15 12:00:00,0.512,1020.7,23.6
2022-09-15 13:00:00,0.874,1021.1,23.7
2022-09-15 14:00:00,1.259,1021.7,23.9
2022-09-15 15:00:00,1.495,1022.0,24.0
2022-09-15 16:00:00,1.649,1021.7,23.9
2022-09-15 17:00:00,1.697,1021.5,23.9
2022-09-15 18:00:00,1.533,1021.1,23.9
2022-09-15 19:00:00,1.249,1020.8,23.8
2022-09-15 20:00:00,0.897,1020.4,24.0
2022-09-15 21:00:00,0.629,1020.2,24.0
2022-09-15 22:00:00,0.419,1020.7,24.0
2022-09-15 23:00:00,0.339,1021.4,23.9
2022-09-16 00:00:00,0.467,1021.4,23.8
2022-09-16 01:00:00,0.734,1021.9,23.8
2022-09-16 02:00:00,1.013,1022.3,23.9
2022-09-16 03:00:00,1.16,1022.6,23.8
2022-09-16 04:00:00,1.308,1022.6,23.8
2022-09-16 05:00:00,1.414,1022.6,23.8
2022-09-16 06:00:00,1.387,1022.6,23.7
2022-09-16 07:00:00,1.144,1022.2,23.7
2022-09-16 08:00:00,0.851,1022.1,23.6
2022-09-16 09:00:00,0.572,1022.1,23.3
2022-09-16 10:00:00,0.449,1022.3,23.3
2022-09-16 11:00:00,0.411,1023.0,23.4
2022-09-16 12:00:00,0.527,1023.4,23.4
2022-09-16 13:00:00,0.761,1023.3,23.4
2022-09-16 14:00:00,1.062,1023.4,23.5
2022-09-16 15:00:00,1.277,1023.2,23.7
2022-09-16 16:00:00,1.443,1022.8,23.7
2022-09-16 17:00:00,1.561,1022.1,23.6
2022-09-16 18:00:00,1.591,1021.4,23.6
2022-09-16 19:00:00,1.37,1020.6,23.6
2022-09-16 20:00:00,1.093,1020.4,23.6
2022-09-16 21:00:00,0.762,1020.5,23.7
2022-09-16 22:00:00,0.564,1020.6,23.6
2022-09-16 23:00:00,0.444,1020.8,23.6
2022-09-17 00:00:00,0.426,1021.1,23.6
2022-09-17 01:00:00,0.527,1021.7,23.6
2022-09-17 02:00:00,0.679,1022.0,23.7
2022-09-17 03:00:00,0.86,1022.4,23.6
2022-09-17 04:00:00,1.065,1022.7,23.6
2022-09-17 05:00:00,1.224,1023.1,23.6
2022-09-17 06:00:00,1.336,1023.2,23.5
2022-09-17 07:00:00,1.231,1023.4,23.5
2022-09-17 08:00:00,1.023,1023.7,23.4
2022-09-17 09:00:00,0.744,1024.0,23.5
2022-09-17 10:00:00,0.574,1024.4,23.5
2022-09-17 11:00:00,0.479,1024.5,23.5
2022-09-17 12:00:00,0.511,1024.9,23.3
2022-09-17 13:00:00,0.627,1025.3,23.4
2022-09-17 14:00:00,0.875,1025.6,23.5
2022-09-17 15:00:00,1.116,1025.8,23.5
2022-09-17 16:00:00,1.332,1025.4,23.5
2022-09-17 17:00:00,1.469,1025.0,23.5
2022-09-17 18:00:00,1.566,1024.5,23.4
2022-09-17 19:00:00,1.548,1023.9,23.7
2022-09-17 20:00:00,1.379,1023.7,23.6
2022-09-17 21:00:00,1.157,1023.2,23.6
2022-09-17 22:00:00,0.883,1023.1,23.5
2022-09-17 23:00:00,0.712,1022.8,23.7
2022-09-18 00:00:00,0.578,1022.9,23.6
2022-09-18 01:00:00,0.533,1022.8,23.6
2022-09-18 02:00:00,0.617,1022.5,23.5
2022-09-18 03:00:00,0.766,1022.3,23.5
2022-09-18 04:00:00,0.953,1021.9,23.5
2022-09-18 05:00:00,1.143,1021.2,23.2
2022-09-18 06:00:00,1.281,1020.8,23.3
2022-09-18 07:00:00,1.31,1020.3,23.3
2022-09-18 08:00:00,1.164,1020.4,23.4
2022-09-18 09:00:00,0.994,1020.2,23.2
2022-09-18 10:00:00,0.798,1020.1,22.9
2022-09-18 11:00:00,0.668,1020.1,23.2
2022-09-18 12:00:00,0.558,1020.1,23.2
2022-09-18 13:00:00,0.478,1020.1,23.3
2022-09-18 14:00:00,0.552,1020.0,23.3
2022-09-18 15:00:00,0.762,1019.4,23.3
2022-09-18 16:00:00,1.044,1018.6,23.4
2022-09-18 17:00:00,1.266,1018.0,23.4
2022-09-18 18:00:00,1.394,1017.1,23.4
2022-09-18 19:00:00,1.436,1016.4,23.5
2022-09-18 20:00:00,1.406,1015.9,23.6
2022-09-18 21:00:00,1.29,1015.3,23.7
2022-09-18 22:00:00,1.078,1015.1,23.7
2022-09-18 23:00:00,0.858,1015.1,23.4
2022-09-19 00:00:00,0.699,1015.5,23.6
2022-09-19 01:00:00,0.524,1015.9,23.5
2022-09-19 02:00:00,0.397,1015.8,23.5
2022-09-19 03:00:00,0.435,1015.9,23.5
2022-09-19 04:00:00,0.616,1015.8,23.4
2022-09-19 05:00:00,0.866,1015.2,23.5
2022-09-19 06:00:00,1.113,1015.0,23.4
2022-09-19 07:00:00,1.18,1014.7,23.2
2022-09-19 08:00:00,1.137,1014.5,23.3
2022-09-19 09:00:00,1.037,1014.3,23.3
2022-09-19 10:00:00,0.951,1014.2,23.3
2022-09-19 11:00:00,0.822,1014.6,23.2
2022-09-19 12:00:00,0.703,1014.8,23.2
2022-09-19 13:00:00,0.565,1014.9,23.2
2022-09-19 14:00:00,0.515,1014.5,23.3
2022-09-19 15:00:00,0.603,1013.6,23.3
2022-09-19 16:00:00,0.865,1013.1,23.4
2022-09-19 17:00:00,1.147,1012.5,23.6
2022-09-19 18:00:00,1.376,1012.0,23.3
2022-09-19 19:00:00,1.491,1011.2,23.5
2022-09-19 20:00:00,1.529,1010.5,23.6
2022-09-19 21:00:00,1.509,1010.4,23.6
2022-09-19 22:00:00,1.378,1011.5,23.4
2022-09-19 23:00:00,1.138,1011.0,23.4
2022-09-20 00:00:00,0.967,1011.4,23.3
2022-09-20 01:00:00,0.792,1011.9,23.3
2022-09-20 02:00:00,0.648,1011.5,23.3
2022-09-20 03:00:00,0.567,1011.5,23.3
2022-09-20 04:00:00,0.612,1011.4,23.3
2022-09-20 05:00:00,0.865,1011.1,23.4
2022-09-20 06:00:00,1.087,1011.1,23.5
2022-09-20 07:00:00,1.3,1010.7,23.0
2022-09-20 08:00:00,1.38,1010.6,23.1
2022-09-20 09:00:00,1.406,1011.0,23.1
2022-09-20 10:00:00,1.325,1011.3,23.0
2022-09-20 11:00:00,1.204,1011.6,23.1
2022-09-20 12:00:00,0.997,1012.1,23.1
2022-09-20 13:00:00,0.813,1012.3,23.0
2022-09-20 14:00:00,0.683,1012.4,23.1
2022-09-20 15:00:00,0.635,1012.2,23.2
2022-09-20 16:00:00,0.71,1012.0,23.3
2022-09-20 17:00:00,0.918,1012.2,23.4
2022-09-20 18:00:00,1.175,1011.8,23.5
2022-09-20 19:00:00,1.392,1011.6,23.3
2022-09-20 20:00:00,1.526,1011.6,23.1
2022-09-20 21:00:00,1.551,1011.9,23.0
2022-09-20 22:00:00,1.494,1012.3,22.8
2022-09-20 23:00:00,1.381,1012.9,22.9
2022-09-21 00:00:00,1.218,1013.3,23.0
2022-09-21 01:00:00,0.969,1013.8,22.9
2022-09-21 02:00:00,0.728,1013.9,22.9
2022-09-21 03:00:00,0.532,1014.2,22.9
2022-09-21 04:00:00,0.448,1014.1,22.9
2022-09-21 05:00:00,0.594,1014.4,23.0
2022-09-21 06:00:00,0.879,1014.4,23.1
2022-09-21 07:00:00,1.123,1014.1,23.1
2022-09-21 08:00:00,1.293,1013.9,22.9
2022-09-21 09:00:00,1.425,1014.1,22.7
2022-09-21 10:00:00,1.501,1014.5,22.8
2022-09-21 11:00:00,1.405,1015.1,22.9
2022-09-21 12:00:00,1.239,1015.6,22.8
2022-09-21 13:00:00,0.982,1015.6,22.8
2022-09-21 14:00:00,0.81,1015.6,22.8
2022-09-21 15:00:00,0.717,1015.5,22.8
2022-09-21 16:00:00,0.658,1014.6,23.0
2022-09-21 17:00:00,0.704,1013.5,23.2
2022-09-21 18:00:00,0.931,1012.4,23.1
2022-09-21 19:00:00,1.203,1012.0,23.2
2022-09-21 20:00:00,1.482,1011.4,22.9
2022-09-21 21:00:00,1.659,1011.6,23.0
2022-09-21 22:00:00,1.702,1011.3,23.0
2022-09-21 23:00:00,1.634,1011.0,23.1
2022-09-22 00:00:00,1.461,1010.7,22.9
2022-09-22 01:00:00,1.228,1010.1,22.9
2022-09-22 02:00:00,0.923,1010.0,22.8
2022-09-22 03:00:00,0.685,1010.0,22.8
2022-09-22 04:00:00,0.488,1009.6,22.9
2022-09-22 05:00:00,0.465,1009.1,22.8
2022-09-22 06:00:00,0.64,1008.4,22.9
2022-09-22 07:00:00,0.905,1007.2,23.1
2022-09-22 08:00:00,1.157,1006.5,23.1
2022-09-22 09:00:00,1.35,1005.4,22.7
2022-09-22 10:00:00,1.496,1004.5,22.6
2022-09-22 11:00:00,1.538,1004.2,22.6
2022-09-22 12:00:00,1.45,1003.2,22.6
2022-09-22 13:00:00,1.231,1002.6,22.7
2022-09-22 14:00:00,0.974,1002.1,22.7
2022-09-22 15:00:00,0.734,1001.5,22.8
2022-09-22 16:00:00,0.568,1002.1,22.8
2022-09-22 17:00:00,0.448,1002.9,22.7
2022-09-22 18:00:00,0.52,1003.2,22.7
2022-09-22 19:00:00,0.752,1002.8,22.7
2022-09-22 20:00:00,1.09,1002.4,22.9
2022-09-22 21:00:00,1.372,1002.0,22.7
2022-09-22 22:00:00,1.513,1002.2,22.6
2022-09-22 23:00:00,1.567,1003.3,22.6
2022-09-23 00:00:00,1.491,1005.1,22.4
2022-09-23 01:00:00,1.348,1006.6,22.4
2022-09-23 02:00:00,1.082,1007.3,22.3
2022-09-23 03:00:00,0.654,1008.2,22.3
2022-09-23 04:00:00,0.339,1008.9,22.1
2022-09-23 05:00:00,0.189,1009.6,22.1
2022-09-23 06:00:00,0.084,1009.7,21.9
2022-09-23 07:00:00,0.411,1009.8,22.0
2022-09-23 08:00:00,0.784,1010.4,22.2
2022-09-23 09:00:00,1.19,1010.7,22.8
2022-09-23 10:00:00,1.369,1011.4,22.5
2022-09-23 11:00:00,1.39,1012.8,22.3
2022-09-23 12:00:00,1.257,1013.3,22.1
2022-09-23 13:00:00,1.113,1013.5,22.0
2022-09-23 14:00:00,0.837,1013.3,21.9
2022-09-23 15:00:00,0.626,1013.6,21.9
2022-09-23 16:00:00,0.514,1012.8,21.9
2022-09-23 17:00:00,0.443,1012.8,22.0
2022-09-23 18:00:00,0.376,1012.4,22.0
2022-09-23 19:00:00,0.572,1012.2,22.0
2022-09-23 20:00:00,0.878,1012.4,22.1
2022-09-23 21:00:00,1.167,1013.2,22.3
2022-09-23 22:00:00,1.361,1013.7,22.2
2022-09-23 23:00:00,1.483,1014.6,22.0
2022-09-24 00:00:00,1.526,1015.5,21.9
2022-09-24 01:00:00,1.372,1016.3,21.7
2022-09-24 02:00:00,1.074,1017.1,21.6
2022-09-24 03:00:00,0.651,1017.7,21.5
2022-09-24 04:00:00,0.345,1017.4,21.4
2022-09-24 05:00:00,0.188,1016.8,21.4
2022-09-24 06:00:00,0.134,1017.1,21.2
2022-09-24 07:00:00,0.275,1016.7,21.1
2022-09-24 08:00:00,0.6,1016.9,20.9
2022-09-24 09:00:00,0.967,1016.9,21.7
2022-09-24 10:00:00,1.346,1016.9,21.9
2022-09-24 11:00:00,1.545,1017.0,21.5
2022-09-24 12:00:00,1.571,1017.5,21.4
2022-09-24 13:00:00,1.408,1017.7,21.2
2022-09-24 14:00:00,1.125,1017.7,21.1
2022-09-24 15:00:00,0.816,1017.1,21.0
2022-09-24 16:00:00,0.578,1016.2,21.1
2022-09-24 17:00:00,0.396,1015.7,21.2
2022-09-24 18:00:00,0.239,1014.8,21.4
2022-09-24 19:00:00,0.284,1013.8,21.5
2022-09-24 20:00:00,0.54,1013.2,21.6
2022-09-24 21:00:00,0.954,1012.8,21.7
2022-09-24 22:00:00,1.345,1012.4,21.6
2022-09-24 23:00:00,1.592,1012.5,21.4
2022-09-25 00:00:00,1.639,1012.5,21.3
2022-09-25 01:00:00,1.496,1012.7,21.2
2022-09-25 02:00:00,1.163,1012.7,21.0
2022-09-25 03:00:00,0.828,1012.9,21.0
2022-09-25 04:00:00,0.493,1012.7,20.9
2022-09-25 05:00:00,0.237,1012.5,20.8
2022-09-25 06:00:00,0.041,1012.3,21.0
2022-09-25 07:00:00,-0.076,1011.6,21.0
2022-09-25 08:00:00,0.019,1011.1,21.0
2022-09-25 09:00:00,0.376,1010.9,21.1
2022-09-25 10:00:00,0.869,1010.7,21.3
2022-09-25 11:00:00,1.253,1010.5,21.4
2022-09-25 12:00:00,1.434,1009.5,21.1
2022-09-25 13:00:00,1.458,1008.9,21.0
2022-09-25 14:00:00,1.318,1008.8,20.8
2022-09-25 15:00:00,1.012,1007.9,20.9
2022-09-25 16:00:00,0.611,1006.9,20.9
2022-09-25 17:00:00,0.308,1006.1,20.9
2022-09-25 18:00:00,0.111,1005.3,21.1
2022-09-25 19:00:00,0.051,1004.3,21.3
2022-09-25 20:00:00,0.3,1004.9,21.3
2022-09-25 21:00:00,0.815,1003.7,21.3
2022-09-25 22:00:00,1.254,1003.6,21.4
2022-09-25 23:00:00,1.576,1003.8,21.1
2022-09-26 00:00:00,1.743,1004.0,21.0
2022-09-26 01:00:00,1.797,1003.2,20.7
2022-09-26 02:00:00,1.693,1003.7,20.5
2022-09-26 03:00:00,1.473,1003.9,20.3
2022-09-26 04:00:00,1.146,1003.2,20.5
2022-09-26 05:00:00,0.76,1003.1,20.6
2022-09-26 06:00:00,0.482,1003.7,20.5
2022-09-26 07:00:00,0.28,1003.8,20.6
2022-09-26 08:00:00,0.249,1004.0,20.7
2022-09-26 09:00:00,0.452,1004.2,20.7
2022-09-26 10:00:00,0.982,1005.0,21.0
2022-09-26 11:00:00,1.511,1005.7,20.6
2022-09-26 12:00:00,1.759,1006.1,20.7
2022-09-26 13:00:00,1.76,1006.6,20.6
2022-09-26 14:00:00,1.656,1006.7,20.4
2022-09-26 15:00:00,1.347,1006.6,20.4
2022-09-26 16:00:00,1.022,1006.5,20.5
2022-09-26 17:00:00,0.657,1006.2,20.6
2022-09-26 18:00:00,0.403,1005.6,20.7
2022-09-26 19:00:00,0.19,1005.3,20.7
2022-09-26 20:00:00,0.141,1005.2,20.9
2022-09-26 21:00:00,0.441,1005.7,21.0
2022-09-26 22:00:00,0.882,1006.2,20.9
2022-09-26 23:00:00,1.297,1006.4,20.7
2022-09-27 00:00:00,1.558,1007.5,20.6
2022-09-27 01:00:00,1.667,1008.5,20.6
2022-09-27 02:00:00,1.603,1008.8,20.4
2022-09-27 03:00:00,1.367,1009.0,20.3
2022-09-27 04:00:00,1.061,1009.5,20.2
2022-09-27 05:00:00,0.705,1009.5,20.2
2022-09-27 06:00:00,0.437,1009.3,20.4
2022-09-27 07:00:00,0.196,1009.2,20.4
2022-09-27 08:00:00,0.097,1008.9,20.4
2022-09-27 09:00:00,0.311,1009.3,20.6
2022-09-27 10:00:00,0.78,1009.5,20.6
2022-09-27 11:00:00,1.247,1009.9,20.6
2022-09-27 12:00:00,1.572,1010.4,20.6
2022-09-27 13:00:00,1.755,1011.1,20.4
2022-09-27 14:00:00,1.814,1011.5,20.2
2022-09-27 15:00:00,1.7,1011.7,20.2
2022-09-27 16:00:00,1.338,1011.4,19.9
2022-09-27 17:00:00,0.893,1011.3,20.1
2022-09-27 18:00:00,0.545,1011.0,20.2
2022-09-27 19:00:00,0.282,1011.1,20.4
2022-09-27 20:00:00,0.095,1011.3,20.5
2022-09-27 21:00:00,0.143,1011.6,20.6
2022-09-27 22:00:00,0.503,1012.3,20.8
2022-09-27 23:00:00,0.948,1012.8,20.8
2022-09-28 00:00:00,1.33,1013.5,20.4
2022-09-28 01:00:00,1.517,1013.9,20.4
2022-09-28 02:00:00,1.592,1014.5,20.1
2022-09-28 03:00:00,1.498,1014.9,20.0
2022-09-28 04:00:00,1.206,1015.3,20.0
2022-09-28 05:00:00,0.855,1015.7,20.0
2022-09-28 06:00:00,0.529,1016.4,19.9
2022-09-28 07:00:00,0.251,1016.4,19.9
2022-09-28 08:00:00,0.04,1016.7,20.1
2022-09-28 09:00:00,0.004,1016.9,20.2
2022-09-28 10:00:00,0.342,1017.4,20.1
2022-09-28 11:00:00,0.857,1017.8,20.3
2022-09-28 12:00:00,1.285,1018.4,20.5
2022-09-28 13:00:00,1.52,1018.9,20.3
2022-09-28 14:00:00,1.646,1019.6,20.0
2022-09-28 15:00:00,1.694,1019.8,19.9
2022-09-28 16:00:00,1.471,1019.6,19.4
2022-09-28 17:00:00,1.118,1019.6,19.7
2022-09-28 18:00:00,0.675,1019.4,19.7
2022-09-28 19:00:00,0.363,1019.2,20.0
2022-09-28 20:00:00,0.1,1019.6,20.1
2022-09-28 21:00:00,-0.031,1020.0,20.2
2022-09-28 22:00:00,0.136,1020.4,20.3
2022-09-28 23:00:00,0.585,1021.4,20.4
2022-09-29 00:00:00,1.013,1022.1,20.1
2022-09-29 01:00:00,1.274,1022.9,20.2
2022-09-29 02:00:00,1.372,1023.3,20.0
2022-09-29 03:00:00,1.396,1023.8,19.8
2022-09-29 04:00:00,1.323,1024.2,19.7
2022-09-29 05:00:00,1.029,1024.7,19.7
2022-09-29 06:00:00,0.684,1025.2,19.7
2022-09-29 07:00:00,0.364,1025.5,19.6
2022-09-29 08:00:00,0.13,1025.9,19.8
2022-09-29 09:00:00,-0.033,1026.3,19.7
2022-09-29 10:00:00,0.041,1026.8,19.7
2022-09-29 11:00:00,0.471,1027.1,19.8
2022-09-29 12:00:00,0.929,1027.6,20.1
2022-09-29 13:00:00,1.324,1028.1,20.2
2022-09-29 14:00:00,1.558,1028.6,19.7
2022-09-29 15:00:00,1.732,1028.4,19.7
2022-09-29 16:00:00,1.699,1028.0,19.7
2022-09-29 17:00:00,1.431,1028.0,19.6
2022-09-29 18:00:00,1.048,1027.2,19.6
2022-09-29 19:00:00,0.654,1027.2,19.3
2022-09-29 20:00:00,0.379,1026.9,19.7
2022-09-29 21:00:00,0.145,1027.0,19.8
2022-09-29 22:00:00,0.066,1027.0,19.9
2022-09-29 23:00:00,0.312,1027.0,20.1
2022-09-30 00:00:00,0.683,1027.0,20.0
2022-09-30 01:00:00,1.052,1027.2,19.7
2022-09-30 02:00:00,1.259,1027.4,19.7
2022-09-30 03:00:00,1.376,1027.7,19.5
2022-09-30 04:00:00,1.419,1027.5,19.5
2022-09-30 05:00:00,1.304,1027.4,19.3
2022-09-30 06:00:00,1.038,1027.3,19.3
2022-09-30 07:00:00,0.699,1027.1,19.2
2022-09-30 08:00:00,0.421,1026.6,19.2
2022-09-30 09:00:00,0.203,1026.9,19.1
2022-09-30 10:00:00,0.157,1027.1,19.4
2022-09-30 11:00:00,0.387,1027.4,19.3
2022-09-30 12:00:00,0.843,1027.4,19.4
2022-09-30 13:00:00,1.186,1027.5,19.7
2022-09-30 14:00:00,1.42,1027.7,19.6
2022-09-30 15:00:00,1.604,1027.2,19.1
2022-09-30 16:00:00,1.793,1026.3,19.2
2022-09-30 17:00:00,1.781,1025.7,19.0
2022-09-30 18:00:00,1.512,1025.1,18.9
2022-09-30 19:00:00,1.102,1024.5,18.9
2022-09-30 20:00:00,0.73,1023.9,18.8
2022-09-30 21:00:00,0.484,1023.3,18.9
2022-09-30 22:00:00,0.316,1022.9,19.0
2022-09-30 23:00:00,0.262,1022.5,19.1
2022-10-01 00:00:00,0.575,1022.4,19.4
2022-10-01 01:00:00,0.873,1022.2,19.5
2022-10-01 02:00:00,1.174,1021.9,18.8
2022-10-01 03:00:00,1.385,1020.3,18.8
2022-10-01 04:00:00,1.547,1019.7,18.8
2022-10-01 05:00:00,1.62,1019.4,18.8
2022-10-01 06:00:00,1.481,1020.3,18.6
2022-10-01 07:00:00,1.245,1018.9,18.6
2022-10-01 08:00:00,0.914,1018.9,18.6
2022-10-01 09:00:00,0.67,1018.2,18.5
2022-10-01 10:00:00,0.507,1018.4,18.6
2022-10-01 11:00:00,0.457,1018.0,18.7
2022-10-01 12:00:00,0.631,1018.0,18.7
2022-10-01 13:00:00,0.933,1017.6,18.9
2022-10-01 14:00:00,1.347,1016.8,19.2
2022-10-01 15:00:00,1.71,1017.2,18.8
2022-10-01 16:00:00,1.889,1016.0,18.4
2022-10-01 17:00:00,2.003,1015.6,18.5
2022-10-01 18:00:00,1.879,1014.8,18.3
2022-10-01 19:00:00,1.624,1014.3,18.2
2022-10-01 20:00:00,1.271,1014.4,18.2
2022-10-01 21:00:00,0.983,1014.5,18.1
2022-10-01 22:00:00,0.73,1014.6,18.2
2022-10-01 23:00:00,0.587,1014.7,18.3
2022-10-02 00:00:00,0.534,1014.6,18.4
2022-10-02 01:00:00,0.694,1015.1,18.7
2022-10-02 02:00:00,0.905,1015.1,19.1
2022-10-02 03:00:00,1.165,1014.7,19.3
2022-10-02 04:00:00,1.418,1014.6,18.4
2022-10-02 05:00:00,1.641,1014.5,18.2
2022-10-02 06:00:00,1.723,1014.7,18.2
2022-10-02 07:00:00,1.535,1014.2,18.1
2022-10-02 08:00:00,1.249,1014.2,18.1
2022-10-02 09:00:00,0.95,1015.1,18.1
2022-10-02 10:00:00,0.77,1014.6,18.1
2022-10-02 11:00:00,0.74,1015.5,18.0
2022-10-02 12:00:00,0.726,1016.0,18.1
2022-10-02 13:00:00,0.904,1016.5,18.2
2022-10-02 14:00:00,1.23,1017.1,18.2
2022-10-02 15:00:00,1.525,1017.9,18.4
2022-10-02 16:00:00,1.768,1018.9,18.3
2022-10-02 17:00:00,2.006,1019.3,18.0
2022-10-02 18:00:00,2.127,1019.5,18.0
2022-10-02 19:00:00,2.014,1019.3,17.9
2022-10-02 20:00:00,1.811,1019.8,17.8
2022-10-02 21:00:00,1.494,1019.7,17.8
2022-10-02 22:00:00,1.222,1020.2,17.7
2022-10-02 23:00:00,1.025,1020.9,17.5
2022-10-03 00:00:00,0.882,1022.2,17.7
2022-10-03 01:00:00,0.817,1022.4,17.7
2022-10-03 02:00:00,0.957,1021.8,17.8
2022-10-03 03:00:00,1.124,1021.4,18.0
2022-10-03 04:00:00,1.377,1022.9,18.2
2022-10-03 05:00:00,1.617,1022.1,17.7
2022-10-03 06:00:00,1.845,1022.1,17.6
2022-10-03 07:00:00,1.962,1021.9,17.6
2022-10-03 08:00:00,1.826,1022.1,17.6
2022-10-03 09:00:00,1.605,1021.4,17.5
2022-10-03 10:00:00,1.304,1022.0,17.5
2022-10-03 11:00:00,1.104,1023.3,17.4
2022-10-03 12:00:00,0.97,1022.6,17.4
2022-10-03 13:00:00,0.909,1023.5,17.3
2022-10-03 14:00:00,0.984,1023.9,17.7
2022-10-03 15:00:00,1.201,1023.4,17.4
2022-10-03 16:00:00,1.45,1023.1,17.9
2022-10-03 17:00:00,1.711,1023.3,17.7
2022-10-03 18:00:00,2.0,1023.3,17.4
2022-10-03 19:00:00,2.132,1022.5,17.4
2022-10-03 20:00:00,2.052,1022.1,17.2
2022-10-03 21:00:00,1.857,1021.9,17.1
2022-10-03 22:00:00,1.565,1021.5,17.1
2022-10-03 23:00:00,1.314,1021.8,17.0
2022-10-04 00:00:00,1.095,1021.7,16.9
2022-10-04 01:00:00,0.912,1021.9,16.9
2022-10-04 02:00:00,0.838,1021.2,17.0
2022-10-04 03:00:00,0.921,1020.4,17.1
2022-10-04 04:00:00,1.093,1019.9,17.2
2022-10-04 05:00:00,1.355,1019.1,17.6
2022-10-04 06:00:00,1.666,1018.7,17.2
2022-10-04 07:00:00,1.848,1018.0,17.0
2022-10-04 08:00:00,1.942,1017.7,16.9
2022-10-04 09:00:00,1.788,1017.5,16.9
2022-10-04 10:00:00,1.597,1017.0,16.8
2022-10-04 11:00:00,1.314,1016.7,16.9
2022-10-04 12:00:00,1.092,1016.3,16.7
2022-10-04 13:00:00,0.903,1016.2,16.7
2022-10-04 14:00:00,0.817,1015.8,16.7
2022-10-04 15:00:00,0.881,1015.2,16.6
2022-10-04 16:00:00,1.102,1014.8,16.7
2022-10-04 17:00:00,1.362,1014.3,17.4
2022-10-04 18:00:00,1.649,1013.8,17.1
2022-10-04 19:00:00,1.868,1013.1,16.8
2022-10-04 20:00:00,2.032,1012.8,16.7
2022-10-04 21:00:00,2.042,1012.6,16.7
2022-10-04 22:00:00,1.925,1012.7,16.6
2022-10-04 23:00:00,1.641,1012.8,16.6
2022-10-05 00:00:00,1.267,1012.8,16.6
2022-10-05 01:00:00,0.954,1012.9,16.5
2022-10-05 02:00:00,0.72,1013.0,16.5
2022-10-05 03:00:00,0.561,1012.4,16.5
2022-10-05 04:00:00,0.625,1011.9,16.6
2022-10-05 05:00:00,0.902,1011.8,16.8
2022-10-05 06:00:00,1.187,1011.9,17.0
2022-10-05 07:00:00,1.457,1011.6,16.7
2022-10-05 08:00:00,1.629,1011.5,16.6
2022-10-05 09:00:00,1.673,1012.3,16.5
2022-10-05 10:00:00,1.605,1012.5,16.5
2022-10-05 11:00:00,1.412,1012.3,16.6
2022-10-05 12:00:00,1.108,1012.6,16.5
2022-10-05 13:00:00,0.867,1013.0,16.5
2022-10-05 14:00:00,0.667,1013.4,16.5
2022-10-05 15:00:00,0.514,1013.4,16.5
2022-10-05 16:00:00,0.485,1013.3,16.5
2022-10-05 17:00:00,0.75,1012.8,16.5
2022-10-05 18:00:00,1.138,1012.4,16.6
2022-10-05 19:00:00,1.468,1012.3,16.8
2022-10-05 20:00:00,1.713,1012.9,16.6
2022-10-05 21:00:00,1.849,1012.8,16.6
2022-10-05 22:00:00,1.832,1012.9,16.5
2022-10-05 23:00:00,1.67,1013.3,16.5
2022-10-06 00:00:00,1.352,1013.1,16.5
2022-10-06 01:00:00,0.926,1012.9,16.4
2022-10-06 02:00:00,0.69,1013.5,16.4
2022-10-06 03:00:00,0.433,1014.0,16.4
2022-10-06 04:00:00,0.292,1014.2,16.4
2022-10-06 05:00:00,0.418,1013.7,16.4
2022-10-06 06:00:00,0.755,1013.5,16.6
2022-10-06 07:00:00,1.126,1013.4,16.8
2022-10-06 08:00:00,1.434,1013.4,16.4
2022-10-06 09:00:00,1.621,1013.8,16.5
2022-10-06 10:00:00,1.722,1014.1,16.4
2022-10-06 11:00:00,1.649,1014.7,16.4
2022-10-06 12:00:00,1.404,1015.3,16.4
2022-10-06 13:00:00,1.021,1015.6,16.4
2022-10-06 14:00:00,0.717,1015.8,16.4
2022-10-06 15:00:00,0.482,1015.6,16.4
2022-10-06 16:00:00,0.359,1015.5,16.5
2022-10-06 17:00:00,0.38,1014.9,16.6
2022-10-06 18:00:00,0.696,1014.4,16.8
2022-10-06 19:00:00,1.103,1014.2,16.8
2022-10-06 20:00:00,1.469,1014.0,16.7
2022-10-06 21:00:00,1.722,1014.0,16.6
2022-10-06 22:00:00,1.891,1014.1,16.7
2022-10-06 23:00:00,1.892,1014.3,16.6
2022-10-07 00:00:00,1.646,1014.6,16.5
2022-10-07 01:00:00,1.311,1014.6,16.5
2022-10-07 02:00:00,0.858,1014.8,16.4
2022-10-07 03:00:00,0.515,1015.0,16.5
2022-10-07 04:00:00,0.227,1014.7,16.6
2022-10-07 05:00:00,0.111,1014.5,16.7
2022-10-07 06:00:00,0.35,1014.5,16.7
2022-10-07 07:00:00,0.8,1014.4,16.7
2022-10-07 08:00:00,1.206,1013.9,16.6
2022-10-07 09:00:00,1.495,1014.4,16.6
2022-10-07 10:00:00,1.702,1014.4,16.6
2022-10-07 11:00:00,1.781,1014.6,16.5
2022-10-07 12:00:00,1.617,1015.0,16.5
2022-10-07 13:00:00,1.305,1015.4,16.5
2022-10-07 14:00:00,0.924,1015.3,16.5
2022-10-07 15:00:00,0.642,1015.3,16.6
2022-10-07 16:00:00,0.368,1014.9,16.8
2022-10-07 17:00:00,0.159,1014.4,16.9
2022-10-07 18:00:00,0.168,1013.7,17.0
2022-10-07 19:00:00,0.573,1013.3,17.1
2022-10-07 20:00:00,1.089,1013.3,17.0
2022-10-07 21:00:00,1.528,1013.4,16.8
2022-10-07 22:00:00,1.752,1013.9,16.8
2022-10-07 23:00:00,1.843,1014.7,16.8
2022-10-08 00:00:00,1.81,1015.3,16.8
2022-10-08 01:00:00,1.512,1016.2,16.7
2022-10-08 02:00:00,1.08,1017.0,16.7
2022-10-08 03:00:00,0.617,1017.9,16.7
2022-10-08 04:00:00,0.292,1018.3,16.6
2022-10-08 05:00:00,0.028,1018.4,16.7
2022-10-08 06:00:00,-0.061,1019.4,16.7
2022-10-08 07:00:00,0.182,1019.6,16.8
2022-10-08 08:00:00,0.607,1020.4,16.7
2022-10-08 09:00:00,1.11,1020.1,16.8
2022-10-08 10:00:00,1.488,1020.4,16.8
2022-10-08 11:00:00,1.721,1021.0,16.7
2022-10-08 12:00:00,1.757,1021.6,16.6
2022-10-08 13:00:00,1.592,1022.2,16.5
2022-10-08 14:00:00,1.207,1022.3,16.6
2022-10-08 15:00:00,0.767,1022.2,16.6
2022-10-08 16:00:00,0.455,1022.1,16.7
2022-10-08 17:00:00,0.162,1021.5,16.8
2022-10-08 18:00:00,0.001,1020.7,16.9
2022-10-08 19:00:00,0.146,1020.1,16.9
2022-10-08 20:00:00,0.597,1019.6,17.0
2022-10-08 21:00:00,1.051,1019.6,16.9
2022-10-08 22:00:00,1.402,1019.9,16.8
2022-10-08 23:00:00,1.625,1020.6,16.8
2022-10-09 00:00:00,1.78,1021.1,16.7
2022-10-09 01:00:00,1.702,1021.4,16.6
2022-10-09 02:00:00,1.348,1021.7,16.6
2022-10-09 03:00:00,0.872,1021.6,16.5
2022-10-09 04:00:00,0.465,1022.1,16.6
2022-10-09 05:00:00,0.181,1022.2,16.5
2022-10-09 06:00:00,-0.036,1021.8,16.6
2022-10-09 07:00:00,-0.071,1021.5,16.6
2022-10-09 08:00:00,0.32,1021.4,16.6
2022-10-09 09:00:00,0.847,1021.5,16.5
2022-10-09 10:00:00,1.352,1021.8,16.6
2022-10-09 11:00:00,1.607,1021.7,16.6
2022-10-09 12:00:00,1.754,1022.0,16.5
2022-10-09 13:00:00,1.731,1022.4,16.4
2022-10-09 14:00:00,1.494,1022.2,16.4
2022-10-09 15:00:00,1.087,1021.8,16.4
2022-10-09 16:00:00,0.669,1021.1,16.5
2022-10-09 17:00:00,0.364,1020.4,16.6
2022-10-09 18:00:00,0.073,1019.7,16.7
2022-10-09 19:00:00,-0.094,1019.2,16.8
2022-10-09 20:00:00,0.088,1019.0,16.9
2022-10-09 21:00:00,0.547,1019.2,16.8
2022-10-09 22:00:00,1.043,1019.7,16.6
2022-10-09 23:00:00,1.393,1020.1,16.6
2022-10-10 00:00:00,1.612,1020.8,16.6
2022-10-10 01:00:00,1.67,1021.0,16.5
2022-10-10 02:00:00,1.504,1021.7,16.4
2022-10-10 03:00:00,1.084,1021.9,16.4
2022-10-10 04:00:00,0.673,1021.8,16.4
2022-10-10 05:00:00,0.344,1021.9,16.4
2022-10-10 06:00:00,0.088,1022.0,16.4
2022-10-10 07:00:00,-0.088,1022.3,16.4
2022-10-10 08:00:00,-0.032,1021.9,16.5
2022-10-10 09:00:00,0.443,1021.9,16.4
2022-10-10 10:00:00,1.009,1022.5,16.5
2022-10-10 11:00:00,1.419,1022.7,16.6
2022-10-10 12:00:00,1.644,1023.0,16.5
2022-10-10 13:00:00,1.767,1023.4,16.4
2022-10-10 14:00:00,1.736,1023.5,16.4
2022-10-10 15:00:00,1.449,1023.5,16.3
2022-10-10 16:00:00,1.014,1023.4,16.5
2022-10-10 17:00:00,0.624,1022.8,16.6
2022-10-10 18:00:00,0.319,1022.1,16.9
2022-10-10 19:00:00,0.063,1021.6,16.8
2022-10-10 20:00:00,-0.011,1021.5,16.8
2022-10-10 21:00:00,0.329,1021.5,16.8
2022-10-10 22:00:00,0.809,1021.7,16.8
2022-10-10 23:00:00,1.269,1022.1,16.5
2022-10-11 00:00:00,1.527,1022.8,16.6
2022-10-11 01:00:00,1.644,1023.4,16.5
2022-10-11 02:00:00,1.606,1024.1,16.5
2022-10-11 03:00:00,1.392,1024.4,16.4
2022-10-11 04:00:00,1.001,1024.5,16.4
2022-10-11 05:00:00,0.627,1024.6,16.4
2022-10-11 06:00:00,0.343,1024.8,16.4
2022-10-11 07:00:00,0.079,1024.9,16.4
2022-10-11 08:00:00,-0.059,1024.9,16.5
2022-10-11 09:00:00,0.135,1025.4,16.5
2022-10-11 10:00:00,0.657,1025.8,16.5
2022-10-11 11:00:00,1.175,1026.2,16.6
2022-10-11 12:00:00,1.504,1027.0,16.5
2022-10-11 13:00:00,1.707,1027.6,16.5
2022-10-11 14:00:00,1.786,1027.8,16.4
2022-10-11 15:00:00,1.66,1027.7,16.4
2022-10-11 16:00:00,1.296,1027.4,16.4
2022-10-11 17:00:00,0.855,1026.9,16.5
2022-10-11 18:00:00,0.506,1026.0,17.1
2022-10-11 19:00:00,0.221,1025.2,16.9
2022-10-11 20:00:00,0.015,1024.8,16.8
2022-10-11 21:00:00,0.068,1024.6,16.8
2022-10-11 22:00:00,0.475,1024.7,16.9
2022-10-11 23:00:00,0.924,1024.8,16.8
2022-10-12 00:00:00,1.278,1025.1,16.5
2022-10-12 01:00:00,1.442,1025.3,16.6
2022-10-12 02:00:00,1.501,1025.6,16.6
2022-10-12 03:00:00,1.448,1025.5,16.6
2022-10-12 04:00:00,1.186,1025.4,16.5
2022-10-12 05:00:00,0.812,1025.4,16.5
2022-10-12 06:00:00,0.476,1025.3,16.5
2022-10-12 07:00:00,0.223,1025.0,16.5
2022-10-12 08:00:00,0.032,1024.7,16.5
2022-10-12 09:00:00,0.015,1024.8,16.6
2022-10-12 10:00:00,0.382,1025.1,16.5
2022-10-12 11:00:00,0.872,1024.9,16.5
2022-10-12 12:00:00,1.298,1024.9,16.7
2022-10-12 13:00:00,1.519,1024.9,16.6
2022-10-12 14:00:00,1.679,1024.7,16.6
2022-10-12 15:00:00,1.723,1024.5,16.6
2022-10-12 16:00:00,1.523,1024.2,16.5
2022-10-12 17:00:00,1.166,1023.3,16.5
2022-10-12 18:00:00,0.742,1022.2,16.7
2022-10-12 19:00:00,0.463,1021.1,17.1
2022-10-12 20:00:00,0.222,1020.6,17.0
2022-10-12 21:00:00,0.114,1020.1,16.9
2022-10-12 22:00:00,0.248,1019.7,16.8
2022-10-12 23:00:00,0.66,1019.8,16.9
2022-10-13 00:00:00,1.053,1019.6,16.7
2022-10-13 01:00:00,1.313,1019.9,16.6
2022-10-13 02:00:00,1.429,1019.7,16.7
2022-10-13 03:00:00,1.479,1019.1,16.6
2022-10-13 04:00:00,1.408,1018.3,16.6
2022-10-13 05:00:00,1.156,1017.8,16.6
2022-10-13 06:00:00,0.836,1017.7,16.6
2022-10-13 07:00:00,0.565,1016.0,16.6
2022-10-13 08:00:00,0.354,1015.2,16.6
2022-10-13 09:00:00,0.223,1014.7,16.6
2022-10-13 10:00:00,0.359,1014.4,16.7
2022-10-13 11:00:00,0.804,1014.1,16.7
2022-10-13 12:00:00,1.251,1013.6,16.9
2022-10-13 13:00:00,1.561,1013.5,16.8
2022-10-13 14:00:00,1.732,1013.0,16.7
2022-10-13 15:00:00,1.842,1012.4,16.7
2022-10-13 16:00:00,1.848,1011.9,16.6
2022-10-13 17:00:00,1.647,1011.4,16.6
2022-10-13 18:00:00,1.28,1009.8,16.7
2022-10-13 19:00:00,0.89,1009.1,16.7
2022-10-13 20:00:00,0.667,1008.6,16.7
2022-10-13 21:00:00,0.491,1008.2,16.8
2022-10-13 22:00:00,0.463,1008.5,16.8
2022-10-13 23:00:00,0.694,1008.2,16.9
2022-10-14 00:00:00,0.978,1008.4,17.0
2022-10-14 01:00:00,1.273,1007.9,16.8
2022-10-14 02:00:00,1.438,1007.7,16.7
2022-10-14 03:00:00,1.581,1008.6,16.8
2022-10-14 04:00:00,1.63,1008.9,16.8
2022-10-14 05:00:00,1.442,1009.4,16.7
2022-10-14 06:00:00,1.123,1010.3,16.7
2022-10-14 07:00:00,0.796,1010.4,16.7
2022-10-14 08:00:00,0.513,1009.7,16.7
2022-10-14 09:00:00,0.315,1008.7,16.7
2022-10-14 10:00:00,0.248,1008.6,16.7
2022-10-14 11:00:00,0.461,1009.0,16.8
2022-10-14 12:00:00,0.997,1010.4,16.7
2022-10-14 13:00:00,1.557,1011.5,16.8
2022-10-14 14:00:00,1.84,1012.7,16.8
2022-10-14 15:00:00,1.813,1013.1,16.8
2022-10-14 16:00:00,1.612,1013.4,16.8
2022-10-14 17:00:00,1.449,1013.0,16.8
2022-10-14 18:00:00,1.255,1012.6,16.8
2022-10-14 19:00:00,1.08,1012.4,16.9
2022-10-14 20:00:00,0.885,1012.7,16.9
2022-10-14 21:00:00,0.708,1013.0,17.0
2022-10-14 22:00:00,0.457,1013.7,17.0
2022-10-14 23:00:00,0.421,1014.5,16.9
2022-10-15 00:00:00,0.561,1015.1,17.0
2022-10-15 01:00:00,0.815,1015.4,17.0
2022-10-15 02:00:00,1.082,1015.8,16.8
2022-10-15 03:00:00,1.28,1016.1,16.8
2022-10-15 04:00:00,1.44,1016.4,16.8
2022-10-15 05:00:00,1.453,1016.8,16.8
2022-10-15 06:00:00,1.232,1016.9,16.8
2022-10-15 07:00:00,0.947,1016.8,16.8
2022-10-15 08:00:00,0.645,1016.9,16.8
2022-10-15 09:00:00,0.489,1017.2,16.7
2022-10-15 10:00:00,0.459,1017.4,16.7
2022-10-15 11:00:00,0.538,1017.5,16.6
2022-10-15 12:00:00,0.712,1017.7,16.7
2022-10-15 13:00:00,0.963,1018.1,16.7
2022-10-15 14:00:00,1.242,1018.0,16.9
2022-10-15 15:00:00,1.413,1017.6,16.9
2022-10-15 16:00:00,1.559,1017.0,16.9
2022-10-15 17:00:00,1.626,1016.0,16.9
2022-10-15 18:00:00,1.527,1015.1,16.9
2022-10-15 19:00:00,1.28,1014.3,16.9
2022-10-15 20:00:00,0.999,1014.3,17.0
2022-10-15 21:00:00,0.764,1014.2,16.9
2022-10-15 22:00:00,0.587,1014.5,17.0
2022-10-15 23:00:00,0.487,1015.0,17.0
2022-10-16 00:00:00,0.554,1015.3,17.0
2022-10-16 01:00:00,0.741,1015.6,17.0
2022-10-16 02:00:00,0.9,1015.8,17.1
2022-10-16 03:00:00,1.038,1015.7,16.9
2022-10-16 04:00:00,1.167,1015.5,16.8
2022-10-16 05:00:00,1.327,1015.6,16.8
2022-10-16 06:00:00,1.354,1015.3,16.9
2022-10-16 07:00:00,1.201,1014.8,16.9
2022-10-16 08:00:00,0.974,1014.6,16.8
2022-10-16 09:00:00,0.702,1014.2,16.8
2022-10-16 10:00:00,0.579,1014.7,16.8
2022-10-16 11:00:00,0.546,1015.0,16.8
2022-10-16 12:00:00,0.605,1015.3,16.6
2022-10-16 13:00:00,0.761,1015.7,16.7
2022-10-16 14:00:00,1.018,1015.7,16.8
2022-10-16 15:00:00,1.253,1015.3,16.9
2022-10-16 16:00:00,1.422,1015.0,16.9
2022-10-16 17:00:00,1.525,1014.6,16.9
2022-10-16 18:00:00,1.528,1013.9,16.9
2022-10-16 19:00:00,1.391,1013.4,16.9
2022-10-16 20:00:00,1.171,1012.9,16.9
2022-10-16 21:00:00,0.875,1012.6,17.0
2022-10-16 22:00:00,0.667,1012.0,17.0
2022-10-16 23:00:00,0.586,1011.9,17.0
2022-10-17 00:00:00,0.578,1012.4,16.9
2022-10-17 01:00:00,0.65,1012.2,16.9
2022-10-17 02:00:00,0.717,1011.8,16.9
2022-10-17 03:00:00,0.867,1011.5,17.0
2022-10-17 04:00:00,1.009,1010.7,17.0
2022-10-17 05:00:00,1.247,1010.3,16.9
2022-10-17 06:00:00,1.411,1009.8,16.9
2022-10-17 07:00:00,1.405,1009.3,16.9
2022-10-17 08:00:00,1.193,1008.6,16.9
2022-10-17 09:00:00,1.011,1008.1,16.9
2022-10-17 10:00:00,0.781,1008.0,16.8
2022-10-17 11:00:00,0.784,1007.7,16.8
2022-10-17 12:00:00,0.757,1007.3,16.8
2022-10-17 13:00:00,0.784,1007.3,16.9
2022-10-17 14:00:00,0.887,1006.5,16.9
2022-10-17 15:00:00,1.148,1006.0,17.0
2022-10-17 16:00:00,1.358,1006.0,17.0
2022-10-17 17:00:00,1.498,1005.4,17.0
2022-10-17 18:00:00,1.525,1004.2,16.9
2022-10-17 19:00:00,1.512,1003.3,17.2
2022-10-17 20:00:00,1.375,1002.7,17.2
2022-10-17 21:00:00,1.253,1002.4,17.0
2022-10-17 22:00:00,1.008,1002.1,17.1
2022-10-17 23:00:00,0.881,1003.1,17.0
2022-10-18 00:00:00,0.731,1003.7,17.1
2022-10-18 01:00:00,0.601,1003.4,17.0
2022-10-18 02:00:00,0.599,1002.9,17.0
2022-10-18 03:00:00,0.763,1002.9,16.9
2022-10-18 04:00:00,0.956,1002.7,17.1
2022-10-18 05:00:00,1.165,1002.5,16.9
2022-10-18 06:00:00,1.349,1003.0,17.0
2022-10-18 07:00:00,1.371,1002.5,16.9
2022-10-18 08:00:00,1.303,1002.8,16.9
2022-10-18 09:00:00,1.211,1003.1,16.8
2022-10-18 10:00:00,1.025,1003.8,16.4
2022-10-18 11:00:00,0.866,1003.8,16.6
2022-10-18 12:00:00,0.901,1004.2,16.7
2022-10-18 13:00:00,0.792,1004.8,16.9
2022-10-18 14:00:00,0.76,1005.0,16.9
2022-10-18 15:00:00,0.852,1005.0,16.8
2022-10-18 16:00:00,1.058,1005.2,16.9
2022-10-18 17:00:00,1.313,1005.1,16.9
2022-10-18 18:00:00,1.469,1004.4,17.0
2022-10-18 19:00:00,1.514,1004.4,16.9
2022-10-18 20:00:00,1.432,1004.4,16.9
2022-10-18 21:00:00,1.285,1004.6,16.8
2022-10-18 22:00:00,1.132,1005.1,16.8
2022-10-18 23:00:00,0.966,1005.9,16.6
2022-10-19 00:00:00,0.785,1006.5,16.7
2022-10-19 01:00:00,0.588,1007.1,16.6
2022-10-19 02:00:00,0.44,1007.3,16.7
2022-10-19 03:00:00,0.426,1007.6,16.5
2022-10-19 04:00:00,0.622,1008.0,16.5
2022-10-19 05:00:00,0.871,1008.1,16.7
2022-10-19 06:00:00,1.151,1008.5,16.9
2022-10-19 07:00:00,1.262,1008.7,17.0
2022-10-19 08:00:00,1.283,1008.7,16.7
2022-10-19 09:00:00,1.227,1009.1,16.8
2022-10-19 10:00:00,1.158,1009.2,16.7
2022-10-19 11:00:00,1.041,1009.7,16.4
2022-10-19 12:00:00,0.829,1010.1,15.7
2022-10-19 13:00:00,0.697,1010.7,16.4
2022-10-19 14:00:00,0.622,1010.9,16.5
2022-10-19 15:00:00,0.66,1011.1,16.6
2022-10-19 16:00:00,0.804,1011.0,16.4
2022-10-19 17:00:00,1.002,1010.4,16.7
2022-10-19 18:00:00,1.224,1010.0,16.7
2022-10-19 19:00:00,1.365,1010.2,16.5
2022-10-19 20:00:00,1.425,1010.7,16.5
2022-10-19 21:00:00,1.381,1010.4,16.4
2022-10-19 22:00:00,1.277,1010.9,16.3
2022-10-19 23:00:00,1.08,1011.8,16.5
2022-10-20 00:00:00,0.865,1012.4,16.3
2022-10-20 01:00:00,0.68,1012.7,16.1
2022-10-20 02:00:00,0.479,1013.0,16.0
2022-10-20 03:00:00,0.319,1013.5,15.8
2022-10-20 04:00:00,0.316,1013.8,16.1
2022-10-20 05:00:00,0.505,1014.0,15.6
2022-10-20 06:00:00,0.786,1014.6,15.9
2022-10-20 07:00:00,0.978,1014.5,15.7
2022-10-20 08:00:00,1.083,1014.5,16.8
2022-10-20 09:00:00,1.163,1014.8,16.4
2022-10-20 10:00:00,1.166,1015.4,16.0
2022-10-20 11:00:00,1.08,1015.8,15.8
2022-10-20 12:00:00,0.915,1016.2,15.9
2022-10-20 13:00:00,0.679,1016.9,15.5
2022-10-20 14:00:00,0.525,1017.0,15.9
2022-10-20 15:00:00,0.424,1016.9,15.8
2022-10-20 16:00:00,0.449,1016.4,15.9
2022-10-20 17:00:00,0.594,1015.6,15.8
2022-10-20 18:00:00,0.858,1014.8,15.9
2022-10-20 19:00:00,1.153,1014.5,16.3
2022-10-20 20:00:00,1.333,1013.9,16.2
2022-10-20 21:00:00,1.376,1013.8,16.1
2022-10-20 22:00:00,1.334,1014.0,16.0
2022-10-20 23:00:00,1.216,1014.8,15.8
2022-10-21 00:00:00,1.034,1015.6,16.0
2022-10-21 01:00:00,0.783,1016.1,16.0
2022-10-21 02:00:00,0.486,1016.7,15.9
2022-10-21 03:00:00,0.245,1017.4,15.7
2022-10-21 04:00:00,0.132,1017.5,16.0
2022-10-21 05:00:00,0.209,1017.6,15.8
2022-10-21 06:00:00,0.52,1017.5,15.8
2022-10-21 07:00:00,0.859,1017.3,16.1
2022-10-21 08:00:00,1.12,1017.6,16.3
2022-10-21 09:00:00,1.271,1018.0,16.4
2022-10-21 10:00:00,1.317,1018.8,16.3
2022-10-21 11:00:00,1.296,1019.4,16.2
2022-10-21 12:00:00,1.081,1020.1,16.2
2022-10-21 13:00:00,0.838,1020.8,16.0
2022-10-21 14:00:00,0.589,1021.3,15.9
2022-10-21 15:00:00,0.446,1021.5,16.0
2022-10-21 16:00:00,0.356,1021.4,16.2
2022-10-21 17:00:00,0.409,1021.2,16.3
2022-10-21 18:00:00,0.653,1020.3,16.3
2022-10-21 19:00:00,0.952,1020.0,16.3
2022-10-21 20:00:00,1.246,1019.9,16.3
2022-10-21 21:00:00,1.409,1019.9,16.3
2022-10-21 22:00:00,1.481,1020.1,16.3
2022-10-21 23:00:00,1.468,1020.8,16.2
2022-10-22 00:00:00,1.3,1021.0,16.1
2022-10-22 01:00:00,1.036,1021.3,16.2
2022-10-22 02:00:00,0.672,1021.9,16.0
2022-10-22 03:00:00,0.398,1022.4,16.1
2022-10-22 04:00:00,0.191,1022.6,16.0
2022-10-22 05:00:00,0.171,1022.9,16.1
2022-10-22 06:00:00,0.417,1023.0,16.0
2022-10-22 07:00:00,0.77,1022.9,16.1
2022-10-22 08:00:00,1.084,1022.8,16.2
2022-10-22 09:00:00,1.297,1023.2,16.3
2022-10-22 10:00:00,1.418,1023.9,16.2
2022-10-22 11:00:00,1.493,1024.2,16.1
2022-10-22 12:00:00,1.379,1024.5,16.2
2022-10-22 13:00:00,1.158,1025.4,16.0
2022-10-22 14:00:00,0.821,1025.8,16.0
2022-10-22 15:00:00,0.543,1026.0,16.0
2022-10-22 16:00:00,0.328,1025.7,16.2
2022-10-22 17:00:00,0.211,1025.5,16.3
2022-10-22 18:00:00,0.331,1025.2,16.5
2022-10-22 19:00:00,0.694,1024.7,16.4
2022-10-22 20:00:00,1.063,1024.6,16.3
2022-10-22 21:00:00,1.344,1024.8,16.3
2022-10-22 22:00:00,1.499,1024.8,16.3
2022-10-22 23:00:00,1.532,1025.3,16.2
2022-10-23 00:00:00,1.468,1025.4,16.2
2022-10-23 01:00:00,1.235,1025.6,16.2
2022-10-23 02:00:00,0.889,1026.0,16.1
2022-10-23 03:00:00,0.558,1026.0,16.1
2022-10-23 04:00:00,0.358,1025.5,16.1
2022-10-23 05:00:00,0.202,1025.6,16.1
2022-10-23 06:00:00,0.213,1025.2,16.2
2022-10-23 07:00:00,0.516,1025.1,16.1
2022-10-23 08:00:00,0.938,1025.3,16.2
2022-10-23 09:00:00,1.346,1025.0,16.2
2022-10-23 10:00:00,1.567,1025.4,16.2
2022-10-23 11:00:00,1.692,1025.3,16.2
2022-10-23 12:00:00,1.64,1025.6,16.2
2022-10-23 13:00:00,1.456,1026.0,16.1
2022-10-23 14:00:00,1.149,1026.2,16.2
2022-10-23 15:00:00,0.837,1025.5,16.1
2022-10-23 16:00:00,0.563,1025.1,16.1
2022-10-23 17:00:00,0.368,1024.9,16.1
2022-10-23 18:00:00,0.279,1024.8,16.2
2022-10-23 19:00:00,0.469,1024.5,16.2
2022-10-23 20:00:00,0.848,1024.1,16.2
2022-10-23 21:00:00,1.286,1023.8,16.2
2022-10-23 22:00:00,1.517,1023.5,16.2
2022-10-23 23:00:00,1.677,1023.7,16.1
2022-10-24 00:00:00,1.704,1023.3,16.1
2022-10-24 01:00:00,1.586,1022.8,16.1
2022-10-24 02:00:00,1.296,1022.7,16.1
2022-10-24 03:00:00,0.975,1022.9,16.0
2022-10-24 04:00:00,0.654,1022.5,16.0
2022-10-24 05:00:00,0.422,1022.2,16.0
2022-10-24 06:00:00,0.303,1022.1,16.0
2022-10-24 07:00:00,0.424,1021.8,16.0
2022-10-24 08:00:00,0.742,1021.4,16.0
2022-10-24 09:00:00,1.158,1021.7,16.1
2022-10-24 10:00:00,1.487,1021.2,16.1
2022-10-24 11:00:00,1.732,1021.6,16.1
2022-10-24 12:00:00,1.867,1021.8,16.0
2022-10-24 13:00:00,1.782,1022.3,16.0
2022-10-24 14:00:00,1.463,1022.2,16.0
2022-10-24 15:00:00,1.058,1022.1,16.0
2022-10-24 16:00:00,0.683,1022.1,16.0
2022-10-24 17:00:00,0.423,1021.6,16.0
2022-10-24 18:00:00,0.228,1020.8,16.1
2022-10-24 19:00:00,0.182,1020.5,16.1
2022-10-24 20:00:00,0.487,1020.3,16.1
2022-10-24 21:00:00,0.924,1020.2,16.1
2022-10-24 22:00:00,1.328,1020.0,16.1
2022-10-24 23:00:00,1.585,1019.9,16.0
2022-10-25 00:00:00,1.711,1020.3,16.1
2022-10-25 01:00:00,1.65,1020.4,16.1
2022-10-25 02:00:00,1.401,1020.6,16.0
2022-10-25 03:00:00,1.032,1020.5,16.1
2022-10-25 04:00:00,0.679,1019.9,16.1
2022-10-25 05:00:00,0.421,1019.6,16.1
2022-10-25 06:00:00,0.219,1019.2,16.1
2022-10-25 07:00:00,0.16,1018.9,16.1
2022-10-25 08:00:00,0.388,1019.0,16.1
2022-10-25 09:00:00,0.844,1019.1,16.1
2022-10-25 10:00:00,1.348,1019.3,16.1
2022-10-25 11:00:00,1.656,1019.5,16.1
2022-10-25 12:00:00,1.805,1019.6,16.1
2022-10-25 13:00:00,1.861,1020.1,16.1
2022-10-25 14:00:00,1.718,1019.9,16.1
2022-10-25 15:00:00,1.389,1019.6,16.1
2022-10-25 16:00:00,0.943,1019.5,16.1
2022-10-25 17:00:00,0.579,1019.0,16.2
2022-10-25 18:00:00,0.27,1018.5,16.2
2022-10-25 19:00:00,0.077,1017.8,16.3
2022-10-25 20:00:00,0.127,1017.1,16.3
2022-10-25 21:00:00,0.583,1016.6,16.3
2022-10-25 22:00:00,1.03,1017.1,16.2
2022-10-25 23:00:00,1.419,1017.0,16.1
2022-10-26 00:00:00,1.62,1016.7,16.2
2022-10-26 01:00:00,1.691,1016.4,16.2
2022-10-26 02:00:00,1.578,1016.3,16.2
2022-10-26 03:00:00,1.271,1016.0,16.2
2022-10-26 04:00:00,0.872,1015.5,16.2
2022-10-26 05:00:00,0.565,1014.6,16.2
2022-10-26 06:00:00,0.343,1014.4,16.3
2022-10-26 07:00:00,0.154,1014.0,16.3
2022-10-26 08:00:00,0.147,1013.1,16.3
2022-10-26 09:00:00,0.504,1012.5,16.3
2022-10-26 10:00:00,1.048,1012.4,16.3
2022-10-26 11:00:00,1.505,1011.7,16.2
2022-10-26 12:00:00,1.756,1011.3,16.2
2022-10-26 13:00:00,1.9,1011.2,16.3
2022-10-26 14:00:00,1.948,1010.8,16.3
2022-10-26 15:00:00,1.7,1010.5,16.3
2022-10-26 16:00:00,1.31,1009.9,16.3
2022-10-26 17:00:00,0.846,1009.0,16.4
2022-10-26 18:00:00,0.519,1008.2,16.5
2022-10-26 19:00:00,0.223,1007.4,16.6
2022-10-26 20:00:00,0.087,1006.9,16.6
2022-10-26 21:00:00,0.301,1007.0,16.5
2022-10-26 22:00:00,0.758,1007.2,16.5
2022-10-26 23:00:00,1.218,1007.9,16.4
2022-10-27 00:00:00,1.514,1008.3,16.3
2022-10-27 01:00:00,1.647,1008.7,16.4
2022-10-27 02:00:00,1.619,1009.2,16.4
2022-10-27 03:00:00,1.468,1009.7,16.4
2022-10-27 04:00:00,1.146,1010.1,16.4
2022-10-27 05:00:00,0.794,1010.7,16.3
2022-10-27 06:00:00,0.515,1011.3,16.4
2022-10-27 07:00:00,0.274,1012.0,16.3
2022-10-27 08:00:00,0.075,1012.7,16.3
2022-10-27 09:00:00,0.168,1013.4,16.3
2022-10-27 10:00:00,0.596,1014.2,16.2
2022-10-27 11:00:00,1.121,1015.1,16.3
2022-10-27 12:00:00,1.473,1016.7,16.3
2022-10-27 13:00:00,1.667,1018.0,16.3
2022-10-27 14:00:00,1.788,1018.8,16.3
2022-10-27 15:00:00,1.771,1019.9,16.3
2022-10-27 16:00:00,1.442,1020.5,16.3
2022-10-27 17:00:00,0.988,1020.6,16.4
2022-10-27 18:00:00,0.555,1020.5,16.5
2022-10-27 19:00:00,0.262,1020.6,16.5
2022-10-27 20:00:00,0.042,1021.2,16.5
2022-10-27 21:00:00,-0.01,1021.9,16.5
2022-10-27 22:00:00,0.286,1023.2,16.5
2022-10-27 23:00:00,0.706,1024.4,16.4
2022-10-28 00:00:00,1.09,1025.5,16.3
2022-10-28 01:00:00,1.29,1026.3,16.3
2022-10-28 02:00:00,1.408,1027.3,16.4
2022-10-28 03:00:00,1.432,1028.0,16.3
2022-10-28 04:00:00,1.259,1028.6,16.3
2022-10-28 05:00:00,0.964,1029.3,16.3
2022-10-28 06:00:00,0.635,1029.6,16.2
2022-10-28 07:00:00,0.398,1029.8,16.1
2022-10-28 08:00:00,0.199,1030.3,16.1
2022-10-28 09:00:00,0.129,1030.7,16.0
2022-10-28 10:00:00,0.383,1031.5,15.9
2022-10-28 11:00:00,0.848,1031.9,16.0
2022-10-28 12:00:00,1.271,1032.8,16.1
2022-10-28 13:00:00,1.593,1033.6,16.1
2022-10-28 14:00:00,1.841,1033.9,16.1
2022-10-28 15:00:00,2.016,1033.9,16.0
2022-10-28 16:00:00,1.938,1034.0,16.0
2022-10-28 17:00:00,1.606,1033.4,16.1
2022-10-28 18:00:00,1.092,1032.9,16.1
2022-10-28 19:00:00,0.691,1032.8,16.1
2022-10-28 20:00:00,0.424,1032.5,16.1
2022-10-28 21:00:00,0.229,1032.7,16.1
2022-10-28 22:00:00,0.29,1032.7,16.0
2022-10-28 23:00:00,0.613,1032.8,16.1
2022-10-29 00:00:00,0.916,1033.0,16.0
2022-10-29 01:00:00,1.23,1032.9,16.1
2022-10-29 02:00:00,1.467,1033.2,16.1
2022-10-29 03:00:00,1.668,1033.2,16.1
2022-10-29 04:00:00,1.689,1033.0,16.0
2022-10-29 05:00:00,1.451,1032.8,15.9
2022-10-29 06:00:00,1.105,1033.0,15.9
2022-10-29 07:00:00,0.755,1032.5,15.9
2022-10-29 08:00:00,0.472,1032.4,15.7
2022-10-29 09:00:00,0.291,1032.3,15.8
2022-10-29 10:00:00,0.239,1031.9,15.8
2022-10-29 11:00:00,0.501,1031.6,15.7
2022-10-29 12:00:00,0.94,1031.9,15.8
2022-10-29 13:00:00,1.333,1032.6,15.9
2022-10-29 14:00:00,1.603,1033.1,15.9
2022-10-29 15:00:00,1.78,1032.7,15.9
2022-10-29 16:00:00,1.881,1032.3,15.9
2022-10-29 17:00:00,1.71,1031.2,15.9
2022-10-29 18:00:00,1.358,1031.0,15.9
2022-10-29 19:00:00,0.913,1030.3,15.9
2022-10-29 20:00:00,0.588,1029.7,16.0
2022-10-29 21:00:00,0.332,1029.5,16.0
2022-10-29 22:00:00,0.171,1029.3,15.9
2022-10-29 23:00:00,0.204,1029.4,15.9
2022-10-30 00:00:00,0.503,1029.2,15.8
2022-10-30 01:00:00,0.827,1028.7,15.8
2022-10-30 02:00:00,1.134,1028.6,15.9
2022-10-30 03:00:00,1.35,1028.2,15.9
2022-10-30 04:00:00,1.484,1027.7,15.9
2022-10-30 05:00:00,1.497,1027.6,15.8
2022-10-30 06:00:00,1.291,1026.9,15.8
2022-10-30 07:00:00,0.966,1026.6,15.8
2022-10-30 08:00:00,0.634,1026.1,15.7
2022-10-30 09:00:00,0.426,1025.8,15.5
2022-10-30 10:00:00,0.288,1025.5,15.6
2022-10-30 11:00:00,0.277,1025.5,15.5
2022-10-30 12:00:00,0.521,1025.9,15.5
2022-10-30 13:00:00,0.878,1026.1,15.6
2022-10-30 14:00:00,1.265,1026.0,15.8
2022-10-30 15:00:00,1.498,1025.6,15.8
2022-10-30 16:00:00,1.676,1024.9,15.8
2022-10-30 17:00:00,1.722,1023.9,15.8
2022-10-30 18:00:00,1.554,1023.0,15.7
2022-10-30 19:00:00,1.289,1022.2,15.8
2022-10-30 20:00:00,0.902,1021.4,15.8
2022-10-30 21:00:00,0.621,1021.3,15.8
2022-10-30 22:00:00,0.362,1021.1,15.7
2022-10-30 23:00:00,0.209,1021.2,15.7
2022-10-31 00:00:00,0.244,1021.4,15.7
2022-10-31 01:00:00,0.461,1021.3,15.7
2022-10-31 02:00:00,0.742,1021.4,15.7
2022-10-31 03:00:00,1.02,1021.1,15.7
2022-10-31 04:00:00,1.248,1020.8,15.7
2022-10-31 05:00:00,1.415,1020.6,15.7
2022-10-31 06:00:00,1.423,1020.0,15.7
2022-10-31 07:00:00,1.217,1019.8,15.7
2022-10-31 08:00:00,0.951,1019.1,15.7
2022-10-31 09:00:00,0.641,1019.1,15.7
2022-10-31 10:00:00,0.459,1018.7,15.6
2022-10-31 11:00:00,0.339,1019.2,15.5
2022-10-31 12:00:00,0.347,1019.6,15.5
2022-10-31 13:00:00,0.566,1019.6,15.6
2022-10-31 14:00:00,0.906,1019.3,15.6
2022-10-31 15:00:00,1.284,1018.9,15.7
2022-10-31 16:00:00,1.506,1018.8,15.7
2022-10-31 17:00:00,1.675,1017.9,15.7
2022-10-31 18:00:00,1.74,1016.9,15.7
2022-10-31 19:00:00,1.612,1016.2,15.7
2022-10-31 20:00:00,1.354,1015.8,15.7
2022-10-31 21:00:00,1.001,1015.9,15.7
2022-10-31 22:00:00,0.737,1016.3,15.7
2022-10-31 23:00:00,0.52,1016.6,15.8
2022-11-01 00:00:00,0.352,1016.6,15.8
2022-11-01 01:00:00,0.3,1016.8,15.8
2022-11-01 02:00:00,0.465,1016.9,15.8
2022-11-01 03:00:00,0.727,1016.9,15.8
2022-11-01 04:00:00,1.105,1016.7,15.7
2022-11-01 05:00:00,1.376,1016.8,15.7
2022-11-01 06:00:00,1.487,1016.6,15.7
2022-11-01 07:00:00,1.453,1016.4,15.7
2022-11-01 08:00:00,1.246,1016.5,15.7
2022-11-01 09:00:00,1.016,1015.9,15.7
2022-11-01 10:00:00,0.779,1015.7,15.7
2022-11-01 11:00:00,0.601,1015.7,15.7
2022-11-01 12:00:00,0.472,1016.1,15.7
2022-11-01 13:00:00,0.419,1016.4,15.7
2022-11-01 14:00:00,0.579,1016.6,15.7
2022-11-01 15:00:00,0.879,1016.6,15.7
2022-11-01 16:00:00,1.171,1016.4,15.8
2022-11-01 17:00:00,1.359,1015.8,15.7
2022-11-01 18:00:00,1.528,1015.2,15.8
2022-11-01 19:00:00,1.627,1015.1,15.8
2022-11-01 20:00:00,1.554,1015.2,15.8
2022-11-01 21:00:00,1.317,1015.5,15.8
2022-11-01 22:00:00,1.014,1016.3,15.8
2022-11-01 23:00:00,0.708,1017.3,15.8
2022-11-02 00:00:00,0.448,1018.0,15.8
2022-11-02 01:00:00,0.253,1018.6,15.8
2022-11-02 02:00:00,0.189,1019.2,15.8
2022-11-02 03:00:00,0.365,1019.5,15.8
2022-11-02 04:00:00,0.684,1019.7,15.9
2022-11-02 05:00:00,1.026,1019.8,15.8
2022-11-02 06:00:00,1.273,1020.1,15.7
2022-11-02 07:00:00,1.402,1020.8,15.7
2022-11-02 08:00:00,1.406,1021.3,15.7
2022-11-02 09:00:00,1.26,1022.2,15.8
2022-11-02 10:00:00,1.045,1023.5,15.8
2022-11-02 11:00:00,0.782,1024.2,15.7
2022-11-02 12:00:00,0.559,1025.0,15.6
2022-11-02 13:00:00,0.337,1026.3,15.7
2022-11-02 14:00:00,0.246,1026.6,15.7
2022-11-02 15:00:00,0.394,1026.7,15.8
2022-11-02 16:00:00,0.726,1026.6,15.8
2022-11-02 17:00:00,1.084,1026.3,15.8
2022-11-02 18:00:00,1.355,1025.8,15.8
2022-11-02 19:00:00,1.531,1025.6,15.8
2022-11-02 20:00:00,1.623,1025.7,15.9
2022-11-02 21:00:00,1.544,1025.8,15.8
2022-11-02 22:00:00,1.349,1026.2,15.8
2022-11-02 23:00:00,1.039,1026.6,15.8
2022-11-03 00:00:00,0.72,1027.0,15.8
2022-11-03 01:00:00,0.473,1027.2,15.8
2022-11-03 02:00:00,0.257,1027.5,15.8
2022-11-03 03:00:00,0.196,1027.7,15.8
2022-11-03 04:00:00,0.407,1027.7,15.8
2022-11-03 05:00:00,0.77,1028.0,15.9
2022-11-03 06:00:00,1.164,1028.1,15.9
2022-11-03 07:00:00,1.406,1028.3,15.8
2022-11-03 08:00:00,1.549,1028.2,15.8
2022-11-03 09:00:00,1.56,1028.5,15.8
2022-11-03 10:00:00,1.419,1028.9,15.8
2022-11-03 11:00:00,1.183,1029.2,15.8
2022-11-03 12:00:00,0.893,1029.4,15.7
2022-11-03 13:00:00,0.651,1030.2,15.7
2022-11-03 14:00:00,0.432,1030.2,15.7
2022-11-03 15:00:00,0.292,1030.2,15.8
2022-11-03 16:00:00,0.4,1029.9,15.9
2022-11-03 17:00:00,0.698,1029.4,15.9
2022-11-03 18:00:00,1.035,1028.6,16.0
2022-11-03 19:00:00,1.331,1028.4,15.9
2022-11-03 20:00:00,1.529,1028.1,15.9
2022-11-03 21:00:00,1.651,1028.0,15.9
2022-11-03 22:00:00,1.614,1028.2,15.9
2022-11-03 23:00:00,1.402,1028.6,15.9
2022-11-04 00:00:00,1.061,1028.5,15.9
2022-11-04 01:00:00,0.695,1028.3,15.8
2022-11-04 02:00:00,0.401,1028.3,15.9
2022-11-04 03:00:00,0.167,1028.5,15.8
2022-11-04 04:00:00,0.126,1028.4,15.9
2022-11-04 05:00:00,0.388,1028.2,15.8
2022-11-04 06:00:00,0.832,1028.1,15.9
2022-11-04 07:00:00,1.252,1027.7,15.9
2022-11-04 08:00:00,1.47,1027.9,15.9
2022-11-04 09:00:00,1.556,1027.8,15.9
2022-11-04 10:00:00,1.605,1027.9,15.8
2022-11-04 11:00:00,1.481,1028.2,15.8
2022-11-04 12:00:00,1.243,1028.8,15.8
2022-11-04 13:00:00,0.892,1029.2,15.7
2022-11-04 14:00:00,0.61,1029.5,15.8
2022-11-04 15:00:00,0.352,1029.5,15.8
2022-11-04 16:00:00,0.205,1029.2,15.9
2022-11-04 17:00:00,0.236,1028.2,16.1
2022-11-04 18:00:00,0.573,1027.2,16.1
2022-11-04 19:00:00,0.992,1026.6,16.0
2022-11-04 20:00:00,1.35,1026.2,15.9
2022-11-04 21:00:00,1.556,1026.4,15.9
2022-11-04 22:00:00,1.648,1026.3,16.0
2022-11-04 23:00:00,1.573,1026.4,16.0
2022-11-05 00:00:00,1.296,1026.6,16.0
2022-11-05 01:00:00,0.917,1026.5,16.0
2022-11-05 02:00:00,0.54,1026.6,16.0
2022-11-05 03:00:00,0.282,1026.0,16.0
2022-11-05 04:00:00,0.09,1025.3,16.0
2022-11-05 05:00:00,0.1,1025.3,16.0
2022-11-05 06:00:00,0.426,1025.1,16.0
2022-11-05 07:00:00,0.831,1024.9,16.0
2022-11-05 08:00:00,1.212,1024.7,16.0
2022-11-05 09:00:00,1.471,1024.7,16.0
2022-11-05 10:00:00,1.631,1024.9,16.0
2022-11-05 11:00:00,1.638,1024.9,16.0
2022-11-05 12:00:00,1.435,1024.8,16.0
2022-11-05 13:00:00,1.128,1025.1,16.0
2022-11-05 14:00:00,0.753,1025.3,16.1
2022-11-05 15:00:00,0.482,1025.1,16.2
2022-11-05 16:00:00,0.23,1024.7,16.2
2022-11-05 17:00:00,0.108,1023.9,16.3
2022-11-05 18:00:00,0.191,1022.9,16.2
2022-11-05 19:00:00,0.581,1022.6,16.3
2022-11-05 20:00:00,1.041,1022.3,16.2
2022-11-05 21:00:00,1.402,1022.1,16.0
2022-11-05 22:00:00,1.608,1022.0,16.1
2022-11-05 23:00:00,1.668,1022.5,16.1
2022-11-06 00:00:00,1.553,1023.1,16.1
2022-11-06 01:00:00,1.238,1023.0,16.2
2022-11-06 02:00:00,0.816,1023.0,16.2
2022-11-06 03:00:00,0.477,1023.0,16.2
2022-11-06 04:00:00,0.26,1022.9,16.2
2022-11-06 05:00:00,0.108,1023.0,16.2
2022-11-06 06:00:00,0.167,1023.0,16.2
2022-11-06 07:00:00,0.51,1023.0,16.2
2022-11-06 08:00:00,0.96,1022.6,16.2
2022-11-06 09:00:00,1.352,1022.3,16.1
2022-11-06 10:00:00,1.597,1022.6,16.2
2022-11-06 11:00:00,1.74,1023.1,16.2
2022-11-06 12:00:00,1.73,1023.4,16.2
2022-11-06 13:00:00,1.485,1024.0,16.2
2022-11-06 14:00:00,1.133,1024.1,16.2
2022-11-06 15:00:00,0.72,1024.2,16.3
2022-11-06 16:00:00,0.41,1023.8,16.4
2022-11-06 17:00:00,0.156,1023.1,16.5
2022-11-06 18:00:00,0.045,1022.4,16.4
2022-11-06 19:00:00,0.253,1022.1,16.4
2022-11-06 20:00:00,0.661,1022.0,16.4
2022-11-06 21:00:00,1.075,1021.9,16.2
2022-11-06 22:00:00,1.362,1021.9,16.2
2022-11-06 23:00:00,1.538,1021.8,16.3
2022-11-07 00:00:00,1.597,1021.8,16.3
2022-11-07 01:00:00,1.454,1021.8,16.3
2022-11-07 02:00:00,1.103,1022.1,16.3
2022-11-07 03:00:00,0.696,1022.6,16.3
2022-11-07 04:00:00,0.379,1022.1,16.3
2022-11-07 05:00:00,0.169,1022.1,16.4
2022-11-07 06:00:00,0.049,1022.0,16.4
2022-11-07 07:00:00,0.179,1021.8,16.4
2022-11-07 08:00:00,0.631,1021.2,16.4
2022-11-07 09:00:00,1.123,1020.9,16.4
2022-11-07 10:00:00,1.493,1021.1,16.3
2022-11-07 11:00:00,1.701,1021.3,16.3
2022-11-07 12:00:00,1.772,1021.7,16.4
2022-11-07 13:00:00,1.708,1022.0,16.4
2022-11-07 14:00:00,1.421,1022.1,16.4
2022-11-07 15:00:00,1.009,1021.9,16.5
2022-11-07 16:00:00,0.614,1021.6,16.6
2022-11-07 17:00:00,0.326,1021.2,16.7
2022-11-07 18:00:00,0.052,1020.9,16.7
2022-11-07 19:00:00,-0.006,1020.8,16.7
2022-11-07 20:00:00,0.239,1021.3,16.7
2022-11-07 21:00:00,0.665,1021.5,16.6
2022-11-07 22:00:00,1.095,1021.9,16.4
2022-11-07 23:00:00,1.355,1022.8,16.4
2022-11-08 00:00:00,1.476,1023.5,16.5
2022-11-08 01:00:00,1.47,1024.5,16.5
2022-11-08 02:00:00,1.234,1025.5,16.4
2022-11-08 03:00:00,0.83,1026.9,16.5
2022-11-08 04:00:00,0.443,1028.2,16.4
2022-11-08 05:00:00,0.15,1029.2,16.3
2022-11-08 06:00:00,-0.064,1029.5,16.3
2022-11-08 07:00:00,-0.194,1030.3,16.2
2022-11-08 08:00:00,-0.057,1030.8,16.0
2022-11-08 09:00:00,0.412,1031.3,16.1
2022-11-08 10:00:00,0.965,1032.2,16.3
2022-11-08 11:00:00,1.371,1032.6,16.3
2022-11-08 12:00:00,1.592,1033.2,16.3
2022-11-08 13:00:00,1.659,1034.0,16.0
2022-11-08 14:00:00,1.486,1034.3,16.0
2022-11-08 15:00:00,1.08,1034.5,16.1
2022-11-08 16:00:00,0.654,1034.2,16.2
2022-11-08 17:00:00,0.346,1033.7,16.2
2022-11-08 18:00:00,0.134,1033.1,16.2
2022-11-08 19:00:00,-0.011,1033.1,16.3
2022-11-08 20:00:00,0.067,1033.4,16.3
2022-11-08 21:00:00,0.357,1033.9,16.2
2022-11-08 22:00:00,0.718,1034.4,16.2
2022-11-08 23:00:00,1.044,1035.1,16.2
2022-11-09 00:00:00,1.276,1035.4,16.1
2022-11-09 01:00:00,1.453,1035.6,16.1
2022-11-09 02:00:00,1.398,1036.5,16.0
2022-11-09 03:00:00,1.146,1036.4,15.9
2022-11-09 04:00:00,0.754,1036.7,16.0
2022-11-09 05:00:00,0.442,1037.0,15.9
2022-11-09 06:00:00,0.234,1037.2,15.8
2022-11-09 07:00:00,0.13,1037.2,15.8
2022-11-09 08:00:00,0.204,1037.2,15.7
2022-11-09 09:00:00,0.618,1037.6,15.6
2022-11-09 10:00:00,1.053,1037.9,15.7
2022-11-09 11:00:00,1.419,1037.7,15.8
2022-11-09 12:00:00,1.67,1038.3,15.9
2022-11-09 13:00:00,1.793,1038.7,15.7
2022-11-09 14:00:00,1.825,1038.4,15.6
2022-11-09 15:00:00,1.583,1038.4,15.6
2022-11-09 16:00:00,1.244,1038.0,15.7
2022-11-09 17:00:00,0.804,1037.6,15.7
2022-11-09 18:00:00,0.507,1037.2,15.6
2022-11-09 19:00:00,0.271,1036.7,15.7
2022-11-09 20:00:00,0.141,1036.3,15.8
2022-11-09 21:00:00,0.277,1035.6,15.8
2022-11-09 22:00:00,0.644,1035.0,15.7
2022-11-09 23:00:00,1.018,1034.8,15.7
2022-11-10 00:00:00,1.301,1034.8,15.7
2022-11-10 01:00:00,1.471,1034.4,15.7
2022-11-10 02:00:00,1.526,1034.0,15.6
2022-11-10 03:00:00,1.409,1033.8,15.5
2022-11-10 04:00:00,1.098,1033.4,15.5
2022-11-10 05:00:00,0.716,1032.8,15.5
2022-11-10 06:00:00,0.459,1032.3,15.6
2022-11-10 07:00:00,0.289,1031.8,15.4
2022-11-10 08:00:00,0.215,1031.1,15.5
2022-11-10 09:00:00,0.375,1030.5,15.4
2022-11-10 10:00:00,0.751,1030.4,15.4
2022-11-10 11:00:00,1.139,1030.2,15.5
2022-11-10 12:00:00,1.425,1030.3,15.6
2022-11-10 13:00:00,1.593,1030.5,15.6
2022-11-10 14:00:00,1.699,1030.4,15.5
2022-11-10 15:00:00,1.665,1030.1,15.5
2022-11-10 16:00:00,1.382,1029.3,15.5
2022-11-10 17:00:00,1.015,1028.1,15.6
2022-11-10 18:00:00,0.637,1026.9,15.6
2022-11-10 19:00:00,0.397,1026.2,15.7
2022-11-10 20:00:00,0.19,1025.9,15.7
2022-11-10 21:00:00,0.149,1025.5,15.6
2022-11-10 22:00:00,0.437,1025.4,15.6
2022-11-10 23:00:00,0.77,1025.4,15.6
2022-11-11 00:00:00,1.102,1025.1,15.5
2022-11-11 01:00:00,1.253,1024.7,15.5
2022-11-11 02:00:00,1.323,1024.3,15.5
2022-11-11 03:00:00,1.343,1024.0,15.5
2022-11-11 04:00:00,1.163,1023.5,15.4
2022-11-11 05:00:00,0.903,1023.0,15.5
2022-11-11 06:00:00,0.613,1022.4,15.5
2022-11-11 07:00:00,0.39,1022.1,15.4
2022-11-11 08:00:00,0.195,1021.2,15.4
2022-11-11 09:00:00,0.13,1020.5,15.5
2022-11-11 10:00:00,0.362,1020.2,15.4
2022-11-11 11:00:00,0.803,1019.6,15.5
2022-11-11 12:00:00,1.215,1019.4,15.5
2022-11-11 13:00:00,1.442,1019.2,15.5
2022-11-11 14:00:00,1.561,1018.9,15.5
2022-11-11 15:00:00,1.628,1018.2,15.5
2022-11-11 16:00:00,1.496,1017.2,15.5
2022-11-11 17:00:00,1.199,1015.7,15.4
2022-11-11 18:00:00,0.812,1014.1,15.5
2022-11-11 19:00:00,0.566,1012.8,15.6
2022-11-11 20:00:00,0.396,1011.7,15.5
2022-11-11 21:00:00,0.329,1010.3,15.6
2022-11-11 22:00:00,0.492,1009.1,15.6
2022-11-11 23:00:00,0.766,1008.0,15.6
2022-11-12 00:00:00,1.01,1007.5,15.6
2022-11-12 01:00:00,1.244,1005.9,15.6
2022-11-12 02:00:00,1.454,1005.2,15.6
2022-11-12 03:00:00,1.637,1004.3,15.7
2022-11-12 04:00:00,1.654,1003.1,15.6
2022-11-12 05:00:00,1.406,1002.6,15.5
2022-11-12 06:00:00,1.143,1001.5,15.5
2022-11-12 07:00:00,0.792,999.8,15.5
2022-11-12 08:00:00,0.695,998.3,15.6
2022-11-12 09:00:00,0.669,996.7,15.7
2022-11-12 10:00:00,0.772,995.8,15.7
2022-11-12 11:00:00,1.028,996.0,15.8
2022-11-12 12:00:00,1.365,997.5,15.7
2022-11-12 13:00:00,1.491,1000.4,15.5
2022-11-12 14:00:00,1.486,1001.8,15.6
2022-11-12 15:00:00,1.547,1003.3,15.7
2022-11-12 16:00:00,1.515,1004.6,15.7
2022-11-12 17:00:00,1.466,1004.7,15.7
2022-11-12 18:00:00,1.214,1004.7,15.8
2022-11-12 19:00:00,0.93,1004.7,15.8
2022-11-12 20:00:00,0.652,1005.2,15.9
2022-11-12 21:00:00,0.446,1005.6,15.9
2022-11-12 22:00:00,0.279,1005.8,15.9
2022-11-12 23:00:00,0.343,1006.9,15.9
2022-11-13 00:00:00,0.662,1007.4,15.9
2022-11-13 01:00:00,0.965,1007.2,15.9
2022-11-13 02:00:00,1.154,1007.4,15.7
2022-11-13 03:00:00,1.25,1007.1,15.6
2022-11-13 04:00:00,1.337,1006.8,15.7
2022-11-13 05:00:00,1.239,1007.5,15.7
2022-11-13 06:00:00,1.081,1007.3,15.7
2022-11-13 07:00:00,0.818,1007.5,15.7
2022-11-13 08:00:00,0.588,1007.8,15.7
2022-11-13 09:00:00,0.447,1008.0,15.7
2022-11-13 10:00:00,0.404,1008.6,15.7
2022-11-13 11:00:00,0.533,1009.4,15.7
2022-11-13 12:00:00,0.79,1010.1,15.7
2022-11-13 13:00:00,1.046,1010.8,15.7
2022-11-13 14:00:00,1.287,1010.8,15.7
2022-11-13 15:00:00,1.438,1012.0,15.6
2022-11-13 16:00:00,1.543,1011.9,15.6
2022-11-13 17:00:00,1.471,1011.5,15.6
2022-11-13 18:00:00,1.251,1011.3,15.6
2022-11-13 19:00:00,0.965,1011.8,15.5
2022-11-13 20:00:00,0.647,1012.4,15.5
2022-11-13 21:00:00,0.48,1013.5,15.6
2022-11-13 22:00:00,0.311,1014.7,15.4
2022-11-13 23:00:00,0.216,1015.9,15.3
2022-11-14 00:00:00,0.28,1017.1,15.1
2022-11-14 01:00:00,0.458,1017.9,15.1
2022-11-14 02:00:00,0.681,1018.7,15.0
2022-11-14 03:00:00,0.874,1019.6,15.6
2022-11-14 04:00:00,0.997,1020.0,15.5
2022-11-14 05:00:00,1.101,1020.7,15.4
2022-11-14 06:00:00,1.1,1021.1,15.1
2022-11-14 07:00:00,0.919,1021.9,15.0
2022-11-14 08:00:00,0.709,1022.5,14.6
2022-11-14 09:00:00,0.504,1023.0,15.0
2022-11-14 10:00:00,0.416,1023.5,15.1
2022-11-14 11:00:00,0.405,1024.1,15.2
2022-11-14 12:00:00,0.496,1025.4,14.5
2022-11-14 13:00:00,0.709,1026.4,14.7
2022-11-14 14:00:00,0.996,1027.0,15.1
2022-11-14 15:00:00,1.207,1027.1,15.5
2022-11-14 16:00:00,1.344,1027.2,15.1
2022-11-14 17:00:00,1.332,1026.8,15.3
2022-11-14 18:00:00,1.257,1026.6,15.2
2022-11-14 19:00:00,1.104,1026.5,15.0
2022-11-14 20:00:00,0.895,1026.9,14.8
2022-11-14 21:00:00,0.656,1027.3,14.7
2022-11-14 22:00:00,0.509,1027.8,14.7
2022-11-14 23:00:00,0.383,1028.6,14.8
2022-11-15 00:00:00,0.357,1029.3,14.9
2022-11-15 01:00:00,0.474,1029.8,14.9
2022-11-15 02:00:00,0.614,1030.6,15.0
2022-11-15 03:00:00,0.805,1030.5,14.8
2022-11-15 04:00:00,0.988,1030.8,15.4
2022-11-15 05:00:00,1.163,1031.2,15.2
2022-11-15 06:00:00,1.225,1031.0,15.0
2022-11-15 07:00:00,1.093,1031.3,14.9
2022-11-15 08:00:00,0.867,1030.7,14.6
2022-11-15 09:00:00,0.632,1031.4,14.5
2022-11-15 10:00:00,0.51,1032.1,14.6
2022-11-15 11:00:00,0.48,1031.9,14.8
2022-11-15 12:00:00,0.513,1031.3,14.5
2022-11-15 13:00:00,0.625,1031.9,14.7
2022-11-15 14:00:00,0.783,1032.0,14.2
2022-11-15 15:00:00,1.004,1032.5,14.7
2022-11-15 16:00:00,1.236,1031.4,14.8
2022-11-15 17:00:00,1.364,1030.4,14.6
2022-11-15 18:00:00,1.37,1029.0,14.7
2022-11-15 19:00:00,1.264,1028.3,14.8
2022-11-15 20:00:00,1.127,1027.9,14.4
2022-11-15 21:00:00,0.877,1027.1,14.6
2022-11-15 22:00:00,0.766,1026.1,14.4
2022-11-15 23:00:00,0.666,1025.0,14.5
2022-11-16 00:00:00,0.637,1025.3,14.4
2022-11-16 01:00:00,0.638,1025.2,14.3
2022-11-16 02:00:00,0.779,1023.7,14.5
2022-11-16 03:00:00,0.889,1022.5,14.5
2022-11-16 04:00:00,1.136,1021.5,14.3
2022-11-16 05:00:00,1.358,1019.7,14.7
2022-11-16 06:00:00,1.545,1016.9,14.3
2022-11-16 07:00:00,1.644,1015.2,14.2
2022-11-16 08:00:00,1.629,1014.1,14.2
2022-11-16 09:00:00,1.521,1012.6,14.3
2022-11-16 10:00:00,1.294,1011.7,14.2
2022-11-16 11:00:00,1.103,1010.9,14.0
2022-11-16 12:00:00,0.947,1011.3,14.1
2022-11-16 13:00:00,0.858,1011.9,14.2
2022-11-16 14:00:00,0.861,1012.3,14.0
2022-11-16 15:00:00,0.974,1012.4,14.3
2022-11-16 16:00:00,1.25,1012.2,14.3
2022-11-16 17:00:00,1.405,1011.7,14.2
2022-11-16 18:00:00,1.484,1011.2,14.2
2022-11-16 19:00:00,1.399,1011.6,14.3
2022-11-16 20:00:00,1.288,1012.1,14.4
2022-11-16 21:00:00,1.099,1012.9,13.9
2022-11-16 22:00:00,0.88,1013.3,13.7
2022-11-16 23:00:00,0.699,1013.6,13.7
2022-11-17 00:00:00,0.549,1014.1,13.5
2022-11-17 01:00:00,0.437,1014.1,13.8
2022-11-17 02:00:00,0.336,1014.2,13.8
2022-11-17 03:00:00,0.465,1014.5,13.6
2022-11-17 04:00:00,0.648,1014.3,13.5
2022-11-17 05:00:00,0.934,1013.9,13.7
2022-11-17 06:00:00,1.116,1013.4,14.4
2022-11-17 07:00:00,1.177,1013.1,13.9
2022-11-17 08:00:00,1.141,1013.0,14.0
2022-11-17 09:00:00,1.056,1012.9,12.8
2022-11-17 10:00:00,0.963,1012.9,12.6
2022-11-17 11:00:00,0.761,1013.1,12.0
2022-11-17 12:00:00,0.581,1013.3,13.1
2022-11-17 13:00:00,0.441,1013.7,13.5
2022-11-17 14:00:00,0.408,1013.7,13.3
2022-11-17 15:00:00,0.473,1013.9,13.4
2022-11-17 16:00:00,0.651,1014.0,12.9
2022-11-17 17:00:00,0.902,1013.8,13.5
2022-11-17 18:00:00,1.087,1013.2,13.7
2022-11-17 19:00:00,1.169,1013.9,13.4
2022-11-17 20:00:00,1.122,1014.7,13.1
2022-11-17 21:00:00,0.983,1015.2,13.0
2022-11-17 22:00:00,0.809,1015.6,13.0
2022-11-17 23:00:00,0.624,1016.6,12.9
2022-11-18 00:00:00,0.436,1017.2,12.3
2022-11-18 01:00:00,0.239,1017.4,12.3
2022-11-18 02:00:00,0.102,1018.1,12.9
2022-11-18 03:00:00,0.124,1018.6,12.8
2022-11-18 04:00:00,0.28,1019.0,13.0
2022-11-18 05:00:00,0.528,1019.2,12.8
2022-11-18 06:00:00,0.802,1019.1,12.9
2022-11-18 07:00:00,0.958,1019.2,14.1
2022-11-18 08:00:00,1.002,1019.2,13.6
2022-11-18 09:00:00,1.064,1019.3,12.9
2022-11-18 10:00:00,1.012,1019.5,11.8
2022-11-18 11:00:00,0.884,1019.7,12.4
2022-11-18 12:00:00,0.614,1020.5,12.2
2022-11-18 13:00:00,0.43,1020.7,12.2
2022-11-18 14:00:00,0.322,1020.9,12.6
2022-11-18 15:00:00,0.333,1020.6,12.4
2022-11-18 16:00:00,0.453,1020.0,12.6
2022-11-18 17:00:00,0.695,1018.9,12.2
2022-11-18 18:00:00,0.985,1018.4,12.6
2022-11-18 19:00:00,1.183,1018.0,12.8
2022-11-18 20:00:00,1.246,1017.8,12.8
2022-11-18 21:00:00,1.219,1018.2,12.6
2022-11-18 22:00:00,1.132,1018.6,12.7
2022-11-18 23:00:00,0.971,1019.0,12.5
2022-11-19 00:00:00,0.765,1019.7,12.5
2022-11-19 01:00:00,0.545,1021.2,12.2
2022-11-19 02:00:00,0.261,1021.7,11.9
2022-11-19 03:00:00,0.058,1021.9,12.1
2022-11-19 04:00:00,0.04,1022.0,11.7
2022-11-19 05:00:00,0.242,1022.5,11.9
2022-11-19 06:00:00,0.48,1022.8,12.6
2022-11-19 07:00:00,0.769,1022.9,12.8
2022-11-19 08:00:00,1.026,1023.2,13.1
2022-11-19 09:00:00,1.191,1023.3,12.8
2022-11-19 10:00:00,1.246,1023.5,13.0
2022-11-19 11:00:00,1.035,1023.9,12.7
2022-11-19 12:00:00,0.784,1024.6,12.0
2022-11-19 13:00:00,0.496,1025.1,12.5
2022-11-19 14:00:00,0.305,1025.1,11.6
2022-11-19 15:00:00,0.219,1024.7,12.2
2022-11-19 16:00:00,0.277,1024.0,12.1
2022-11-19 17:00:00,0.434,1022.3,12.2
2022-11-19 18:00:00,0.68,1021.3,12.1
2022-11-19 19:00:00,0.952,1021.0,12.2
2022-11-19 20:00:00,1.164,1020.5,13.0
2022-11-19 21:00:00,1.264,1020.3,12.6
2022-11-19 22:00:00,1.289,1020.0,12.3
2022-11-19 23:00:00,1.204,1020.0,12.2
2022-11-20 00:00:00,1.002,1020.0,12.4
2022-11-20 01:00:00,0.691,1019.7,12.1
2022-11-20 02:00:00,0.443,1019.2,12.2
2022-11-20 03:00:00,0.236,1018.3,11.5
2022-11-20 04:00:00,0.145,1016.9,11.9
2022-11-20 05:00:00,0.28,1016.0,11.7
2022-11-20 06:00:00,0.639,1015.7,12.0
2022-11-20 07:00:00,0.989,1015.7,12.2
2022-11-20 08:00:00,1.206,1016.1,12.8
2022-11-20 09:00:00,1.278,1016.0,12.6
2022-11-20 10:00:00,1.262,1016.2,12.6
2022-11-20 11:00:00,1.11,1016.6,12.6
2022-11-20 12:00:00,0.849,1017.5,11.8
2022-11-20 13:00:00,0.566,1018.6,11.8
2022-11-20 14:00:00,0.404,1019.6,11.5
2022-11-20 15:00:00,0.174,1020.4,11.9
2022-11-20 16:00:00,-0.021,1020.3,11.8
2022-11-20 17:00:00,-0.119,1019.9,11.7
2022-11-20 18:00:00,0.028,1020.0,11.7
2022-11-20 19:00:00,0.306,1020.5,11.6
2022-11-20 20:00:00,0.728,1021.1,12.2
2022-11-20 21:00:00,1.056,1022.0,12.6
2022-11-20 22:00:00,1.186,1023.4,12.2
2022-11-20 23:00:00,1.116,1024.5,12.4
2022-11-21 00:00:00,0.908,1025.7,11.5
2022-11-21 01:00:00,0.589,1026.5,11.3
2022-11-21 02:00:00,0.216,1027.0,11.2
2022-11-21 03:00:00,-0.009,1027.6,11.3
2022-11-21 04:00:00,-0.155,1028.3,11.1
2022-11-21 05:00:00,-0.208,1028.6,11.5
2022-11-21 06:00:00,0.005,1029.1,10.7
2022-11-21 07:00:00,0.378,1029.6,11.8
2022-11-21 08:00:00,0.826,1030.4,11.5
2022-11-21 09:00:00,1.163,1031.1,12.0
2022-11-21 10:00:00,1.347,1031.6,11.8
2022-11-21 11:00:00,1.404,1032.1,11.6
2022-11-21 12:00:00,1.319,1033.1,10.8
2022-11-21 13:00:00,0.991,1033.4,11.2
2022-11-21 14:00:00,0.586,1033.4,11.3
2022-11-21 15:00:00,0.285,1033.1,11.0
2022-11-21 16:00:00,0.04,1032.0,10.9
2022-11-21 17:00:00,-0.106,1030.9,11.2
2022-11-21 18:00:00,-0.056,1029.3,11.3
2022-11-21 19:00:00,0.304,1028.0,11.4
2022-11-21 20:00:00,0.702,1026.9,11.6
2022-11-21 21:00:00,1.031,1026.2,11.5
2022-11-21 22:00:00,1.246,1025.8,11.7
2022-11-21 23:00:00,1.353,1025.7,11.3
2022-11-22 00:00:00,1.267,1025.8,11.4
2022-11-22 01:00:00,0.969,1025.7,11.4
2022-11-22 02:00:00,0.628,1025.8,11.3
2022-11-22 03:00:00,0.217,1025.8,11.4
2022-11-22 04:00:00,-0.078,1026.1,11.1
2022-11-22 05:00:00,-0.306,1026.0,11.0
2022-11-22 06:00:00,-0.329,1026.3,11.2
2022-11-22 07:00:00,-0.031,1026.9,11.3
2022-11-22 08:00:00,0.338,1027.3,11.3
2022-11-22 09:00:00,0.777,1027.6,11.6
2022-11-22 10:00:00,1.071,1027.7,11.5
2022-11-22 11:00:00,1.266,1028.3,11.5
2022-11-22 12:00:00,1.339,1028.5,11.3
2022-11-22 13:00:00,1.203,1028.9,11.0
2022-11-22 14:00:00,0.91,1029.3,11.1
2022-11-22 15:00:00,0.47,1029.2,11.1
2022-11-22 16:00:00,0.121,1028.4,11.2
2022-11-22 17:00:00,-0.12,1027.3,11.3
2022-11-22 18:00:00,-0.275,1026.1,11.4
2022-11-22 19:00:00,-0.147,1025.3,11.4
2022-11-22 20:00:00,0.297,1024.8,11.4
2022-11-22 21:00:00,0.757,1024.6,11.4
2022-11-22 22:00:00,1.149,1024.6,11.4
2022-11-22 23:00:00,1.366,1024.5,11.3
2022-11-23 00:00:00,1.385,1024.2,11.2
2022-11-23 01:00:00,1.253,1023.9,11.1
2022-11-23 02:00:00,0.928,1023.5,11.2
2022-11-23 03:00:00,0.507,1023.2,11.0
2022-11-23 04:00:00,0.211,1023.0,10.9
2022-11-23 05:00:00,0.012,1022.8,10.9
2022-11-23 06:00:00,-0.098,1022.4,11.0
2022-11-23 07:00:00,0.018,1022.2,11.1
2022-11-23 08:00:00,0.432,1021.8,11.0
2022-11-23 09:00:00,0.876,1021.9,11.1
2022-11-23 10:00:00,1.323,1021.8,11.2
2022-11-23 11:00:00,1.585,1022.4,11.1
2022-11-23 12:00:00,1.725,1022.8,11.0
2022-11-23 13:00:00,1.733,1023.2,10.9
2022-11-23 14:00:00,1.464,1023.5,10.8
2022-11-23 15:00:00,1.035,1023.6,10.9
2022-11-23 16:00:00,0.547,1023.6,10.9
2022-11-23 17:00:00,0.224,1022.8,11.0
2022-11-23 18:00:00,-0.054,1022.5,11.1
2022-11-23 19:00:00,-0.15,1022.5,11.2
2022-11-23 20:00:00,0.156,1022.4,11.2
2022-11-23 21:00:00,0.603,1022.9,11.1
2022-11-23 22:00:00,1.064,1023.9,11.1
2022-11-23 23:00:00,1.345,1024.7,11.1
2022-11-24 00:00:00,1.491,1025.4,11.0
2022-11-24 01:00:00,1.503,1026.1,10.9
2022-11-24 02:00:00,1.299,1026.8,10.9
2022-11-24 03:00:00,0.941,1027.2,10.9
2022-11-24 04:00:00,0.596,1027.8,10.9
2022-11-24 05:00:00,0.353,1028.3,10.8
2022-11-24 06:00:00,0.101,1028.4,10.8
2022-11-24 07:00:00,-0.065,1028.7,10.9
2022-11-24 08:00:00,0.049,1028.8,10.9
2022-11-24 09:00:00,0.536,1028.9,10.8
2022-11-24 10:00:00,1.128,1029.1,10.9
2022-11-24 11:00:00,1.577,1029.3,10.9
2022-11-24 12:00:00,1.823,1029.6,10.9
2022-11-24 13:00:00,1.903,1030.2,10.8
2022-11-24 14:00:00,1.774,1030.2,10.7
2022-11-24 15:00:00,1.42,1030.3,10.8
2022-11-24 16:00:00,0.93,1029.7,10.8
2022-11-24 17:00:00,0.51,1029.0,10.9
2022-11-24 18:00:00,0.206,1028.2,11.0
2022-11-24 19:00:00,-0.028,1027.4,11.0
2022-11-24 20:00:00,-0.073,1026.8,11.0
2022-11-24 21:00:00,0.242,1026.2,10.9
2022-11-24 22:00:00,0.687,1025.7,10.9
2022-11-24 23:00:00,1.149,1025.5,10.9
2022-11-25 00:00:00,1.468,1025.0,10.9
2022-11-25 01:00:00,1.651,1024.8,10.8
2022-11-25 02:00:00,1.621,1024.6,10.8
2022-11-25 03:00:00,1.338,1023.8,10.8
2022-11-25 04:00:00,0.951,1022.8,10.8
2022-11-25 05:00:00,0.591,1021.9,10.8
2022-11-25 06:00:00,0.342,1021.3,10.7
2022-11-25 07:00:00,0.107,1020.9,10.8
2022-11-25 08:00:00,0.05,1019.7,10.8
2022-11-25 09:00:00,0.317,1018.3,10.7
2022-11-25 10:00:00,0.816,1017.7,10.7
2022-11-25 11:00:00,1.332,1016.8,10.8
2022-11-25 12:00:00,1.667,1015.8,10.8
2022-11-25 13:00:00,1.869,1015.3,10.8
2022-11-25 14:00:00,1.989,1013.5,10.7
2022-11-25 15:00:00,1.84,1012.8,10.7
2022-11-25 16:00:00,1.405,1011.5,10.8
2022-11-25 17:00:00,0.87,1010.3,10.8
2022-11-25 18:00:00,0.439,1009.1,10.8
2022-11-25 19:00:00,0.118,1008.4,10.8
2022-11-25 20:00:00,-0.126,1008.1,10.9
2022-11-25 21:00:00,-0.13,1008.6,10.8
2022-11-25 22:00:00,0.18,1009.5,10.8
2022-11-25 23:00:00,0.6,1010.3,10.8
2022-11-26 00:00:00,0.952,1011.0,10.8
2022-11-26 01:00:00,1.201,1012.0,10.8
2022-11-26 02:00:00,1.273,1012.4,10.8
2022-11-26 03:00:00,1.178,1012.7,10.7
2022-11-26 04:00:00,0.96,1013.3,10.7
2022-11-26 05:00:00,0.63,1013.2,10.7
2022-11-26 06:00:00,0.367,1014.0,10.5
2022-11-26 07:00:00,0.146,1014.9,10.5
2022-11-26 08:00:00,-0.07,1015.2,10.5
2022-11-26 09:00:00,-0.132,1015.8,10.4
2022-11-26 10:00:00,0.144,1016.4,10.3
2022-11-26 11:00:00,0.634,1016.5,10.4
2022-11-26 12:00:00,1.103,1017.0,10.6
2022-11-26 13:00:00,1.472,1017.8,10.6
2022-11-26 14:00:00,1.726,1017.9,10.4
2022-11-26 15:00:00,1.808,1018.0,10.4
2022-11-26 16:00:00,1.637,1017.4,10.5
2022-11-26 17:00:00,1.206,1016.7,10.6
2022-11-26 18:00:00,0.681,1015.7,10.6
2022-11-26 19:00:00,0.316,1015.5,10.7
2022-11-26 20:00:00,0.068,1015.4,10.7
2022-11-26 21:00:00,-0.107,1015.0,10.6
2022-11-26 22:00:00,-0.028,1015.5,10.6
2022-11-26 23:00:00,0.343,1015.6,10.6
2022-11-27 00:00:00,0.697,1016.5,10.6
2022-11-27 01:00:00,1.065,1016.3,10.6
2022-11-27 02:00:00,1.335,1015.9,10.6
2022-11-27 03:00:00,1.467,1015.5,10.6
2022-11-27 04:00:00,1.386,1015.2,10.5
2022-11-27 05:00:00,1.147,1015.1,10.5
2022-11-27 06:00:00,0.821,1014.8,10.4
2022-11-27 07:00:00,0.479,1014.7,10.6
2022-11-27 08:00:00,0.221,1014.3,10.4
2022-11-27 09:00:00,0.029,1013.6,10.4
2022-11-27 10:00:00,0.011,1013.4,10.4
2022-11-27 11:00:00,0.361,1013.0,10.4
2022-11-27 12:00:00,0.862,1012.4,10.4
2022-11-27 13:00:00,1.328,1011.7,10.5
2022-11-27 14:00:00,1.644,1011.4,10.5
2022-11-27 15:00:00,1.797,1010.9,10.5
2022-11-27 16:00:00,1.843,1009.7,10.5
2022-11-27 17:00:00,1.612,1007.7,10.6
2022-11-27 18:00:00,1.267,1006.2,10.6
2022-11-27 19:00:00,0.833,1005.1,10.6
2022-11-27 20:00:00,0.529,1003.9,10.5
2022-11-27 21:00:00,0.282,1000.2,10.5
2022-11-27 22:00:00,0.193,999.6,10.6
2022-11-27 23:00:00,0.336,996.9,10.6
2022-11-28 00:00:00,0.75,995.5,10.6
2022-11-28 01:00:00,1.007,995.0,10.6
2022-11-28 02:00:00,1.378,995.3,10.6
2022-11-28 03:00:00,1.627,996.0,10.6
2022-11-28 04:00:00,1.653,996.8,10.6
2022-11-28 05:00:00,1.399,997.5,10.6
2022-11-28 06:00:00,1.16,997.4,10.6
2022-11-28 07:00:00,0.915,998.2,10.6
2022-11-28 08:00:00,0.777,998.7,10.6
2022-11-28 09:00:00,0.639,999.1,10.6
2022-11-28 10:00:00,0.489,999.2,10.5
2022-11-28 11:00:00,0.309,999.7,10.5
2022-11-28 12:00:00,0.489,1000.5,10.5
2022-11-28 13:00:00,0.868,1002.2,10.6
2022-11-28 14:00:00,1.371,1003.7,10.6
2022-11-28 15:00:00,1.642,1005.1,10.6
2022-11-28 16:00:00,1.781,1006.1,10.6
2022-11-28 17:00:00,1.699,1006.3,10.6
2022-11-28 18:00:00,1.416,1007.0,10.6
2022-11-28 19:00:00,1.02,1008.2,10.6
2022-11-28 20:00:00,0.668,1009.5,10.6
2022-11-28 21:00:00,0.408,1010.4,10.6
2022-11-28 22:00:00,0.197,1012.0,10.6
2022-11-28 23:00:00,0.036,1013.3,10.5
2022-11-29 00:00:00,0.105,1014.9,10.5
2022-11-29 01:00:00,0.294,1015.9,10.3
2022-11-29 02:00:00,0.516,1017.1,10.5
2022-11-29 03:00:00,0.838,1017.9,10.5
2022-11-29 04:00:00,1.18,1018.7,10.4
2022-11-29 05:00:00,1.467,1018.9,10.5
2022-11-29 06:00:00,1.51,1019.4,10.4
2022-11-29 07:00:00,1.299,1020.4,10.4
2022-11-29 08:00:00,0.922,1021.5,10.3
2022-11-29 09:00:00,0.555,1022.0,10.2
2022-11-29 10:00:00,0.403,1022.4,10.2
2022-11-29 11:00:00,0.314,1023.5,10.0
2022-11-29 12:00:00,0.371,1024.6,9.9
2022-11-29 13:00:00,0.617,1025.8,9.9
2022-11-29 14:00:00,0.976,1026.6,10.3
2022-11-29 15:00:00,1.321,1027.3,10.3
2022-11-29 16:00:00,1.534,1026.4,10.4
2022-11-29 17:00:00,1.645,1026.4,10.3
2022-11-29 18:00:00,1.686,1025.6,10.4
2022-11-29 19:00:00,1.514,1025.6,10.3
2022-11-29 20:00:00,1.252,1025.6,10.3
2022-11-29 21:00:00,0.835,1026.2,10.3
2022-11-29 22:00:00,0.569,1025.7,10.2
2022-11-29 23:00:00,0.35,1025.6,10.2
2022-11-30 00:00:00,0.209,1025.9,10.2
2022-11-30 01:00:00,0.3,1026.2,10.2
2022-11-30 02:00:00,0.522,1025.9,10.1
2022-11-30 03:00:00,0.856,1025.4,10.3
2022-11-30 04:00:00,1.188,1025.3,10.3
2022-11-30 05:00:00,1.475,1024.8,10.4
2022-11-30 06:00:00,1.669,1024.2,10.4
2022-11-30 07:00:00,1.64,1023.0,10.4
2022-11-30 08:00:00,1.362,1022.5,10.4
2022-11-30 09:00:00,1.024,1021.9,10.4
2022-11-30 10:00:00,0.785,1020.9,10.3
2022-11-30 11:00:00,0.623,1020.3,10.3
2022-11-30 12:00:00,0.558,1019.4,10.1
2022-11-30 13:00:00,0.579,1018.2,10.2
2022-11-30 14:00:00,0.775,1017.5,10.0
2022-11-30 15:00:00,1.079,1015.3,10.3
2022-11-30 16:00:00,1.457,1012.7,10.3
2022-11-30 17:00:00,1.751,1010.1,10.3
2022-11-30 18:00:00,1.966,1008.1,10.3
2022-11-30 19:00:00,1.987,1007.3,10.4
2022-11-30 20:00:00,1.779,1005.7,10.4
2022-11-30 21:00:00,1.482,1005.4,10.5
2022-11-30 22:00:00,1.156,1005.7,10.5
2022-11-30 23:00:00,0.784,1006.3,10.5
2022-12-01 00:00:00,0.441,1008.0,10.4
2022-12-01 01:00:00,0.182,1008.8,10.4
2022-12-01 02:00:00,0.051,1010.0,10.4
2022-12-01 03:00:00,0.142,1010.7,10.3
2022-12-01 04:00:00,0.355,1011.8,10.2
2022-12-01 05:00:00,0.761,1013.0,10.1
2022-12-01 06:00:00,1.164,1013.9,10.2
2022-12-01 07:00:00,1.393,1014.9,10.2
2022-12-01 08:00:00,1.266,1016.0,10.2
2022-12-01 09:00:00,1.001,1017.1,10.1
2022-12-01 10:00:00,0.71,1018.3,10.0
2022-12-01 11:00:00,0.488,1019.8,9.6
2022-12-01 12:00:00,0.227,1021.0,9.5
2022-12-01 13:00:00,0.06,1022.1,9.5
2022-12-01 14:00:00,-0.001,1023.2,9.5
2022-12-01 15:00:00,0.107,1024.2,9.5
2022-12-01 16:00:00,0.424,1024.6,9.3
2022-12-01 17:00:00,0.71,1024.6,9.8
2022-12-01 18:00:00,0.972,1025.1,9.8
2022-12-01 19:00:00,1.058,1025.3,9.8
2022-12-01 20:00:00,1.11,1026.2,9.8
2022-12-01 21:00:00,1.02,1027.3,9.7
2022-12-01 22:00:00,0.798,1028.6,9.5
2022-12-01 23:00:00,0.497,1029.5,9.4
2022-12-02 00:00:00,0.173,1030.3,9.4
2022-12-02 01:00:00,-0.069,1030.5,9.4
2022-12-02 02:00:00,-0.209,1030.9,9.5
2022-12-02 03:00:00,-0.158,1031.2,9.5
2022-12-02 04:00:00,0.144,1031.7,9.3
2022-12-02 05:00:00,0.578,1032.6,9.5
2022-12-02 06:00:00,0.974,1032.3,9.6
2022-12-02 07:00:00,1.189,1032.7,9.7
2022-12-02 08:00:00,1.277,1032.8,9.8
2022-12-02 09:00:00,1.225,1032.9,9.8
2022-12-02 10:00:00,1.058,1033.4,9.6
2022-12-02 11:00:00,0.837,1034.2,9.2
2022-12-02 12:00:00,0.614,1034.8,9.3
2022-12-02 13:00:00,0.407,1034.8,8.9
2022-12-02 14:00:00,0.191,1035.0,9.2
2022-12-02 15:00:00,0.113,1035.4,9.2
2022-12-02 16:00:00,0.273,1034.7,9.3
2022-12-02 17:00:00,0.565,1034.0,9.6
2022-12-02 18:00:00,0.934,1033.2,9.6
2022-12-02 19:00:00,1.167,1032.7,10.0
2022-12-02 20:00:00,1.308,1032.6,9.7
2022-12-02 21:00:00,1.341,1032.2,9.7
2022-12-02 22:00:00,1.28,1032.1,9.7
2022-12-02 23:00:00,1.094,1032.7,9.6
2022-12-03 00:00:00,0.74,1032.5,9.5
2022-12-03 01:00:00,0.395,1031.9,9.5
2022-12-03 02:00:00,0.172,1031.1,9.5
2022-12-03 03:00:00,0.064,1030.7,9.4
2022-12-03 04:00:00,0.196,1030.3,9.4
2022-12-03 05:00:00,0.571,1029.5,9.5
2022-12-03 06:00:00,0.999,1028.4,9.4
2022-12-03 07:00:00,1.302,1028.2,9.8
2022-12-03 08:00:00,1.432,1026.8,9.7
2022-12-03 09:00:00,1.476,1025.5,9.7
2022-12-03 10:00:00,1.468,1024.3,9.7
2022-12-03 11:00:00,1.359,1023.3,9.8
2022-12-03 12:00:00,1.141,1023.1,9.6
2022-12-03 13:00:00,0.895,1022.2,9.6
2022-12-03 14:00:00,0.625,1021.3,9.6
2022-12-03 15:00:00,0.343,1020.4,9.6
2022-12-03 16:00:00,0.2,1018.9,9.5
2022-12-03 17:00:00,0.361,1017.1,9.6
2022-12-03 18:00:00,0.684,1015.8,9.7
2022-12-03 19:00:00,1.056,1015.3,9.6
2022-12-03 20:00:00,1.333,1015.0,9.7
2022-12-03 21:00:00,1.36,1014.6,9.7
2022-12-03 22:00:00,1.339,1014.8,9.8
2022-12-03 23:00:00,1.136,1015.7,9.8
2022-12-04 00:00:00,0.842,1016.4,9.8
2022-12-04 01:00:00,0.494,1017.6,9.8
2022-12-04 02:00:00,0.203,1019.1,9.7
2022-12-04 03:00:00,-0.028,1020.1,9.7
2022-12-04 04:00:00,-0.221,1020.6,9.5
2022-12-04 05:00:00,-0.188,1020.9,9.4
2022-12-04 06:00:00,0.159,1020.9,9.5
2022-12-04 07:00:00,0.569,1021.5,9.5
2022-12-04 08:00:00,1.054,1021.8,9.5
2022-12-04 09:00:00,1.342,1022.3,9.6
2022-12-04 10:00:00,1.469,1022.8,9.6
2022-12-04 11:00:00,1.408,1023.2,9.4
2022-12-04 12:00:00,1.134,1023.8,9.2
2022-12-04 13:00:00,0.755,1023.7,9.2
2022-12-04 14:00:00,0.402,1023.7,9.2
2022-12-04 15:00:00,0.217,1023.4,9.2
2022-12-04 16:00:00,0.145,1022.6,9.3
2022-12-04 17:00:00,0.181,1021.8,9.4
2022-12-04 18:00:00,0.366,1021.4,9.4
2022-12-04 19:00:00,0.599,1021.1,9.6
2022-12-04 20:00:00,0.888,1021.4,9.6
2022-12-04 21:00:00,1.135,1022.2,9.6
2022-12-04 22:00:00,1.365,1022.0,9.6
2022-12-04 23:00:00,1.409,1022.2,9.6
2022-12-05 00:00:00,1.27,1022.5,9.6
2022-12-05 01:00:00,0.922,1022.9,9.6
2022-12-05 02:00:00,0.507,1022.9,9.2
2022-12-05 03:00:00,0.259,1023.1,9.3
2022-12-05 04:00:00,0.103,1023.0,9.2
2022-12-05 05:00:00,0.084,1022.6,9.3
2022-12-05 06:00:00,0.34,1022.7,9.0
2022-12-05 07:00:00,0.753,1023.1,9.2
2022-12-05 08:00:00,1.17,1023.1,9.4
2022-12-05 09:00:00,1.407,1023.0,9.5
2022-12-05 10:00:00,1.586,1023.6,9.5
2022-12-05 11:00:00,1.706,1024.6,9.4
2022-12-05 12:00:00,1.637,1024.9,9.3
2022-12-05 13:00:00,1.363,1025.5,9.2
2022-12-05 14:00:00,1.016,1026.2,9.1
2022-12-05 15:00:00,0.643,1026.7,9.0
2022-12-05 16:00:00,0.334,1026.2,9.0
2022-12-05 17:00:00,0.156,1026.0,9.3
2022-12-05 18:00:00,0.103,1025.5,9.4
2022-12-05 19:00:00,0.391,1025.1,9.4
2022-12-05 20:00:00,0.744,1024.9,9.5
2022-12-05 21:00:00,1.118,1025.0,9.6
2022-12-05 22:00:00,1.35,1025.5,9.6
2022-12-05 23:00:00,1.483,1025.9,9.6
2022-12-06 00:00:00,1.489,1026.5,9.5
2022-12-06 01:00:00,1.249,1027.1,9.5
2022-12-06 02:00:00,0.928,1026.9,9.2
2022-12-06 03:00:00,0.563,1026.4,9.2
2022-12-06 04:00:00,0.349,1026.4,9.4
2022-12-06 05:00:00,0.228,1026.4,9.3
2022-12-06 06:00:00,0.265,1026.4,9.2
2022-12-06 07:00:00,0.537,1026.6,9.2
2022-12-06 08:00:00,0.956,1026.5,9.3
2022-12-06 09:00:00,1.342,1026.4,9.6
2022-12-06 10:00:00,1.569,1026.2,9.5
2022-12-06 11:00:00,1.722,1026.2,9.5
2022-12-06 12:00:00,1.767,1025.9,9.6
2022-12-06 13:00:00,1.63,1026.4,9.4
2022-12-06 14:00:00,1.343,1026.3,9.5
2022-12-06 15:00:00,0.972,1026.3,9.5
2022-12-06 16:00:00,0.68,1026.2,9.3
2022-12-06 17:00:00,0.401,1026.2,9.4
2022-12-06 18:00:00,0.179,1025.7,9.5
2022-12-06 19:00:00,0.193,1025.3,9.5
2022-12-06 20:00:00,0.517,1025.1,9.5
2022-12-06 21:00:00,0.877,1025.0,9.5
2022-12-06 22:00:00,1.253,1025.5,9.6
2022-12-06 23:00:00,1.49,1025.1,9.6
2022-12-07 00:00:00,1.615,1025.3,9.6
2022-12-07 01:00:00,1.52,1024.8,9.6
2022-12-07 02:00:00,1.24,1024.8,9.6
2022-12-07 03:00:00,0.856,1024.4,9.6
2022-12-07 04:00:00,0.608,1024.0,9.6
2022-12-07 05:00:00,0.484,1023.7,9.6
2022-12-07 06:00:00,0.423,1023.1,9.6
2022-12-07 07:00:00,0.489,1023.0,9.6
2022-12-07 08:00:00,0.764,1022.6,9.6
2022-12-07 09:00:00,1.125,1022.6,9.6
2022-12-07 10:00:00,1.49,1022.5,9.7
2022-12-07 11:00:00,1.72,1022.6,9.6
2022-12-07 12:00:00,1.846,1022.5,9.7
2022-12-07 13:00:00,1.859,1022.8,9.7
2022-12-07 14:00:00,1.681,1022.8,9.7
2022-12-07 15:00:00,1.324,1022.4,9.7
2022-12-07 16:00:00,0.913,1021.4,9.7
2022-12-07 17:00:00,0.615,1020.7,9.7
2022-12-07 18:00:00,0.365,1020.3,9.7
2022-12-07 19:00:00,0.248,1019.7,9.8
2022-12-07 20:00:00,0.36,1019.3,9.8
2022-12-07 21:00:00,0.67,1019.5,9.8
2022-12-07 22:00:00,1.023,1019.2,9.8
2022-12-07 23:00:00,1.259,1019.2,9.6
2022-12-08 00:00:00,1.416,1019.5,9.7
2022-12-08 01:00:00,1.461,1019.9,9.6
2022-12-08 02:00:00,1.312,1020.0,9.7
2022-12-08 03:00:00,1.0,1020.0,9.7
2022-12-08 04:00:00,0.672,1020.4,9.7
2022-12-08 05:00:00,0.428,1020.0,9.7
2022-12-08 06:00:00,0.271,1020.4,9.6
2022-12-08 07:00:00,0.157,1020.8,9.6
2022-12-08 08:00:00,0.265,1021.2,9.5
2022-12-08 09:00:00,0.6,1021.4,9.5
2022-12-08 10:00:00,1.063,1021.6,9.7
2022-12-08 11:00:00,1.405,1022.3,9.6
2022-12-08 12:00:00,1.555,1023.0,9.5
2022-12-08 13:00:00,1.614,1023.5,9.6
2022-12-08 14:00:00,1.544,1024.1,9.7
2022-12-08 15:00:00,1.307,1023.9,9.6
2022-12-08 16:00:00,0.94,1023.5,9.6
2022-12-08 17:00:00,0.579,1023.4,9.6
2022-12-08 18:00:00,0.327,1022.9,9.6
2022-12-08 19:00:00,0.146,1022.7,9.6
2022-12-08 20:00:00,0.112,1022.3,9.7
2022-12-08 21:00:00,0.304,1022.0,9.6
2022-12-08 22:00:00,0.639,1022.7,9.6
2022-12-08 23:00:00,1.001,1023.5,9.8
2022-12-09 00:00:00,1.232,1024.1,9.6
2022-12-09 01:00:00,1.332,1024.1,9.6
2022-12-09 02:00:00,1.303,1024.2,9.7
2022-12-09 03:00:00,1.122,1024.3,9.6
2022-12-09 04:00:00,0.861,1024.5,9.3
2022-12-09 05:00:00,0.625,1024.9,9.4
2022-12-09 06:00:00,0.522,1025.2,9.5
2022-12-09 07:00:00,0.398,1025.3,9.5
2022-12-09 08:00:00,0.349,1025.2,9.6
2022-12-09 09:00:00,0.519,1025.3,9.5
2022-12-09 10:00:00,0.879,1025.2,9.5
2022-12-09 11:00:00,1.334,1025.6,9.6
2022-12-09 12:00:00,1.614,1025.8,9.5
2022-12-09 13:00:00,1.71,1025.9,9.7
2022-12-09 14:00:00,1.746,1026.1,9.6
2022-12-09 15:00:00,1.613,1026.3,9.5
2022-12-09 16:00:00,1.332,1026.1,9.3
2022-12-09 17:00:00,0.946,1025.1,9.4
2022-12-09 18:00:00,0.609,1024.8,9.4
2022-12-09 19:00:00,0.396,1024.7,9.4
2022-12-09 20:00:00,0.262,1024.7,9.5
2022-12-09 21:00:00,0.308,1024.8,9.4
2022-12-09 22:00:00,0.559,1025.0,9.5
2022-12-09 23:00:00,0.813,1025.0,9.3
2022-12-10 00:00:00,1.105,1025.5,9.7
2022-12-10 01:00:00,1.273,1025.6,9.6
2022-12-10 02:00:00,1.383,1025.7,9.5
2022-12-10 03:00:00,1.38,1025.8,9.5
2022-12-10 04:00:00,1.214,1026.5,9.1
2022-12-10 05:00:00,0.966,1026.2,8.9
2022-12-10 06:00:00,0.711,1026.3,9.0
2022-12-10 07:00:00,0.566,1026.5,9.3
2022-12-10 08:00:00,0.538,1026.6,9.3
2022-12-10 09:00:00,0.645,1026.5,9.0
2022-12-10 10:00:00,0.963,1026.8,9.5
2022-12-10 11:00:00,1.324,1027.7,9.2
2022-12-10 12:00:00,1.607,1028.2,9.7
2022-12-10 13:00:00,1.776,1028.8,9.3
2022-12-10 14:00:00,1.923,1029.2,9.7
2022-12-10 15:00:00,1.978,1029.6,9.3
2022-12-10 16:00:00,1.821,1029.4,9.0
2022-12-10 17:00:00,1.49,1028.6,9.4
2022-12-10 18:00:00,1.053,1028.1,9.3
2022-12-10 19:00:00,0.803,1028.2,9.0
2022-12-10 20:00:00,0.638,1028.4,9.1
2022-12-10 21:00:00,0.596,1029.0,9.2
2022-12-10 22:00:00,0.767,1029.1,9.1
2022-12-10 23:00:00,0.99,1028.6,9.3
2022-12-11 00:00:00,1.272,1029.4,9.0
2022-12-11 01:00:00,1.433,1029.2,9.8
2022-12-11 02:00:00,1.569,1029.0,9.6
2022-12-11 03:00:00,1.668,1029.0,9.5
2022-12-11 04:00:00,1.592,1028.5,9.3
2022-12-11 05:00:00,1.404,1028.4,9.1
2022-12-11 06:00:00,1.098,1028.5,9.2
2022-12-11 07:00:00,0.801,1027.7,9.2
2022-12-11 08:00:00,0.657,1027.5,9.3
2022-12-11 09:00:00,0.613,1027.3,9.1
2022-12-11 10:00:00,0.761,1026.7,9.1
2022-12-11 11:00:00,1.08,1026.0,9.1
2022-12-11 12:00:00,1.402,1025.8,9.1
2022-12-11 13:00:00,1.687,1025.4,9.6
2022-12-11 14:00:00,1.857,1025.7,9.2
2022-12-11 15:00:00,1.91,1025.0,9.5
2022-12-11 16:00:00,1.858,1023.8,9.3
2022-12-11 17:00:00,1.632,1022.6,9.1
2022-12-11 18:00:00,1.295,1021.3,8.9
2022-12-11 19:00:00,0.96,1020.2,8.9
2022-12-11 20:00:00,0.796,1020.0,8.9
2022-12-11 21:00:00,0.702,1019.6,9.0
2022-12-11 22:00:00,0.695,1019.3,9.0
2022-12-11 23:00:00,0.858,1019.0,8.9
2022-12-12 00:00:00,1.061,1018.9,8.9
2022-12-12 01:00:00,1.296,1019.0,8.7
2022-12-12 02:00:00,1.456,1018.7,9.6
2022-12-12 03:00:00,1.566,1018.8,9.3
2022-12-12 04:00:00,1.578,1018.8,9.1
2022-12-12 05:00:00,1.463,1018.3,8.9
2022-12-12 06:00:00,1.25,1018.1,8.5
2022-12-12 07:00:00,0.929,1018.5,8.6
2022-12-12 08:00:00,0.724,1018.7,8.8
2022-12-12 09:00:00,0.609,1018.8,9.1
2022-12-12 10:00:00,0.648,1019.1,8.7
2022-12-12 11:00:00,0.852,1019.7,8.7
2022-12-12 12:00:00,1.144,1020.2,8.6
2022-12-12 13:00:00,1.429,1021.1,9.2
2022-12-12 14:00:00,1.616,1021.7,9.0
2022-12-12 15:00:00,1.707,1022.1,9.0
2022-12-12 16:00:00,1.763,1022.0,9.0
2022-12-12 17:00:00,1.651,1021.7,8.8
2022-12-12 18:00:00,1.41,1021.6,8.5
2022-12-12 19:00:00,1.065,1021.5,8.5
2022-12-12 20:00:00,0.764,1022.2,8.5
2022-12-12 21:00:00,0.564,1022.4,8.7
2022-12-12 22:00:00,0.464,1023.1,8.7
2022-12-12 23:00:00,0.532,1023.9,8.5
2022-12-13 00:00:00,0.722,1024.4,8.8
2022-12-13 01:00:00,0.933,1024.7,8.7
2022-12-13 02:00:00,1.141,1024.9,9.0
2022-12-13 03:00:00,1.332,1025.1,8.9
2022-12-13 04:00:00,1.456,1025.3,8.6
2022-12-13 05:00:00,1.478,1025.4,8.5
2022-12-13 06:00:00,1.361,1025.6,8.1
2022-12-13 07:00:00,1.107,1025.5,7.9
2022-12-13 08:00:00,0.819,1025.6,8.0
2022-12-13 09:00:00,0.667,1025.1,8.4
2022-12-13 10:00:00,0.65,1025.3,7.9
2022-12-13 11:00:00,0.742,1025.6,8.6
2022-12-13 12:00:00,0.911,1025.9,8.5
2022-12-13 13:00:00,1.152,1026.5,8.5
2022-12-13 14:00:00,1.409,1026.5,8.6
2022-12-13 15:00:00,1.562,1026.5,8.5
2022-12-13 16:00:00,1.629,1026.0,8.4
2022-12-13 17:00:00,1.638,1025.5,8.6
2022-12-13 18:00:00,1.509,1024.4,8.2
2022-12-13 19:00:00,1.23,1024.1,8.0
2022-12-13 20:00:00,0.885,1023.8,7.9
2022-12-13 21:00:00,0.647,1023.9,8.1
2022-12-13 22:00:00,0.53,1024.2,8.1
2022-12-13 23:00:00,0.51,1024.1,8.0
2022-12-14 00:00:00,0.612,1023.8,8.4
2022-12-14 01:00:00,0.776,1023.6,8.3
2022-12-14 02:00:00,0.951,1023.0,8.0
2022-12-14 03:00:00,1.088,1022.1,8.9
2022-12-14 04:00:00,1.252,1021.0,8.4
2022-12-14 05:00:00,1.418,1020.3,8.4
2022-12-14 06:00:00,1.402,1020.0,8.2
2022-12-14 07:00:00,1.206,1020.0,7.8
2022-12-14 08:00:00,0.895,1020.3,7.0
2022-12-14 09:00:00,0.581,1020.0,7.6
2022-12-14 10:00:00,0.422,1020.4,8.1
2022-12-14 11:00:00,0.369,1020.4,7.9
2022-12-14 12:00:00,0.4,1020.7,7.8
2022-12-14 13:00:00,0.592,1020.8,8.0
2022-12-14 14:00:00,0.974,1021.3,7.3
2022-12-14 15:00:00,1.241,1021.2,8.6
2022-12-14 16:00:00,1.418,1020.9,8.2
2022-12-14 17:00:00,1.43,1020.6,8.3
2022-12-14 18:00:00,1.359,1020.4,8.2
2022-12-14 19:00:00,1.143,1020.1,7.8
2022-12-14 20:00:00,0.877,1020.2,7.3
2022-12-14 21:00:00,0.567,1020.7,7.5
2022-12-14 22:00:00,0.429,1021.0,7.7
2022-12-14 23:00:00,0.39,1021.1,7.5
2022-12-15 00:00:00,0.392,1021.7,7.7
2022-12-15 01:00:00,0.498,1022.4,7.8
2022-12-15 02:00:00,0.673,1022.3,7.7
2022-12-15 03:00:00,0.804,1023.2,7.5
2022-12-15 04:00:00,1.036,1023.4,8.2
2022-12-15 05:00:00,1.3,1023.1,8.1
2022-12-15 06:00:00,1.453,1023.6,7.9
2022-12-15 07:00:00,1.407,1023.5,7.7
2022-12-15 08:00:00,1.239,1023.2,7.7
2022-12-15 09:00:00,0.997,1023.7,7.4
2022-12-15 10:00:00,0.836,1023.5,7.2
2022-12-15 11:00:00,0.796,1024.1,7.6
2022-12-15 12:00:00,0.835,1024.6,7.7
2022-12-15 13:00:00,0.965,1024.6,7.7
2022-12-15 14:00:00,1.173,1024.4,7.9
2022-12-15 15:00:00,1.428,1023.9,8.2
2022-12-15 16:00:00,1.598,1023.1,8.0
2022-12-15 17:00:00,1.699,1021.9,7.9
2022-12-15 18:00:00,1.785,1020.5,8.0
2022-12-15 19:00:00,1.803,1019.9,8.0
2022-12-15 20:00:00,1.662,1018.5,7.9
2022-12-15 21:00:00,1.516,1019.1,7.7
2022-12-15 22:00:00,1.23,1018.5,8.0
2022-12-15 23:00:00,1.091,1017.9,7.8
2022-12-16 00:00:00,1.018,1016.1,7.8
2022-12-16 01:00:00,1.051,1015.9,7.8
2022-12-16 02:00:00,1.187,1015.1,7.6
2022-12-16 03:00:00,1.355,1013.8,7.7
2022-12-16 04:00:00,1.628,1012.8,7.9
2022-12-16 05:00:00,1.87,1010.8,8.2
2022-12-16 06:00:00,2.078,1009.4,7.8
2022-12-16 07:00:00,2.128,1008.8,8.3
2022-12-16 08:00:00,2.04,1008.0,8.0
2022-12-16 09:00:00,1.964,1007.2,8.2
2022-12-16 10:00:00,1.758,1005.8,7.8
2022-12-16 11:00:00,1.593,1005.0,7.8
2022-12-16 12:00:00,1.501,1004.3,7.9
2022-12-16 13:00:00,1.489,1003.5,7.9
2022-12-16 14:00:00,1.544,1003.2,7.8
2022-12-16 15:00:00,1.714,1002.4,7.9
2022-12-16 16:00:00,1.838,1001.5,7.7
2022-12-16 17:00:00,1.96,1000.3,8.1
2022-12-16 18:00:00,2.05,999.9,7.8
2022-12-16 19:00:00,2.093,1001.6,8.0
2022-12-16 20:00:00,1.914,1001.7,8.0
2022-12-16 21:00:00,1.745,1002.6,7.7
2022-12-16 22:00:00,1.436,1003.2,7.7
2022-12-16 23:00:00,1.192,1003.6,7.8
2022-12-17 00:00:00,0.999,1003.9,7.7
2022-12-17 01:00:00,0.833,1003.8,7.8
2022-12-17 02:00:00,0.818,1004.0,7.7
2022-12-17 03:00:00,0.911,1003.7,7.5
2022-12-17 04:00:00,1.107,1003.4,7.4
2022-12-17 05:00:00,1.369,1003.4,7.5
2022-12-17 06:00:00,1.57,1003.5,7.7
2022-12-17 07:00:00,1.635,1003.7,7.7
2022-12-17 08:00:00,1.568,1003.9,7.6
2022-12-17 09:00:00,1.375,1003.8,7.3
2022-12-17 10:00:00,1.141,1004.7,7.0
2022-12-17 11:00:00,0.896,1005.9,6.7
2022-12-17 12:00:00,0.695,1006.7,7.1
2022-12-17 13:00:00,0.503,1007.3,7.2
2022-12-17 14:00:00,0.393,1007.8,7.5
2022-12-17 15:00:00,0.427,1008.2,7.2
2022-12-17 16:00:00,0.586,1007.5,7.2
2022-12-17 17:00:00,0.89,1006.9,7.1
2022-12-17 18:00:00,1.137,1006.5,7.7
2022-12-17 19:00:00,1.239,1006.6,7.7
2022-12-17 20:00:00,1.255,1007.1,7.4
2022-12-17 21:00:00,1.151,1007.9,7.1
2022-12-17 22:00:00,1.013,1008.8,6.7
2022-12-17 23:00:00,0.757,1009.4,6.8
2022-12-18 00:00:00,0.546,1009.8,6.7
2022-12-18 01:00:00,0.377,1010.1,7.2
2022-12-18 02:00:00,0.291,1010.7,7.2
2022-12-18 03:00:00,0.318,1010.8,7.1
2022-12-18 04:00:00,0.542,1010.9,7.2
2022-12-18 05:00:00,0.902,1011.0,7.0
2022-12-18 06:00:00,1.238,1011.2,7.3
2022-12-18 07:00:00,1.479,1011.0,7.2
2022-12-18 08:00:00,1.531,1012.0,7.4
2022-12-18 09:00:00,1.51,1011.6,7.3
2022-12-18 10:00:00,1.421,1011.7,7.0
2022-12-18 11:00:00,1.279,1012.0,6.8
2022-12-18 12:00:00,0.976,1012.0,6.7
2022-12-18 13:00:00,0.742,1012.6,6.8
2022-12-18 14:00:00,0.567,1013.1,6.9
2022-12-18 15:00:00,0.525,1013.3,6.9
2022-12-18 16:00:00,0.652,1013.0,7.1
2022-12-18 17:00:00,0.87,1012.5,7.2
2022-12-18 18:00:00,1.139,1012.5,7.0
2022-12-18 19:00:00,1.305,1012.7,7.4
2022-12-18 20:00:00,1.363,1013.6,7.4
2022-12-18 21:00:00,1.375,1014.5,7.3
2022-12-18 22:00:00,1.313,1015.5,7.1
2022-12-18 23:00:00,1.164,1016.3,6.9
2022-12-19 00:00:00,0.892,1017.1,6.6
2022-12-19 01:00:00,0.583,1017.6,7.0
2022-12-19 02:00:00,0.334,1017.9,7.1
2022-12-19 03:00:00,0.205,1018.3,6.9
2022-12-19 04:00:00,0.261,1019.1,6.8
2022-12-19 05:00:00,0.517,1019.3,7.0
2022-12-19 06:00:00,0.855,1019.5,6.8
2022-12-19 07:00:00,1.192,1020.4,7.6
2022-12-19 08:00:00,1.371,1020.9,7.2
2022-12-19 09:00:00,1.435,1020.9,7.2
2022-12-19 10:00:00,1.46,1021.5,7.2
2022-12-19 11:00:00,1.28,1021.7,6.8
2022-12-19 12:00:00,1.037,1022.4,6.6
2022-12-19 13:00:00,0.694,1023.0,6.8
2022-12-19 14:00:00,0.438,1023.1,6.7
2022-12-19 15:00:00,0.23,1023.9,6.9
2022-12-19 16:00:00,0.169,1023.5,6.8
2022-12-19 17:00:00,0.291,1023.2,6.6
2022-12-19 18:00:00,0.574,1022.9,6.8
2022-12-19 19:00:00,0.869,1023.2,6.6
2022-12-19 20:00:00,1.038,1024.1,7.6
2022-12-19 21:00:00,1.09,1024.5,7.3
2022-12-19 22:00:00,1.099,1024.8,7.1
2022-12-19 23:00:00,1.055,1025.0,7.0
2022-12-20 00:00:00,0.85,1025.3,6.5
2022-12-20 01:00:00,0.523,1025.7,6.4
2022-12-20 02:00:00,0.264,1026.1,6.6
2022-12-20 03:00:00,0.075,1026.4,6.8
2022-12-20 04:00:00,-0.014,1027.2,6.6
2022-12-20 05:00:00,0.078,1027.0,6.7
2022-12-20 06:00:00,0.378,1026.9,6.7
2022-12-20 07:00:00,0.764,1027.1,6.5
2022-12-20 08:00:00,1.108,1027.2,7.4
2022-12-20 09:00:00,1.391,1027.5,7.2
2022-12-20 10:00:00,1.556,1028.2,7.3
2022-12-20 11:00:00,1.577,1028.5,6.8
2022-12-20 12:00:00,1.303,1029.3,6.6
2022-12-20 13:00:00,0.934,1030.4,6.8
2022-12-20 14:00:00,0.53,1030.1,6.3
2022-12-20 15:00:00,0.257,1030.4,6.9
2022-12-20 16:00:00,0.079,1029.9,6.7
2022-12-20 17:00:00,0.044,1029.2,6.8
2022-12-20 18:00:00,0.3,1028.7,6.8
2022-12-20 19:00:00,0.647,1028.6,6.9
2022-12-20 20:00:00,0.953,1028.5,6.9
2022-12-20 21:00:00,1.14,1029.0,7.3
2022-12-20 22:00:00,1.293,1029.6,7.2
2022-12-20 23:00:00,1.378,1030.1,7.4
2022-12-21 00:00:00,1.299,1030.5,7.3
2022-12-21 01:00:00,1.055,1030.7,7.2
2022-12-21 02:00:00,0.631,1030.9,7.2
2022-12-21 03:00:00,0.29,1030.8,6.9
2022-12-21 04:00:00,0.102,1031.2,7.0
2022-12-21 05:00:00,0.104,1031.0,6.9
2022-12-21 06:00:00,0.423,1031.0,6.8
2022-12-21 07:00:00,0.836,1031.5,6.9
2022-12-21 08:00:00,1.233,1031.8,6.8
2022-12-21 09:00:00,1.514,1031.7,7.2
2022-12-21 10:00:00,1.731,1031.9,7.3
2022-12-21 11:00:00,1.88,1032.0,7.1
2022-12-21 12:00:00,1.828,1032.8,6.9
2022-12-21 13:00:00,1.559,1032.9,7.0
2022-12-21 14:00:00,1.169,1033.2,7.0
2022-12-21 15:00:00,0.752,1033.8,7.1
2022-12-21 16:00:00,0.411,1033.3,6.9
2022-12-21 17:00:00,0.161,1032.6,7.0
2022-12-21 18:00:00,0.133,1032.3,7.2
2022-12-21 19:00:00,0.403,1031.8,7.1
2022-12-21 20:00:00,0.746,1032.0,7.0
2022-12-21 21:00:00,1.104,1031.9,7.4
2022-12-21 22:00:00,1.393,1032.1,7.3
2022-12-21 23:00:00,1.562,1032.2,7.3
2022-12-22 00:00:00,1.564,1032.3,7.3
2022-12-22 01:00:00,1.311,1032.3,7.2
2022-12-22 02:00:00,0.962,1032.2,7.3
2022-12-22 03:00:00,0.572,1032.7,7.1
2022-12-22 04:00:00,0.309,1033.2,7.0
2022-12-22 05:00:00,0.128,1032.5,7.1
2022-12-22 06:00:00,0.11,1032.6,7.0
2022-12-22 07:00:00,0.314,1032.4,6.8
2022-12-22 08:00:00,0.72,1031.8,6.9
2022-12-22 09:00:00,1.23,1031.5,7.0
2022-12-22 10:00:00,1.598,1031.3,7.1
2022-12-22 11:00:00,1.871,1030.8,7.1
2022-12-22 12:00:00,1.991,1030.1,7.0
2022-12-22 13:00:00,1.842,1029.4,7.0
2022-12-22 14:00:00,1.508,1029.2,7.2
2022-12-22 15:00:00,1.056,1028.3,7.2
2022-12-22 16:00:00,0.681,1027.8,7.1
2022-12-22 17:00:00,0.353,1026.5,7.1
2022-12-22 18:00:00,0.136,1025.0,7.1
2022-12-22 19:00:00,0.102,1024.0,7.1
2022-12-22 20:00:00,0.418,1022.6,7.0
2022-12-22 21:00:00,0.797,1021.5,6.9
2022-12-22 22:00:00,1.277,1020.1,7.1
2022-12-22 23:00:00,1.658,1018.6,7.0
2022-12-23 00:00:00,1.863,1017.3,7.0
2022-12-23 01:00:00,1.905,1014.7,7.1
2022-12-23 02:00:00,1.712,1013.5,7.1
2022-12-23 03:00:00,1.267,1009.9,7.1
2022-12-23 04:00:00,0.909,1007.5,7.1
2022-12-23 05:00:00,0.699,1003.8,7.1
2022-12-23 06:00:00,0.651,1001.6,7.2
2022-12-23 07:00:00,0.667,998.3,7.2
2022-12-23 08:00:00,1.026,995.8,7.2
2022-12-23 09:00:00,1.535,993.5,7.1
2022-12-23 10:00:00,2.085,991.0,6.9
2022-12-23 11:00:00,2.446,990.1,7.2
2022-12-23 12:00:00,2.628,990.7,7.2
2022-12-23 13:00:00,2.6,990.1,7.3
2022-12-23 14:00:00,2.283,989.2,7.4
2022-12-23 15:00:00,1.873,988.4,7.4
2022-12-23 16:00:00,1.379,986.9,7.5
2022-12-23 17:00:00,1.168,983.8,7.4
2022-12-23 18:00:00,0.911,983.9,7.3
2022-12-23 19:00:00,0.488,986.2,7.2
2022-12-23 20:00:00,0.212,988.8,7.1
2022-12-23 21:00:00,0.189,991.8,7.1
2022-12-23 22:00:00,0.063,993.8,6.9
2022-12-23 23:00:00,0.614,995.9,6.8
2022-12-24 00:00:00,1.037,997.9,6.7
2022-12-24 01:00:00,1.487,1000.1,6.7
2022-12-24 02:00:00,1.262,1001.6,6.8
2022-12-24 03:00:00,0.88,1002.9,6.5
2022-12-24 04:00:00,0.444,1004.4,6.2
2022-12-24 05:00:00,0.187,1005.1,6.3
2022-12-24 06:00:00,-0.172,1006.0,5.8
2022-12-24 07:00:00,-0.383,1006.9,5.6
2022-12-24 08:00:00,-0.48,1007.5,5.3
2022-12-24 09:00:00,-0.194,1007.9,5.2
2022-12-24 10:00:00,0.294,1007.9,5.4
2022-12-24 11:00:00,0.81,1008.7,5.5
2022-12-24 12:00:00,1.228,1009.1,5.6
2022-12-24 13:00:00,1.423,1009.7,5.6
2022-12-24 14:00:00,1.521,1010.2,5.8
2022-12-24 15:00:00,1.42,1010.6,5.0
2022-12-24 16:00:00,1.108,1010.3,5.0
2022-12-24 17:00:00,0.659,1010.0,5.0
2022-12-24 18:00:00,0.23,1009.8,4.9
2022-12-24 19:00:00,-0.126,1009.8,4.9
2022-12-24 20:00:00,-0.427,1010.4,4.9
2022-12-24 21:00:00,-0.541,1010.6,4.9
2022-12-24 22:00:00,-0.185,1011.1,4.5
2022-12-24 23:00:00,0.32,1011.7,5.0
2022-12-25 00:00:00,0.838,1012.6,5.2
2022-12-25 01:00:00,1.087,1012.7,5.4
2022-12-25 02:00:00,1.171,1013.2,5.3
2022-12-25 03:00:00,1.062,1013.0,5.3
2022-12-25 04:00:00,0.754,1013.4,4.3
2022-12-25 05:00:00,0.398,1013.1,4.0
2022-12-25 06:00:00,0.083,1012.9,4.3
2022-12-25 07:00:00,-0.178,1013.0,4.2
2022-12-25 08:00:00,-0.425,1012.9,3.7
2022-12-25 09:00:00,-0.485,1012.8,3.5
2022-12-25 10:00:00,-0.168,1012.8,4.2
2022-12-25 11:00:00,0.413,1013.0,4.2
2022-12-25 12:00:00,0.996,1013.6,4.4
2022-12-25 13:00:00,1.362,1014.0,4.7
2022-12-25 14:00:00,1.559,1014.4,4.4
2022-12-25 15:00:00,1.631,1014.6,4.0
2022-12-25 16:00:00,1.37,1013.9,4.2
2022-12-25 17:00:00,0.924,1013.0,4.3
2022-12-25 18:00:00,0.485,1012.5,4.3
2022-12-25 19:00:00,0.119,1012.5,4.1
2022-12-25 20:00:00,-0.187,1012.9,4.1
2022-12-25 21:00:00,-0.406,1013.4,4.2
2022-12-25 22:00:00,-0.405,1013.9,4.2
2022-12-25 23:00:00,-0.003,1014.8,4.2
2022-12-26 00:00:00,0.499,1016.1,4.5
2022-12-26 01:00:00,0.941,1016.7,4.6
2022-12-26 02:00:00,1.155,1017.3,4.5
2022-12-26 03:00:00,1.19,1018.1,4.7
2022-12-26 04:00:00,1.082,1018.4,4.7
2022-12-26 05:00:00,0.805,1018.8,4.1
2022-12-26 06:00:00,0.437,1019.0,3.9
2022-12-26 07:00:00,0.107,1019.9,3.9
2022-12-26 08:00:00,-0.179,1020.7,3.8
2022-12-26 09:00:00,-0.404,1021.3,3.8
2022-12-26 10:00:00,-0.389,1021.8,3.3
2022-12-26 11:00:00,-0.007,1022.4,4.2
2022-12-26 12:00:00,0.561,1023.7,3.9
2022-12-26 13:00:00,1.085,1024.0,4.2
2022-12-26 14:00:00,1.413,1024.4,4.3
2022-12-26 15:00:00,1.618,1024.9,4.6
2022-12-26 16:00:00,1.681,1024.5,4.1
2022-12-26 17:00:00,1.421,1024.0,4.0
2022-12-26 18:00:00,0.994,1023.4,4.3
2022-12-26 19:00:00,0.501,1023.1,4.2
2022-12-26 20:00:00,0.137,1023.2,4.1
2022-12-26 21:00:00,-0.138,1023.4,4.1
2022-12-26 22:00:00,-0.292,1022.8,4.0
2022-12-26 23:00:00,-0.115,1024.7,4.0
2022-12-27 00:00:00,0.332,1024.8,4.2
2022-12-27 01:00:00,0.772,1024.7,4.0
2022-12-27 02:00:00,1.114,1024.9,4.2
2022-12-27 03:00:00,1.321,1024.9,4.2
2022-12-27 04:00:00,1.392,1024.7,4.4
2022-12-27 05:00:00,1.334,1024.5,4.3
2022-12-27 06:00:00,1.076,1024.3,3.9
2022-12-27 07:00:00,0.672,1024.6,4.1
2022-12-27 08:00:00,0.345,1025.1,4.0
2022-12-27 09:00:00,0.06,1024.9,3.7
2022-12-27 10:00:00,-0.083,1025.1,4.0
2022-12-27 11:00:00,-0.017,1024.9,4.1
2022-12-27 12:00:00,0.333,1025.6,4.0
2022-12-27 13:00:00,0.765,1025.5,3.9
2022-12-27 14:00:00,1.204,1026.1,4.1
2022-12-27 15:00:00,1.472,1026.3,4.0
2022-12-27 16:00:00,1.603,1026.1,4.5
2022-12-27 17:00:00,1.536,1025.1,4.4
2022-12-27 18:00:00,1.249,1024.9,4.3
2022-12-27 19:00:00,0.83,1024.8,4.2
2022-12-27 20:00:00,0.41,1024.8,4.0
2022-12-27 21:00:00,0.086,1025.2,4.1
2022-12-27 22:00:00,-0.142,1025.7,4.2
2022-12-27 23:00:00,-0.279,1026.2,4.0
2022-12-28 00:00:00,-0.119,1026.6,3.9
2022-12-28 01:00:00,0.253,1027.0,3.8
2022-12-28 02:00:00,0.692,1027.0,4.1
2022-12-28 03:00:00,1.027,1026.7,4.1
2022-12-28 04:00:00,1.247,1026.6,4.0
2022-12-28 05:00:00,1.371,1026.1,4.4
2022-12-28 06:00:00,1.327,1026.5,4.3
2022-12-28 07:00:00,1.059,1026.6,4.2
2022-12-28 08:00:00,0.667,1026.6,4.1
2022-12-28 09:00:00,0.359,1026.6,4.1
2022-12-28 10:00:00,0.131,1026.3,4.0
2022-12-28 11:00:00,0.021,1026.4,3.9
2022-12-28 12:00:00,0.091,1027.2,4.1
2022-12-28 13:00:00,0.426,1027.5,3.7
2022-12-28 14:00:00,0.865,1028.2,3.9
2022-12-28 15:00:00,1.246,1028.1,4.1
2022-12-28 16:00:00,1.466,1027.7,4.1
2022-12-28 17:00:00,1.52,1027.0,4.3
2022-12-28 18:00:00,1.474,1025.9,4.4
2022-12-28 19:00:00,1.189,1025.4,4.3
2022-12-28 20:00:00,0.848,1025.2,4.3
2022-12-28 21:00:00,0.457,1025.5,4.3
2022-12-28 22:00:00,0.18,1025.7,4.3
2022-12-28 23:00:00,-0.04,1026.2,4.3
2022-12-29 00:00:00,-0.169,1026.4,4.2
2022-12-29 01:00:00,-0.015,1026.6,4.3
2022-12-29 02:00:00,0.297,1026.7,4.1
2022-12-29 03:00:00,0.707,1026.7,4.1
2022-12-29 04:00:00,1.063,1026.6,4.2
2022-12-29 05:00:00,1.319,1026.5,4.2
2022-12-29 06:00:00,1.438,1026.5,4.4
2022-12-29 07:00:00,1.303,1026.8,4.4
2022-12-29 08:00:00,1.005,1026.8,4.3
2022-12-29 09:00:00,0.637,1026.6,4.3
2022-12-29 10:00:00,0.363,1026.6,4.2
2022-12-29 11:00:00,0.154,1026.9,4.2
2022-12-29 12:00:00,0.039,1027.1,4.1
2022-12-29 13:00:00,0.136,1027.4,4.0
2022-12-29 14:00:00,0.444,1027.6,4.1
2022-12-29 15:00:00,0.823,1027.9,4.0
2022-12-29 16:00:00,1.128,1027.1,4.3
2022-12-29 17:00:00,1.269,1026.0,4.2
2022-12-29 18:00:00,1.324,1025.3,4.3
2022-12-29 19:00:00,1.327,1025.0,4.4
2022-12-29 20:00:00,1.124,1024.9,4.4
2022-12-29 21:00:00,0.805,1025.0,4.3
2022-12-29 22:00:00,0.458,1025.4,4.2
2022-12-29 23:00:00,0.178,1025.3,4.3
2022-12-30 00:00:00,-0.017,1025.6,4.2
2022-12-30 01:00:00,-0.102,1025.9,4.2
2022-12-30 02:00:00,0.043,1026.2,4.1
2022-12-30 03:00:00,0.359,1026.5,4.2
2022-12-30 04:00:00,0.773,1026.8,4.1
2022-12-30 05:00:00,1.147,1026.7,4.4
2022-12-30 06:00:00,1.367,1026.5,4.2
2022-12-30 07:00:00,1.44,1026.8,4.3
2022-12-30 08:00:00,1.266,1026.6,4.2
2022-12-30 09:00:00,0.982,1026.1,4.4
2022-12-30 10:00:00,0.7,1026.1,4.3
2022-12-30 11:00:00,0.502,1026.1,4.2
2022-12-30 12:00:00,0.332,1026.4,4.3
2022-12-30 13:00:00,0.233,1026.5,4.1
2022-12-30 14:00:00,0.278,1026.5,4.0
2022-12-30 15:00:00,0.518,1026.5,4.2
2022-12-30 16:00:00,0.808,1025.8,4.2
2022-12-30 17:00:00,1.089,1025.0,4.5
2022-12-30 18:00:00,1.278,1024.0,4.3
2022-12-30 19:00:00,1.382,1023.2,4.5
2022-12-30 20:00:00,1.351,1023.2,4.6
2022-12-30 21:00:00,1.126,1022.8,4.7
2022-12-30 22:00:00,0.847,1023.1,4.3
2022-12-30 23:00:00,0.527,1023.5,4.4
2022-12-31 00:00:00,0.268,1024.1,4.4
2022-12-31 01:00:00,0.084,1024.0,4.3
2022-12-31 02:00:00,0.037,1023.6,4.3
2022-12-31 03:00:00,0.254,1023.5,4.6
2022-12-31 04:00:00,0.617,1022.9,4.2
2022-12-31 05:00:00,1.025,1022.6,4.3
2022-12-31 06:00:00,1.345,1022.3,4.5
2022-12-31 07:00:00,1.504,1022.1,4.7
2022-12-31 08:00:00,1.533,1021.6,4.5
2022-12-31 09:00:00,1.38,1020.4,4.6
2022-12-31 10:00:00,1.159,1019.6,4.7
2022-12-31 11:00:00,0.896,1019.1,4.7
2022-12-31 12:00:00,0.685,1020.1,4.5
2022-12-31 13:00:00,0.48,1019.2,4.3
2022-12-31 14:00:00,0.356,1018.5,4.5
2022-12-31 15:00:00,0.402,1017.9,4.7
2022-12-31 16:00:00,0.605,1017.1,4.6
2022-12-31 17:00:00,0.82,1015.4,4.7
2022-12-31 18:00:00,1.073,1014.2,4.4
2022-12-31 19:00:00,1.303,1013.7,5.0
2022-12-31 20:00:00,1.438,1013.1,4.7
2022-12-31 21:00:00,1.371,1012.3,4.7
2022-12-31 22:00:00,1.175,1011.5,4.7
2022-12-31 23:00:00,0.903,1011.1,4.4
2023-01-01 00:00:00,0.594,1010.7,4.4
2023-01-01 01:00:00,0.386,1009.9,4.5
2023-01-01 02:00:00,0.226,1009.1,4.5
2023-01-01 03:00:00,0.258,1008.9,4.6
2023-01-01 04:00:00,0.486,1008.4,4.4
2023-01-01 05:00:00,0.846,1007.2,4.4
2023-01-01 06:00:00,1.209,1007.2,4.8
2023-01-01 07:00:00,1.425,1007.6,4.6
2023-01-01 08:00:00,1.439,1008.3,4.8
2023-01-01 09:00:00,1.497,1008.7,4.9
2023-01-01 10:00:00,1.395,1009.1,4.9
2023-01-01 11:00:00,1.224,1010.2,4.8
2023-01-01 12:00:00,0.897,1010.8,4.8
2023-01-01 13:00:00,0.602,1012.1,4.4
2023-01-01 14:00:00,0.372,1012.5,4.8
2023-01-01 15:00:00,0.203,1013.9,4.8
2023-01-01 16:00:00,0.268,1014.1,4.9
2023-01-01 17:00:00,0.416,1013.5,4.9
2023-01-01 18:00:00,0.711,1013.8,4.9
2023-01-01 19:00:00,0.909,1013.5,5.2
2023-01-01 20:00:00,1.102,1014.0,5.1
2023-01-01 21:00:00,1.219,1014.5,4.8
2023-01-01 22:00:00,1.266,1014.6,4.9
2023-01-01 23:00:00,1.142,1014.9,4.5
2023-01-02 00:00:00,0.847,1016.4,4.6
2023-01-02 01:00:00,0.513,1016.7,4.3
2023-01-02 02:00:00,0.256,1017.2,4.8
2023-01-02 03:00:00,0.109,1017.2,4.8
2023-01-02 04:00:00,0.2,1017.4,4.8
2023-01-02 05:00:00,0.476,1017.3,4.9
2023-01-02 06:00:00,0.866,1017.2,4.6
2023-01-02 07:00:00,1.212,1017.6,5.1
2023-01-02 08:00:00,1.386,1018.6,5.0
2023-01-02 09:00:00,1.464,1018.3,5.1
2023-01-02 10:00:00,1.472,1018.8,5.1
2023-01-02 11:00:00,1.367,1018.9,5.3
2023-01-02 12:00:00,1.163,1019.9,5.0
2023-01-02 13:00:00,0.864,1020.5,5.0
2023-01-02 14:00:00,0.631,1021.1,4.8
2023-01-02 15:00:00,0.428,1021.1,5.2
2023-01-02 16:00:00,0.233,1020.5,5.0
2023-01-02 17:00:00,0.223,1019.8,5.2
2023-01-02 18:00:00,0.417,1019.4,5.2
2023-01-02 19:00:00,0.74,1019.4,5.1
2023-01-02 20:00:00,1.043,1019.8,4.9
2023-01-02 21:00:00,1.255,1019.8,5.4
2023-01-02 22:00:00,1.306,1020.1,5.5
2023-01-02 23:00:00,1.231,1020.4,5.2
2023-01-03 00:00:00,1.016,1020.7,4.9
2023-01-03 01:00:00,0.738,1021.2,4.7
2023-01-03 02:00:00,0.485,1021.4,4.8
2023-01-03 03:00:00,0.331,1021.2,5.2
2023-01-03 04:00:00,0.229,1020.9,5.2
2023-01-03 05:00:00,0.332,1020.3,5.0
2023-01-03 06:00:00,0.612,1019.9,5.2
2023-01-03 07:00:00,0.984,1020.0,5.0
2023-01-03 08:00:00,1.283,1019.9,5.4
2023-01-03 09:00:00,1.461,1019.4,5.4
2023-01-03 10:00:00,1.6,1018.9,5.4
2023-01-03 11:00:00,1.665,1018.6,5.7
2023-01-03 12:00:00,1.522,1018.1,5.4
2023-01-03 13:00:00,1.273,1017.3,5.4
2023-01-03 14:00:00,0.929,1016.5,5.6
2023-01-03 15:00:00,0.646,1015.9,5.3
2023-01-03 16:00:00,0.44,1016.1,5.4
2023-01-03 17:00:00,0.328,1013.8,5.5
2023-01-03 18:00:00,0.347,1013.2,5.5
2023-01-03 19:00:00,0.6,1012.4,5.5
2023-01-03 20:00:00,0.858,1011.5,5.4
2023-01-03 21:00:00,1.13,1010.9,5.2
2023-01-03 22:00:00,1.311,1010.3,5.6
2023-01-03 23:00:00,1.39,1010.2,5.9
2023-01-04 00:00:00,1.305,1010.2,5.6
2023-01-04 01:00:00,1.091,1010.1,5.3
2023-01-04 02:00:00,0.815,1010.0,5.1
2023-01-04 03:00:00,0.494,1009.7,5.2
2023-01-04 04:00:00,0.297,1009.4,5.5
2023-01-04 05:00:00,0.198,1008.7,5.6
2023-01-04 06:00:00,0.337,1009.2,5.5
2023-01-04 07:00:00,0.701,1009.2,5.3
2023-01-04 08:00:00,1.096,1009.2,5.2
2023-01-04 09:00:00,1.385,1009.2,5.8
2023-01-04 10:00:00,1.543,1009.6,5.6
2023-01-04 11:00:00,1.565,1010.4,5.5
2023-01-04 12:00:00,1.511,1011.1,5.6
2023-01-04 13:00:00,1.365,1012.1,6.2
2023-01-04 14:00:00,1.14,1013.2,5.5
2023-01-04 15:00:00,0.816,1012.5,5.6
2023-01-04 16:00:00,0.512,1012.7,5.7
2023-01-04 17:00:00,0.235,1011.9,5.6
2023-01-04 18:00:00,0.082,1011.0,5.8
2023-01-04 19:00:00,0.265,1010.9,5.8
2023-01-04 20:00:00,0.605,1010.3,5.9
2023-01-04 21:00:00,0.959,1010.3,5.6
2023-01-04 22:00:00,1.215,1010.6,6.2
2023-01-04 23:00:00,1.392,1009.5,5.8
2023-01-05 00:00:00,1.388,1010.2,6.0
2023-01-05 01:00:00,1.234,1009.2,6.0
2023-01-05 02:00:00,0.993,1009.4,5.8
2023-01-05 03:00:00,0.698,1009.6,6.0
2023-01-05 04:00:00,0.524,1009.1,5.8
2023-01-05 05:00:00,0.463,1009.6,5.9
2023-01-05 06:00:00,0.451,1009.9,6.0
2023-01-05 07:00:00,0.567,1010.5,6.1
2023-01-05 08:00:00,0.88,1011.7,5.8
2023-01-05 09:00:00,1.169,1011.9,5.8
2023-01-05 10:00:00,1.462,1012.6,6.1
2023-01-05 11:00:00,1.638,1013.2,6.0
2023-01-05 12:00:00,1.721,1013.6,6.0
2023-01-05 13:00:00,1.652,1014.1,6.3
2023-01-05 14:00:00,1.464,1014.9,6.5
2023-01-05 15:00:00,1.186,1015.7,6.2
2023-01-05 16:00:00,0.806,1015.8,6.1
2023-01-05 17:00:00,0.497,1015.2,6.1
2023-01-05 18:00:00,0.256,1015.0,6.1
2023-01-05 19:00:00,0.237,1014.3,6.2
2023-01-05 20:00:00,0.511,1013.8,6.2
2023-01-05 21:00:00,0.855,1014.0,6.2
2023-01-05 22:00:00,1.213,1014.1,5.9
2023-01-05 23:00:00,1.397,1014.0,6.3
2023-01-06 00:00:00,1.523,1014.9,6.1
2023-01-06 01:00:00,1.498,1014.7,6.4
2023-01-06 02:00:00,1.322,1014.8,6.2
2023-01-06 03:00:00,1.065,1015.2,6.1
2023-01-06 04:00:00,0.804,1015.1,6.0
2023-01-06 05:00:00,0.653,1014.7,6.0
2023-01-06 06:00:00,0.591,1014.6,6.2
2023-01-06 07:00:00,0.552,1015.1,6.0
2023-01-06 08:00:00,0.707,1015.8,6.3
2023-01-06 09:00:00,1.037,1015.0,6.1
2023-01-06 10:00:00,1.482,1015.0,6.1
2023-01-06 11:00:00,1.764,1014.5,6.1
2023-01-06 12:00:00,1.899,1014.9,6.4
2023-01-06 13:00:00,1.905,1015.2,6.6
2023-01-06 14:00:00,1.752,1015.2,6.3
2023-01-06 15:00:00,1.494,1016.0,6.6
2023-01-06 16:00:00,1.134,1015.6,6.5
2023-01-06 17:00:00,0.794,1014.9,6.3
2023-01-06 18:00:00,0.549,1014.3,6.3
2023-01-06 19:00:00,0.376,1014.5,6.4
2023-01-06 20:00:00,0.392,1014.9,6.4
2023-01-06 21:00:00,0.599,1015.5,6.4
2023-01-06 22:00:00,0.923,1016.2,6.3
2023-01-06 23:00:00,1.29,1017.3,6.4
2023-01-07 00:00:00,1.473,1018.1,6.3
2023-01-07 01:00:00,1.486,1018.8,6.1
2023-01-07 02:00:00,1.369,1019.6,6.3
2023-01-07 03:00:00,1.154,1020.0,5.7
2023-01-07 04:00:00,0.851,1020.4,5.8
2023-01-07 05:00:00,0.607,1020.0,5.9
2023-01-07 06:00:00,0.463,1020.1,6.1
2023-01-07 07:00:00,0.374,1020.0,6.2
2023-01-07 08:00:00,0.4,1020.2,6.0
2023-01-07 09:00:00,0.69,1020.2,5.9
2023-01-07 10:00:00,1.042,1020.2,5.9
2023-01-07 11:00:00,1.446,1020.5,6.2
2023-01-07 12:00:00,1.638,1020.8,5.9
2023-01-07 13:00:00,1.696,1021.1,6.1
2023-01-07 14:00:00,1.647,1021.6,6.4
2023-01-07 15:00:00,1.45,1021.9,6.2
2023-01-07 16:00:00,1.124,1021.2,5.9
2023-01-07 17:00:00,0.737,1020.3,5.9
2023-01-07 18:00:00,0.453,1020.0,6.1
2023-01-07 19:00:00,0.25,1020.2,6.0
2023-01-07 20:00:00,0.189,1020.4,6.2
2023-01-07 21:00:00,0.324,1020.7,6.2
2023-01-07 22:00:00,0.646,1021.2,6.1
2023-01-07 23:00:00,0.965,1022.1,6.0
2023-01-08 00:00:00,1.211,1022.8,6.4
2023-01-08 01:00:00,1.324,1023.5,6.1
2023-01-08 02:00:00,1.345,1023.8,6.4
2023-01-08 03:00:00,1.248,1023.8,6.1
2023-01-08 04:00:00,1.018,1024.3,5.5
2023-01-08 05:00:00,0.707,1024.4,5.6
2023-01-08 06:00:00,0.475,1024.6,5.9
2023-01-08 07:00:00,0.314,1025.0,5.9
2023-01-08 08:00:00,0.241,1025.7,5.9
2023-01-08 09:00:00,0.375,1025.9,5.8
2023-01-08 10:00:00,0.738,1026.6,6.0
2023-01-08 11:00:00,1.141,1026.9,5.7
2023-01-08 12:00:00,1.378,1026.8,5.9
2023-01-08 13:00:00,1.54,1027.4,6.1
2023-01-08 14:00:00,1.62,1027.6,6.5
2023-01-08 15:00:00,1.561,1028.0,6.3
2023-01-08 16:00:00,1.3,1027.6,6.2
2023-01-08 17:00:00,0.937,1025.8,5.9
2023-01-08 18:00:00,0.585,1025.7,6.0
2023-01-08 19:00:00,0.369,1025.0,6.1
2023-01-08 20:00:00,0.241,1024.9,6.0
2023-01-08 21:00:00,0.218,1024.4,6.1
2023-01-08 22:00:00,0.467,1024.4,5.7
2023-01-08 23:00:00,0.827,1023.5,5.9
2023-01-09 00:00:00,1.172,1023.2,5.6
2023-01-09 01:00:00,1.368,1022.5,6.3
2023-01-09 02:00:00,1.472,1022.2,6.1
2023-01-09 03:00:00,1.449,1021.5,5.7
2023-01-09 04:00:00,1.247,1020.6,5.9
2023-01-09 05:00:00,0.973,1019.4,5.9
2023-01-09 06:00:00,0.706,1018.9,5.7
2023-01-09 07:00:00,0.509,1018.2,5.9
2023-01-09 08:00:00,0.351,1017.2,6.1
2023-01-09 09:00:00,0.342,1015.7,5.9
2023-01-09 10:00:00,0.578,1015.0,6.0
2023-01-09 11:00:00,1.005,1015.2,5.9
2023-01-09 12:00:00,1.414,1014.5,6.2
2023-01-09 13:00:00,1.617,1014.6,5.9
2023-01-09 14:00:00,1.698,1015.0,6.2
2023-01-09 15:00:00,1.618,1015.0,6.4
2023-01-09 16:00:00,1.456,1014.6,6.3
2023-01-09 17:00:00,1.19,1013.5,6.1
2023-01-09 18:00:00,0.831,1012.6,6.2
2023-01-09 19:00:00,0.539,1012.1,6.3
2023-01-09 20:00:00,0.352,1012.1,6.2
2023-01-09 21:00:00,0.227,1012.6,6.1
2023-01-09 22:00:00,0.321,1013.0,6.3
2023-01-09 23:00:00,0.577,1013.6,6.1
2023-01-10 00:00:00,0.877,1013.9,5.8
2023-01-10 01:00:00,1.11,1013.7,6.7
2023-01-10 02:00:00,1.24,1013.9,6.2
2023-01-10 03:00:00,1.359,1014.1,6.2
2023-01-10 04:00:00,1.324,1014.2,6.0
2023-01-10 05:00:00,1.13,1014.1,5.6
2023-01-10 06:00:00,0.853,1014.5,5.3
2023-01-10 07:00:00,0.56,1015.1,5.7
2023-01-10 08:00:00,0.33,1015.7,5.9
2023-01-10 09:00:00,0.191,1015.5,6.0
2023-01-10 10:00:00,0.333,1016.0,5.8
2023-01-10 11:00:00,0.64,1016.6,5.6
2023-01-10 12:00:00,1.053,1017.0,5.6
2023-01-10 13:00:00,1.383,1017.4,6.2
2023-01-10 14:00:00,1.525,1017.9,6.1
2023-01-10 15:00:00,1.524,1018.3,6.2
2023-01-10 16:00:00,1.434,1017.9,6.4
2023-01-10 17:00:00,1.269,1017.2,6.1
2023-01-10 18:00:00,1.008,1016.8,5.8
2023-01-10 19:00:00,0.627,1017.0,5.9
2023-01-10 20:00:00,0.35,1016.7,6.0
2023-01-10 21:00:00,0.173,1017.2,5.7
2023-01-10 22:00:00,0.168,1017.4,5.8
2023-01-10 23:00:00,0.427,1018.0,5.9
2023-01-11 00:00:00,0.77,1018.5,5.8
2023-01-11 01:00:00,1.125,1019.0,5.5
2023-01-11 02:00:00,1.271,1019.3,6.3
2023-01-11 03:00:00,1.328,1019.7,6.1
2023-01-11 04:00:00,1.346,1020.0,6.2
2023-01-11 05:00:00,1.31,1020.4,5.8
2023-01-11 06:00:00,1.165,1020.6,5.9
2023-01-11 07:00:00,0.862,1021.0,5.8
2023-01-11 08:00:00,0.598,1021.8,5.8
2023-01-11 09:00:00,0.427,1022.1,6.0
2023-01-11 10:00:00,0.384,1022.6,6.1
2023-01-11 11:00:00,0.579,1022.0,5.7
2023-01-11 12:00:00,0.896,1022.8,6.1
2023-01-11 13:00:00,1.252,1024.0,5.6
2023-01-11 14:00:00,1.502,1024.1,6.5
2023-01-11 15:00:00,1.628,1025.0,6.4
2023-01-11 16:00:00,1.675,1025.2,6.7
2023-01-11 17:00:00,1.514,1024.7,6.5
2023-01-11 18:00:00,1.226,1023.7,6.4
2023-01-11 19:00:00,0.884,1023.7,6.5
2023-01-11 20:00:00,0.621,1024.1,6.5
2023-01-11 21:00:00,0.422,1024.3,6.3
2023-01-11 22:00:00,0.33,1024.4,6.3
2023-01-11 23:00:00,0.411,1024.7,6.0
2023-01-12 00:00:00,0.68,1024.7,6.0
2023-01-12 01:00:00,0.944,1024.8,5.9
2023-01-12 02:00:00,1.15,1024.9,5.5
2023-01-12 03:00:00,1.321,1025.0,6.3
2023-01-12 04:00:00,1.447,1025.0,6.4
2023-01-12 05:00:00,1.499,1024.4,6.1
2023-01-12 06:00:00,1.371,1023.9,5.9
2023-01-12 07:00:00,1.118,1023.6,6.0
2023-01-12 08:00:00,0.782,1022.8,6.0
2023-01-12 09:00:00,0.562,1022.4,6.0
2023-01-12 10:00:00,0.506,1022.0,6.2
2023-01-12 11:00:00,0.58,1022.1,6.1
2023-01-12 12:00:00,0.834,1021.9,6.2
2023-01-12 13:00:00,1.131,1021.8,6.0
2023-01-12 14:00:00,1.415,1021.9,6.5
2023-01-12 15:00:00,1.514,1021.7,6.1
2023-01-12 16:00:00,1.543,1021.1,6.4
2023-01-12 17:00:00,1.526,1019.2,6.2
2023-01-12 18:00:00,1.396,1017.4,6.4
2023-01-12 19:00:00,1.179,1016.5,6.3
2023-01-12 20:00:00,0.836,1015.5,6.2
2023-01-12 21:00:00,0.592,1014.6,6.2
2023-01-12 22:00:00,0.453,1012.9,6.3
2023-01-12 23:00:00,0.478,1013.1,6.3
2023-01-13 00:00:00,0.634,1010.8,6.2
2023-01-13 01:00:00,0.874,1009.8,6.0
2023-01-13 02:00:00,1.151,1008.2,6.0
2023-01-13 03:00:00,1.324,1007.0,6.7
2023-01-13 04:00:00,1.49,1005.7,6.3
2023-01-13 05:00:00,1.644,1004.6,6.0
2023-01-13 06:00:00,1.69,1003.2,5.9
2023-01-13 07:00:00,1.478,1002.1,6.0
2023-01-13 08:00:00,1.072,1002.0,6.2
2023-01-13 09:00:00,0.804,1001.1,5.9
2023-01-13 10:00:00,0.744,1000.7,6.1
2023-01-13 11:00:00,0.656,1001.1,6.2
2023-01-13 12:00:00,0.645,1001.0,6.3
2023-01-13 13:00:00,0.865,1000.6,6.3
2023-01-13 14:00:00,1.174,1000.8,6.4
2023-01-13 15:00:00,1.434,1000.8,6.5
2023-01-13 16:00:00,1.602,1001.0,6.5
2023-01-13 17:00:00,1.591,1000.6,6.4
2023-01-13 18:00:00,1.492,1000.4,6.4
2023-01-13 19:00:00,1.259,1001.2,6.2
2023-01-13 20:00:00,0.956,1001.9,6.2
2023-01-13 21:00:00,0.611,1003.1,6.4
2023-01-13 22:00:00,0.455,1004.4,6.4
2023-01-13 23:00:00,0.396,1005.0,6.2
2023-01-14 00:00:00,0.383,1004.8,6.3
2023-01-14 01:00:00,0.464,1005.8,6.3
2023-01-14 02:00:00,0.621,1005.7,6.3
2023-01-14 03:00:00,0.872,1005.7,6.1
2023-01-14 04:00:00,1.072,1005.9,6.8
2023-01-14 05:00:00,1.348,1004.6,6.3
2023-01-14 06:00:00,1.506,1005.4,6.1
2023-01-14 07:00:00,1.513,1006.4,6.0
2023-01-14 08:00:00,1.228,1007.6,6.0
2023-01-14 09:00:00,0.871,1007.4,5.6
2023-01-14 10:00:00,0.641,1007.7,5.4
2023-01-14 11:00:00,0.495,1007.9,5.8
2023-01-14 12:00:00,0.442,1008.3,6.0
2023-01-14 13:00:00,0.584,1008.8,5.9
2023-01-14 14:00:00,0.855,1010.0,6.0
2023-01-14 15:00:00,1.127,1011.0,6.1
2023-01-14 16:00:00,1.272,1011.1,6.2
2023-01-14 17:00:00,1.304,1010.5,5.9
2023-01-14 18:00:00,1.314,1010.4,6.0
2023-01-14 19:00:00,1.267,1010.1,5.9
2023-01-14 20:00:00,1.166,1010.4,5.6
2023-01-14 21:00:00,0.92,1011.1,5.3
2023-01-14 22:00:00,0.682,1011.8,5.8
2023-01-14 23:00:00,0.502,1012.0,6.0
2023-01-15 00:00:00,0.381,1012.6,6.0
2023-01-15 01:00:00,0.425,1011.8,5.9
2023-01-15 02:00:00,0.494,1011.8,6.0
2023-01-15 03:00:00,0.677,1013.2,5.9
2023-01-15 04:00:00,1.025,1012.8,5.8
2023-01-15 05:00:00,1.242,1012.7,5.9
2023-01-15 06:00:00,1.594,1012.7,6.1
2023-01-15 07:00:00,1.624,1013.2,5.7
2023-01-15 08:00:00,1.492,1014.2,5.2
2023-01-15 09:00:00,1.28,1014.0,5.2
2023-01-15 10:00:00,1.037,1014.7,5.2
2023-01-15 11:00:00,0.864,1015.3,5.0
2023-01-15 12:00:00,0.691,1016.1,5.3
2023-01-15 13:00:00,0.645,1016.6,5.5
2023-01-15 14:00:00,0.731,1017.0,5.6
2023-01-15 15:00:00,0.946,1016.9,5.8
2023-01-15 16:00:00,1.224,1016.6,5.8
2023-01-15 17:00:00,1.415,1016.3,6.3
2023-01-15 18:00:00,1.5,1015.8,5.9
2023-01-15 19:00:00,1.5,1015.4,6.0
2023-01-15 20:00:00,1.422,1014.8,5.9
2023-01-15 21:00:00,1.368,1015.1,5.5
2023-01-15 22:00:00,1.18,1015.9,5.3
2023-01-15 23:00:00,0.97,1016.2,5.4
2023-01-16 00:00:00,0.835,1016.5,5.9
2023-01-16 01:00:00,0.719,1016.4,5.8
2023-01-16 02:00:00,0.689,1016.0,5.7
2023-01-16 03:00:00,0.834,1016.0,5.8
2023-01-16 04:00:00,1.065,1016.1,5.7
2023-01-16 05:00:00,1.425,1015.8,5.7
2023-01-16 06:00:00,1.771,1015.3,5.6
2023-01-16 07:00:00,1.893,1015.6,6.3
2023-01-16 08:00:00,1.898,1015.5,5.9
2023-01-16 09:00:00,1.735,1015.6,5.8
2023-01-16 10:00:00,1.5,1015.5,5.4
2023-01-16 11:00:00,1.148,1015.2,5.0
2023-01-16 12:00:00,0.941,1015.1,4.9
2023-01-16 13:00:00,0.806,1015.2,5.4
2023-01-16 14:00:00,0.751,1014.7,5.5
2023-01-16 15:00:00,0.793,1014.4,5.6
2023-01-16 16:00:00,0.956,1013.3,5.9
2023-01-16 17:00:00,1.143,1011.8,5.3
2023-01-16 18:00:00,1.34,1010.3,5.8
2023-01-16 19:00:00,1.464,1009.4,6.0
2023-01-16 20:00:00,1.53,1009.1,5.9
2023-01-16 21:00:00,1.501,1009.0,5.6
2023-01-16 22:00:00,1.327,1009.0,5.3
2023-01-16 23:00:00,1.071,1009.0,4.8
2023-01-17 00:00:00,0.751,1009.2,5.2
2023-01-17 01:00:00,0.571,1009.3,5.5
2023-01-17 02:00:00,0.413,1009.3,5.0
2023-01-17 03:00:00,0.387,1009.7,5.6
2023-01-17 04:00:00,0.592,1009.2,5.3
2023-01-17 05:00:00,0.956,1009.0,5.1
2023-01-17 06:00:00,1.35,1008.7,6.0
2023-01-17 07:00:00,1.521,1008.7,5.5
2023-01-17 08:00:00,1.599,1008.6,5.6
2023-01-17 09:00:00,1.584,1008.5,5.8
2023-01-17 10:00:00,1.53,1007.9,5.6
2023-01-17 11:00:00,1.322,1008.4,5.1
2023-01-17 12:00:00,1.01,1008.2,5.4
2023-01-17 13:00:00,0.709,1008.5,5.1
2023-01-17 14:00:00,0.499,1008.5,5.4
2023-01-17 15:00:00,0.407,1007.7,5.2
2023-01-17 16:00:00,0.472,1006.8,5.5
2023-01-17 17:00:00,0.687,1006.4,5.5
2023-01-17 18:00:00,0.938,1004.8,5.2
2023-01-17 19:00:00,1.155,1004.7,4.8
2023-01-17 20:00:00,1.294,1004.0,5.8
2023-01-17 21:00:00,1.343,1004.5,5.7
2023-01-17 22:00:00,1.328,1004.2,5.4
2023-01-17 23:00:00,1.157,1004.6,4.9
2023-01-18 00:00:00,0.934,1004.7,5.0
2023-01-18 01:00:00,0.66,1004.9,4.8
2023-01-18 02:00:00,0.407,1004.5,5.2
2023-01-18 03:00:00,0.208,1004.8,5.2
2023-01-18 04:00:00,0.21,1004.6,5.4
2023-01-18 05:00:00,0.487,1004.1,5.0
2023-01-18 06:00:00,0.916,1004.2,4.9
2023-01-18 07:00:00,1.292,1004.6,5.7
2023-01-18 08:00:00,1.49,1004.4,5.4
2023-01-18 09:00:00,1.556,1004.7,5.3
2023-01-18 10:00:00,1.589,1005.1,5.4
2023-01-18 11:00:00,1.436,1005.7,5.3
2023-01-18 12:00:00,1.224,1006.4,5.4
2023-01-18 13:00:00,0.86,1007.5,5.0
2023-01-18 14:00:00,0.558,1008.2,4.8
2023-01-18 15:00:00,0.271,1008.9,5.1
2023-01-18 16:00:00,0.091,1009.1,5.2
2023-01-18 17:00:00,0.11,1008.6,5.3
2023-01-18 18:00:00,0.352,1008.6,5.3
2023-01-18 19:00:00,0.677,1009.0,5.4
2023-01-18 20:00:00,0.95,1009.7,5.8
2023-01-18 21:00:00,1.131,1011.1,5.8
2023-01-18 22:00:00,1.234,1011.9,5.5
2023-01-18 23:00:00,1.218,1013.2,5.5
2023-01-19 00:00:00,1.056,1014.0,5.3
2023-01-19 01:00:00,0.757,1015.0,5.3
2023-01-19 02:00:00,0.385,1015.0,5.2
2023-01-19 03:00:00,0.111,1015.8,5.3
2023-01-19 04:00:00,-0.036,1016.2,5.3
2023-01-19 05:00:00,0.047,1016.0,5.3
2023-01-19 06:00:00,0.435,1016.0,5.2
2023-01-19 07:00:00,0.883,1016.8,5.1
2023-01-19 08:00:00,1.226,1016.7,5.6
2023-01-19 09:00:00,1.457,1016.7,5.4
2023-01-19 10:00:00,1.617,1016.5,5.4
2023-01-19 11:00:00,1.702,1017.6,5.5
2023-01-19 12:00:00,1.546,1017.6,5.3
2023-01-19 13:00:00,1.245,1017.8,5.5
2023-01-19 14:00:00,0.812,1017.6,5.5
2023-01-19 15:00:00,0.482,1016.6,5.0
2023-01-19 16:00:00,0.214,1016.1,5.3
2023-01-19 17:00:00,0.026,1014.9,5.5
2023-01-19 18:00:00,0.126,1013.0,5.3
2023-01-19 19:00:00,0.47,1012.0,5.4
2023-01-19 20:00:00,0.862,1012.0,5.5
2023-01-19 21:00:00,1.219,1010.7,5.5
2023-01-19 22:00:00,1.43,1008.8,5.6
2023-01-19 23:00:00,1.596,1007.7,5.7
2023-01-20 00:00:00,1.592,1006.2,5.7
2023-01-20 01:00:00,1.339,1004.0,5.7
2023-01-20 02:00:00,0.949,1001.8,5.7
2023-01-20 03:00:00,0.611,1003.1,5.7
2023-01-20 04:00:00,0.4,1001.4,5.7
2023-01-20 05:00:00,0.301,1001.5,5.6
2023-01-20 06:00:00,0.387,1001.4,5.6
2023-01-20 07:00:00,0.653,1002.4,5.5
2023-01-20 08:00:00,0.951,1002.3,5.5
2023-01-20 09:00:00,1.336,1002.8,5.6
2023-01-20 10:00:00,1.789,1002.9,5.5
2023-01-20 11:00:00,2.038,1003.1,5.7
2023-01-20 12:00:00,1.974,1003.2,5.7
2023-01-20 13:00:00,1.695,1003.4,5.6
2023-01-20 14:00:00,1.331,1003.8,5.7
2023-01-20 15:00:00,0.866,1004.4,5.8
2023-01-20 16:00:00,0.486,1004.3,5.8
2023-01-20 17:00:00,0.15,1004.1,5.8
2023-01-20 18:00:00,-0.084,1004.6,5.8
2023-01-20 19:00:00,-0.065,1005.2,5.8
2023-01-20 20:00:00,0.215,1006.0,5.8
2023-01-20 21:00:00,0.586,1007.2,5.6
2023-01-20 22:00:00,1.014,1008.3,5.6
2023-01-20 23:00:00,1.339,1009.3,5.5
2023-01-21 00:00:00,1.491,1010.5,5.7
2023-01-21 01:00:00,1.407,1011.0,5.7
2023-01-21 02:00:00,1.094,1011.8,5.6
2023-01-21 03:00:00,0.598,1012.5,5.5
2023-01-21 04:00:00,0.246,1013.1,5.5
2023-01-21 05:00:00,0.05,1013.4,5.5
2023-01-21 06:00:00,-0.074,1013.8,5.5
2023-01-21 07:00:00,0.025,1014.3,5.3
2023-01-21 08:00:00,0.437,1015.0,5.5
2023-01-21 09:00:00,0.954,1015.7,5.3
2023-01-21 10:00:00,1.468,1016.5,5.4
2023-01-21 11:00:00,1.777,1017.3,5.5
2023-01-21 12:00:00,1.908,1018.5,5.4
2023-01-21 13:00:00,1.951,1019.5,5.5
2023-01-21 14:00:00,1.755,1020.4,5.6
2023-01-21 15:00:00,1.372,1021.1,5.8
2023-01-21 16:00:00,0.891,1021.4,5.7
2023-01-21 17:00:00,0.482,1021.2,5.6
2023-01-21 18:00:00,0.151,1020.9,5.6
2023-01-21 19:00:00,-0.043,1020.9,5.6
2023-01-21 20:00:00,0.078,1021.6,5.7
2023-01-21 21:00:00,0.431,1022.0,5.5
2023-01-21 22:00:00,0.921,1022.6,5.6
2023-01-21 23:00:00,1.363,1023.2,5.6
2023-01-22 00:00:00,1.658,1023.5,5.6
2023-01-22 01:00:00,1.725,1023.9,5.6
2023-01-22 02:00:00,1.542,1023.8,5.7
2023-01-22 03:00:00,1.131,1024.1,5.7
2023-01-22 04:00:00,0.691,1023.7,5.7
2023-01-22 05:00:00,0.388,1023.6,5.6
2023-01-22 06:00:00,0.179,1023.4,5.6
2023-01-22 07:00:00,-0.013,1024.0,5.5
2023-01-22 08:00:00,-0.039,1024.1,5.3
2023-01-22 09:00:00,0.365,1023.3,5.4
2023-01-22 10:00:00,0.949,1023.1,5.3
2023-01-22 11:00:00,1.495,1023.2,5.3
2023-01-22 12:00:00,1.788,1022.8,5.5
2023-01-22 13:00:00,2.006,1022.6,5.5
2023-01-22 14:00:00,2.001,1023.1,5.5
2023-01-22 15:00:00,1.713,1022.2,5.6
2023-01-22 16:00:00,1.238,1021.0,5.9
2023-01-22 17:00:00,0.713,1020.3,5.7
2023-01-22 18:00:00,0.318,1019.2,5.7
2023-01-22 19:00:00,0.021,1018.2,5.7
2023-01-22 20:00:00,-0.145,1017.6,5.7
2023-01-22 21:00:00,0.026,1017.0,5.6
2023-01-22 22:00:00,0.512,1015.7,5.4
2023-01-22 23:00:00,1.102,1014.3,5.5
2023-01-23 00:00:00,1.574,1014.8,5.5
2023-01-23 01:00:00,1.787,1013.4,5.6
2023-01-23 02:00:00,1.795,1011.1,5.7
2023-01-23 03:00:00,1.619,1009.8,5.7
2023-01-23 04:00:00,1.231,1007.8,5.7
2023-01-23 05:00:00,0.837,1006.0,5.8
2023-01-23 06:00:00,0.549,1003.7,5.7
2023-01-23 07:00:00,0.326,1002.5,5.6
2023-01-23 08:00:00,0.159,1001.0,5.6
2023-01-23 09:00:00,0.258,1000.1,5.5
2023-01-23 10:00:00,0.631,1000.4,5.6
2023-01-23 11:00:00,1.137,999.4,5.4
2023-01-23 12:00:00,1.629,1000.0,5.4
2023-01-23 13:00:00,2.002,999.9,5.5
2023-01-23 14:00:00,2.195,1000.7,5.5
2023-01-23 15:00:00,2.171,1001.3,5.6
2023-01-23 16:00:00,1.777,1001.1,5.6
2023-01-23 17:00:00,1.214,1000.8,5.7
2023-01-23 18:00:00,0.713,1001.1,5.7
2023-01-23 19:00:00,0.298,1001.9,5.6
2023-01-23 20:00:00,0.001,1003.5,5.6
2023-01-23 21:00:00,-0.191,1005.0,5.6
2023-01-23 22:00:00,-0.063,1006.3,5.6
2023-01-23 23:00:00,0.336,1008.0,5.3
2023-01-24 00:00:00,0.837,1009.9,5.4
2023-01-24 01:00:00,1.233,1011.2,5.3
2023-01-24 02:00:00,1.418,1012.6,5.4
2023-01-24 03:00:00,1.403,1013.7,5.5
2023-01-24 04:00:00,1.161,1014.8,5.5
2023-01-24 05:00:00,0.851,1015.4,5.4
2023-01-24 06:00:00,0.454,1015.6,5.3
2023-01-24 07:00:00,0.168,1016.5,5.0
2023-01-24 08:00:00,-0.124,1017.0,5.0
2023-01-24 09:00:00,-0.341,1017.3,4.8
2023-01-24 10:00:00,-0.217,1017.5,5.0
2023-01-24 11:00:00,0.273,1018.3,4.8
2023-01-24 12:00:00,0.837,1018.8,4.9
2023-01-24 13:00:00,1.211,1019.2,4.9
2023-01-24 14:00:00,1.525,1020.0,5.1
2023-01-24 15:00:00,1.684,1020.4,5.1
2023-01-24 16:00:00,1.627,1020.0,5.0
2023-01-24 17:00:00,1.231,1019.5,5.1
2023-01-24 18:00:00,0.743,1019.5,5.2
2023-01-24 19:00:00,0.288,1019.6,5.3
2023-01-24 20:00:00,-0.046,1020.4,5.3
2023-01-24 21:00:00,-0.321,1022.0,5.3
2023-01-24 22:00:00,-0.458,1022.9,5.2
2023-01-24 23:00:00,-0.185,1023.2,5.1
2023-01-25 00:00:00,0.35,1024.3,5.0
2023-01-25 01:00:00,0.872,1024.6,5.1
2023-01-25 02:00:00,1.201,1025.4,5.1
2023-01-25 03:00:00,1.339,1026.3,5.2
2023-01-25 04:00:00,1.404,1026.0,5.3
2023-01-25 05:00:00,1.227,1025.7,5.3
2023-01-25 06:00:00,0.914,1025.7,5.2
2023-01-25 07:00:00,0.469,1026.0,5.0
2023-01-25 08:00:00,0.156,1026.6,5.0
2023-01-25 09:00:00,-0.086,1025.6,5.0
2023-01-25 10:00:00,-0.193,1027.1,4.9
2023-01-25 11:00:00,-0.01,1027.6,4.7
2023-01-25 12:00:00,0.435,1026.5,4.9
2023-01-25 13:00:00,0.981,1026.0,4.9
2023-01-25 14:00:00,1.385,1026.6,5.1
2023-01-25 15:00:00,1.663,1025.8,5.2
2023-01-25 16:00:00,1.772,1025.3,5.2
2023-01-25 17:00:00,1.719,1024.5,5.2
2023-01-25 18:00:00,1.304,1022.9,5.2
2023-01-25 19:00:00,0.844,1020.6,5.3
2023-01-25 20:00:00,0.456,1018.5,5.3
2023-01-25 21:00:00,0.193,1016.8,5.2
2023-01-25 22:00:00,0.115,1013.8,5.2
2023-01-25 23:00:00,0.426,1012.2,5.2
2023-01-26 00:00:00,0.879,1009.4,5.2
2023-01-26 01:00:00,1.305,1006.6,5.2
2023-01-26 02:00:00,1.625,1004.2,5.2
2023-01-26 03:00:00,1.907,1002.8,5.4
2023-01-26 04:00:00,2.081,1000.2,5.4
2023-01-26 05:00:00,2.069,999.0,5.5
2023-01-26 06:00:00,1.787,996.9,5.6
2023-01-26 07:00:00,1.359,996.5,5.6
2023-01-26 08:00:00,0.994,996.5,5.6
2023-01-26 09:00:00,0.663,997.0,5.7
2023-01-26 10:00:00,0.432,997.1,5.6
2023-01-26 11:00:00,0.358,998.2,5.6
2023-01-26 12:00:00,0.47,999.5,5.6
2023-01-26 13:00:00,0.748,1000.7,5.5
2023-01-26 14:00:00,0.995,1001.9,5.5
2023-01-26 15:00:00,1.24,1002.8,5.4
2023-01-26 16:00:00,1.409,1003.1,5.5
2023-01-26 17:00:00,1.562,1003.5,5.4
2023-01-26 18:00:00,1.44,1003.5,5.4
2023-01-26 19:00:00,1.076,1004.3,5.4
2023-01-26 20:00:00,0.645,1005.2,5.3
2023-01-26 21:00:00,0.222,1006.5,5.3
2023-01-26 22:00:00,-0.101,1007.7,5.3
2023-01-26 23:00:00,-0.262,1008.8,5.2
2023-01-27 00:00:00,-0.17,1009.9,5.0
2023-01-27 01:00:00,0.114,1010.8,5.0
2023-01-27 02:00:00,0.476,1011.5,5.1
2023-01-27 03:00:00,0.781,1012.2,4.9
2023-01-27 04:00:00,1.007,1012.6,5.1
2023-01-27 05:00:00,1.165,1013.1,5.0
2023-01-27 06:00:00,1.191,1014.0,4.9
2023-01-27 07:00:00,1.014,1014.8,4.6
2023-01-27 08:00:00,0.692,1015.7,4.7
2023-01-27 09:00:00,0.319,1015.9,4.5
2023-01-27 10:00:00,0.057,1016.2,4.8
2023-01-27 11:00:00,-0.113,1017.2,4.7
2023-01-27 12:00:00,-0.17,1018.1,4.5
2023-01-27 13:00:00,0.029,1019.0,4.5
2023-01-27 14:00:00,0.418,1019.7,4.6
2023-01-27 15:00:00,0.822,1020.3,4.7
2023-01-27 16:00:00,1.121,1020.4,4.9
2023-01-27 17:00:00,1.273,1019.4,4.9
2023-01-27 18:00:00,1.306,1018.7,5.0
2023-01-27 19:00:00,1.175,1018.9,5.0
2023-01-27 20:00:00,0.902,1019.4,4.8
2023-01-27 21:00:00,0.511,1019.8,5.0
2023-01-27 22:00:00,0.249,1020.5,4.9
2023-01-27 23:00:00,0.087,1021.1,4.8
2023-01-28 00:00:00,0.073,1021.6,5.0
2023-01-28 01:00:00,0.174,1022.5,4.5
2023-01-28 02:00:00,0.432,1022.9,4.8
2023-01-28 03:00:00,0.733,1022.9,4.8
2023-01-28 04:00:00,1.006,1022.5,5.1
2023-01-28 05:00:00,1.304,1022.0,4.8
2023-01-28 06:00:00,1.518,1022.2,5.0
2023-01-28 07:00:00,1.563,1022.7,4.9
2023-01-28 08:00:00,1.321,1022.5,5.2
2023-01-28 09:00:00,0.967,1022.6,4.4
2023-01-28 10:00:00,0.613,1022.3,4.5
2023-01-28 11:00:00,0.397,1022.7,4.7
2023-01-28 12:00:00,0.255,1022.9,4.5
2023-01-28 13:00:00,0.283,1023.6,4.9
2023-01-28 14:00:00,0.487,1024.2,4.9
2023-01-28 15:00:00,0.743,1024.7,4.9
2023-01-28 16:00:00,0.96,1024.7,4.9
2023-01-28 17:00:00,1.043,1024.2,5.3
2023-01-28 18:00:00,1.103,1023.7,5.1
2023-01-28 19:00:00,1.163,1023.4,5.1
2023-01-28 20:00:00,1.105,1024.0,5.0
2023-01-28 21:00:00,0.911,1024.4,4.8
2023-01-28 22:00:00,0.623,1025.1,4.7
2023-01-28 23:00:00,0.353,1025.7,4.8
2023-01-29 00:00:00,0.173,1026.7,5.0
2023-01-29 01:00:00,0.073,1026.6,4.9
2023-01-29 02:00:00,0.192,1026.8,4.8
2023-01-29 03:00:00,0.49,1027.1,4.9
2023-01-29 04:00:00,0.852,1027.0,4.8
2023-01-29 05:00:00,1.137,1027.0,5.2
2023-01-29 06:00:00,1.334,1026.6,5.0
2023-01-29 07:00:00,1.427,1026.8,5.0
2023-01-29 08:00:00,1.359,1026.7,5.1
2023-01-29 09:00:00,1.145,1026.4,4.9
2023-01-29 10:00:00,0.888,1026.1,4.8
2023-01-29 11:00:00,0.687,1025.9,4.8
2023-01-29 12:00:00,0.525,1025.8,4.8
2023-01-29 13:00:00,0.401,1025.5,4.8
2023-01-29 14:00:00,0.388,1025.6,4.9
2023-01-29 15:00:00,0.519,1024.8,5.1
2023-01-29 16:00:00,0.752,1024.1,4.9
2023-01-29 17:00:00,0.971,1022.2,5.0
2023-01-29 18:00:00,1.154,1020.7,5.1
2023-01-29 19:00:00,1.316,1020.2,5.1
2023-01-29 20:00:00,1.354,1019.7,5.0
2023-01-29 21:00:00,1.184,1020.1,5.1
2023-01-29 22:00:00,0.97,1019.6,4.7
2023-01-29 23:00:00,0.694,1020.0,4.7
2023-01-30 00:00:00,0.519,1020.5,4.9
2023-01-30 01:00:00,0.38,1020.3,5.0
2023-01-30 02:00:00,0.253,1021.4,5.0
2023-01-30 03:00:00,0.278,1021.4,5.1
2023-01-30 04:00:00,0.513,1021.3,5.0
2023-01-30 05:00:00,0.87,1021.4,5.0
2023-01-30 06:00:00,1.188,1021.4,5.2
2023-01-30 07:00:00,1.366,1021.6,5.2
2023-01-30 08:00:00,1.372,1021.2,5.1
2023-01-30 09:00:00,1.231,1021.2,5.2
2023-01-30 10:00:00,1.077,1021.6,4.8
2023-01-30 11:00:00,0.853,1021.8,4.7
2023-01-30 12:00:00,0.661,1022.3,4.8
2023-01-30 13:00:00,0.516,1022.2,4.9
2023-01-30 14:00:00,0.368,1022.8,5.2
2023-01-30 15:00:00,0.308,1023.3,5.1
2023-01-30 16:00:00,0.406,1022.2,5.2
2023-01-30 17:00:00,0.593,1021.3,4.9
2023-01-30 18:00:00,0.816,1020.7,4.9
2023-01-30 19:00:00,1.025,1019.6,5.3
2023-01-30 20:00:00,1.167,1019.1,5.3
2023-01-30 21:00:00,1.182,1018.5,5.2
2023-01-30 22:00:00,1.101,1018.9,4.8
2023-01-30 23:00:00,0.943,1019.5,4.9
2023-01-31 00:00:00,0.733,1019.7,4.8
2023-01-31 01:00:00,0.605,1018.8,4.9
2023-01-31 02:00:00,0.457,1018.8,4.9
2023-01-31 03:00:00,0.374,1019.1,5.0
2023-01-31 04:00:00,0.46,1018.5,5.3
2023-01-31 05:00:00,0.761,1018.2,5.2
2023-01-31 06:00:00,1.124,1018.2,5.2
2023-01-31 07:00:00,1.449,1018.3,5.1
2023-01-31 08:00:00,1.444,1018.3,5.6
2023-01-31 09:00:00,1.404,1019.4,5.3
2023-01-31 10:00:00,1.313,1019.7,5.2
2023-01-31 11:00:00,1.251,1020.7,5.1
2023-01-31 12:00:00,0.984,1021.4,5.2
2023-01-31 13:00:00,0.734,1023.1,5.2
2023-01-31 14:00:00,0.543,1023.6,5.3
2023-01-31 15:00:00,0.391,1024.2,5.4
2023-01-31 16:00:00,0.311,1024.3,5.5
2023-01-31 17:00:00,0.394,1023.6,5.4
2023-01-31 18:00:00,0.629,1022.7,5.3
2023-01-31 19:00:00,0.959,1022.4,5.0
2023-01-31 20:00:00,1.169,1022.6,5.7
2023-01-31 21:00:00,1.238,1022.6,5.3
2023-01-31 22:00:00,1.248,1022.8,5.4
2023-01-31 23:00:00,1.136,1023.0,5.0
2023-02-01 00:00:00,0.988,1023.4,5.1
2023-02-01 01:00:00,0.757,1023.2,4.5
2023-02-01 02:00:00,0.606,1023.6,5.2
2023-02-01 03:00:00,0.456,1023.9,5.4
2023-02-01 04:00:00,0.43,1024.2,5.2
2023-02-01 05:00:00,0.542,1023.4,5.3
2023-02-01 06:00:00,0.821,1023.0,5.3
2023-02-01 07:00:00,1.106,1023.1,5.2
2023-02-01 08:00:00,1.362,1023.2,5.5
2023-02-01 09:00:00,1.462,1023.9,5.4
2023-02-01 10:00:00,1.518,1023.8,5.2
2023-02-01 11:00:00,1.466,1024.0,6.1
2023-02-01 12:00:00,1.283,1024.9,5.0
2023-02-01 13:00:00,1.048,1025.2,5.2
2023-02-01 14:00:00,0.773,1025.4,5.2
2023-02-01 15:00:00,0.613,1025.9,5.3
2023-02-01 16:00:00,0.482,1025.9,5.6
2023-02-01 17:00:00,0.455,1025.4,5.5
2023-02-01 18:00:00,0.569,1024.4,5.6
2023-02-01 19:00:00,0.736,1023.4,5.3
2023-02-01 20:00:00,0.962,1023.4,5.1
2023-02-01 21:00:00,1.106,1023.7,5.6
2023-02-01 22:00:00,1.262,1024.0,5.7
2023-02-01 23:00:00,1.309,1024.3,5.7
2023-02-02 00:00:00,1.229,1025.0,5.4
2023-02-02 01:00:00,0.992,1025.7,5.2
2023-02-02 02:00:00,0.707,1025.9,4.8
2023-02-02 03:00:00,0.444,1025.8,5.2
2023-02-02 04:00:00,0.28,1025.8,5.5
2023-02-02 05:00:00,0.343,1026.8,5.3
2023-02-02 06:00:00,0.551,1025.9,5.4
2023-02-02 07:00:00,0.899,1025.1,5.0
2023-02-02 08:00:00,1.194,1025.4,5.7
2023-02-02 09:00:00,1.37,1025.0,5.5
2023-02-02 10:00:00,1.474,1024.6,5.5
2023-02-02 11:00:00,1.53,1024.9,5.3
2023-02-02 12:00:00,1.441,1024.6,5.7
2023-02-02 13:00:00,1.26,1024.7,5.0
2023-02-02 14:00:00,1.019,1024.5,5.7
2023-02-02 15:00:00,0.739,1023.8,5.3
2023-02-02 16:00:00,0.529,1023.2,5.4
2023-02-02 17:00:00,0.315,1021.8,5.5
2023-02-02 18:00:00,0.239,1019.7,5.5
2023-02-02 19:00:00,0.385,1017.6,5.5
2023-02-02 20:00:00,0.654,1016.7,5.4
2023-02-02 21:00:00,0.923,1015.8,5.4
2023-02-02 22:00:00,1.175,1015.3,6.3
2023-02-02 23:00:00,1.311,1014.7,5.8
2023-02-03 00:00:00,1.324,1013.9,5.7
2023-02-03 01:00:00,1.135,1013.3,5.4
2023-02-03 02:00:00,0.893,1012.5,4.9
2023-02-03 03:00:00,0.535,1011.9,4.6
2023-02-03 04:00:00,0.328,1011.1,5.1
2023-02-03 05:00:00,0.228,1010.6,5.1
2023-02-03 06:00:00,0.323,1009.7,5.5
2023-02-03 07:00:00,0.532,1009.0,5.5
2023-02-03 08:00:00,0.737,1008.5,5.0
2023-02-03 09:00:00,0.963,1008.4,5.5
2023-02-03 10:00:00,1.154,1009.8,5.8
2023-02-03 11:00:00,1.231,1011.4,5.7
2023-02-03 12:00:00,1.225,1012.7,5.6
2023-02-03 13:00:00,1.064,1014.5,5.4
2023-02-03 14:00:00,0.826,1015.7,5.2
2023-02-03 15:00:00,0.51,1017.1,4.8
2023-02-03 16:00:00,0.202,1016.9,4.8
2023-02-03 17:00:00,-0.084,1017.4,4.9
2023-02-03 18:00:00,-0.22,1017.3,4.9
2023-02-03 19:00:00,-0.218,1017.8,4.8
2023-02-03 20:00:00,-0.037,1018.6,4.5
2023-02-03 21:00:00,0.2,1020.1,4.6
2023-02-03 22:00:00,0.333,1021.4,5.7
2023-02-03 23:00:00,0.416,1022.8,5.3
2023-02-04 00:00:00,0.416,1024.3,5.0
2023-02-04 01:00:00,0.437,1025.3,4.6
2023-02-04 02:00:00,0.323,1026.2,4.0
2023-02-04 03:00:00,0.068,1027.1,3.7
2023-02-04 04:00:00,-0.279,1028.2,3.5
2023-02-04 05:00:00,-0.463,1029.1,3.5
2023-02-04 06:00:00,-0.555,1030.6,3.8
2023-02-04 07:00:00,-0.501,1032.0,3.8
2023-02-04 08:00:00,-0.236,1032.9,3.4
2023-02-04 09:00:00,0.086,1033.9,3.9
2023-02-04 10:00:00,0.352,1035.1,4.3
2023-02-04 11:00:00,0.534,1036.2,4.2
2023-02-04 12:00:00,0.758,1037.5,3.9
2023-02-04 13:00:00,0.939,1038.4,4.1
2023-02-04 14:00:00,0.891,1039.0,3.4
2023-02-04 15:00:00,0.633,1038.9,3.5
2023-02-04 16:00:00,0.21,1038.1,3.3
2023-02-04 17:00:00,-0.148,1037.2,3.6
2023-02-04 18:00:00,-0.322,1035.8,3.9
2023-02-04 19:00:00,-0.28,1034.7,3.9
2023-02-04 20:00:00,-0.089,1034.0,3.9
2023-02-04 21:00:00,0.209,1033.8,4.1
2023-02-04 22:00:00,0.557,1033.6,4.3
2023-02-04 23:00:00,0.824,1033.3,4.0
2023-02-05 00:00:00,1.025,1032.6,4.4
2023-02-05 01:00:00,1.09,1032.4,4.0
2023-02-05 02:00:00,1.01,1032.6,4.2
2023-02-05 03:00:00,0.671,1032.2,4.1
2023-02-05 04:00:00,0.348,1031.6,4.2
2023-02-05 05:00:00,0.081,1030.7,3.9
2023-02-05 06:00:00,-0.011,1029.7,4.1
2023-02-05 07:00:00,-0.06,1028.9,4.0
2023-02-05 08:00:00,0.031,1027.9,3.6
2023-02-05 09:00:00,0.322,1027.2,3.6
2023-02-05 10:00:00,0.768,1026.7,4.1
2023-02-05 11:00:00,1.1,1026.4,3.8
2023-02-05 12:00:00,1.193,1026.2,4.3
2023-02-05 13:00:00,1.191,1025.4,4.2
2023-02-05 14:00:00,1.116,1025.1,4.1
2023-02-05 15:00:00,0.874,1024.7,4.2
2023-02-05 16:00:00,0.561,1023.4,4.2
2023-02-05 17:00:00,0.244,1021.8,4.5
2023-02-05 18:00:00,-0.027,1020.5,4.4
2023-02-05 19:00:00,-0.224,1019.1,4.5
2023-02-05 20:00:00,-0.321,1018.3,4.6
2023-02-05 21:00:00,-0.113,1017.8,4.6
2023-02-05 22:00:00,0.301,1017.0,4.5
2023-02-05 23:00:00,0.698,1017.0,4.4
2023-02-06 00:00:00,0.968,1017.2,5.0
2023-02-06 01:00:00,1.124,1017.1,4.9
2023-02-06 02:00:00,1.13,1016.7,4.8
2023-02-06 03:00:00,0.994,1016.9,4.8
2023-02-06 04:00:00,0.662,1016.4,4.8
2023-02-06 05:00:00,0.3,1016.0,4.7
2023-02-06 06:00:00,0.139,1015.5,4.7
2023-02-06 07:00:00,0.076,1014.3,4.6
2023-02-06 08:00:00,0.177,1014.0,4.7
2023-02-06 09:00:00,0.445,1013.8,4.5
2023-02-06 10:00:00,0.877,1013.5,4.5
2023-02-06 11:00:00,1.282,1013.9,4.5
2023-02-06 12:00:00,1.504,1014.6,4.7
2023-02-06 13:00:00,1.575,1014.6,4.8
2023-02-06 14:00:00,1.548,1015.0,4.8
2023-02-06 15:00:00,1.418,1015.6,4.7
2023-02-06 16:00:00,1.15,1015.9,4.8
2023-02-06 17:00:00,0.753,1015.7,4.9
2023-02-06 18:00:00,0.46,1015.2,5.0
2023-02-06 19:00:00,0.214,1015.4,5.0
2023-02-06 20:00:00,0.042,1016.0,5.0
2023-02-06 21:00:00,0.042,1017.1,4.9
2023-02-06 22:00:00,0.405,1018.6,4.8
2023-02-06 23:00:00,0.782,1019.5,4.7
2023-02-07 00:00:00,1.116,1020.8,4.8
2023-02-07 01:00:00,1.258,1021.8,4.8
2023-02-07 02:00:00,1.292,1022.5,4.8
2023-02-07 03:00:00,1.204,1023.5,4.9
2023-02-07 04:00:00,1.016,1023.9,5.1
2023-02-07 05:00:00,0.788,1025.1,4.9
2023-02-07 06:00:00,0.541,1026.3,4.8
2023-02-07 07:00:00,0.337,1025.9,4.7
2023-02-07 08:00:00,0.197,1025.7,4.6
2023-02-07 09:00:00,0.219,1026.5,4.5
2023-02-07 10:00:00,0.597,1027.2,4.5
2023-02-07 11:00:00,1.117,1027.4,4.5
2023-02-07 12:00:00,1.567,1028.3,4.9
2023-02-07 13:00:00,1.718,1029.0,4.8
2023-02-07 14:00:00,1.711,1029.0,4.7
2023-02-07 15:00:00,1.646,1028.7,4.8
2023-02-07 16:00:00,1.47,1028.7,4.9
2023-02-07 17:00:00,1.222,1028.7,5.0
2023-02-07 18:00:00,0.82,1026.8,5.1
2023-02-07 19:00:00,0.549,1025.8,5.0
2023-02-07 20:00:00,0.363,1024.2,4.9
2023-02-07 21:00:00,0.347,1023.5,5.0
2023-02-07 22:00:00,0.597,1023.8,4.8
2023-02-07 23:00:00,1.011,1022.5,4.6
2023-02-08 00:00:00,1.36,1021.9,4.6
2023-02-08 01:00:00,1.6,1022.1,4.9
2023-02-08 02:00:00,1.68,1022.6,4.8
2023-02-08 03:00:00,1.641,1021.8,4.9
2023-02-08 04:00:00,1.481,1021.2,5.1
2023-02-08 05:00:00,1.215,1020.3,5.0
2023-02-08 06:00:00,0.848,1019.3,5.1
2023-02-08 07:00:00,0.631,1019.2,5.0
2023-02-08 08:00:00,0.454,1019.0,5.0
2023-02-08 09:00:00,0.38,1019.1,4.9
2023-02-08 10:00:00,0.563,1019.4,4.9
2023-02-08 11:00:00,0.874,1020.0,4.8
2023-02-08 12:00:00,1.269,1020.3,5.1
2023-02-08 13:00:00,1.553,1021.1,5.1
2023-02-08 14:00:00,1.653,1022.2,5.1
2023-02-08 15:00:00,1.622,1023.0,5.1
2023-02-08 16:00:00,1.477,1023.7,5.1
2023-02-08 17:00:00,1.151,1023.5,5.2
2023-02-08 18:00:00,0.816,1022.9,5.3
2023-02-08 19:00:00,0.486,1022.1,5.4
2023-02-08 20:00:00,0.211,1023.0,5.4
2023-02-08 21:00:00,0.067,1023.8,5.4
2023-02-08 22:00:00,0.103,1024.0,5.2
2023-02-08 23:00:00,0.404,1024.5,5.1
2023-02-09 00:00:00,0.812,1025.2,4.9
2023-02-09 01:00:00,1.106,1025.2,4.9
2023-02-09 02:00:00,1.265,1026.1,5.1
2023-02-09 03:00:00,1.306,1026.7,5.0
2023-02-09 04:00:00,1.275,1026.7,5.2
2023-02-09 05:00:00,1.035,1026.7,5.2
2023-02-09 06:00:00,0.772,1026.2,5.0
2023-02-09 07:00:00,0.436,1026.3,5.0
2023-02-09 08:00:00,0.2,1025.9,5.0
2023-02-09 09:00:00,0.052,1025.7,5.0
2023-02-09 10:00:00,0.134,1025.5,4.8
2023-02-09 11:00:00,0.47,1025.9,4.8
2023-02-09 12:00:00,0.875,1026.8,4.6
2023-02-09 13:00:00,1.176,1026.5,4.8
2023-02-09 14:00:00,1.328,1026.2,5.0
2023-02-09 15:00:00,1.418,1025.5,5.0
2023-02-09 16:00:00,1.456,1024.5,5.2
2023-02-09 17:00:00,1.26,1022.8,5.2
2023-02-09 18:00:00,0.987,1021.1,5.2
2023-02-09 19:00:00,0.604,1019.7,5.3
2023-02-09 20:00:00,0.352,1018.6,5.1
2023-02-09 21:00:00,0.169,1017.9,5.1
2023-02-09 22:00:00,0.197,1016.4,5.2
2023-02-09 23:00:00,0.462,1015.4,5.0
2023-02-10 00:00:00,0.838,1014.2,5.0
2023-02-10 01:00:00,1.207,1013.1,4.8
2023-02-10 02:00:00,1.381,1012.5,5.1
2023-02-10 03:00:00,1.48,1011.1,5.2
2023-02-10 04:00:00,1.564,1010.1,5.4
2023-02-10 05:00:00,1.514,1009.1,5.4
2023-02-10 06:00:00,1.329,1008.3,5.3
2023-02-10 07:00:00,0.93,1008.1,5.4
2023-02-10 08:00:00,0.594,1007.9,5.2
2023-02-10 09:00:00,0.338,1007.6,5.2
2023-02-10 10:00:00,0.226,1007.9,5.3
2023-02-10 11:00:00,0.356,1008.2,5.2
2023-02-10 12:00:00,0.744,1009.3,5.2
2023-02-10 13:00:00,1.133,1011.0,5.1
2023-02-10 14:00:00,1.379,1012.2,5.0
2023-02-10 15:00:00,1.409,1012.1,5.3
2023-02-10 16:00:00,1.404,1012.4,5.3
2023-02-10 17:00:00,1.293,1012.1,5.4
2023-02-10 18:00:00,1.069,1012.0,5.5
2023-02-10 19:00:00,0.735,1012.2,5.6
2023-02-10 20:00:00,0.494,1012.8,5.7
2023-02-10 21:00:00,0.318,1013.7,5.7
2023-02-10 22:00:00,0.16,1014.4,5.7
2023-02-10 23:00:00,0.176,1015.6,5.5
2023-02-11 00:00:00,0.41,1016.6,5.5
2023-02-11 01:00:00,0.718,1017.0,5.4
2023-02-11 02:00:00,0.996,1017.9,5.3
2023-02-11 03:00:00,1.116,1018.0,5.2
2023-02-11 04:00:00,1.21,1017.9,5.2
2023-02-11 05:00:00,1.296,1017.1,5.2
2023-02-11 06:00:00,1.17,1018.1,5.1
2023-02-11 07:00:00,0.845,1018.8,5.1
2023-02-11 08:00:00,0.47,1019.0,4.9
2023-02-11 09:00:00,0.21,1019.7,4.9
2023-02-11 10:00:00,0.005,1020.4,5.1
2023-02-11 11:00:00,-0.048,1022.0,5.2
2023-02-11 12:00:00,0.133,1023.4,5.0
2023-02-11 13:00:00,0.447,1024.8,5.0
2023-02-11 14:00:00,0.804,1025.7,5.1
2023-02-11 15:00:00,1.016,1025.9,5.2
2023-02-11 16:00:00,1.12,1026.1,5.2
2023-02-11 17:00:00,1.13,1026.0,5.3
2023-02-11 18:00:00,1.062,1025.6,5.7
2023-02-11 19:00:00,0.868,1025.2,5.2
2023-02-11 20:00:00,0.56,1025.5,5.3
2023-02-11 21:00:00,0.268,1025.6,5.4
2023-02-11 22:00:00,0.08,1025.8,5.3
2023-02-11 23:00:00,0.02,1025.9,5.2
2023-02-12 00:00:00,0.14,1026.2,5.1
2023-02-12 01:00:00,0.499,1026.4,5.0
2023-02-12 02:00:00,0.864,1026.9,5.0
2023-02-12 03:00:00,1.091,1026.1,5.4
2023-02-12 04:00:00,1.21,1026.0,5.2
2023-02-12 05:00:00,1.306,1024.9,5.4
2023-02-12 06:00:00,1.357,1024.5,5.4
2023-02-12 07:00:00,1.187,1024.4,5.5
2023-02-12 08:00:00,0.935,1023.7,4.8
2023-02-12 09:00:00,0.582,1023.2,5.2
2023-02-12 10:00:00,0.397,1022.8,5.0
2023-02-12 11:00:00,0.277,1022.4,5.0
2023-02-12 12:00:00,0.333,1022.5,5.1
2023-02-12 13:00:00,0.493,1022.1,5.0
2023-02-12 14:00:00,0.828,1021.6,5.4
2023-02-12 15:00:00,1.105,1021.2,5.1
2023-02-12 16:00:00,1.294,1020.0,5.6
2023-02-12 17:00:00,1.292,1018.2,5.4
2023-02-12 18:00:00,1.26,1017.4,5.4
2023-02-12 19:00:00,1.096,1016.9,5.5
2023-02-12 20:00:00,0.909,1014.9,5.4
2023-02-12 21:00:00,0.642,1014.5,5.2
2023-02-12 22:00:00,0.419,1013.9,5.5
2023-02-12 23:00:00,0.301,1012.8,5.4
2023-02-13 00:00:00,0.359,1011.6,5.3
2023-02-13 01:00:00,0.518,1011.2,5.2
2023-02-13 02:00:00,0.714,1011.1,5.2
2023-02-13 03:00:00,0.996,1008.8,5.0
2023-02-13 04:00:00,1.277,1007.8,5.5
2023-02-13 05:00:00,1.534,1006.4,5.4
2023-02-13 06:00:00,1.729,1005.3,5.5
2023-02-13 07:00:00,1.709,1004.2,5.6
2023-02-13 08:00:00,1.442,1003.7,5.6
2023-02-13 09:00:00,1.148,1002.9,5.4
2023-02-13 10:00:00,0.91,1003.1,5.4
2023-02-13 11:00:00,0.781,1003.4,5.2
2023-02-13 12:00:00,0.698,1003.7,5.2
2023-02-13 13:00:00,0.739,1003.9,5.3
2023-02-13 14:00:00,0.871,1004.1,5.4
2023-02-13 15:00:00,1.034,1004.2,5.4
2023-02-13 16:00:00,1.257,1004.9,5.2
2023-02-13 17:00:00,1.451,1004.0,5.7
2023-02-13 18:00:00,1.562,1002.9,5.7
2023-02-13 19:00:00,1.584,1001.7,5.8
2023-02-13 20:00:00,1.443,1001.0,5.6
2023-02-13 21:00:00,1.15,1000.8,5.6
2023-02-13 22:00:00,0.883,1000.7,5.5
2023-02-13 23:00:00,0.758,1001.3,5.7
2023-02-14 00:00:00,0.724,1002.1,5.6
2023-02-14 01:00:00,0.673,1002.7,5.7
2023-02-14 02:00:00,0.745,1003.2,5.7
2023-02-14 03:00:00,0.923,1003.6,5.7
2023-02-14 04:00:00,1.122,1004.3,5.4
2023-02-14 05:00:00,1.429,1005.5,5.8
2023-02-14 06:00:00,1.667,1007.1,5.6
2023-02-14 07:00:00,1.707,1008.1,5.7
2023-02-14 08:00:00,1.528,1009.2,5.6
2023-02-14 09:00:00,1.261,1010.4,5.5
2023-02-14 10:00:00,0.971,1011.8,5.1
2023-02-14 11:00:00,0.756,1013.0,5.5
2023-02-14 12:00:00,0.608,1014.7,5.3
2023-02-14 13:00:00,0.467,1015.8,5.4
2023-02-14 14:00:00,0.431,1016.9,5.6
2023-02-14 15:00:00,0.6,1018.1,5.5
2023-02-14 16:00:00,0.817,1018.8,5.3
2023-02-14 17:00:00,1.021,1018.7,5.2
2023-02-14 18:00:00,1.166,1018.5,6.0
2023-02-14 19:00:00,1.279,1018.0,5.6
2023-02-14 20:00:00,1.27,1018.6,5.6
2023-02-14 21:00:00,1.157,1019.0,5.4
2023-02-14 22:00:00,0.957,1020.0,5.3
2023-02-14 23:00:00,0.703,1020.6,5.1
2023-02-15 00:00:00,0.531,1021.8,5.4
2023-02-15 01:00:00,0.406,1022.2,5.5
2023-02-15 02:00:00,0.361,1022.4,5.5
2023-02-15 03:00:00,0.468,1022.2,5.5
2023-02-15 04:00:00,0.725,1022.2,5.5
2023-02-15 05:00:00,1.072,1022.1,5.4
2023-02-15 06:00:00,1.418,1022.0,5.6
2023-02-15 07:00:00,1.608,1022.0,5.6
2023-02-15 08:00:00,1.678,1021.9,5.7
2023-02-15 09:00:00,1.566,1022.1,5.8
2023-02-15 10:00:00,1.35,1022.0,5.8
2023-02-15 11:00:00,1.076,1021.5,5.5
2023-02-15 12:00:00,0.817,1021.6,5.4
2023-02-15 13:00:00,0.585,1020.9,5.6
2023-02-15 14:00:00,0.442,1020.7,5.5
2023-02-15 15:00:00,0.422,1019.5,5.7
2023-02-15 16:00:00,0.597,1018.4,5.7
2023-02-15 17:00:00,0.784,1016.3,5.8
2023-02-15 18:00:00,1.041,1014.2,5.7
2023-02-15 19:00:00,1.245,1012.3,6.2
2023-02-15 20:00:00,1.344,1011.9,6.0
2023-02-15 21:00:00,1.299,1011.6,5.9
2023-02-15 22:00:00,1.159,1012.0,5.9
2023-02-15 23:00:00,0.995,1012.8,6.0
2023-02-16 00:00:00,0.753,1013.2,6.0
2023-02-16 01:00:00,0.523,1013.7,6.0
2023-02-16 02:00:00,0.299,1014.0,6.0
2023-02-16 03:00:00,0.179,1014.5,5.9
2023-02-16 04:00:00,0.259,1014.5,5.9
2023-02-16 05:00:00,0.551,1014.6,5.9
2023-02-16 06:00:00,0.994,1014.8,5.6
2023-02-16 07:00:00,1.339,1015.1,6.0
2023-02-16 08:00:00,1.501,1015.4,5.9
2023-02-16 09:00:00,1.512,1015.4,6.0
2023-02-16 10:00:00,1.452,1015.9,6.1
2023-02-16 11:00:00,1.237,1016.3,6.1
2023-02-16 12:00:00,0.955,1016.7,6.1
2023-02-16 13:00:00,0.679,1017.0,6.0
2023-02-16 14:00:00,0.449,1016.5,6.0
2023-02-16 15:00:00,0.222,1016.8,6.1
2023-02-16 16:00:00,0.118,1017.0,6.2
2023-02-16 17:00:00,0.221,1016.7,6.2
2023-02-16 18:00:00,0.48,1015.2,6.1
2023-02-16 19:00:00,0.816,1014.2,6.0
2023-02-16 20:00:00,1.126,1014.6,6.1
2023-02-16 21:00:00,1.256,1015.2,6.0
2023-02-16 22:00:00,1.267,1013.7,6.1
2023-02-16 23:00:00,1.15,1012.9,6.1
2023-02-17 00:00:00,0.988,1013.4,6.1
2023-02-17 01:00:00,0.668,1012.8,6.1
2023-02-17 02:00:00,0.456,1011.7,6.1
2023-02-17 03:00:00,0.282,1011.7,6.1
2023-02-17 04:00:00,0.238,1011.1,6.1
2023-02-17 05:00:00,0.301,1009.8,6.1
2023-02-17 06:00:00,0.708,1008.5,6.1
2023-02-17 07:00:00,1.143,1007.8,6.0
2023-02-17 08:00:00,1.52,1006.5,6.2
2023-02-17 09:00:00,1.718,1005.1,6.2
2023-02-17 10:00:00,1.798,1004.6,6.4
2023-02-17 11:00:00,1.746,1004.1,6.3
2023-02-17 12:00:00,1.531,1005.0,6.4
2023-02-17 13:00:00,1.18,1004.0,6.5
2023-02-17 14:00:00,0.786,1003.8,6.5
2023-02-17 15:00:00,0.476,1002.6,6.4
2023-02-17 16:00:00,0.216,999.7,6.5
2023-02-17 17:00:00,0.114,1000.2,6.5
2023-02-17 18:00:00,0.297,999.4,6.5
2023-02-17 19:00:00,0.622,1001.1,6.4
2023-02-17 20:00:00,1.005,1001.5,6.3
2023-02-17 21:00:00,1.23,1003.9,6.4
2023-02-17 22:00:00,1.249,1006.4,6.5
2023-02-17 23:00:00,1.153,1007.2,6.4
2023-02-18 00:00:00,1.043,1009.4,6.4
2023-02-18 01:00:00,0.846,1011.2,6.2
2023-02-18 02:00:00,0.537,1012.9,6.2
2023-02-18 03:00:00,0.19,1014.8,6.2
2023-02-18 04:00:00,-0.125,1016.2,6.2
2023-02-18 05:00:00,-0.271,1017.6,6.0
2023-02-18 06:00:00,-0.135,1018.7,5.9
2023-02-18 07:00:00,0.22,1019.9,5.5
2023-02-18 08:00:00,0.736,1021.0,5.7
2023-02-18 09:00:00,1.181,1022.3,5.8
2023-02-18 10:00:00,1.49,1023.6,5.7
2023-02-18 11:00:00,1.636,1024.9,5.6
2023-02-18 12:00:00,1.618,1026.0,5.4
2023-02-18 13:00:00,1.366,1027.4,5.5
2023-02-18 14:00:00,0.937,1027.9,5.9
2023-02-18 15:00:00,0.55,1028.5,5.8
2023-02-18 16:00:00,0.23,1028.3,5.7
2023-02-18 17:00:00,-0.008,1027.9,5.9
2023-02-18 18:00:00,-0.136,1026.9,5.9
2023-02-18 19:00:00,0.075,1026.3,6.1
2023-02-18 20:00:00,0.441,1026.0,6.1
2023-02-18 21:00:00,0.896,1025.6,5.9
2023-02-18 22:00:00,1.193,1025.8,6.1
2023-02-18 23:00:00,1.44,1026.7,6.1
2023-02-19 00:00:00,1.522,1027.7,6.1
2023-02-19 01:00:00,1.396,1028.3,6.1
2023-02-19 02:00:00,1.03,1029.0,6.1
2023-02-19 03:00:00,0.571,1029.5,6.1
2023-02-19 04:00:00,0.223,1029.0,6.0
2023-02-19 05:00:00,-0.034,1029.1,6.0
2023-02-19 06:00:00,-0.167,1029.1,6.0
2023-02-19 07:00:00,-0.015,1028.8,5.9
2023-02-19 08:00:00,0.468,1029.0,5.8
2023-02-19 09:00:00,1.034,1028.9,6.0
2023-02-19 10:00:00,1.499,1029.0,6.0
2023-02-19 11:00:00,1.708,1029.0,6.2
2023-02-19 12:00:00,1.781,1028.9,6.1
2023-02-19 13:00:00,1.768,1028.7,6.2
2023-02-19 14:00:00,1.493,1028.9,6.4
2023-02-19 15:00:00,1.08,1028.6,6.3
2023-02-19 16:00:00,0.614,1028.3,6.4
2023-02-19 17:00:00,0.206,1026.8,6.3
2023-02-19 18:00:00,-0.094,1024.2,6.3
2023-02-19 19:00:00,-0.215,1023.5,6.4
2023-02-19 20:00:00,0.079,1021.4,6.3
2023-02-19 21:00:00,0.593,1020.1,6.1
2023-02-19 22:00:00,1.127,1019.1,6.1
2023-02-19 23:00:00,1.474,1018.9,6.1
2023-02-20 00:00:00,1.675,1017.9,6.1
2023-02-20 01:00:00,1.668,1017.6,6.3
2023-02-20 02:00:00,1.438,1016.8,6.5
2023-02-20 03:00:00,1.001,1016.1,6.4
2023-02-20 04:00:00,0.59,1015.0,6.4
2023-02-20 05:00:00,0.297,1014.4,6.4
2023-02-20 06:00:00,0.054,1013.6,6.3
2023-02-20 07:00:00,-0.119,1012.8,6.2
2023-02-20 08:00:00,-0.03,1011.6,6.2
2023-02-20 09:00:00,0.429,1011.0,5.9
2023-02-20 10:00:00,1.054,1010.3,6.1
2023-02-20 11:00:00,1.56,1009.2,6.0
2023-02-20 12:00:00,1.823,1008.6,6.2
2023-02-20 13:00:00,1.953,1008.4,6.3
2023-02-20 14:00:00,1.87,1007.9,6.3
2023-02-20 15:00:00,1.53,1007.3,6.5
2023-02-20 16:00:00,1.035,1007.0,6.4
2023-02-20 17:00:00,0.545,1006.1,6.5
2023-02-20 18:00:00,0.163,1004.7,6.4
2023-02-20 19:00:00,-0.093,1003.7,6.5
2023-02-20 20:00:00,-0.152,1004.2,6.5
2023-02-20 21:00:00,0.209,1003.7,6.3
2023-02-20 22:00:00,0.736,1003.7,6.2
2023-02-20 23:00:00,1.291,1004.0,6.1
2023-02-21 00:00:00,1.607,1004.2,6.2
2023-02-21 01:00:00,1.797,1004.3,6.3
2023-02-21 02:00:00,1.768,1004.3,6.4
2023-02-21 03:00:00,1.515,1004.3,6.5
2023-02-21 04:00:00,1.057,1003.6,6.5
2023-02-21 05:00:00,0.643,1003.6,6.5
2023-02-21 06:00:00,0.314,1003.2,6.4
2023-02-21 07:00:00,0.055,1003.6,6.4
2023-02-21 08:00:00,-0.116,1003.5,6.3
2023-02-21 09:00:00,0.096,1004.1,6.2
2023-02-21 10:00:00,0.646,1003.7,6.1
2023-02-21 11:00:00,1.259,1003.3,6.1
2023-02-21 12:00:00,1.704,1003.5,6.1
2023-02-21 13:00:00,1.943,1003.5,6.2
2023-02-21 14:00:00,2.037,1004.2,6.3
2023-02-21 15:00:00,1.917,1004.2,6.4
2023-02-21 16:00:00,1.518,1004.6,6.6
2023-02-21 17:00:00,1.076,1003.5,6.5
2023-02-21 18:00:00,0.635,1003.3,6.5
2023-02-21 19:00:00,0.283,1002.3,6.5
2023-02-21 20:00:00,-0.026,1002.6,6.4
2023-02-21 21:00:00,-0.065,1002.9,6.4
2023-02-21 22:00:00,0.434,1004.3,6.3
2023-02-21 23:00:00,0.989,1006.3,6.1
2023-02-22 00:00:00,1.491,1007.8,6.2
2023-02-22 01:00:00,1.784,1009.2,6.3
2023-02-22 02:00:00,1.906,1010.2,6.4
2023-02-22 03:00:00,1.784,1011.3,6.4
2023-02-22 04:00:00,1.437,1012.6,6.6
2023-02-22 05:00:00,0.986,1014.0,6.5
2023-02-22 06:00:00,0.591,1014.1,6.3
2023-02-22 07:00:00,0.281,1015.4,6.4
2023-02-22 08:00:00,0.014,1016.1,6.3
2023-02-22 09:00:00,-0.152,1016.9,6.3
2023-02-22 10:00:00,0.083,1018.0,6.0
2023-02-22 11:00:00,0.619,1019.3,6.0
2023-02-22 12:00:00,1.21,1020.3,6.0
2023-02-22 13:00:00,1.586,1020.3,6.1
2023-02-22 14:00:00,1.822,1020.0,6.2
2023-02-22 15:00:00,1.867,1021.3,6.2
2023-02-22 16:00:00,1.665,1022.3,6.3
2023-02-22 17:00:00,1.2,1021.1,6.4
2023-02-22 18:00:00,0.697,1021.2,6.4
2023-02-22 19:00:00,0.32,1020.4,6.3
2023-02-22 20:00:00,0.021,1020.4,6.3
2023-02-22 21:00:00,-0.184,1020.3,6.2
2023-02-22 22:00:00,-0.073,1019.1,6.2
2023-02-22 23:00:00,0.471,1017.9,5.9
2023-02-23 00:00:00,1.037,1017.1,6.0
2023-02-23 01:00:00,1.477,1016.5,6.0
2023-02-23 02:00:00,1.784,1016.4,6.2
2023-02-23 03:00:00,1.978,1016.9,6.2
2023-02-23 04:00:00,1.922,1015.3,6.2
2023-02-23 05:00:00,1.542,1014.0,6.4
2023-02-23 06:00:00,1.128,1013.2,6.4
2023-02-23 07:00:00,0.706,1012.1,6.2
2023-02-23 08:00:00,0.426,1011.1,6.2
2023-02-23 09:00:00,0.213,1010.1,6.2
2023-02-23 10:00:00,0.224,1009.9,6.2
2023-02-23 11:00:00,0.528,1010.3,6.1
2023-02-23 12:00:00,1.03,1011.0,6.0
2023-02-23 13:00:00,1.408,1012.4,5.9
2023-02-23 14:00:00,1.672,1012.4,6.2
2023-02-23 15:00:00,1.879,1012.7,6.1
2023-02-23 16:00:00,1.913,1013.3,6.2
2023-02-23 17:00:00,1.64,1013.4,6.3
2023-02-23 18:00:00,1.208,1014.1,6.3
2023-02-23 19:00:00,0.783,1014.9,6.3
2023-02-23 20:00:00,0.449,1015.3,6.3
2023-02-23 21:00:00,0.205,1015.0,6.3
2023-02-23 22:00:00,0.082,1015.4,6.3
2023-02-23 23:00:00,0.34,1015.0,6.1
2023-02-24 00:00:00,0.767,1015.0,6.0
2023-02-24 01:00:00,1.262,1015.4,6.0
2023-02-24 02:00:00,1.62,1014.6,6.1
2023-02-24 03:00:00,1.875,1014.0,6.1
2023-02-24 04:00:00,1.969,1012.9,6.3
2023-02-24 05:00:00,1.832,1012.3,6.3
2023-02-24 06:00:00,1.446,1012.8,6.4
2023-02-24 07:00:00,1.003,1012.9,6.3
2023-02-24 08:00:00,0.65,1013.0,6.2
2023-02-24 09:00:00,0.36,1014.1,6.3
2023-02-24 10:00:00,0.169,1015.0,6.2
2023-02-24 11:00:00,0.161,1016.3,6.1
2023-02-24 12:00:00,0.412,1017.5,6.0
2023-02-24 13:00:00,0.791,1019.1,6.1
2023-02-24 14:00:00,1.171,1020.4,6.0
2023-02-24 15:00:00,1.408,1021.9,6.1
2023-02-24 16:00:00,1.426,1022.7,6.1
2023-02-24 17:00:00,1.375,1023.5,6.1
2023-02-24 18:00:00,0.99,1024.0,6.1
2023-02-24 19:00:00,0.605,1024.7,6.2
2023-02-24 20:00:00,0.259,1026.1,6.1
2023-02-24 21:00:00,-0.035,1027.6,6.2
2023-02-24 22:00:00,-0.21,1028.5,6.1
2023-02-24 23:00:00,-0.187,1030.1,5.8
2023-02-25 00:00:00,0.079,1031.9,5.8
2023-02-25 01:00:00,0.391,1033.1,5.6
2023-02-25 02:00:00,0.74,1034.2,5.7
2023-02-25 03:00:00,0.986,1034.7,5.7
2023-02-25 04:00:00,1.229,1034.8,5.6
2023-02-25 05:00:00,1.404,1035.2,5.7
2023-02-25 06:00:00,1.387,1035.6,5.4
2023-02-25 07:00:00,1.093,1035.4,5.5
2023-02-25 08:00:00,0.673,1034.6,5.4
2023-02-25 09:00:00,0.315,1034.3,4.9
2023-02-25 10:00:00,0.149,1034.2,5.4
2023-02-25 11:00:00,0.111,1033.7,5.6
2023-02-25 12:00:00,0.286,1033.7,5.4
2023-02-25 13:00:00,0.631,1034.5,5.5
2023-02-25 14:00:00,0.961,1033.4,5.4
2023-02-25 15:00:00,1.189,1032.7,5.8
2023-02-25 16:00:00,1.393,1032.1,5.6
2023-02-25 17:00:00,1.508,1030.0,5.6
2023-02-25 18:00:00,1.449,1029.5,5.8
2023-02-25 19:00:00,1.256,1027.5,5.7
2023-02-25 20:00:00,0.937,1025.7,5.8
2023-02-25 21:00:00,0.624,1023.9,5.8
2023-02-25 22:00:00,0.393,1023.8,5.7
2023-02-25 23:00:00,0.339,1023.7,5.5
2023-02-26 00:00:00,0.36,1023.3,5.6
2023-02-26 01:00:00,0.629,1022.6,5.3
2023-02-26 02:00:00,0.981,1022.5,5.6
2023-02-26 03:00:00,1.246,1022.0,5.6
2023-02-26 04:00:00,1.377,1021.4,5.6
2023-02-26 05:00:00,1.499,1020.8,5.8
2023-02-26 06:00:00,1.585,1020.1,5.8
2023-02-26 07:00:00,1.458,1019.2,5.9
2023-02-26 08:00:00,1.19,1018.4,5.8
2023-02-26 09:00:00,0.828,1018.0,5.8
2023-02-26 10:00:00,0.533,1018.3,5.5
2023-02-26 11:00:00,0.343,1017.3,5.6
2023-02-26 12:00:00,0.288,1017.3,5.5
2023-02-26 13:00:00,0.38,1016.9,5.1
2023-02-26 14:00:00,0.603,1016.6,5.3
2023-02-26 15:00:00,0.845,1015.4,5.1
2023-02-26 16:00:00,1.089,1014.6,5.9
2023-02-26 17:00:00,1.272,1013.2,5.7
2023-02-26 18:00:00,1.332,1011.1,5.5
2023-02-26 19:00:00,1.281,1009.4,5.6
2023-02-26 20:00:00,1.048,1007.8,5.6
2023-02-26 21:00:00,0.73,1006.9,5.6
2023-02-26 22:00:00,0.426,1006.5,5.4
2023-02-26 23:00:00,0.315,1006.7,5.5
2023-02-27 00:00:00,0.329,1007.2,5.6
2023-02-27 01:00:00,0.451,1007.9,5.6
2023-02-27 02:00:00,0.644,1008.9,5.5
2023-02-27 03:00:00,0.867,1010.1,5.4
2023-02-27 04:00:00,1.048,1011.1,5.7
2023-02-27 05:00:00,1.296,1011.6,5.5
2023-02-27 06:00:00,1.445,1012.2,5.6
2023-02-27 07:00:00,1.483,1012.4,5.5
2023-02-27 08:00:00,1.333,1013.1,5.2
2023-02-27 09:00:00,1.028,1013.9,5.6
2023-02-27 10:00:00,0.712,1015.0,5.3
2023-02-27 11:00:00,0.548,1015.9,5.2
2023-02-27 12:00:00,0.413,1016.4,5.3
2023-02-27 13:00:00,0.4,1017.0,5.2
2023-02-27 14:00:00,0.561,1017.4,5.4
2023-02-27 15:00:00,0.795,1017.3,5.4
2023-02-27 16:00:00,0.995,1016.9,5.3
2023-02-27 17:00:00,1.153,1016.1,5.7
2023-02-27 18:00:00,1.286,1015.1,5.5
2023-02-27 19:00:00,1.378,1014.1,5.6
2023-02-27 20:00:00,1.349,1014.0,5.4
2023-02-27 21:00:00,1.188,1012.7,5.5
2023-02-27 22:00:00,0.95,1011.9,5.7
2023-02-27 23:00:00,0.791,1012.2,5.5
2023-02-28 00:00:00,0.773,1009.9,5.5
2023-02-28 01:00:00,0.824,1011.3,5.6
2023-02-28 02:00:00,0.991,1010.4,5.5
2023-02-28 03:00:00,1.137,1007.8,5.7
2023-02-28 04:00:00,1.381,1005.6,5.7
2023-02-28 05:00:00,1.656,1004.2,5.6
2023-02-28 06:00:00,1.908,1003.2,5.5
2023-02-28 07:00:00,2.094,1002.5,5.6
2023-02-28 08:00:00,2.231,1002.4,5.8
2023-02-28 09:00:00,2.115,1002.4,5.8
2023-02-28 10:00:00,1.809,1003.2,5.8
2023-02-28 11:00:00,1.319,1003.2,5.5
2023-02-28 12:00:00,1.02,1004.2,5.4
2023-02-28 13:00:00,0.975,1005.3,5.5
2023-02-28 14:00:00,1.046,1005.7,5.5
2023-02-28 15:00:00,1.298,1006.2,5.4
2023-02-28 16:00:00,1.384,1006.7,5.4
2023-02-28 17:00:00,1.419,1007.3,5.4
2023-02-28 18:00:00,1.341,1007.3,5.6
2023-02-28 19:00:00,1.414,1008.2,6.0
2023-02-28 20:00:00,1.586,1009.6,5.9
2023-02-28 21:00:00,1.594,1010.5,5.8
2023-02-28 22:00:00,1.521,1011.3,5.3
2023-02-28 23:00:00,1.27,1012.9,5.5
2023-03-01 00:00:00,1.025,1014.5,5.2
2023-03-01 01:00:00,0.81,1015.1,5.6
2023-03-01 02:00:00,0.716,1016.2,5.6
2023-03-01 03:00:00,0.717,1016.7,5.2
2023-03-01 04:00:00,0.837,1017.2,5.4
2023-03-01 05:00:00,1.117,1018.2,5.0
2023-03-01 06:00:00,1.399,1018.9,5.8
2023-03-01 07:00:00,1.579,1019.3,5.5
2023-03-01 08:00:00,1.577,1019.5,5.5
2023-03-01 09:00:00,1.529,1020.2,5.2
2023-03-01 10:00:00,1.383,1020.6,5.6
2023-03-01 11:00:00,1.193,1020.6,4.9
2023-03-01 12:00:00,0.973,1021.0,5.0
2023-03-01 13:00:00,0.809,1021.3,5.1
2023-03-01 14:00:00,0.718,1021.4,5.4
2023-03-01 15:00:00,0.648,1021.7,5.4
2023-03-01 16:00:00,0.601,1021.0,5.4
2023-03-01 17:00:00,0.677,1021.0,5.3
2023-03-01 18:00:00,0.855,1020.2,5.1
2023-03-01 19:00:00,1.084,1019.4,5.0
2023-03-01 20:00:00,1.279,1018.4,5.4
2023-03-01 21:00:00,1.373,1017.6,5.3
2023-03-01 22:00:00,1.335,1016.8,4.9
2023-03-01 23:00:00,1.165,1017.3,4.8
2023-03-02 00:00:00,1.035,1017.3,4.9
2023-03-02 01:00:00,0.878,1016.3,5.0
2023-03-02 02:00:00,0.754,1015.5,5.2
2023-03-02 03:00:00,0.644,1014.6,5.3
2023-03-02 04:00:00,0.592,1013.9,5.2
2023-03-02 05:00:00,0.807,1012.4,5.3
2023-03-02 06:00:00,1.15,1011.1,5.1
2023-03-02 07:00:00,1.491,1010.1,5.5
2023-03-02 08:00:00,1.619,1008.0,5.5
2023-03-02 09:00:00,1.661,1007.6,5.3
2023-03-02 10:00:00,1.595,1007.5,5.3
2023-03-02 11:00:00,1.47,1006.0,5.1
2023-03-02 12:00:00,1.307,1006.7,5.4
2023-03-02 13:00:00,1.068,1005.1,5.3
2023-03-02 14:00:00,0.932,1004.7,5.3
2023-03-02 15:00:00,0.766,1005.1,5.4
2023-03-02 16:00:00,0.621,1004.5,5.4
2023-03-02 17:00:00,0.601,1003.7,5.5
2023-03-02 18:00:00,0.696,1003.7,5.5
2023-03-02 19:00:00,0.921,1004.0,5.4
2023-03-02 20:00:00,1.144,1004.1,5.3
2023-03-02 21:00:00,1.21,1004.2,5.7
2023-03-02 22:00:00,1.237,1005.7,5.6
2023-03-02 23:00:00,1.246,1007.1,5.8
2023-03-03 00:00:00,1.159,1008.0,5.2
2023-03-03 01:00:00,1.037,1009.1,5.2
2023-03-03 02:00:00,0.768,1010.1,5.0
2023-03-03 03:00:00,0.49,1010.7,5.3
2023-03-03 04:00:00,0.342,1011.8,5.4
2023-03-03 05:00:00,0.371,1012.5,5.3
2023-03-03 06:00:00,0.634,1013.5,5.3
2023-03-03 07:00:00,0.957,1014.4,5.1
2023-03-03 08:00:00,1.252,1015.5,5.6
2023-03-03 09:00:00,1.388,1016.4,5.5
2023-03-03 10:00:00,1.392,1017.0,5.3
2023-03-03 11:00:00,1.399,1017.9,5.4
2023-03-03 12:00:00,1.292,1017.9,5.5
2023-03-03 13:00:00,1.131,1018.3,5.2
2023-03-03 14:00:00,0.899,1019.0,5.2
2023-03-03 15:00:00,0.684,1019.8,5.1
2023-03-03 16:00:00,0.495,1019.7,5.3
2023-03-03 17:00:00,0.387,1018.8,5.3
2023-03-03 18:00:00,0.427,1018.1,5.4
2023-03-03 19:00:00,0.67,1017.7,5.5
2023-03-03 20:00:00,0.937,1016.7,5.4
2023-03-03 21:00:00,1.251,1016.3,5.6
2023-03-03 22:00:00,1.451,1016.2,5.5
2023-03-03 23:00:00,1.563,1014.9,5.5
2023-03-04 00:00:00,1.527,1013.4,5.4
2023-03-04 01:00:00,1.387,1011.2,5.4
2023-03-04 02:00:00,1.24,1010.3,5.3
2023-03-04 03:00:00,1.03,1007.2,5.3
2023-03-04 04:00:00,0.919,1004.1,5.3
2023-03-04 05:00:00,0.922,1000.8,5.4
2023-03-04 06:00:00,1.248,997.2,5.5
2023-03-04 07:00:00,1.72,995.2,5.7
2023-03-04 08:00:00,2.004,993.6,5.7
2023-03-04 09:00:00,2.006,991.3,5.7
2023-03-04 10:00:00,1.959,991.2,5.7
2023-03-04 11:00:00,1.911,992.2,5.6
2023-03-04 12:00:00,1.911,993.8,5.6
2023-03-04 13:00:00,1.716,996.0,5.7
2023-03-04 14:00:00,1.484,997.2,5.7
2023-03-04 15:00:00,1.252,998.2,5.7
2023-03-04 16:00:00,0.949,999.5,5.8
2023-03-04 17:00:00,0.624,1000.8,5.8
2023-03-04 18:00:00,0.521,1001.7,5.7
2023-03-04 19:00:00,0.629,1003.3,5.7
2023-03-04 20:00:00,0.905,1005.1,5.7
2023-03-04 21:00:00,1.236,1006.7,5.5
2023-03-04 22:00:00,1.475,1008.7,5.7
2023-03-04 23:00:00,1.531,1010.4,5.6
2023-03-05 00:00:00,1.525,1011.7,5.5
2023-03-05 01:00:00,1.458,1013.3,5.6
2023-03-05 02:00:00,1.281,1014.9,5.5
2023-03-05 03:00:00,0.953,1016.1,5.5
2023-03-05 04:00:00,0.66,1016.6,5.5
2023-03-05 05:00:00,0.495,1017.3,5.6
2023-03-05 06:00:00,0.463,1017.3,5.6
2023-03-05 07:00:00,0.648,1017.9,5.4
2023-03-05 08:00:00,0.963,1018.2,5.4
2023-03-05 09:00:00,1.293,1018.7,5.2
2023-03-05 10:00:00,1.567,1018.8,5.5
2023-03-05 11:00:00,1.703,1019.2,5.5
2023-03-05 12:00:00,1.755,1019.8,5.8
2023-03-05 13:00:00,1.711,1020.1,5.6
2023-03-05 14:00:00,1.549,1020.7,5.6
2023-03-05 15:00:00,1.216,1020.4,5.5
2023-03-05 16:00:00,0.893,1019.5,5.6
2023-03-05 17:00:00,0.651,1019.0,5.6
2023-03-05 18:00:00,0.467,1018.4,5.7
2023-03-05 19:00:00,0.456,1018.5,5.8
2023-03-05 20:00:00,0.665,1018.9,5.8
2023-03-05 21:00:00,0.916,1019.4,5.6
2023-03-05 22:00:00,1.245,1020.2,5.8
2023-03-05 23:00:00,1.434,1020.9,5.8
2023-03-06 00:00:00,1.521,1021.7,5.7
2023-03-06 01:00:00,1.48,1022.0,5.8
2023-03-06 02:00:00,1.262,1022.3,5.8
2023-03-06 03:00:00,0.938,1022.6,5.6
2023-03-06 04:00:00,0.578,1022.4,5.6
2023-03-06 05:00:00,0.327,1022.7,5.7
2023-03-06 06:00:00,0.164,1022.8,5.6
2023-03-06 07:00:00,0.155,1022.6,5.6
2023-03-06 08:00:00,0.356,1022.4,5.5
2023-03-06 09:00:00,0.696,1022.4,5.5
2023-03-06 10:00:00,1.105,1022.3,5.6
2023-03-06 11:00:00,1.326,1022.3,5.6
2023-03-06 12:00:00,1.425,1022.7,5.5
2023-03-06 13:00:00,1.42,1022.6,5.7
2023-03-06 14:00:00,1.262,1021.7,5.7
2023-03-06 15:00:00,0.98,1021.2,5.7
2023-03-06 16:00:00,0.635,1020.3,5.8
2023-03-06 17:00:00,0.341,1019.6,5.8
2023-03-06 18:00:00,0.114,1018.3,5.8
2023-03-06 19:00:00,0.002,1017.5,5.9
2023-03-06 20:00:00,0.134,1016.5,5.9
2023-03-06 21:00:00,0.456,1015.6,5.9
2023-03-06 22:00:00,0.826,1014.8,5.8
2023-03-06 23:00:00,1.109,1014.1,5.7
2023-03-07 00:00:00,1.317,1013.7,5.7
2023-03-07 01:00:00,1.427,1014.0,5.8
2023-03-07 02:00:00,1.364,1014.0,5.8
2023-03-07 03:00:00,1.087,1012.7,5.9
2023-03-07 04:00:00,0.708,1011.7,5.7
2023-03-07 05:00:00,0.398,1011.4,5.7
2023-03-07 06:00:00,0.184,1011.5,5.8
2023-03-07 07:00:00,0.169,1010.5,5.7
2023-03-07 08:00:00,0.315,1010.2,5.7
2023-03-07 09:00:00,0.699,1009.4,5.7
2023-03-07 10:00:00,1.088,1009.8,5.6
2023-03-07 11:00:00,1.393,1009.4,5.8
2023-03-07 12:00:00,1.578,1009.4,5.7
2023-03-07 13:00:00,1.707,1009.3,5.9
2023-03-07 14:00:00,1.737,1008.8,5.8
2023-03-07 15:00:00,1.508,1008.7,5.8
2023-03-07 16:00:00,1.164,1008.8,5.8
2023-03-07 17:00:00,0.723,1008.9,5.9
2023-03-07 18:00:00,0.431,1008.6,5.9
2023-03-07 19:00:00,0.193,1008.7,6.0
2023-03-07 20:00:00,0.124,1008.9,6.0
2023-03-07 21:00:00,0.369,1009.8,6.0
2023-03-07 22:00:00,0.726,1011.6,6.0
2023-03-07 23:00:00,1.134,1013.9,5.9
2023-03-08 00:00:00,1.368,1015.1,5.8
2023-03-08 01:00:00,1.472,1015.7,5.8
2023-03-08 02:00:00,1.5,1016.2,5.8
2023-03-08 03:00:00,1.346,1016.3,5.7
2023-03-08 04:00:00,1.079,1016.8,5.7
2023-03-08 05:00:00,0.819,1017.2,5.7
2023-03-08 06:00:00,0.664,1018.1,5.6
2023-03-08 07:00:00,0.478,1018.6,5.7
2023-03-08 08:00:00,0.308,1019.1,5.7
2023-03-08 09:00:00,0.392,1019.7,5.5
2023-03-08 10:00:00,0.704,1020.1,5.6
2023-03-08 11:00:00,1.084,1019.9,5.6
2023-03-08 12:00:00,1.326,1020.0,5.7
2023-03-08 13:00:00,1.498,1020.5,5.7
2023-03-08 14:00:00,1.607,1020.8,5.7
2023-03-08 15:00:00,1.559,1021.2,5.6
2023-03-08 16:00:00,1.269,1020.7,5.6
2023-03-08 17:00:00,0.838,1020.8,5.7
2023-03-08 18:00:00,0.435,1020.2,5.7
2023-03-08 19:00:00,0.228,1019.6,5.9
2023-03-08 20:00:00,0.188,1019.5,6.0
2023-03-08 21:00:00,0.404,1019.8,5.9
2023-03-08 22:00:00,0.764,1020.4,5.9
2023-03-08 23:00:00,1.145,1021.2,5.7
2023-03-09 00:00:00,1.451,1021.9,5.7
2023-03-09 01:00:00,1.617,1021.9,5.7
2023-03-09 02:00:00,1.691,1022.5,5.8
2023-03-09 03:00:00,1.663,1022.7,5.6
2023-03-09 04:00:00,1.366,1022.9,5.6
2023-03-09 05:00:00,1.035,1023.2,5.6
2023-03-09 06:00:00,0.712,1022.9,5.5
2023-03-09 07:00:00,0.475,1022.7,5.6
2023-03-09 08:00:00,0.288,1022.8,5.6
2023-03-09 09:00:00,0.276,1022.6,5.6
2023-03-09 10:00:00,0.584,1022.5,5.6
2023-03-09 11:00:00,0.971,1022.3,5.6
2023-03-09 12:00:00,1.385,1022.5,5.6
2023-03-09 13:00:00,1.602,1022.3,5.7
2023-03-09 14:00:00,1.72,1022.1,5.6
2023-03-09 15:00:00,1.749,1021.8,5.7
2023-03-09 16:00:00,1.584,1021.1,5.8
2023-03-09 17:00:00,1.258,1020.7,5.8
2023-03-09 18:00:00,0.821,1020.0,5.9
2023-03-09 19:00:00,0.539,1019.7,6.0
2023-03-09 20:00:00,0.368,1019.7,6.0
2023-03-09 21:00:00,0.353,1019.7,6.1
2023-03-09 22:00:00,0.622,1020.1,6.0
2023-03-09 23:00:00,0.975,1020.7,5.9
2023-03-10 00:00:00,1.345,1021.5,5.8
2023-03-10 01:00:00,1.588,1021.8,5.8
2023-03-10 02:00:00,1.725,1022.5,5.8
2023-03-10 03:00:00,1.761,1022.8,5.8
2023-03-10 04:00:00,1.628,1022.2,5.8
2023-03-10 05:00:00,1.337,1021.6,5.8
2023-03-10 06:00:00,0.955,1021.7,5.8
2023-03-10 07:00:00,0.656,1021.2,5.7
2023-03-10 08:00:00,0.43,1020.9,5.7
2023-03-10 09:00:00,0.333,1020.5,5.7
2023-03-10 10:00:00,0.519,1019.8,5.6
2023-03-10 11:00:00,0.885,1019.7,5.6
2023-03-10 12:00:00,1.298,1019.2,5.7
2023-03-10 13:00:00,1.584,1018.8,5.7
2023-03-10 14:00:00,1.713,1018.8,5.7
2023-03-10 15:00:00,1.763,1018.1,5.7
2023-03-10 16:00:00,1.7,1017.1,5.8
2023-03-10 17:00:00,1.439,1015.7,5.8
2023-03-10 18:00:00,1.077,1014.1,5.9
2023-03-10 19:00:00,0.74,1012.8,6.0
2023-03-10 20:00:00,0.486,1011.5,5.9
2023-03-10 21:00:00,0.363,1010.6,5.9
2023-03-10 22:00:00,0.437,1009.4,5.8
2023-03-10 23:00:00,0.808,1008.9,5.8
2023-03-11 00:00:00,1.255,1008.3,5.8
2023-03-11 01:00:00,1.637,1007.5,5.7
2023-03-11 02:00:00,1.827,1006.9,5.8
2023-03-11 03:00:00,1.854,1005.9,5.8
2023-03-11 04:00:00,1.836,1005.3,5.8
2023-03-11 05:00:00,1.63,1004.5,5.8
2023-03-11 06:00:00,1.348,1003.6,5.8
2023-03-11 07:00:00,0.979,1003.2,5.8
2023-03-11 08:00:00,0.703,1002.7,5.8
2023-03-11 09:00:00,0.495,1002.9,5.8
2023-03-11 10:00:00,0.491,1003.5,5.8
2023-03-11 11:00:00,0.884,1004.3,5.8
2023-03-11 12:00:00,1.258,1005.1,5.8
2023-03-11 13:00:00,1.561,1006.0,5.8
2023-03-11 14:00:00,1.674,1006.9,5.8
2023-03-11 15:00:00,1.771,1007.5,5.8
2023-03-11 16:00:00,1.805,1007.9,5.8
2023-03-11 17:00:00,1.712,1008.3,5.8
2023-03-11 18:00:00,1.445,1008.4,5.9
2023-03-11 19:00:00,1.046,1008.7,5.9
2023-03-11 20:00:00,0.795,1009.5,6.0
2023-03-11 21:00:00,0.668,1010.0,5.9
2023-03-11 22:00:00,0.584,1011.0,5.9
2023-03-11 23:00:00,0.742,1011.8,5.8
2023-03-12 00:00:00,1.067,1013.1,5.8
2023-03-12 01:00:00,1.454,1013.7,5.8
2023-03-12 02:00:00,1.7,1014.6,5.8
2023-03-12 03:00:00,1.868,1015.1,5.8
2023-03-12 04:00:00,2.005,1015.5,5.8
2023-03-12 05:00:00,1.99,1015.7,5.8
2023-03-12 06:00:00,1.752,1015.7,5.7
2023-03-12 07:00:00,1.34,1015.5,5.7
2023-03-12 08:00:00,0.974,1015.6,5.5
2023-03-12 09:00:00,0.722,1016.0,5.6
2023-03-12 10:00:00,0.625,1015.6,5.6
2023-03-12 11:00:00,0.673,1015.9,5.6
2023-03-12 12:00:00,0.925,1016.4,5.6
2023-03-12 13:00:00,1.184,1017.3,5.6
2023-03-12 14:00:00,1.497,1017.6,5.8
2023-03-12 15:00:00,1.703,1017.5,5.8
2023-03-12 16:00:00,1.809,1017.3,5.8
2023-03-12 17:00:00,1.763,1017.3,5.8
2023-03-12 18:00:00,1.567,1016.7,5.9
2023-03-12 19:00:00,1.323,1016.4,6.0
2023-03-12 20:00:00,0.989,1016.0,6.0
2023-03-12 21:00:00,0.755,1016.0,6.0
2023-03-12 22:00:00,0.609,1016.5,5.9
2023-03-12 23:00:00,0.648,1017.3,5.9
2023-03-13 00:00:00,0.916,1016.9,5.8
2023-03-13 01:00:00,1.267,1017.3,5.8
2023-03-13 02:00:00,1.582,1017.4,5.8
2023-03-13 03:00:00,1.741,1016.8,5.7
2023-03-13 04:00:00,1.913,1016.6,5.8
2023-03-13 05:00:00,2.046,1016.3,5.8
2023-03-13 06:00:00,1.955,1015.7,5.8
2023-03-13 07:00:00,1.717,1015.5,5.8
2023-03-13 08:00:00,1.336,1015.0,5.8
2023-03-13 09:00:00,0.994,1014.6,5.8
2023-03-13 10:00:00,0.779,1014.3,5.8
2023-03-13 11:00:00,0.7,1014.1,5.8
2023-03-13 12:00:00,0.812,1014.4,5.7
2023-03-13 13:00:00,1.029,1014.5,5.8
2023-03-13 14:00:00,1.29,1014.1,5.8
2023-03-13 15:00:00,1.57,1013.4,5.9
2023-03-13 16:00:00,1.748,1012.8,5.8
2023-03-13 17:00:00,1.818,1012.3,5.8
2023-03-13 18:00:00,1.746,1011.3,5.9
2023-03-13 19:00:00,1.544,1010.4,5.9
2023-03-13 20:00:00,1.283,1009.7,5.9
2023-03-13 21:00:00,1.027,1009.2,5.9
2023-03-13 22:00:00,0.838,1008.8,5.9
2023-03-13 23:00:00,0.743,1008.3,5.8
2023-03-14 00:00:00,0.771,1007.8,5.8
2023-03-14 01:00:00,0.977,1007.2,5.8
2023-03-14 02:00:00,1.273,1006.7,5.7
2023-03-14 03:00:00,1.582,1005.9,5.9
2023-03-14 04:00:00,1.755,1004.8,5.7
2023-03-14 05:00:00,1.899,1003.8,5.8
2023-03-14 06:00:00,1.978,1003.2,5.7
2023-03-14 07:00:00,1.827,1002.2,5.8
2023-03-14 08:00:00,1.483,1001.5,5.7
2023-03-14 09:00:00,1.087,1001.0,5.7
2023-03-14 10:00:00,0.821,1001.2,5.6
2023-03-14 11:00:00,0.636,1001.0,5.7
2023-03-14 12:00:00,0.511,1000.9,5.6
2023-03-14 13:00:00,0.545,1000.9,5.7
2023-03-14 14:00:00,0.68,1000.8,5.6
2023-03-14 15:00:00,0.884,1000.4,5.7
2023-03-14 16:00:00,1.014,1000.1,5.5
2023-03-14 17:00:00,1.079,999.9,5.7
2023-03-14 18:00:00,1.11,999.4,5.6
2023-03-14 19:00:00,1.02,999.3,5.5
2023-03-14 20:00:00,0.843,999.8,5.5
2023-03-14 21:00:00,0.612,1000.4,5.2
2023-03-14 22:00:00,0.311,1001.4,5.2
2023-03-14 23:00:00,0.044,1002.6,5.4
2023-03-15 00:00:00,-0.073,1003.3,5.3
2023-03-15 01:00:00,-0.022,1003.5,5.3
2023-03-15 02:00:00,0.187,1003.7,5.1
2023-03-15 03:00:00,0.433,1003.9,5.1
2023-03-15 04:00:00,0.643,1004.0,5.3
2023-03-15 05:00:00,0.884,1004.1,5.2
2023-03-15 06:00:00,1.123,1004.7,5.2
2023-03-15 07:00:00,1.248,1005.1,5.3
2023-03-15 08:00:00,1.162,1005.7,5.1
2023-03-15 09:00:00,0.877,1006.3,5.0
2023-03-15 10:00:00,0.493,1006.9,4.7
2023-03-15 11:00:00,0.236,1007.6,4.8
2023-03-15 12:00:00,0.056,1008.7,5.1
2023-03-15 13:00:00,-0.043,1009.4,5.1
2023-03-15 14:00:00,0.015,1010.0,5.2
2023-03-15 15:00:00,0.27,1010.0,5.2
2023-03-15 16:00:00,0.487,1010.1,5.2
2023-03-15 17:00:00,0.666,1010.2,5.2
2023-03-15 18:00:00,0.814,1009.8,5.4
2023-03-15 19:00:00,0.924,1009.9,5.4
2023-03-15 20:00:00,0.97,1010.4,5.3
2023-03-15 21:00:00,0.931,1011.1,5.3
2023-03-15 22:00:00,0.701,1011.7,5.3
2023-03-15 23:00:00,0.453,1012.4,5.2
2023-03-16 00:00:00,0.369,1013.8,5.3
2023-03-16 01:00:00,0.349,1015.1,5.4
2023-03-16 02:00:00,0.409,1015.9,5.4
2023-03-16 03:00:00,0.563,1016.3,5.4
2023-03-16 04:00:00,0.767,1017.0,5.4
2023-03-16 05:00:00,1.083,1017.3,5.3
2023-03-16 06:00:00,1.399,1017.6,5.3
2023-03-16 07:00:00,1.617,1017.5,5.4
2023-03-16 08:00:00,1.679,1017.2,5.4
2023-03-16 09:00:00,1.559,1017.6,5.2
2023-03-16 10:00:00,1.312,1018.2,5.3
2023-03-16 11:00:00,0.988,1019.0,5.0
2023-03-16 12:00:00,0.672,1019.2,4.9
2023-03-16 13:00:00,0.446,1018.9,5.1
2023-03-16 14:00:00,0.322,1018.7,5.0
2023-03-16 15:00:00,0.382,1018.3,5.1
2023-03-16 16:00:00,0.6,1017.9,5.3
2023-03-16 17:00:00,0.846,1017.0,5.4
2023-03-16 18:00:00,1.089,1016.0,5.5
2023-03-16 19:00:00,1.291,1015.0,5.6
2023-03-16 20:00:00,1.369,1014.3,5.5
2023-03-16 21:00:00,1.351,1013.6,5.6
2023-03-16 22:00:00,1.221,1013.4,5.6
2023-03-16 23:00:00,1.047,1013.6,5.7
2023-03-17 00:00:00,0.82,1013.8,5.7
2023-03-17 01:00:00,0.64,1014.2,5.6
2023-03-17 02:00:00,0.461,1013.7,5.6
2023-03-17 03:00:00,0.372,1013.7,5.6
2023-03-17 04:00:00,0.526,1013.5,5.5
2023-03-17 05:00:00,0.891,1013.1,5.6
2023-03-17 06:00:00,1.331,1012.4,5.5
2023-03-17 07:00:00,1.63,1011.9,5.5
2023-03-17 08:00:00,1.7,1010.7,5.5
2023-03-17 09:00:00,1.697,1010.5,5.5
2023-03-17 10:00:00,1.594,1010.8,5.6
2023-03-17 11:00:00,1.43,1010.1,5.5
2023-03-17 12:00:00,1.124,1010.0,5.5
2023-03-17 13:00:00,0.806,1009.8,5.5
2023-03-17 14:00:00,0.535,1009.1,5.5
2023-03-17 15:00:00,0.356,1007.9,5.7
2023-03-17 16:00:00,0.342,1006.7,5.7
2023-03-17 17:00:00,0.561,1005.5,5.7
2023-03-17 18:00:00,0.851,1004.2,5.7
2023-03-17 19:00:00,1.201,1003.3,5.9
2023-03-17 20:00:00,1.451,1003.2,5.6
2023-03-17 21:00:00,1.564,1002.2,5.6
2023-03-17 22:00:00,1.533,1001.9,5.7
2023-03-17 23:00:00,1.392,1002.4,5.7
2023-03-18 00:00:00,1.169,1002.5,5.8
2023-03-18 01:00:00,0.865,1002.8,5.8
2023-03-18 02:00:00,0.634,1003.0,5.7
2023-03-18 03:00:00,0.427,1003.0,5.7
2023-03-18 04:00:00,0.348,1002.5,5.7
2023-03-18 05:00:00,0.557,1002.7,5.7
2023-03-18 06:00:00,0.948,1002.9,5.8
2023-03-18 07:00:00,1.35,1002.9,5.7
2023-03-18 08:00:00,1.612,1003.1,5.7
2023-03-18 09:00:00,1.716,1004.1,5.7
2023-03-18 10:00:00,1.773,1005.3,5.7
2023-03-18 11:00:00,1.685,1006.2,5.7
2023-03-18 12:00:00,1.44,1006.7,5.7
2023-03-18 13:00:00,1.066,1007.4,5.7
2023-03-18 14:00:00,0.697,1007.3,5.8
2023-03-18 15:00:00,0.407,1007.3,5.8
2023-03-18 16:00:00,0.205,1007.2,5.9
2023-03-18 17:00:00,0.188,1007.1,6.1
2023-03-18 18:00:00,0.475,1006.3,6.1
2023-03-18 19:00:00,0.88,1005.4,6.0
2023-03-18 20:00:00,1.259,1005.1,6.0
2023-03-18 21:00:00,1.486,1005.1,5.8
2023-03-18 22:00:00,1.606,1006.0,5.8
2023-03-18 23:00:00,1.644,1007.0,5.9
2023-03-19 00:00:00,1.472,1007.9,5.9
2023-03-19 01:00:00,1.142,1008.5,5.9
2023-03-19 02:00:00,0.797,1009.4,5.9
2023-03-19 03:00:00,0.502,1009.8,5.9
2023-03-19 04:00:00,0.247,1009.9,5.9
2023-03-19 05:00:00,0.119,1010.4,5.9
2023-03-19 06:00:00,0.24,1011.6,5.7
2023-03-19 07:00:00,0.605,1012.7,5.7
2023-03-19 08:00:00,1.025,1012.5,5.9
2023-03-19 09:00:00,1.332,1013.3,5.7
2023-03-19 10:00:00,1.404,1014.4,5.7
2023-03-19 11:00:00,1.445,1015.5,5.8
2023-03-19 12:00:00,1.455,1016.2,5.8
2023-03-19 13:00:00,1.248,1016.7,5.4
2023-03-19 14:00:00,0.854,1016.9,5.4
2023-03-19 15:00:00,0.459,1016.9,5.5
2023-03-19 16:00:00,0.114,1016.9,5.6
2023-03-19 17:00:00,-0.127,1017.0,5.7
2023-03-19 18:00:00,-0.207,1016.8,5.9
2023-03-19 19:00:00,0.111,1016.6,5.8
2023-03-19 20:00:00,0.538,1017.0,5.8
2023-03-19 21:00:00,0.951,1017.6,5.9
2023-03-19 22:00:00,1.186,1018.2,5.8
2023-03-19 23:00:00,1.341,1019.1,5.8
2023-03-20 00:00:00,1.388,1020.0,5.9
2023-03-20 01:00:00,1.255,1021.1,5.8
2023-03-20 02:00:00,0.921,1022.0,5.5
2023-03-20 03:00:00,0.457,1022.6,5.4
2023-03-20 04:00:00,0.1,1023.0,5.5
2023-03-20 05:00:00,-0.155,1023.3,5.6
2023-03-20 06:00:00,-0.257,1024.2,5.3
2023-03-20 07:00:00,-0.047,1024.3,5.5
2023-03-20 08:00:00,0.433,1024.7,5.7
2023-03-20 09:00:00,0.936,1025.1,5.7
2023-03-20 10:00:00,1.307,1025.6,5.7
2023-03-20 11:00:00,1.551,1025.8,5.7
2023-03-20 12:00:00,1.692,1026.8,5.7
2023-03-20 13:00:00,1.583,1027.4,5.6
2023-03-20 14:00:00,1.224,1027.4,5.6
2023-03-20 15:00:00,0.736,1027.2,5.7
2023-03-20 16:00:00,0.304,1026.8,5.9
2023-03-20 17:00:00,-0.014,1026.2,6.0
2023-03-20 18:00:00,-0.25,1025.3,6.1
2023-03-20 19:00:00,-0.259,1024.6,6.2
2023-03-20 20:00:00,0.159,1024.4,6.4
2023-03-20 21:00:00,0.731,1024.0,6.2
2023-03-20 22:00:00,1.23,1023.6,6.0
2023-03-20 23:00:00,1.503,1023.6,5.9
2023-03-21 00:00:00,1.626,1024.1,6.0
2023-03-21 01:00:00,1.559,1024.6,5.9
2023-03-21 02:00:00,1.298,1025.0,6.0
2023-03-21 03:00:00,0.87,1025.3,6.0
2023-03-21 04:00:00,0.435,1025.6,5.8
2023-03-21 05:00:00,0.106,1026.1,5.9
2023-03-21 06:00:00,-0.169,1026.5,5.9
2023-03-21 07:00:00,-0.324,1026.5,5.9
2023-03-21 08:00:00,-0.12,1026.8,5.7
2023-03-21 09:00:00,0.445,1027.4,5.8
2023-03-21 10:00:00,0.99,1027.9,5.9
2023-03-21 11:00:00,1.36,1028.3,5.9
2023-03-21 12:00:00,1.567,1028.5,5.9
2023-03-21 13:00:00,1.637,1028.8,5.9
2023-03-21 14:00:00,1.485,1028.9,5.9
2023-03-21 15:00:00,1.083,1028.9,6.0
2023-03-21 16:00:00,0.574,1028.9,6.2
2023-03-21 17:00:00,0.173,1028.5,6.3
2023-03-21 18:00:00,-0.143,1027.8,6.6
2023-03-21 19:00:00,-0.352,1027.2,6.5
2023-03-21 20:00:00,-0.233,1026.9,6.6
2023-03-21 21:00:00,0.3,1026.5,6.5
2023-03-21 22:00:00,0.831,1026.5,6.3
2023-03-21 23:00:00,1.294,1027.0,6.0
2023-03-22 00:00:00,1.574,1027.7,6.1
2023-03-22 01:00:00,1.712,1028.1,6.1
2023-03-22 02:00:00,1.659,1028.4,6.3
2023-03-22 03:00:00,1.251,1028.5,6.3
2023-03-22 04:00:00,0.731,1028.8,6.3
2023-03-22 05:00:00,0.323,1029.0,6.2
2023-03-22 06:00:00,0.034,1029.2,6.1
2023-03-22 07:00:00,-0.205,1029.0,6.1
2023-03-22 08:00:00,-0.286,1029.0,6.1
2023-03-22 09:00:00,0.043,1029.0,6.0
2023-03-22 10:00:00,0.594,1029.0,6.1
2023-03-22 11:00:00,1.132,1029.3,6.0
2023-03-22 12:00:00,1.486,1029.5,6.1
2023-03-22 13:00:00,1.707,1029.4,6.1
2023-03-22 14:00:00,1.754,1028.8,6.2
2023-03-22 15:00:00,1.498,1029.0,6.2
2023-03-22 16:00:00,1.056,1028.0,6.3
2023-03-22 17:00:00,0.549,1027.5,6.6
2023-03-22 18:00:00,0.199,1026.2,6.8
2023-03-22 19:00:00,-0.073,1025.3,6.8
2023-03-22 20:00:00,-0.202,1024.3,6.7
2023-03-22 21:00:00,0.041,1023.8,6.7
2023-03-22 22:00:00,0.587,1023.1,6.6
2023-03-22 23:00:00,1.163,1023.2,6.4
2023-03-23 00:00:00,1.555,1023.0,6.3
2023-03-23 01:00:00,1.801,1022.8,6.4
2023-03-23 02:00:00,1.895,1022.6,6.5
2023-03-23 03:00:00,1.731,1022.2,6.5
2023-03-23 04:00:00,1.289,1022.0,6.5
2023-03-23 05:00:00,0.82,1021.7,6.5
2023-03-23 06:00:00,0.451,1020.7,6.5
2023-03-23 07:00:00,0.171,1019.9,6.5
2023-03-23 08:00:00,-0.084,1018.6,6.5
2023-03-23 09:00:00,-0.105,1018.2,6.5
2023-03-23 10:00:00,0.283,1018.2,6.4
2023-03-23 11:00:00,0.816,1017.5,6.4
2023-03-23 12:00:00,1.353,1016.4,6.3
2023-03-23 13:00:00,1.624,1015.8,6.4
2023-03-23 14:00:00,1.786,1015.2,6.5
2023-03-23 15:00:00,1.733,1014.5,6.5
2023-03-23 16:00:00,1.425,1013.0,6.6
2023-03-23 17:00:00,0.994,1012.2,6.6
2023-03-23 18:00:00,0.562,1011.5,6.6
2023-03-23 19:00:00,0.23,1010.0,6.7
2023-03-23 20:00:00,-0.032,1009.4,6.7
2023-03-23 21:00:00,-0.088,1008.9,6.7
2023-03-23 22:00:00,0.261,1008.5,6.7
2023-03-23 23:00:00,0.85,1008.1,6.6
2023-03-24 00:00:00,1.366,1008.0,6.5
2023-03-24 01:00:00,1.7,1008.0,6.5
2023-03-24 02:00:00,1.872,1008.1,6.6
2023-03-24 03:00:00,1.899,1008.8,6.6
2023-03-24 04:00:00,1.693,1009.2,6.7
2023-03-24 05:00:00,1.285,1009.9,6.7
2023-03-24 06:00:00,0.826,1010.6,6.7
2023-03-24 07:00:00,0.462,1010.8,6.7
2023-03-24 08:00:00,0.166,1010.9,6.7
2023-03-24 09:00:00,-0.049,1012.0,6.6
2023-03-24 10:00:00,0.035,1012.4,6.6
2023-03-24 11:00:00,0.469,1013.2,6.6
2023-03-24 12:00:00,0.925,1013.9,6.6
2023-03-24 13:00:00,1.316,1015.0,6.5
2023-03-24 14:00:00,1.531,1015.2,6.5
2023-03-24 15:00:00,1.671,1015.5,6.6
2023-03-24 16:00:00,1.56,1015.5,6.7
2023-03-24 17:00:00,1.204,1015.5,6.7
2023-03-24 18:00:00,0.798,1014.9,6.8
2023-03-24 19:00:00,0.445,1015.4,6.8
2023-03-24 20:00:00,0.196,1015.0,6.8
2023-03-24 21:00:00,0.038,1015.0,6.9
2023-03-24 22:00:00,0.077,1015.7,6.9
2023-03-24 23:00:00,0.468,1016.3,6.8
2023-03-25 00:00:00,0.944,1016.7,6.8
2023-03-25 01:00:00,1.375,1017.2,6.7
2023-03-25 02:00:00,1.637,1017.7,6.6
2023-03-25 03:00:00,1.79,1018.2,6.6
2023-03-25 04:00:00,1.837,1018.2,6.7
2023-03-25 05:00:00,1.536,1018.3,6.8
2023-03-25 06:00:00,1.149,1019.0,6.7
2023-03-25 07:00:00,0.703,1018.0,6.6
2023-03-25 08:00:00,0.425,1017.8,6.6
2023-03-25 09:00:00,0.209,1017.5,6.6
2023-03-25 10:00:00,0.132,1018.4,6.6
2023-03-25 11:00:00,0.401,1018.6,6.6
2023-03-25 12:00:00,0.812,1018.2,6.6
2023-03-25 13:00:00,1.229,1017.9,6.7
2023-03-25 14:00:00,1.459,1017.2,6.6
2023-03-25 15:00:00,1.637,1016.6,6.7
2023-03-25 16:00:00,1.768,1014.9,6.7
2023-03-25 17:00:00,1.73,1014.6,6.7
2023-03-25 18:00:00,1.488,1011.3,6.7
2023-03-25 19:00:00,1.14,1009.7,6.7
2023-03-25 20:00:00,0.854,1009.5,6.6
2023-03-25 21:00:00,0.685,1007.9,6.6
2023-03-25 22:00:00,0.606,1007.6,6.6
2023-03-25 23:00:00,0.664,1007.8,6.7
2023-03-26 00:00:00,0.891,1007.4,6.6
2023-03-26 01:00:00,1.226,1007.0,6.5
2023-03-26 02:00:00,1.58,1007.0,6.7
2023-03-26 03:00:00,1.843,1007.2,6.6
2023-03-26 04:00:00,2.007,1006.5,6.7
2023-03-26 05:00:00,1.982,1007.7,6.8
2023-03-26 06:00:00,1.691,1007.5,6.7
2023-03-26 07:00:00,1.244,1007.4,6.7
2023-03-26 08:00:00,0.878,1007.7,6.6
2023-03-26 09:00:00,0.612,1008.5,6.6
2023-03-26 10:00:00,0.492,1009.6,6.7
2023-03-26 11:00:00,0.455,1010.8,6.6
2023-03-26 12:00:00,0.61,1012.2,6.6
2023-03-26 13:00:00,0.804,1012.9,6.6
2023-03-26 14:00:00,1.034,1012.7,6.8
2023-03-26 15:00:00,1.203,1012.9,6.7
2023-03-26 16:00:00,1.362,1012.6,6.7
2023-03-26 17:00:00,1.44,1012.1,6.7
2023-03-26 18:00:00,1.32,1012.2,6.8
2023-03-26 19:00:00,1.027,1012.6,6.8
2023-03-26 20:00:00,0.671,1012.8,7.2
2023-03-26 21:00:00,0.372,1012.7,7.1
2023-03-26 22:00:00,0.232,1013.2,6.9
2023-03-26 23:00:00,0.187,1014.0,7.0
2023-03-27 00:00:00,0.407,1014.8,7.0
2023-03-27 01:00:00,0.78,1015.3,7.0
2023-03-27 02:00:00,1.152,1016.0,7.0
2023-03-27 03:00:00,1.314,1016.3,6.8
2023-03-27 04:00:00,1.432,1016.5,6.8
2023-03-27 05:00:00,1.555,1016.8,6.9
2023-03-27 06:00:00,1.544,1017.1,6.8
2023-03-27 07:00:00,1.281,1017.8,6.8
2023-03-27 08:00:00,0.926,1016.6,6.7
2023-03-27 09:00:00,0.631,1017.9,6.7
2023-03-27 10:00:00,0.416,1018.3,6.8
2023-03-27 11:00:00,0.251,1018.1,6.8
2023-03-27 12:00:00,0.308,1018.2,6.8
2023-03-27 13:00:00,0.528,1018.4,6.9
2023-03-27 14:00:00,0.821,1018.1,6.8
2023-03-27 15:00:00,1.062,1017.1,6.9
2023-03-27 16:00:00,1.193,1016.5,6.8
2023-03-27 17:00:00,1.286,1015.8,6.9
2023-03-27 18:00:00,1.357,1015.1,6.9
2023-03-27 19:00:00,1.23,1014.7,6.9
2023-03-27 20:00:00,1.007,1013.0,7.0
2023-03-27 21:00:00,0.745,1013.1,7.0
2023-03-27 22:00:00,0.546,1013.9,7.0
2023-03-27 23:00:00,0.433,1013.9,7.0
2023-03-28 00:00:00,0.48,1014.6,7.0
2023-03-28 01:00:00,0.67,1014.6,7.0
2023-03-28 02:00:00,0.951,1015.3,6.9
2023-03-28 03:00:00,1.142,1015.3,7.0
2023-03-28 04:00:00,1.291,1015.0,6.9
2023-03-28 05:00:00,1.404,1015.5,7.0
2023-03-28 06:00:00,1.539,1015.5,6.9
2023-03-28 07:00:00,1.543,1016.0,6.9
2023-03-28 08:00:00,1.366,1016.2,6.8
2023-03-28 09:00:00,1.06,1016.5,6.8
2023-03-28 10:00:00,0.754,1016.5,6.9
2023-03-28 11:00:00,0.556,1016.6,6.9
2023-03-28 12:00:00,0.459,1017.7,7.0
2023-03-28 13:00:00,0.543,1018.5,7.0
2023-03-28 14:00:00,0.714,1019.4,7.0
2023-03-28 15:00:00,0.88,1019.5,6.9
2023-03-28 16:00:00,1.009,1019.5,7.0
2023-03-28 17:00:00,1.1,1019.4,7.0
2023-03-28 18:00:00,1.214,1018.9,7.0
2023-03-28 19:00:00,1.239,1018.4,7.0
2023-03-28 20:00:00,1.131,1018.2,6.9
2023-03-28 21:00:00,0.976,1018.1,7.0
2023-03-28 22:00:00,0.787,1018.8,7.0
2023-03-28 23:00:00,0.669,1019.2,7.0
2023-03-29 00:00:00,0.585,1019.7,7.0
2023-03-29 01:00:00,0.564,1020.0,7.0
2023-03-29 02:00:00,0.696,1020.7,7.0
2023-03-29 03:00:00,0.842,1021.1,6.9
2023-03-29 04:00:00,1.09,1020.1,7.0
2023-03-29 05:00:00,1.297,1020.4,7.1
2023-03-29 06:00:00,1.452,1020.3,7.0
2023-03-29 07:00:00,1.416,1019.8,6.9
2023-03-29 08:00:00,1.282,1020.4,6.9
2023-03-29 09:00:00,1.079,1020.9,6.9
2023-03-29 10:00:00,0.836,1021.5,6.9
2023-03-29 11:00:00,0.675,1022.4,6.9
2023-03-29 12:00:00,0.508,1023.0,6.8
2023-03-29 13:00:00,0.395,1023.0,6.9
2023-03-29 14:00:00,0.416,1022.8,7.0
2023-03-29 15:00:00,0.561,1022.2,7.0
2023-03-29 16:00:00,0.787,1021.9,6.9
2023-03-29 17:00:00,0.982,1021.3,7.0
2023-03-29 18:00:00,1.091,1020.2,7.1
2023-03-29 19:00:00,1.178,1019.0,7.1
2023-03-29 20:00:00,1.265,1017.8,7.1
2023-03-29 21:00:00,1.187,1017.8,7.1
2023-03-29 22:00:00,1.038,1017.6,7.1
2023-03-29 23:00:00,0.857,1017.5,7.1
2023-03-30 00:00:00,0.732,1017.4,7.1
2023-03-30 01:00:00,0.666,1017.6,7.2
2023-03-30 02:00:00,0.67,1017.2,7.2
2023-03-30 03:00:00,0.763,1016.7,7.2
2023-03-30 04:00:00,0.912,1016.5,7.1
2023-03-30 05:00:00,1.069,1018.8,6.9
2023-03-30 06:00:00,1.203,1019.5,7.0
2023-03-30 07:00:00,1.189,1020.3,7.1
2023-03-30 08:00:00,1.169,1021.8,7.2
2023-03-30 09:00:00,1.02,1023.0,7.1
2023-03-30 10:00:00,0.81,1023.7,7.2
2023-03-30 11:00:00,0.546,1024.9,6.7
2023-03-30 12:00:00,0.495,1026.0,6.9
2023-03-30 13:00:00,0.416,1026.4,6.8
2023-03-30 14:00:00,0.383,1026.7,6.8
2023-03-30 15:00:00,0.372,1027.0,6.9
2023-03-30 16:00:00,0.479,1027.2,6.8
2023-03-30 17:00:00,0.605,1026.9,7.0
2023-03-30 18:00:00,0.749,1026.3,7.2
2023-03-30 19:00:00,0.916,1025.9,7.1
2023-03-30 20:00:00,1.01,1025.5,7.1
2023-03-30 21:00:00,1.029,1025.3,7.1
2023-03-30 22:00:00,0.967,1025.5,7.1
2023-03-30 23:00:00,0.798,1025.9,7.1
2023-03-31 00:00:00,0.613,1026.4,7.0
2023-03-31 01:00:00,0.471,1027.0,7.0
2023-03-31 02:00:00,0.39,1027.5,7.0
2023-03-31 03:00:00,0.354,1027.9,7.1
2023-03-31 04:00:00,0.458,1027.8,7.1
2023-03-31 05:00:00,0.704,1027.8,7.1
2023-03-31 06:00:00,1.018,1027.8,7.1
2023-03-31 07:00:00,1.207,1027.7,7.2
2023-03-31 08:00:00,1.266,1028.0,7.1
2023-03-31 09:00:00,1.256,1027.8,7.0
2023-03-31 10:00:00,1.204,1028.4,7.1
2023-03-31 11:00:00,1.051,1028.3,7.0
2023-03-31 12:00:00,0.819,1028.2,6.9
2023-03-31 13:00:00,0.618,1028.3,7.0
2023-03-31 14:00:00,0.471,1027.4,7.0
2023-03-31 15:00:00,0.415,1026.7,7.1
2023-03-31 16:00:00,0.411,1025.4,7.1
2023-03-31 17:00:00,0.539,1024.5,7.2
2023-03-31 18:00:00,0.653,1023.8,7.2
2023-03-31 19:00:00,0.876,1021.9,7.2
2023-03-31 20:00:00,1.088,1020.3,7.2
2023-03-31 21:00:00,1.289,1018.7,7.2
2023-03-31 22:00:00,1.293,1017.4,7.2
2023-03-31 23:00:00,1.125,1015.9,7.2
2023-04-01 00:00:00,0.977,1015.0,7.3
2023-04-01 01:00:00,0.779,1014.0,7.3
2023-04-01 02:00:00,0.683,1013.6,7.2
2023-04-01 03:00:00,0.567,1012.7,7.3
2023-04-01 04:00:00,0.516,1012.3,7.2
2023-04-01 05:00:00,0.605,1011.7,7.3
2023-04-01 06:00:00,0.85,1010.4,7.2
2023-04-01 07:00:00,1.09,1008.8,7.3
2023-04-01 08:00:00,1.284,1007.5,7.2
2023-04-01 09:00:00,1.459,1005.8,7.3
2023-04-01 10:00:00,1.524,1004.7,7.3
2023-04-01 11:00:00,1.436,1003.7,7.3
2023-04-01 12:00:00,1.228,1003.5,7.4
2023-04-01 13:00:00,0.986,1001.9,7.4
2023-04-01 14:00:00,0.773,1001.1,7.5
2023-04-01 15:00:00,0.649,1000.2,7.4
2023-04-01 16:00:00,0.538,999.2,7.4
2023-04-01 17:00:00,0.423,998.7,7.5
2023-04-01 18:00:00,0.543,996.7,7.5
2023-04-01 19:00:00,0.767,995.3,7.6
2023-04-01 20:00:00,1.034,993.6,7.6
2023-04-01 21:00:00,1.248,993.2,7.6
2023-04-01 22:00:00,1.326,992.6,7.5
2023-04-01 23:00:00,1.382,992.4,7.7
2023-04-02 00:00:00,1.272,996.1,7.8
2023-04-02 01:00:00,1.099,996.4,8.0
2023-04-02 02:00:00,0.861,996.4,7.9
2023-04-02 03:00:00,0.558,996.6,7.9
2023-04-02 04:00:00,0.304,997.8,7.7
2023-04-02 05:00:00,0.169,999.6,7.8
2023-04-02 06:00:00,0.355,1001.2,7.8
2023-04-02 07:00:00,0.728,1001.9,7.7
2023-04-02 08:00:00,1.094,1004.0,7.7
2023-04-02 09:00:00,1.025,1005.8,7.4
2023-04-02 10:00:00,0.949,1007.3,7.4
2023-04-02 11:00:00,0.882,1008.9,7.5
2023-04-02 12:00:00,0.921,1010.2,7.4
2023-04-02 13:00:00,0.814,1011.7,7.4
2023-04-02 14:00:00,0.505,1012.5,7.4
2023-04-02 15:00:00,0.335,1013.6,7.5
2023-04-02 16:00:00,0.222,1014.5,7.5
2023-04-02 17:00:00,0.119,1015.0,7.7
2023-04-02 18:00:00,0.265,1015.6,7.7
2023-04-02 19:00:00,0.513,1015.3,7.8
2023-04-02 20:00:00,0.8,1015.6,7.8
2023-04-02 21:00:00,1.062,1015.8,7.8
2023-04-02 22:00:00,1.241,1016.0,7.5
2023-04-02 23:00:00,1.35,1016.9,7.7
2023-04-03 00:00:00,1.34,1017.6,7.6
2023-04-03 01:00:00,1.249,1019.0,7.6
2023-04-03 02:00:00,1.019,1020.2,7.5
2023-04-03 03:00:00,0.656,1020.4,7.5
2023-04-03 04:00:00,0.375,1020.7,7.5
2023-04-03 05:00:00,0.304,1020.8,7.6
2023-04-03 06:00:00,0.42,1020.8,7.5
2023-04-03 07:00:00,0.705,1020.7,7.6
2023-04-03 08:00:00,1.055,1020.5,7.6
2023-04-03 09:00:00,1.404,1020.1,7.7
2023-04-03 10:00:00,1.599,1021.3,7.5
2023-04-03 11:00:00,1.635,1022.5,7.5
2023-04-03 12:00:00,1.567,1023.0,7.5
2023-04-03 13:00:00,1.365,1022.2,7.5
2023-04-03 14:00:00,1.138,1022.3,7.5
2023-04-03 15:00:00,0.824,1022.1,7.7
2023-04-03 16:00:00,0.576,1021.3,7.6
2023-04-03 17:00:00,0.377,1020.3,7.6
2023-04-03 18:00:00,0.313,1019.1,8.3
2023-04-03 19:00:00,0.467,1017.7,7.7
2023-04-03 20:00:00,0.767,1016.5,8.1
2023-04-03 21:00:00,1.175,1016.3,8.2
2023-04-03 22:00:00,1.436,1016.0,7.6
2023-04-03 23:00:00,1.596,1016.4,7.7
2023-04-04 00:00:00,1.62,1016.5,7.9
2023-04-04 01:00:00,1.489,1016.6,7.9
2023-04-04 02:00:00,1.183,1016.7,7.8
2023-04-04 03:00:00,0.793,1016.6,7.8
2023-04-04 04:00:00,0.507,1016.1,7.8
2023-04-04 05:00:00,0.365,1016.0,7.8
2023-04-04 06:00:00,0.291,1015.8,7.8
2023-04-04 07:00:00,0.395,1015.5,7.8
2023-04-04 08:00:00,0.677,1015.7,7.8
2023-04-04 09:00:00,1.028,1016.1,7.9
2023-04-04 10:00:00,1.317,1016.6,7.6
2023-04-04 11:00:00,1.437,1017.2,7.6
2023-04-04 12:00:00,1.471,1017.7,7.7
2023-04-04 13:00:00,1.395,1017.5,7.7
2023-04-04 14:00:00,1.213,1017.7,7.9
2023-04-04 15:00:00,0.902,1018.0,7.9
2023-04-04 16:00:00,0.554,1017.6,8.1
2023-04-04 17:00:00,0.277,1016.8,8.0
2023-04-04 18:00:00,0.109,1016.7,8.4
2023-04-04 19:00:00,0.146,1016.5,8.4
2023-04-04 20:00:00,0.494,1015.7,8.7
2023-04-04 21:00:00,0.941,1015.6,8.4
2023-04-04 22:00:00,1.303,1016.2,8.0
2023-04-04 23:00:00,1.495,1016.7,8.0
2023-04-05 00:00:00,1.586,1017.3,8.0
2023-04-05 01:00:00,1.594,1018.3,8.0
2023-04-05 02:00:00,1.426,1018.8,8.1
2023-04-05 03:00:00,1.087,1019.2,8.2
2023-04-05 04:00:00,0.694,1019.5,8.1
2023-04-05 05:00:00,0.436,1020.6,8.1
2023-04-05 06:00:00,0.235,1021.1,8.2
2023-04-05 07:00:00,0.21,1021.4,8.2
2023-04-05 08:00:00,0.439,1021.9,8.1
2023-04-05 09:00:00,0.815,1022.4,8.2
2023-04-05 10:00:00,1.218,1023.1,8.3
2023-04-05 11:00:00,1.444,1023.9,8.0
2023-04-05 12:00:00,1.557,1024.2,8.0
2023-04-05 13:00:00,1.608,1024.2,8.0
2023-04-05 14:00:00,1.515,1025.0,8.1
2023-04-05 15:00:00,1.281,1025.1,8.1
2023-04-05 16:00:00,0.934,1024.7,8.2
2023-04-05 17:00:00,0.616,1024.2,8.2
2023-04-05 18:00:00,0.394,1023.8,8.3
2023-04-05 19:00:00,0.289,1023.1,8.3
2023-04-05 20:00:00,0.463,1022.6,8.3
2023-04-05 21:00:00,0.884,1022.4,8.4
2023-04-05 22:00:00,1.294,1022.3,8.4
2023-04-05 23:00:00,1.58,1022.4,8.2
2023-04-06 00:00:00,1.746,1021.4,8.2
2023-04-06 01:00:00,1.834,1021.8,8.2
2023-04-06 02:00:00,1.743,1021.4,8.2
2023-04-06 03:00:00,1.481,1021.1,8.3
2023-04-06 04:00:00,1.082,1020.5,8.4
2023-04-06 05:00:00,0.715,1019.9,8.3
2023-04-06 06:00:00,0.428,1019.9,8.3
2023-04-06 07:00:00,0.209,1019.6,8.3
2023-04-06 08:00:00,0.18,1018.9,8.3
2023-04-06 09:00:00,0.514,1018.4,8.3
2023-04-06 10:00:00,0.961,1019.4,8.3
2023-04-06 11:00:00,1.357,1019.7,8.2
2023-04-06 12:00:00,1.536,1020.2,8.1
2023-04-06 13:00:00,1.612,1020.7,8.2
2023-04-06 14:00:00,1.554,1020.9,8.3
2023-04-06 15:00:00,1.318,1021.0,8.4
2023-04-06 16:00:00,0.947,1021.0,8.4
2023-04-06 17:00:00,0.583,1020.3,8.6
2023-04-06 18:00:00,0.316,1019.7,8.7
2023-04-06 19:00:00,0.161,1019.0,8.7
2023-04-06 20:00:00,0.158,1018.5,8.5
2023-04-06 21:00:00,0.463,1018.6,8.8
2023-04-06 22:00:00,0.919,1018.6,8.7
2023-04-06 23:00:00,1.327,1019.0,8.5
2023-04-07 00:00:00,1.556,1021.0,8.3
2023-04-07 01:00:00,1.658,1021.0,8.4
2023-04-07 02:00:00,1.725,1022.7,8.4
2023-04-07 03:00:00,1.563,1023.1,8.6
2023-04-07 04:00:00,1.165,1023.0,8.6
2023-04-07 05:00:00,0.702,1024.0,8.6
2023-04-07 06:00:00,0.362,1023.6,8.6
2023-04-07 07:00:00,0.076,1024.0,8.6
2023-04-07 08:00:00,-0.007,1024.7,8.6
2023-04-07 09:00:00,0.193,1024.8,8.6
2023-04-07 10:00:00,0.579,1025.9,8.6
2023-04-07 11:00:00,1.071,1027.2,8.5
2023-04-07 12:00:00,1.293,1027.5,8.4
2023-04-07 13:00:00,1.353,1027.5,8.4
2023-04-07 14:00:00,1.384,1027.2,8.5
2023-04-07 15:00:00,1.342,1027.4,8.5
2023-04-07 16:00:00,1.127,1027.1,8.6
2023-04-07 17:00:00,0.725,1027.0,8.6
2023-04-07 18:00:00,0.433,1027.0,8.6
2023-04-07 19:00:00,0.125,1026.4,8.6
2023-04-07 20:00:00,-0.017,1026.2,8.6
2023-04-07 21:00:00,0.046,1026.4,8.6
2023-04-07 22:00:00,0.432,1026.8,8.6
2023-04-07 23:00:00,0.902,1027.3,8.6
2023-04-08 00:00:00,1.295,1028.0,8.5
2023-04-08 01:00:00,1.537,1028.6,8.5
2023-04-08 02:00:00,1.605,1029.3,8.5
2023-04-08 03:00:00,1.539,1029.4,8.5
2023-04-08 04:00:00,1.226,1030.0,8.5
2023-04-08 05:00:00,0.764,1030.5,8.4
2023-04-08 06:00:00,0.398,1031.0,8.3
2023-04-08 07:00:00,0.128,1030.8,8.3
2023-04-08 08:00:00,-0.057,1031.2,8.3
2023-04-08 09:00:00,-0.097,1032.1,8.1
2023-04-08 10:00:00,0.221,1033.0,8.2
2023-04-08 11:00:00,0.641,1033.8,8.4
2023-04-08 12:00:00,0.993,1034.1,8.4
2023-04-08 13:00:00,1.177,1034.5,8.5
2023-04-08 14:00:00,1.327,1034.6,8.4
2023-04-08 15:00:00,1.431,1034.6,8.5
2023-04-08 16:00:00,1.313,1034.2,8.5
2023-04-08 17:00:00,1.008,1033.1,8.4
2023-04-08 18:00:00,0.593,1032.4,8.8
2023-04-08 19:00:00,0.264,1031.8,8.8
2023-04-08 20:00:00,0.07,1030.6,8.7
2023-04-08 21:00:00,0.037,1030.1,8.8
2023-04-08 22:00:00,0.292,1030.4,8.8
2023-04-08 23:00:00,0.775,1030.3,8.7
2023-04-09 00:00:00,1.276,1030.7,8.7
2023-04-09 01:00:00,1.521,1031.1,8.6
2023-04-09 02:00:00,1.644,1031.6,8.6
2023-04-09 03:00:00,1.664,1031.7,8.6
2023-04-09 04:00:00,1.535,1031.8,8.6
2023-04-09 05:00:00,1.256,1031.5,8.5
2023-04-09 06:00:00,0.866,1031.1,8.5
2023-04-09 07:00:00,0.471,1031.1,8.5
2023-04-09 08:00:00,0.181,1030.9,8.4
2023-04-09 09:00:00,-0.019,1031.0,8.4
2023-04-09 10:00:00,0.045,1031.6,8.4
2023-04-09 11:00:00,0.401,1032.3,8.3
2023-04-09 12:00:00,0.787,1032.9,8.5
2023-04-09 13:00:00,1.116,1033.2,8.5
2023-04-09 14:00:00,1.324,1033.8,8.5
2023-04-09 15:00:00,1.467,1034.3,8.5
2023-04-09 16:00:00,1.444,1034.2,8.6
2023-04-09 17:00:00,1.191,1033.9,8.7
2023-04-09 18:00:00,0.838,1033.7,8.7
2023-04-09 19:00:00,0.516,1033.3,9.0
2023-04-09 20:00:00,0.306,1032.9,9.1
2023-04-09 21:00:00,0.179,1032.6,9.0
2023-04-09 22:00:00,0.209,1032.6,9.0
2023-04-09 23:00:00,0.514,1032.3,8.9
2023-04-10 00:00:00,0.938,1032.3,8.9
2023-04-10 01:00:00,1.336,1032.7,8.8
2023-04-10 02:00:00,1.562,1033.0,8.7
2023-04-10 03:00:00,1.692,1033.1,8.7
2023-04-10 04:00:00,1.731,1032.9,8.7
2023-04-10 05:00:00,1.525,1032.8,8.8
2023-04-10 06:00:00,1.191,1032.6,8.7
2023-04-10 07:00:00,0.756,1032.4,8.7
2023-04-10 08:00:00,0.402,1032.3,8.6
2023-04-10 09:00:00,0.17,1032.5,8.6
2023-04-10 10:00:00,0.038,1032.5,8.5
2023-04-10 11:00:00,0.169,1032.9,8.4
2023-04-10 12:00:00,0.459,1033.2,8.5
2023-04-10 13:00:00,0.793,1033.1,8.7
2023-04-10 14:00:00,1.062,1032.6,8.7
2023-04-10 15:00:00,1.226,1032.2,8.7
2023-04-10 16:00:00,1.326,1031.5,8.7
2023-04-10 17:00:00,1.269,1030.4,8.8
2023-04-10 18:00:00,1.039,1029.2,8.9
2023-04-10 19:00:00,0.726,1028.3,9.3
2023-04-10 20:00:00,0.437,1027.5,9.5
2023-04-10 21:00:00,0.245,1027.2,9.2
2023-04-10 22:00:00,0.133,1026.9,9.3
2023-04-10 23:00:00,0.224,1026.5,9.3
2023-04-11 00:00:00,0.579,1026.2,9.3
2023-04-11 01:00:00,0.978,1026.5,9.2
2023-04-11 02:00:00,1.277,1026.5,8.9
2023-04-11 03:00:00,1.421,1026.1,8.9
2023-04-11 04:00:00,1.527,1025.8,8.9
2023-04-11 05:00:00,1.56,1025.6,8.9
2023-04-11 06:00:00,1.35,1025.1,9.0
2023-04-11 07:00:00,1.035,1024.4,8.9
2023-04-11 08:00:00,0.623,1024.0,8.9
2023-04-11 09:00:00,0.338,1023.6,8.9
2023-04-11 10:00:00,0.129,1023.5,8.9
2023-04-11 11:00:00,0.026,1023.7,8.8
2023-04-11 12:00:00,0.177,1023.8,8.8
2023-04-11 13:00:00,0.452,1023.4,8.9
2023-04-11 14:00:00,0.794,1022.7,9.0
2023-04-11 15:00:00,1.078,1022.1,8.9
2023-04-11 16:00:00,1.232,1021.0,9.0
2023-04-11 17:00:00,1.299,1019.9,8.9
2023-04-11 18:00:00,1.218,1018.7,9.1
2023-04-11 19:00:00,1.003,1017.3,9.8
2023-04-11 20:00:00,0.714,1016.2,9.7
2023-04-11 21:00:00,0.474,1015.4,9.8
2023-04-11 22:00:00,0.299,1015.1,9.4
2023-04-11 23:00:00,0.245,1014.9,9.5
2023-04-12 00:00:00,0.353,1014.9,9.5
2023-04-12 01:00:00,0.646,1014.6,9.3
2023-04-12 02:00:00,0.998,1014.4,9.4
2023-04-12 03:00:00,1.23,1013.8,9.2
2023-04-12 04:00:00,1.41,1013.4,9.2
2023-04-12 05:00:00,1.557,1013.3,9.2
2023-04-12 06:00:00,1.564,1012.6,9.1
2023-04-12 07:00:00,1.323,1012.0,9.3
2023-04-12 08:00:00,1.007,1011.5,9.3
2023-04-12 09:00:00,0.605,1011.3,9.3
2023-04-12 10:00:00,0.312,1011.5,9.3
2023-04-12 11:00:00,0.151,1011.9,9.3
2023-04-12 12:00:00,0.067,1012.5,9.3
2023-04-12 13:00:00,0.213,1012.2,9.4
2023-04-12 14:00:00,0.44,1012.2,9.4
2023-04-12 15:00:00,0.74,1012.0,9.5
2023-04-12 16:00:00,0.967,1011.3,9.2
2023-04-12 17:00:00,1.115,1010.7,9.2
2023-04-12 18:00:00,1.191,1009.9,9.3
2023-04-12 19:00:00,1.143,1009.3,9.5
2023-04-12 20:00:00,0.961,1008.7,10.0
2023-04-12 21:00:00,0.677,1008.3,10.1
2023-04-12 22:00:00,0.448,1008.3,10.0
2023-04-12 23:00:00,0.325,1008.4,9.7
2023-04-13 00:00:00,0.315,1008.9,9.9
2023-04-13 01:00:00,0.458,1009.5,9.7
2023-04-13 02:00:00,0.707,1010.2,9.6
2023-04-13 03:00:00,0.974,1010.2,9.9
2023-04-13 04:00:00,1.241,1010.2,9.6
2023-04-13 05:00:00,1.516,1010.6,9.5
2023-04-13 06:00:00,1.687,1011.0,9.5
2023-04-13 07:00:00,1.671,1011.3,9.5
2023-04-13 08:00:00,1.454,1011.7,9.8
2023-04-13 09:00:00,1.118,1012.0,9.6
2023-04-13 10:00:00,0.781,1012.4,9.7
2023-04-13 11:00:00,0.553,1012.7,9.7
2023-04-13 12:00:00,0.393,1012.9,9.8
2023-04-13 13:00:00,0.306,1012.8,9.9
2023-04-13 14:00:00,0.452,1012.6,9.7
2023-04-13 15:00:00,0.686,1012.2,9.9
2023-04-13 16:00:00,0.943,1011.6,10.0
2023-04-13 17:00:00,1.177,1010.9,9.3
2023-04-13 18:00:00,1.343,1010.3,9.6
2023-04-13 19:00:00,1.42,1010.0,9.5
2023-04-13 20:00:00,1.345,1009.4,10.0
2023-04-13 21:00:00,1.168,1008.9,10.4
2023-04-13 22:00:00,0.91,1008.9,10.9
2023-04-13 23:00:00,0.681,1008.9,10.3
2023-04-14 00:00:00,0.545,1009.5,10.1
2023-04-14 01:00:00,0.454,1010.0,10.0
2023-04-14 02:00:00,0.487,1010.6,10.1
2023-04-14 03:00:00,0.675,1010.8,10.1
2023-04-14 04:00:00,0.949,1011.3,10.2
2023-04-14 05:00:00,1.274,1011.5,9.8
2023-04-14 06:00:00,1.509,1011.5,9.9
2023-04-14 07:00:00,1.604,1011.0,9.9
2023-04-14 08:00:00,1.591,1011.2,9.8
2023-04-14 09:00:00,1.439,1011.3,9.9
2023-04-14 10:00:00,1.174,1011.6,9.9
2023-04-14 11:00:00,0.853,1012.3,10.0
2023-04-14 12:00:00,0.588,1012.6,10.1
2023-04-14 13:00:00,0.332,1012.5,10.2
2023-04-14 14:00:00,0.216,1012.7,10.3
2023-04-14 15:00:00,0.279,1012.5,10.6
2023-04-14 16:00:00,0.53,1012.1,10.1
2023-04-14 17:00:00,0.817,1011.6,10.7
2023-04-14 18:00:00,1.112,1011.2,9.9
2023-04-14 19:00:00,1.327,1011.0,10.0
2023-04-14 20:00:00,1.405,1010.3,10.0
2023-04-14 21:00:00,1.342,1009.8,10.3
2023-04-14 22:00:00,1.174,1009.9,10.9
2023-04-14 23:00:00,0.956,1010.1,10.7
2023-04-15 00:00:00,0.743,1010.4,10.6
2023-04-15 01:00:00,0.562,1011.1,10.4
2023-04-15 02:00:00,0.375,1011.6,10.5
2023-04-15 03:00:00,0.322,1011.7,10.4
2023-04-15 04:00:00,0.532,1011.9,10.5
2023-04-15 05:00:00,0.892,1012.3,10.5
2023-04-15 06:00:00,1.289,1012.4,10.4
2023-04-15 07:00:00,1.504,1012.3,10.3
2023-04-15 08:00:00,1.607,1012.5,10.3
2023-04-15 09:00:00,1.636,1012.4,10.2
2023-04-15 10:00:00,1.517,1012.7,10.4
2023-04-15 11:00:00,1.299,1013.3,10.4
2023-04-15 12:00:00,0.935,1013.7,10.5
2023-04-15 13:00:00,0.629,1014.0,10.5
2023-04-15 14:00:00,0.373,1013.6,10.5
2023-04-15 15:00:00,0.237,1013.5,10.7
2023-04-15 16:00:00,0.317,1012.9,11.0
2023-04-15 17:00:00,0.65,1012.7,10.9
2023-04-15 18:00:00,0.983,1012.4,11.0
2023-04-15 19:00:00,1.298,1011.8,10.6
2023-04-15 20:00:00,1.483,1011.1,10.5
2023-04-15 21:00:00,1.586,1011.2,10.3
2023-04-15 22:00:00,1.547,1011.7,10.6
2023-04-15 23:00:00,1.356,1012.4,10.8
2023-04-16 00:00:00,1.13,1012.2,11.0
2023-04-16 01:00:00,0.847,1011.7,10.7
2023-04-16 02:00:00,0.588,1011.5,10.6
2023-04-16 03:00:00,0.339,1011.2,10.6
2023-04-16 04:00:00,0.274,1010.2,10.8
2023-04-16 05:00:00,0.533,1010.6,10.9
2023-04-16 06:00:00,0.968,1011.7,10.8
2023-04-16 07:00:00,1.395,1011.5,10.8
2023-04-16 08:00:00,1.597,1010.7,10.5
2023-04-16 09:00:00,1.661,1010.6,10.5
2023-04-16 10:00:00,1.701,1010.9,10.3
2023-04-16 11:00:00,1.591,1011.2,10.6
2023-04-16 12:00:00,1.325,1011.9,10.6
2023-04-16 13:00:00,0.962,1011.7,10.6
2023-04-16 14:00:00,0.641,1011.3,10.8
2023-04-16 15:00:00,0.358,1010.8,10.8
2023-04-16 16:00:00,0.192,1010.4,10.9
2023-04-16 17:00:00,0.252,1010.3,11.3
2023-04-16 18:00:00,0.593,1010.4,11.1
2023-04-16 19:00:00,0.986,1009.6,11.2
2023-04-16 20:00:00,1.376,1009.2,10.5
2023-04-16 21:00:00,1.565,1008.6,10.6
2023-04-16 22:00:00,1.701,1008.4,10.6
2023-04-16 23:00:00,1.7,1008.4,10.8
2023-04-17 00:00:00,1.542,1008.4,10.9
2023-04-17 01:00:00,1.206,1008.2,11.2
2023-04-17 02:00:00,0.85,1008.5,10.9
2023-04-17 03:00:00,0.559,1008.0,11.0
2023-04-17 04:00:00,0.364,1007.3,11.0
2023-04-17 05:00:00,0.309,1006.7,10.9
2023-04-17 06:00:00,0.555,1005.5,10.9
2023-04-17 07:00:00,0.965,1004.2,11.0
2023-04-17 08:00:00,1.392,1003.8,11.0
2023-04-17 09:00:00,1.711,1003.7,10.7
2023-04-17 10:00:00,1.872,1003.0,10.7
2023-04-17 11:00:00,1.938,1003.0,10.8
2023-04-17 12:00:00,1.742,1003.9,11.0
2023-04-17 13:00:00,1.413,1003.4,11.1
2023-04-17 14:00:00,0.968,1002.6,11.0
2023-04-17 15:00:00,0.651,1002.7,11.0
2023-04-17 16:00:00,0.37,1002.8,11.1
2023-04-17 17:00:00,0.177,1002.9,11.1
2023-04-17 18:00:00,0.238,1002.1,11.0
2023-04-17 19:00:00,0.678,1001.0,11.1
2023-04-17 20:00:00,1.16,1000.6,11.0
2023-04-17 21:00:00,1.576,1000.9,10.9
2023-04-17 22:00:00,1.799,1001.7,10.8
2023-04-17 23:00:00,1.941,1002.3,10.9
2023-04-18 00:00:00,1.879,1003.3,11.1
2023-04-18 01:00:00,1.562,1004.3,11.1
2023-04-18 02:00:00,1.169,1005.1,11.1
2023-04-18 03:00:00,0.755,1005.4,11.0
2023-04-18 04:00:00,0.415,1005.4,11.1
2023-04-18 05:00:00,0.19,1006.3,11.0
2023-04-18 06:00:00,0.14,1006.2,10.9
2023-04-18 07:00:00,0.34,1006.1,10.9
2023-04-18 08:00:00,0.787,1005.9,11.0
2023-04-18 09:00:00,1.241,1005.8,10.9
2023-04-18 10:00:00,1.598,1006.2,10.8
2023-04-18 11:00:00,1.81,1006.6,10.9
2023-04-18 12:00:00,1.821,1006.9,10.9
2023-04-18 13:00:00,1.587,1007.0,10.9
2023-04-18 14:00:00,1.208,1007.3,10.9
2023-04-18 15:00:00,0.76,1008.2,10.9
2023-04-18 16:00:00,0.394,1008.4,10.9
2023-04-18 17:00:00,0.117,1008.3,10.9
2023-04-18 18:00:00,-0.044,1008.5,10.9
2023-04-18 19:00:00,0.15,1008.0,11.0
2023-04-18 20:00:00,0.667,1008.4,11.0
2023-04-18 21:00:00,1.163,1008.4,11.0
2023-04-18 22:00:00,1.515,1009.0,10.9
2023-04-18 23:00:00,1.711,1010.0,10.9
2023-04-19 00:00:00,1.804,1011.3,11.0
2023-04-19 01:00:00,1.705,1012.9,10.9
2023-04-19 02:00:00,1.389,1014.3,10.9
2023-04-19 03:00:00,0.961,1014.0,10.9
2023-04-19 04:00:00,0.582,1014.4,10.7
2023-04-19 05:00:00,0.25,1015.1,10.8
2023-04-19 06:00:00,0.009,1014.7,10.8
2023-04-19 07:00:00,0.004,1014.7,10.8
2023-04-19 08:00:00,0.401,1015.4,10.7
2023-04-19 09:00:00,0.93,1015.7,10.9
2023-04-19 10:00:00,1.362,1016.4,10.9
2023-04-19 11:00:00,1.58,1017.4,10.9
2023-04-19 12:00:00,1.666,1018.0,10.8
2023-04-19 13:00:00,1.626,1017.5,10.8
2023-04-19 14:00:00,1.349,1018.0,10.8
2023-04-19 15:00:00,0.956,1018.5,10.8
2023-04-19 16:00:00,0.498,1018.3,10.9
2023-04-19 17:00:00,0.171,1018.2,10.9
2023-04-19 18:00:00,-0.081,1017.4,11.2
2023-04-19 19:00:00,-0.188,1016.8,11.4
2023-04-19 20:00:00,0.132,1016.5,11.5
2023-04-19 21:00:00,0.676,1016.3,11.6
2023-04-19 22:00:00,1.259,1016.7,11.1
2023-04-19 23:00:00,1.635,1017.3,11.0
2023-04-20 00:00:00,1.86,1018.8,10.9
2023-04-20 01:00:00,1.89,1019.8,11.0
2023-04-20 02:00:00,1.682,1020.6,11.0
2023-04-20 03:00:00,1.254,1020.7,10.9
2023-04-20 04:00:00,0.791,1021.2,10.9
2023-04-20 05:00:00,0.429,1021.9,10.9
2023-04-20 06:00:00,0.153,1022.1,10.9
2023-04-20 07:00:00,-0.05,1022.6,10.9
2023-04-20 08:00:00,-0.042,1022.8,10.9
2023-04-20 09:00:00,0.35,1023.2,11.0
2023-04-20 10:00:00,0.826,1023.1,11.0
2023-04-20 11:00:00,1.251,1023.9,11.0
2023-04-20 12:00:00,1.547,1024.7,10.9
2023-04-20 13:00:00,1.681,1024.7,10.8
2023-04-20 14:00:00,1.61,1024.7,10.9
2023-04-20 15:00:00,1.293,1025.0,10.9
2023-04-20 16:00:00,0.84,1024.1,10.9
2023-04-20 17:00:00,0.409,1023.0,11.4
2023-04-20 18:00:00,0.156,1022.1,11.5
2023-04-20 19:00:00,0.002,1021.8,11.6
2023-04-20 20:00:00,0.052,1021.3,11.7
2023-04-20 21:00:00,0.458,1021.1,11.9
2023-04-20 22:00:00,0.966,1020.9,11.7
2023-04-20 23:00:00,1.416,1020.6,11.3
2023-04-21 00:00:00,1.667,1020.8,11.0
2023-04-21 01:00:00,1.828,1020.9,11.0
2023-04-21 02:00:00,1.825,1021.1,11.0
2023-04-21 03:00:00,1.567,1020.8,11.1
2023-04-21 04:00:00,1.146,1020.9,11.0
2023-04-21 05:00:00,0.677,1021.0,11.0
2023-04-21 06:00:00,0.36,1020.3,11.0
2023-04-21 07:00:00,0.088,1020.2,11.0
2023-04-21 08:00:00,-0.075,1020.2,11.0
2023-04-21 09:00:00,0.067,1019.8,11.0
2023-04-21 10:00:00,0.509,1019.4,11.0
2023-04-21 11:00:00,1.013,1019.7,11.1
2023-04-21 12:00:00,1.386,1019.9,11.0
2023-04-21 13:00:00,1.593,1019.8,11.0
2023-04-21 14:00:00,1.677,1019.3,11.0
2023-04-21 15:00:00,1.56,1019.2,11.1
2023-04-21 16:00:00,1.182,1018.8,11.0
2023-04-21 17:00:00,0.718,1018.3,11.0
2023-04-21 18:00:00,0.403,1017.7,11.6
2023-04-21 19:00:00,0.215,1017.1,11.7
2023-04-21 20:00:00,0.139,1016.7,11.8
2023-04-21 21:00:00,0.345,1016.5,11.8
2023-04-21 22:00:00,0.762,1016.8,11.9
2023-04-21 23:00:00,1.228,1017.0,11.8
2023-04-22 00:00:00,1.56,1017.0,11.3
2023-04-22 01:00:00,1.79,1017.1,11.2
2023-04-22 02:00:00,1.953,1017.0,11.2
2023-04-22 03:00:00,1.938,1016.8,11.3
2023-04-22 04:00:00,1.641,1016.1,11.3
2023-04-22 05:00:00,1.202,1015.9,11.1
2023-04-22 06:00:00,0.811,1015.3,11.3
2023-04-22 07:00:00,0.52,1014.9,11.4
2023-04-22 08:00:00,0.277,1015.1,11.3
2023-04-22 09:00:00,0.214,1015.4,11.3
2023-04-22 10:00:00,0.446,1015.3,11.4
2023-04-22 11:00:00,0.844,1015.4,11.4
2023-04-22 12:00:00,1.218,1015.3,11.5
2023-04-22 13:00:00,1.505,1015.3,11.3
2023-04-22 14:00:00,1.672,1015.3,11.2
2023-04-22 15:00:00,1.718,1014.9,11.1
2023-04-22 16:00:00,1.541,1014.3,11.2
2023-04-22 17:00:00,1.218,1013.5,11.3
2023-04-22 18:00:00,0.826,1013.0,11.4
2023-04-22 19:00:00,0.562,1012.5,11.9
2023-04-22 20:00:00,0.375,1012.1,11.9
2023-04-22 21:00:00,0.323,1011.9,12.0
2023-04-22 22:00:00,0.601,1011.8,12.0
2023-04-22 23:00:00,1.057,1011.9,12.0
2023-04-23 00:00:00,1.454,1011.5,11.8
2023-04-23 01:00:00,1.729,1011.4,11.6
2023-04-23 02:00:00,1.901,1012.8,11.6
2023-04-23 03:00:00,1.951,1012.0,11.5
2023-04-23 04:00:00,1.876,1011.0,11.6
2023-04-23 05:00:00,1.559,1011.0,11.5
2023-04-23 06:00:00,1.124,1010.0,11.5
2023-04-23 07:00:00,0.793,1009.1,11.7
2023-04-23 08:00:00,0.576,1009.3,11.7
2023-04-23 09:00:00,0.352,1008.9,11.7
2023-04-23 10:00:00,0.36,1009.8,11.7
2023-04-23 11:00:00,0.659,1010.5,11.8
2023-04-23 12:00:00,1.02,1009.9,11.7
2023-04-23 13:00:00,1.305,1009.7,11.7
2023-04-23 14:00:00,1.49,1009.7,11.5
2023-04-23 15:00:00,1.646,1010.6,11.6
2023-04-23 16:00:00,1.647,1011.1,11.6
2023-04-23 17:00:00,1.442,1010.9,11.6
2023-04-23 18:00:00,1.1,1010.3,12.2
2023-04-23 19:00:00,0.764,1010.5,12.0
2023-04-23 20:00:00,0.553,1010.7,12.0
2023-04-23 21:00:00,0.434,1011.1,12.1
2023-04-23 22:00:00,0.472,1011.7,12.1
2023-04-23 23:00:00,0.727,1012.4,12.0
2023-04-24 00:00:00,1.063,1013.2,12.1
2023-04-24 01:00:00,1.428,1014.5,11.9
2023-04-24 02:00:00,1.621,1015.3,11.8
2023-04-24 03:00:00,1.703,1015.6,11.9
2023-04-24 04:00:00,1.762,1016.3,11.6
2023-04-24 05:00:00,1.596,1016.6,11.8
2023-04-24 06:00:00,1.291,1016.4,11.8
2023-04-24 07:00:00,0.893,1016.3,11.7
2023-04-24 08:00:00,0.602,1016.8,11.8
2023-04-24 09:00:00,0.41,1017.1,11.7
2023-04-24 10:00:00,0.311,1016.9,11.8
2023-04-24 11:00:00,0.405,1017.6,11.7
2023-04-24 12:00:00,0.645,1018.2,11.7
2023-04-24 13:00:00,0.899,1018.2,11.8
2023-04-24 14:00:00,1.165,1018.2,11.8
2023-04-24 15:00:00,1.377,1017.8,11.8
2023-04-24 16:00:00,1.52,1017.6,11.8
2023-04-24 17:00:00,1.501,1017.1,11.9
2023-04-24 18:00:00,1.263,1016.7,12.3
2023-04-24 19:00:00,0.962,1016.4,12.7
2023-04-24 20:00:00,0.676,1016.2,12.3
2023-04-24 21:00:00,0.545,1016.4,12.1
2023-04-24 22:00:00,0.507,1016.7,12.3
2023-04-24 23:00:00,0.592,1016.9,12.2
2023-04-25 00:00:00,0.851,1017.3,12.2
2023-04-25 01:00:00,1.157,1018.1,12.3
2023-04-25 02:00:00,1.396,1018.6,12.0
2023-04-25 03:00:00,1.533,1018.9,12.0
2023-04-25 04:00:00,1.602,1019.4,12.0
2023-04-25 05:00:00,1.594,1019.9,12.0
2023-04-25 06:00:00,1.452,1019.6,12.0
2023-04-25 07:00:00,1.203,1019.5,12.0
2023-04-25 08:00:00,0.865,1019.9,12.0
2023-04-25 09:00:00,0.598,1020.1,12.0
2023-04-25 10:00:00,0.414,1020.3,12.0
2023-04-25 11:00:00,0.359,1020.8,12.0
2023-04-25 12:00:00,0.509,1021.3,12.0
2023-04-25 13:00:00,0.765,1021.5,12.0
2023-04-25 14:00:00,1.036,1021.8,12.0
2023-04-25 15:00:00,1.24,1022.0,11.8
2023-04-25 16:00:00,1.339,1021.9,12.0
2023-04-25 17:00:00,1.383,1021.7,11.9
2023-04-25 18:00:00,1.314,1021.3,12.2
2023-04-25 19:00:00,1.152,1021.2,12.3
2023-04-25 20:00:00,0.949,1021.2,12.4
2023-04-25 21:00:00,0.759,1021.4,12.2
2023-04-25 22:00:00,0.651,1021.5,12.1
2023-04-25 23:00:00,0.559,1021.5,12.1
2023-04-26 00:00:00,0.635,1021.9,12.1
2023-04-26 01:00:00,0.855,1022.4,12.0
2023-04-26 02:00:00,1.141,1022.7,12.1
2023-04-26 03:00:00,1.371,1022.8,12.1
2023-04-26 04:00:00,1.495,1023.3,11.9
2023-04-26 05:00:00,1.577,1023.4,12.0
2023-04-26 06:00:00,1.526,1023.2,11.7
2023-04-26 07:00:00,1.351,1023.1,12.1
2023-04-26 08:00:00,1.064,1023.1,12.1
2023-04-26 09:00:00,0.783,1023.3,12.0
2023-04-26 10:00:00,0.621,1024.1,12.0
2023-04-26 11:00:00,0.519,1024.3,12.0
2023-04-26 12:00:00,0.487,1024.7,12.0
2023-04-26 13:00:00,0.601,1024.5,11.9
2023-04-26 14:00:00,0.803,1024.0,12.0
2023-04-26 15:00:00,1.027,1024.2,12.1
2023-04-26 16:00:00,1.222,1024.5,11.8
2023-04-26 17:00:00,1.35,1023.9,12.0
2023-04-26 18:00:00,1.397,1023.5,11.9
2023-04-26 19:00:00,1.301,1023.1,12.0
2023-04-26 20:00:00,1.151,1022.5,12.2
2023-04-26 21:00:00,0.936,1022.2,12.8
2023-04-26 22:00:00,0.796,1022.3,12.3
2023-04-26 23:00:00,0.716,1022.3,12.1
2023-04-27 00:00:00,0.692,1023.0,12.0
2023-04-27 01:00:00,0.764,1023.2,12.1
2023-04-27 02:00:00,0.921,1023.3,12.0
2023-04-27 03:00:00,1.159,1023.1,11.9
2023-04-27 04:00:00,1.351,1023.1,12.1
2023-04-27 05:00:00,1.484,1022.7,11.8
2023-04-27 06:00:00,1.555,1022.3,11.9
2023-04-27 07:00:00,1.491,1022.3,12.1
2023-04-27 08:00:00,1.301,1022.3,12.2
2023-04-27 09:00:00,1.052,1022.5,12.3
2023-04-27 10:00:00,0.807,1022.7,12.2
2023-04-27 11:00:00,0.648,1023.3,12.0
2023-04-27 12:00:00,0.542,1023.7,12.0
2023-04-27 13:00:00,0.51,1023.5,12.0
2023-04-27 14:00:00,0.627,1023.8,12.0
2023-04-27 15:00:00,0.83,1023.9,12.1
2023-04-27 16:00:00,1.027,1023.5,12.0
2023-04-27 17:00:00,1.189,1023.6,12.1
2023-04-27 18:00:00,1.28,1023.5,11.6
2023-04-27 19:00:00,1.294,1023.1,11.7
2023-04-27 20:00:00,1.188,1022.9,11.9
2023-04-27 21:00:00,1.074,1022.5,12.1
2023-04-27 22:00:00,0.9,1022.7,12.3
2023-04-27 23:00:00,0.749,1022.7,12.0
2023-04-28 00:00:00,0.669,1022.4,11.9
2023-04-28 01:00:00,0.65,1022.7,11.9
2023-04-28 02:00:00,0.732,1023.4,11.9
2023-04-28 03:00:00,0.911,1023.2,11.8
2023-04-28 04:00:00,1.147,1023.1,11.8
2023-04-28 05:00:00,1.317,1023.1,12.0
2023-04-28 06:00:00,1.412,1022.5,11.5
2023-04-28 07:00:00,1.441,1022.0,11.8
2023-04-28 08:00:00,1.38,1022.4,11.9
2023-04-28 09:00:00,1.226,1022.1,12.0
2023-04-28 10:00:00,1.043,1022.2,11.9
2023-04-28 11:00:00,0.826,1022.1,11.8
2023-04-28 12:00:00,0.694,1022.0,11.8
2023-04-28 13:00:00,0.592,1021.6,11.9
2023-04-28 14:00:00,0.621,1021.7,11.8
2023-04-28 15:00:00,0.773,1022.1,11.8
2023-04-28 16:00:00,0.908,1022.3,11.8
2023-04-28 17:00:00,1.104,1021.8,11.8
2023-04-28 18:00:00,1.238,1021.6,11.5
2023-04-28 19:00:00,1.337,1020.6,11.4
2023-04-28 20:00:00,1.379,1019.7,11.6
2023-04-28 21:00:00,1.347,1019.1,11.7
2023-04-28 22:00:00,1.307,1019.1,11.7
2023-04-28 23:00:00,1.133,1019.2,11.7
2023-04-29 00:00:00,0.915,1018.9,11.7
2023-04-29 01:00:00,0.83,1018.6,11.5
2023-04-29 02:00:00,0.805,1018.6,11.6
2023-04-29 03:00:00,0.896,1017.4,11.6
2023-04-29 04:00:00,1.075,1017.1,11.6
2023-04-29 05:00:00,1.347,1016.4,11.6
2023-04-29 06:00:00,1.534,1015.6,11.6
2023-04-29 07:00:00,1.636,1014.3,11.4
2023-04-29 08:00:00,1.685,1014.0,11.5
2023-04-29 09:00:00,1.661,1013.8,11.5
2023-04-29 10:00:00,1.561,1013.4,11.5
2023-04-29 11:00:00,1.423,1013.1,11.5
2023-04-29 12:00:00,1.229,1012.9,11.5
2023-04-29 13:00:00,1.056,1013.1,11.5
2023-04-29 14:00:00,0.923,1012.8,11.6
2023-04-29 15:00:00,0.877,1012.6,11.6
2023-04-29 16:00:00,0.995,1012.1,11.6
2023-04-29 17:00:00,1.162,1011.7,11.6
2023-04-29 18:00:00,1.32,1011.4,11.6
2023-04-29 19:00:00,1.504,1011.0,11.6
2023-04-29 20:00:00,1.649,1010.2,11.6
2023-04-29 21:00:00,1.698,1010.1,11.5
2023-04-29 22:00:00,1.62,1010.3,11.5
2023-04-29 23:00:00,1.533,1010.7,11.6
2023-04-30 00:00:00,1.305,1010.4,11.6
2023-04-30 01:00:00,1.126,1010.7,11.6
2023-04-30 02:00:00,0.93,1010.3,11.6
2023-04-30 03:00:00,0.827,1009.9,11.6
2023-04-30 04:00:00,0.871,1008.9,11.6
2023-04-30 05:00:00,1.097,1008.7,11.6
2023-04-30 06:00:00,1.314,1007.9,11.7
2023-04-30 07:00:00,1.555,1007.3,11.7
2023-04-30 08:00:00,1.647,1006.7,11.7
2023-04-30 09:00:00,1.617,1005.8,11.6
2023-04-30 10:00:00,1.511,1006.2,11.7
2023-04-30 11:00:00,1.421,1006.7,11.7
2023-04-30 12:00:00,1.195,1005.2,11.7
2023-04-30 13:00:00,0.988,1003.8,11.7
2023-04-30 14:00:00,0.833,1003.8,11.7
2023-04-30 15:00:00,0.707,1003.1,11.7
2023-04-30 16:00:00,0.685,1001.1,11.7
2023-04-30 17:00:00,0.832,999.5,11.7
2023-04-30 18:00:00,1.101,997.3,11.8
2023-04-30 19:00:00,1.366,995.6,11.7
2023-04-30 20:00:00,1.634,994.3,11.7
2023-04-30 21:00:00,1.814,993.0,11.6
2023-04-30 22:00:00,1.892,992.1,11.8
2023-04-30 23:00:00,1.748,990.1,11.9
2023-05-01 00:00:00,1.516,988.3,11.8
2023-05-01 01:00:00,1.233,987.1,11.9
2023-05-01 02:00:00,1.077,985.4,11.8
2023-05-01 03:00:00,0.99,983.8,11.8
2023-05-01 04:00:00,1.034,982.7,11.9
2023-05-01 05:00:00,1.106,982.8,11.8
2023-05-01 06:00:00,1.246,983.7,11.8
2023-05-01 07:00:00,1.439,985.8,11.7
2023-05-01 08:00:00,1.352,987.3,11.8
2023-05-01 09:00:00,1.362,989.3,11.7
2023-05-01 10:00:00,1.503,990.3,11.7
2023-05-01 11:00:00,1.613,992.0,11.8
2023-05-01 12:00:00,1.428,993.0,11.8
2023-05-01 13:00:00,1.103,993.4,11.9
2023-05-01 14:00:00,0.875,993.7,11.9
2023-05-01 15:00:00,0.7,994.2,11.9
2023-05-01 16:00:00,0.57,994.4,11.9
2023-05-01 17:00:00,0.556,994.5,11.9
2023-05-01 18:00:00,0.724,994.7,12.0
2023-05-01 19:00:00,1.006,994.7,12.2
2023-05-01 20:00:00,1.424,994.5,12.1
2023-05-01 21:00:00,1.64,994.8,12.2
2023-05-01 22:00:00,1.673,995.8,12.2
2023-05-01 23:00:00,1.613,995.9,12.2
2023-05-02 00:00:00,1.486,996.7,12.3
2023-05-02 01:00:00,1.282,997.3,12.2
2023-05-02 02:00:00,0.952,997.5,12.2
2023-05-02 03:00:00,0.745,996.9,12.2
2023-05-02 04:00:00,0.598,996.4,12.1
2023-05-02 05:00:00,0.62,996.9,12.0
2023-05-02 06:00:00,0.743,995.9,12.1
2023-05-02 07:00:00,1.038,995.6,12.1
2023-05-02 08:00:00,1.376,995.2,12.1
2023-05-02 09:00:00,1.485,995.1,11.7
2023-05-02 10:00:00,1.595,995.0,11.8
2023-05-02 11:00:00,1.625,995.7,12.0
2023-05-02 12:00:00,1.642,995.8,12.0
2023-05-02 13:00:00,1.419,995.6,11.9
2023-05-02 14:00:00,1.173,995.2,12.0
2023-05-02 15:00:00,0.818,995.5,12.0
2023-05-02 16:00:00,0.512,995.6,12.0
2023-05-02 17:00:00,0.418,995.8,12.1
2023-05-02 18:00:00,0.533,995.7,12.1
2023-05-02 19:00:00,0.922,995.9,12.1
2023-05-02 20:00:00,1.285,995.9,12.2
2023-05-02 21:00:00,1.5,996.0,11.8
2023-05-02 22:00:00,1.601,996.6,12.0
2023-05-02 23:00:00,1.661,997.0,12.1
2023-05-03 00:00:00,1.624,997.6,12.0
2023-05-03 01:00:00,1.484,998.4,12.1
2023-05-03 02:00:00,1.213,998.6,12.1
2023-05-03 03:00:00,0.861,998.6,12.1
2023-05-03 04:00:00,0.597,998.8,12.1
2023-05-03 05:00:00,0.412,998.7,12.1
2023-05-03 06:00:00,0.403,998.2,12.1
2023-05-03 07:00:00,0.655,998.0,12.0
2023-05-03 08:00:00,1.015,997.8,12.1
2023-05-03 09:00:00,1.351,997.9,12.1
2023-05-03 10:00:00,1.548,998.1,11.9
2023-05-03 11:00:00,1.62,998.4,11.9
2023-05-03 12:00:00,1.608,998.7,12.0
2023-05-03 13:00:00,1.465,999.2,12.0
2023-05-03 14:00:00,1.229,999.6,12.0
2023-05-03 15:00:00,0.91,999.7,12.1
2023-05-03 16:00:00,0.652,999.6,12.0
2023-05-03 17:00:00,0.463,999.3,12.1
2023-05-03 18:00:00,0.402,999.2,12.2
2023-05-03 19:00:00,0.674,999.0,12.2
2023-05-03 20:00:00,1.086,998.8,12.3
2023-05-03 21:00:00,1.492,999.3,12.2
2023-05-03 22:00:00,1.718,1000.0,12.0
2023-05-03 23:00:00,1.785,1000.6,12.0
2023-05-04 00:00:00,1.899,1001.5,12.0
2023-05-04 01:00:00,1.779,1002.3,12.1
2023-05-04 02:00:00,1.504,1002.9,12.1
2023-05-04 03:00:00,1.097,1003.1,12.1
2023-05-04 04:00:00,0.775,1003.2,12.0
2023-05-04 05:00:00,0.521,1003.4,12.1
2023-05-04 06:00:00,0.402,1003.7,12.0
2023-05-04 07:00:00,0.475,1003.8,12.0
2023-05-04 08:00:00,0.76,1004.7,12.0
2023-05-04 09:00:00,1.123,1005.5,12.1
2023-05-04 10:00:00,1.475,1006.6,11.8
2023-05-04 11:00:00,1.67,1007.7,11.9
2023-05-04 12:00:00,1.76,1008.8,11.9
2023-05-04 13:00:00,1.682,1009.8,11.8
2023-05-04 14:00:00,1.481,1010.6,12.0
2023-05-04 15:00:00,1.172,1011.6,12.0
2023-05-04 16:00:00,0.821,1012.3,12.0
2023-05-04 17:00:00,0.561,1012.8,11.9
2023-05-04 18:00:00,0.388,1013.3,12.1
2023-05-04 19:00:00,0.433,1013.7,12.0
2023-05-04 20:00:00,0.78,1013.8,12.1
2023-05-04 21:00:00,1.236,1014.3,12.1
2023-05-04 22:00:00,1.637,1015.0,11.9
2023-05-04 23:00:00,1.865,1015.7,12.0
2023-05-05 00:00:00,1.951,1016.3,11.9
2023-05-05 01:00:00,1.919,1017.1,12.0
2023-05-05 02:00:00,1.692,1017.8,12.0
2023-05-05 03:00:00,1.34,1018.1,11.9
2023-05-05 04:00:00,0.914,1018.3,12.0
2023-05-05 05:00:00,0.579,1018.7,11.9
2023-05-05 06:00:00,0.332,1019.0,12.0
2023-05-05 07:00:00,0.214,1019.1,12.0
2023-05-05 08:00:00,0.358,1019.4,12.0
2023-05-05 09:00:00,0.695,1019.6,12.0
2023-05-05 10:00:00,1.102,1020.3,12.0
2023-05-05 11:00:00,1.433,1021.3,11.9
2023-05-05 12:00:00,1.587,1022.1,11.9
2023-05-05 13:00:00,1.621,1022.8,11.9
2023-05-05 14:00:00,1.52,1023.3,11.8
2023-05-05 15:00:00,1.234,1023.4,12.1
2023-05-05 16:00:00,0.834,1023.4,12.3
2023-05-05 17:00:00,0.513,1022.8,12.1
2023-05-05 18:00:00,0.28,1022.8,12.2
2023-05-05 19:00:00,0.17,1022.7,12.4
2023-05-05 20:00:00,0.352,1022.3,12.6
2023-05-05 21:00:00,0.769,1022.3,12.7
2023-05-05 22:00:00,1.256,1022.9,12.4
2023-05-05 23:00:00,1.595,1023.2,12.3
2023-05-06 00:00:00,1.787,1023.7,12.3
2023-05-06 01:00:00,1.911,1024.1,12.1
2023-05-06 02:00:00,1.851,1024.2,12.3
2023-05-06 03:00:00,1.527,1024.3,12.4
2023-05-06 04:00:00,1.1,1024.7,12.3
2023-05-06 05:00:00,0.673,1024.6,12.2
2023-05-06 06:00:00,0.377,1024.4,12.3
2023-05-06 07:00:00,0.162,1024.3,12.2
2023-05-06 08:00:00,0.05,1024.4,12.2
2023-05-06 09:00:00,0.267,1024.6,12.2
2023-05-06 10:00:00,0.656,1024.8,12.2
2023-05-06 11:00:00,1.111,1025.2,12.2
2023-05-06 12:00:00,1.388,1025.4,12.1
2023-05-06 13:00:00,1.489,1025.3,12.2
2023-05-06 14:00:00,1.483,1025.1,12.1
2023-05-06 15:00:00,1.3,1024.6,12.2
2023-05-06 16:00:00,0.971,1024.2,12.6
2023-05-06 17:00:00,0.589,1023.1,12.9
2023-05-06 18:00:00,0.299,1022.4,12.8
2023-05-06 19:00:00,0.081,1021.6,12.8
2023-05-06 20:00:00,0.061,1020.9,13.3
2023-05-06 21:00:00,0.321,1020.5,12.8
2023-05-06 22:00:00,0.807,1020.1,13.0
2023-05-06 23:00:00,1.312,1020.0,12.5
2023-05-07 00:00:00,1.598,1020.2,12.6
2023-05-07 01:00:00,1.776,1020.6,12.5
2023-05-07 02:00:00,1.846,1020.6,12.6
2023-05-07 03:00:00,1.688,1020.6,12.7
2023-05-07 04:00:00,1.314,1020.4,12.7
2023-05-07 05:00:00,0.852,1020.2,12.6
2023-05-07 06:00:00,0.489,1019.9,12.6
2023-05-07 07:00:00,0.218,1019.5,12.6
2023-05-07 08:00:00,0.0,1019.8,12.6
2023-05-07 09:00:00,-0.008,1019.7,12.6
2023-05-07 10:00:00,0.298,1019.4,12.5
2023-05-07 11:00:00,0.738,1019.6,12.6
2023-05-07 12:00:00,1.169,1018.9,12.5
2023-05-07 13:00:00,1.381,1018.6,12.5
2023-05-07 14:00:00,1.502,1018.1,12.4
2023-05-07 15:00:00,1.508,1017.5,12.5
2023-05-07 16:00:00,1.274,1016.6,12.8
2023-05-07 17:00:00,0.919,1015.4,13.1
2023-05-07 18:00:00,0.558,1014.4,13.6
2023-05-07 19:00:00,0.323,1013.4,13.2
2023-05-07 20:00:00,0.174,1012.2,13.1
2023-05-07 21:00:00,0.266,1011.3,13.6
2023-05-07 22:00:00,0.637,1010.7,13.2
2023-05-07 23:00:00,1.128,1010.1,13.3
2023-05-08 00:00:00,1.545,1009.9,12.9
2023-05-08 01:00:00,1.747,1009.5,12.9
2023-05-08 02:00:00,1.869,1009.3,12.7
2023-05-08 03:00:00,1.914,1008.9,13.0
2023-05-08 04:00:00,1.716,1008.7,13.1
2023-05-08 05:00:00,1.38,1008.5,13.0
2023-05-08 06:00:00,0.93,1007.7,13.2
2023-05-08 07:00:00,0.544,1007.6,13.2
2023-05-08 08:00:00,0.282,1008.2,13.1
2023-05-08 09:00:00,0.114,1008.2,13.1
2023-05-08 10:00:00,0.206,1008.1,13.0
2023-05-08 11:00:00,0.537,1008.4,13.1
2023-05-08 12:00:00,0.952,1008.8,13.0
2023-05-08 13:00:00,1.304,1009.4,12.9
2023-05-08 14:00:00,1.521,1008.9,12.8
2023-05-08 15:00:00,1.639,1009.1,12.7
2023-05-08 16:00:00,1.508,1009.1,12.8
2023-05-08 17:00:00,1.166,1009.1,13.1
2023-05-08 18:00:00,0.797,1008.4,13.7
2023-05-08 19:00:00,0.536,1008.0,13.5
2023-05-08 20:00:00,0.345,1007.8,13.6
2023-05-08 21:00:00,0.251,1007.8,13.7
2023-05-08 22:00:00,0.385,1007.8,14.0
2023-05-08 23:00:00,0.732,1008.0,14.1
2023-05-09 00:00:00,1.173,1008.8,13.8
2023-05-09 01:00:00,1.542,1009.7,13.2
2023-05-09 02:00:00,1.749,1011.1,13.1
2023-05-09 03:00:00,1.831,1011.6,13.0
2023-05-09 04:00:00,1.817,1012.1,13.1
2023-05-09 05:00:00,1.563,1012.2,13.4
2023-05-09 06:00:00,1.214,1011.9,13.2
2023-05-09 07:00:00,0.779,1011.9,13.3
2023-05-09 08:00:00,0.472,1012.4,13.2
2023-05-09 09:00:00,0.249,1012.8,13.2
2023-05-09 10:00:00,0.144,1013.0,13.2
2023-05-09 11:00:00,0.369,1013.8,13.2
2023-05-09 12:00:00,0.72,1014.2,13.2
2023-05-09 13:00:00,1.097,1014.7,13.3
2023-05-09 14:00:00,1.368,1015.3,13.1
2023-05-09 15:00:00,1.487,1015.2,13.2
2023-05-09 16:00:00,1.594,1015.2,13.0
2023-05-09 17:00:00,1.474,1015.5,13.1
2023-05-09 18:00:00,1.195,1015.0,13.3
2023-05-09 19:00:00,0.835,1014.8,14.3
2023-05-09 20:00:00,0.589,1014.5,13.7
2023-05-09 21:00:00,0.411,1014.7,13.5
2023-05-09 22:00:00,0.389,1014.8,13.9
2023-05-09 23:00:00,0.517,1015.4,13.8
2023-05-10 00:00:00,0.816,1016.1,13.7
2023-05-10 01:00:00,1.241,1017.5,13.8
2023-05-10 02:00:00,1.554,1018.5,13.2
2023-05-10 03:00:00,1.757,1019.1,13.2
2023-05-10 04:00:00,1.835,1019.9,13.0
2023-05-10 05:00:00,1.758,1020.0,13.3
2023-05-10 06:00:00,1.452,1020.0,13.5
2023-05-10 07:00:00,1.104,1020.4,13.4
2023-05-10 08:00:00,0.72,1020.6,13.4
2023-05-10 09:00:00,0.45,1020.7,13.3
2023-05-10 10:00:00,0.236,1021.3,13.3
2023-05-10 11:00:00,0.137,1022.1,13.3
2023-05-10 12:00:00,0.243,1022.4,13.4
2023-05-10 13:00:00,0.525,1022.7,13.3
2023-05-10 14:00:00,0.876,1022.7,13.5
2023-05-10 15:00:00,1.208,1022.4,13.3
2023-05-10 16:00:00,1.385,1021.8,13.4
2023-05-10 17:00:00,1.414,1021.1,13.4
2023-05-10 18:00:00,1.282,1020.5,13.2
2023-05-10 19:00:00,1.072,1019.8,13.8
2023-05-10 20:00:00,0.759,1019.2,14.1
2023-05-10 21:00:00,0.504,1019.0,14.2
2023-05-10 22:00:00,0.32,1018.8,14.0
2023-05-10 23:00:00,0.248,1018.5,13.9
2023-05-11 00:00:00,0.407,1018.6,14.1
2023-05-11 01:00:00,0.739,1019.2,13.9
2023-05-11 02:00:00,1.099,1019.5,13.9
2023-05-11 03:00:00,1.344,1019.5,13.4
2023-05-11 04:00:00,1.495,1019.5,13.5
2023-05-11 05:00:00,1.595,1019.6,13.5
2023-05-11 06:00:00,1.536,1019.9,13.5
2023-05-11 07:00:00,1.322,1019.9,13.8
2023-05-11 08:00:00,0.964,1019.4,13.9
2023-05-11 09:00:00,0.616,1019.7,13.8
2023-05-11 10:00:00,0.353,1020.4,13.7
2023-05-11 11:00:00,0.153,1020.9,13.8
2023-05-11 12:00:00,0.046,1021.3,13.9
2023-05-11 13:00:00,0.174,1021.5,13.7
2023-05-11 14:00:00,0.456,1021.5,13.7
2023-05-11 15:00:00,0.821,1021.0,14.0
2023-05-11 16:00:00,1.141,1020.0,13.3
2023-05-11 17:00:00,1.342,1019.4,13.6
2023-05-11 18:00:00,1.399,1018.9,13.6
2023-05-11 19:00:00,1.259,1018.3,13.8
2023-05-11 20:00:00,1.033,1017.5,14.4
2023-05-11 21:00:00,0.728,1017.1,14.2
2023-05-11 22:00:00,0.538,1016.9,14.3
2023-05-11 23:00:00,0.39,1016.9,14.1
2023-05-12 00:00:00,0.313,1017.3,14.2
2023-05-12 01:00:00,0.423,1017.7,14.0
2023-05-12 02:00:00,0.696,1018.0,14.0
2023-05-12 03:00:00,1.013,1018.3,14.2
2023-05-12 04:00:00,1.278,1018.6,13.9
2023-05-12 05:00:00,1.491,1018.5,13.9
2023-05-12 06:00:00,1.6,1018.2,13.7
2023-05-12 07:00:00,1.568,1018.2,13.6
2023-05-12 08:00:00,1.364,1018.4,14.0
2023-05-12 09:00:00,1.049,1018.2,14.2
2023-05-12 10:00:00,0.666,1018.8,14.1
2023-05-12 11:00:00,0.405,1019.2,14.0
2023-05-12 12:00:00,0.194,1019.3,14.2
2023-05-12 13:00:00,0.102,1019.2,14.2
2023-05-12 14:00:00,0.292,1019.1,14.5
2023-05-12 15:00:00,0.594,1019.2,14.3
2023-05-12 16:00:00,0.938,1018.8,14.1
2023-05-12 17:00:00,1.195,1018.1,13.4
2023-05-12 18:00:00,1.357,1017.3,13.9
2023-05-12 19:00:00,1.421,1016.6,13.8
2023-05-12 20:00:00,1.337,1016.0,14.1
2023-05-12 21:00:00,1.134,1015.8,14.4
2023-05-12 22:00:00,0.885,1015.7,14.5
2023-05-12 23:00:00,0.655,1015.5,14.5
2023-05-13 00:00:00,0.469,1015.9,14.5
2023-05-13 01:00:00,0.313,1016.4,14.5
2023-05-13 02:00:00,0.348,1016.7,14.2
2023-05-13 03:00:00,0.597,1016.4,14.2
2023-05-13 04:00:00,0.93,1016.4,14.5
2023-05-13 05:00:00,1.276,1016.3,13.9
2023-05-13 06:00:00,1.526,1015.9,14.2
2023-05-13 07:00:00,1.611,1015.8,13.8
2023-05-13 08:00:00,1.532,1015.8,14.0
2023-05-13 09:00:00,1.319,1015.7,13.7
2023-05-13 10:00:00,1.038,1015.8,14.2
2023-05-13 11:00:00,0.718,1016.3,14.3
2023-05-13 12:00:00,0.468,1016.6,14.0
2023-05-13 13:00:00,0.259,1016.7,14.5
2023-05-13 14:00:00,0.108,1016.8,14.7
2023-05-13 15:00:00,0.234,1016.9,14.7
2023-05-13 16:00:00,0.576,1016.6,14.2
2023-05-13 17:00:00,0.946,1016.2,14.6
2023-05-13 18:00:00,1.251,1015.7,13.6
2023-05-13 19:00:00,1.429,1015.3,14.1
2023-05-13 20:00:00,1.51,1014.6,14.0
2023-05-13 21:00:00,1.423,1014.6,14.2
2023-05-13 22:00:00,1.217,1014.8,14.5
2023-05-13 23:00:00,0.915,1015.2,14.1
2023-05-14 00:00:00,0.647,1015.6,14.4
2023-05-14 01:00:00,0.429,1016.5,14.3
2023-05-14 02:00:00,0.259,1017.5,14.4
2023-05-14 03:00:00,0.279,1018.2,14.4
2023-05-14 04:00:00,0.545,1019.0,14.2
2023-05-14 05:00:00,0.894,1019.1,14.3
2023-05-14 06:00:00,1.19,1019.5,13.9
2023-05-14 07:00:00,1.384,1019.9,14.0
2023-05-14 08:00:00,1.497,1020.5,13.9
2023-05-14 09:00:00,1.541,1020.7,13.6
2023-05-14 10:00:00,1.375,1021.6,13.7
2023-05-14 11:00:00,1.109,1022.6,13.8
2023-05-14 12:00:00,0.719,1022.9,14.0
2023-05-14 13:00:00,0.433,1023.1,14.0
2023-05-14 14:00:00,0.25,1023.0,14.0
2023-05-14 15:00:00,0.223,1022.6,14.1
2023-05-14 16:00:00,0.406,1022.0,14.7
2023-05-14 17:00:00,0.771,1021.4,14.3
2023-05-14 18:00:00,1.116,1021.0,14.8
2023-05-14 19:00:00,1.393,1020.4,14.0
2023-05-14 20:00:00,1.587,1020.1,14.0
2023-05-14 21:00:00,1.688,1020.3,13.9
2023-05-14 22:00:00,1.581,1020.7,14.1
2023-05-14 23:00:00,1.341,1021.0,13.9
2023-05-15 00:00:00,1.0,1021.9,14.2
2023-05-15 01:00:00,0.691,1023.0,14.3
2023-05-15 02:00:00,0.438,1024.0,14.4
2023-05-15 03:00:00,0.196,1024.4,14.4
2023-05-15 04:00:00,0.138,1024.5,14.3
2023-05-15 05:00:00,0.372,1024.9,14.3
2023-05-15 06:00:00,0.756,1024.9,14.3
2023-05-15 07:00:00,1.175,1025.3,14.1
2023-05-15 08:00:00,1.4,1025.7,13.9
2023-05-15 09:00:00,1.46,1025.5,13.9
2023-05-15 10:00:00,1.425,1025.7,13.5
2023-05-15 11:00:00,1.228,1025.9,13.8
2023-05-15 12:00:00,0.928,1026.2,14.0
2023-05-15 13:00:00,0.562,1025.9,14.2
2023-05-15 14:00:00,0.26,1025.5,14.0
2023-05-15 15:00:00,0.075,1024.7,14.5
2023-05-15 16:00:00,-0.025,1023.7,14.7
2023-05-15 17:00:00,0.155,1022.4,15.2
2023-05-15 18:00:00,0.537,1021.0,15.1
2023-05-15 19:00:00,0.97,1019.8,14.9
2023-05-15 20:00:00,1.334,1018.6,14.1
2023-05-15 21:00:00,1.556,1017.8,14.2
2023-05-15 22:00:00,1.663,1017.1,13.9
2023-05-15 23:00:00,1.526,1016.3,14.6
2023-05-16 00:00:00,1.211,1016.3,14.7
2023-05-16 01:00:00,0.863,1016.3,14.5
2023-05-16 02:00:00,0.565,1016.3,14.4
2023-05-16 03:00:00,0.267,1015.7,14.4
2023-05-16 04:00:00,0.07,1015.3,14.4
2023-05-16 05:00:00,0.023,1014.7,14.3
2023-05-16 06:00:00,0.323,1013.9,14.4
2023-05-16 07:00:00,0.732,1013.2,14.3
2023-05-16 08:00:00,1.13,1012.9,14.2
2023-05-16 09:00:00,1.368,1012.4,13.9
2023-05-16 10:00:00,1.484,1012.0,13.8
2023-05-16 11:00:00,1.444,1011.8,13.9
2023-05-16 12:00:00,1.203,1011.5,13.9
2023-05-16 13:00:00,0.847,1011.0,14.0
2023-05-16 14:00:00,0.479,1010.0,14.5
2023-05-16 15:00:00,0.208,1008.8,14.3
2023-05-16 16:00:00,0.018,1007.6,14.2
2023-05-16 17:00:00,-0.033,1006.2,15.0
2023-05-16 18:00:00,0.21,1005.0,15.1
2023-05-16 19:00:00,0.7,1003.8,14.9
2023-05-16 20:00:00,1.168,1002.6,14.5
2023-05-16 21:00:00,1.493,1001.6,14.3
2023-05-16 22:00:00,1.665,1000.9,14.4
2023-05-16 23:00:00,1.7,1000.4,14.7
2023-05-17 00:00:00,1.546,1000.4,14.4
2023-05-17 01:00:00,1.258,1000.5,14.4
2023-05-17 02:00:00,0.877,1000.7,14.2
2023-05-17 03:00:00,0.548,1000.4,14.4
2023-05-17 04:00:00,0.265,1000.3,14.5
2023-05-17 05:00:00,0.093,1000.5,14.4
2023-05-17 06:00:00,0.13,1000.4,14.4
2023-05-17 07:00:00,0.469,1001.0,14.4
2023-05-17 08:00:00,0.844,1001.3,14.4
2023-05-17 09:00:00,1.229,1002.0,14.1
2023-05-17 10:00:00,1.432,1003.3,14.1
2023-05-17 11:00:00,1.53,1004.6,14.2
2023-05-17 12:00:00,1.498,1005.7,14.0
2023-05-17 13:00:00,1.226,1006.6,14.2
2023-05-17 14:00:00,0.84,1007.4,14.2
2023-05-17 15:00:00,0.483,1008.5,14.4
2023-05-17 16:00:00,0.262,1009.1,14.5
2023-05-17 17:00:00,0.081,1009.1,14.6
2023-05-17 18:00:00,0.166,1009.3,14.8
2023-05-17 19:00:00,0.508,1009.8,15.0
2023-05-17 20:00:00,0.945,1010.6,14.8
2023-05-17 21:00:00,1.37,1011.6,14.3
2023-05-17 22:00:00,1.662,1012.6,14.5
2023-05-17 23:00:00,1.808,1013.5,14.4
2023-05-18 00:00:00,1.842,1014.6,14.4
2023-05-18 01:00:00,1.644,1016.4,14.5
2023-05-18 02:00:00,1.308,1017.7,14.2
2023-05-18 03:00:00,0.823,1018.8,14.1
2023-05-18 04:00:00,0.487,1019.8,14.2
2023-05-18 05:00:00,0.24,1020.6,14.1
2023-05-18 06:00:00,0.097,1021.4,14.1
2023-05-18 07:00:00,0.172,1022.0,14.2
2023-05-18 08:00:00,0.54,1022.7,14.1
2023-05-18 09:00:00,0.944,1023.2,14.3
2023-05-18 10:00:00,1.327,1024.1,14.0
2023-05-18 11:00:00,1.58,1025.0,14.0
2023-05-18 12:00:00,1.691,1025.9,13.9
2023-05-18 13:00:00,1.593,1026.6,13.9
2023-05-18 14:00:00,1.255,1027.1,13.9
2023-05-18 15:00:00,0.85,1027.6,13.9
2023-05-18 16:00:00,0.482,1027.8,14.2
2023-05-18 17:00:00,0.251,1028.1,14.5
2023-05-18 18:00:00,0.101,1028.0,14.6
2023-05-18 19:00:00,0.152,1027.6,14.7
2023-05-18 20:00:00,0.533,1027.1,14.8
2023-05-18 21:00:00,0.99,1026.9,14.6
2023-05-18 22:00:00,1.441,1026.8,14.1
2023-05-18 23:00:00,1.694,1026.9,14.1
2023-05-19 00:00:00,1.806,1027.0,14.2
2023-05-19 01:00:00,1.773,1027.6,13.9
2023-05-19 02:00:00,1.513,1028.4,13.8
2023-05-19 03:00:00,1.13,1028.6,13.8
2023-05-19 04:00:00,0.7,1028.5,13.7
2023-05-19 05:00:00,0.385,1028.4,13.8
2023-05-19 06:00:00,0.121,1028.0,13.9
2023-05-19 07:00:00,-0.017,1027.4,13.9
2023-05-19 08:00:00,0.145,1027.6,14.0
2023-05-19 09:00:00,0.522,1027.4,14.1
2023-05-19 10:00:00,0.953,1027.6,14.0
2023-05-19 11:00:00,1.285,1028.0,14.0
2023-05-19 12:00:00,1.45,1028.2,13.9
2023-05-19 13:00:00,1.489,1028.2,13.9
2023-05-19 14:00:00,1.325,1028.4,13.9
2023-05-19 15:00:00,0.992,1028.1,13.9
2023-05-19 16:00:00,0.603,1027.7,14.0
2023-05-19 17:00:00,0.333,1027.3,14.6
2023-05-19 18:00:00,0.107,1026.9,14.7
2023-05-19 19:00:00,0.036,1026.5,15.0
2023-05-19 20:00:00,0.217,1025.6,15.1
2023-05-19 21:00:00,0.684,1025.0,15.1
2023-05-19 22:00:00,1.183,1025.3,14.7
2023-05-19 23:00:00,1.504,1025.1,14.4
2023-05-20 00:00:00,1.67,1024.9,14.4
2023-05-20 01:00:00,1.756,1025.2,14.1
2023-05-20 02:00:00,1.715,1025.2,14.1
2023-05-20 03:00:00,1.39,1024.8,13.7
2023-05-20 04:00:00,0.978,1024.0,13.9
2023-05-20 05:00:00,0.599,1023.6,14.0
2023-05-20 06:00:00,0.307,1022.6,14.0
2023-05-20 07:00:00,0.085,1021.9,14.1
2023-05-20 08:00:00,0.0,1021.5,14.2
2023-05-20 09:00:00,0.267,1020.9,14.4
2023-05-20 10:00:00,0.659,1020.9,14.5
2023-05-20 11:00:00,1.072,1020.3,14.2
2023-05-20 12:00:00,1.309,1020.1,14.3
2023-05-20 13:00:00,1.478,1020.0,14.1
2023-05-20 14:00:00,1.494,1019.3,14.2
2023-05-20 15:00:00,1.294,1018.7,14.2
2023-05-20 16:00:00,0.996,1017.8,14.2
2023-05-20 17:00:00,0.643,1016.9,14.2
2023-05-20 18:00:00,0.383,1015.9,14.4
2023-05-20 19:00:00,0.218,1014.8,14.5
2023-05-20 20:00:00,0.213,1013.8,14.6
2023-05-20 21:00:00,0.518,1013.4,14.8
2023-05-20 22:00:00,0.955,1012.7,14.8
2023-05-20 23:00:00,1.363,1012.2,14.7
2023-05-21 00:00:00,1.6,1012.1,14.4
2023-05-21 01:00:00,1.728,1011.8,14.3
2023-05-21 02:00:00,1.788,1011.9,14.4
2023-05-21 03:00:00,1.658,1011.7,14.3
2023-05-21 04:00:00,1.369,1011.3,14.2
2023-05-21 05:00:00,0.929,1011.6,14.2
2023-05-21 06:00:00,0.588,1011.5,14.4
2023-05-21 07:00:00,0.309,1011.8,14.4
2023-05-21 08:00:00,0.085,1012.3,14.4
2023-05-21 09:00:00,0.057,1012.5,14.4
2023-05-21 10:00:00,0.35,1013.3,14.5
2023-05-21 11:00:00,0.706,1014.2,14.5
2023-05-21 12:00:00,1.047,1014.4,14.3
2023-05-21 13:00:00,1.23,1014.7,14.4
2023-05-21 14:00:00,1.315,1014.2,14.4
2023-05-21 15:00:00,1.352,1014.3,14.3
2023-05-21 16:00:00,1.152,1014.1,14.4
2023-05-21 17:00:00,0.872,1014.2,14.8
2023-05-21 18:00:00,0.524,1014.1,15.0
2023-05-21 19:00:00,0.338,1013.9,15.1
2023-05-21 20:00:00,0.194,1014.1,15.0
2023-05-21 21:00:00,0.26,1014.4,15.0
2023-05-21 22:00:00,0.592,1014.9,15.2
2023-05-21 23:00:00,0.981,1015.3,15.2
2023-05-22 00:00:00,1.337,1015.7,14.4
2023-05-22 01:00:00,1.539,1016.4,14.4
2023-05-22 02:00:00,1.654,1017.1,14.6
2023-05-22 03:00:00,1.672,1017.4,14.6
2023-05-22 04:00:00,1.476,1017.7,14.7
2023-05-22 05:00:00,1.158,1018.1,14.6
2023-05-22 06:00:00,0.732,1018.1,14.4
2023-05-22 07:00:00,0.437,1018.3,14.6
2023-05-22 08:00:00,0.235,1018.5,14.6
2023-05-22 09:00:00,0.142,1018.7,14.6
2023-05-22 10:00:00,0.266,1019.5,14.6
2023-05-22 11:00:00,0.572,1020.2,14.7
2023-05-22 12:00:00,0.873,1020.7,14.7
2023-05-22 13:00:00,1.127,1021.3,14.4
2023-05-22 14:00:00,1.29,1021.4,14.5
2023-05-22 15:00:00,1.418,1022.0,14.6
2023-05-22 16:00:00,1.361,1022.3,14.3
2023-05-22 17:00:00,1.136,1022.4,14.4
2023-05-22 18:00:00,0.81,1022.5,15.0
2023-05-22 19:00:00,0.533,1022.4,15.1
2023-05-22 20:00:00,0.381,1022.5,15.1
2023-05-22 21:00:00,0.326,1022.7,15.6
2023-05-22 22:00:00,0.509,1023.2,15.4
2023-05-22 23:00:00,0.868,1023.8,15.4
2023-05-23 00:00:00,1.274,1024.4,15.2
2023-05-23 01:00:00,1.523,1024.8,14.9
2023-05-23 02:00:00,1.641,1025.5,14.8
2023-05-23 03:00:00,1.723,1025.7,14.9
2023-05-23 04:00:00,1.677,1026.1,14.7
2023-05-23 05:00:00,1.481,1026.2,14.9
2023-05-23 06:00:00,1.182,1026.3,14.8
2023-05-23 07:00:00,0.798,1026.5,14.6
2023-05-23 08:00:00,0.524,1026.6,14.8
2023-05-23 09:00:00,0.337,1026.9,14.8
2023-05-23 10:00:00,0.305,1027.0,14.8
2023-05-23 11:00:00,0.464,1027.7,14.8
2023-05-23 12:00:00,0.723,1028.0,14.9
2023-05-23 13:00:00,1.012,1028.0,14.9
2023-05-23 14:00:00,1.256,1027.9,14.5
2023-05-23 15:00:00,1.425,1027.6,14.6
2023-05-23 16:00:00,1.466,1027.7,14.8
2023-05-23 17:00:00,1.335,1027.5,14.6
2023-05-23 18:00:00,1.07,1027.4,15.2
2023-05-23 19:00:00,0.81,1027.1,15.2
2023-05-23 20:00:00,0.603,1026.6,15.3
2023-05-23 21:00:00,0.477,1026.3,15.4
2023-05-23 22:00:00,0.443,1025.7,15.7
2023-05-23 23:00:00,0.585,1025.2,15.6
2023-05-24 00:00:00,0.923,1025.0,15.5
2023-05-24 01:00:00,1.281,1025.0,15.1
2023-05-24 02:00:00,1.482,1025.1,15.0
2023-05-24 03:00:00,1.572,1024.4,15.1
2023-05-24 04:00:00,1.596,1023.4,14.8
2023-05-24 05:00:00,1.531,1022.9,14.8
2023-05-24 06:00:00,1.354,1022.4,14.9
2023-05-24 07:00:00,1.052,1021.9,15.0
2023-05-24 08:00:00,0.708,1021.6,14.8
2023-05-24 09:00:00,0.494,1021.2,14.9
2023-05-24 10:00:00,0.355,1021.1,15.0
2023-05-24 11:00:00,0.355,1020.9,15.0
2023-05-24 12:00:00,0.568,1020.5,15.1
2023-05-24 13:00:00,0.811,1019.7,15.2
2023-05-24 14:00:00,1.108,1019.1,15.3
2023-05-24 15:00:00,1.282,1018.4,14.9
2023-05-24 16:00:00,1.396,1017.5,14.9
2023-05-24 17:00:00,1.417,1016.6,15.1
2023-05-24 18:00:00,1.263,1015.8,15.7
2023-05-24 19:00:00,1.078,1014.9,15.6
2023-05-24 20:00:00,0.846,1014.4,15.1
2023-05-24 21:00:00,0.713,1014.0,16.4
2023-05-24 22:00:00,0.577,1013.6,15.5
2023-05-24 23:00:00,0.561,1013.1,15.6
2023-05-25 00:00:00,0.736,1015.0,15.7
2023-05-25 01:00:00,0.979,1016.0,15.6
2023-05-25 02:00:00,1.268,1016.7,15.8
2023-05-25 03:00:00,1.411,1017.3,14.8
2023-05-25 04:00:00,1.46,1017.3,15.3
2023-05-25 05:00:00,1.414,1017.7,15.0
2023-05-25 06:00:00,1.301,1017.8,15.0
2023-05-25 07:00:00,1.097,1018.4,15.3
2023-05-25 08:00:00,0.808,1018.7,15.2
2023-05-25 09:00:00,0.55,1019.2,15.2
2023-05-25 10:00:00,0.414,1019.8,15.3
2023-05-25 11:00:00,0.331,1020.6,15.2
2023-05-25 12:00:00,0.36,1020.8,15.3
2023-05-25 13:00:00,0.545,1021.2,15.3
2023-05-25 14:00:00,0.78,1021.2,15.4
2023-05-25 15:00:00,1.04,1021.0,15.5
2023-05-25 16:00:00,1.219,1021.1,15.4
2023-05-25 17:00:00,1.379,1021.0,15.4
2023-05-25 18:00:00,1.405,1020.6,15.4
2023-05-25 19:00:00,1.235,1020.4,15.6
2023-05-25 20:00:00,1.024,1020.1,15.7
2023-05-25 21:00:00,0.76,1019.8,15.6
2023-05-25 22:00:00,0.651,1019.8,16.0
2023-05-25 23:00:00,0.589,1020.2,15.8
2023-05-26 00:00:00,0.619,1020.9,15.6
2023-05-26 01:00:00,0.784,1021.4,15.5
2023-05-26 02:00:00,1.007,1022.2,15.4
2023-05-26 03:00:00,1.265,1022.4,15.5
2023-05-26 04:00:00,1.405,1022.7,15.5
2023-05-26 05:00:00,1.469,1023.2,15.4
2023-05-26 06:00:00,1.428,1023.2,15.4
2023-05-26 07:00:00,1.273,1023.4,15.3
2023-05-26 08:00:00,1.068,1023.6,15.3
2023-05-26 09:00:00,0.806,1023.9,15.4
2023-05-26 10:00:00,0.599,1024.6,15.3
2023-05-26 11:00:00,0.44,1025.0,15.3
2023-05-26 12:00:00,0.337,1025.7,15.3
2023-05-26 13:00:00,0.378,1026.2,15.6
2023-05-26 14:00:00,0.545,1026.1,15.5
2023-05-26 15:00:00,0.753,1026.1,15.5
2023-05-26 16:00:00,0.968,1025.7,15.8
2023-05-26 17:00:00,1.167,1025.2,15.5
2023-05-26 18:00:00,1.259,1024.8,15.5
2023-05-26 19:00:00,1.215,1024.4,15.7
2023-05-26 20:00:00,1.069,1024.1,16.2
2023-05-26 21:00:00,0.848,1023.8,16.4
2023-05-26 22:00:00,0.629,1023.7,16.2
2023-05-26 23:00:00,0.551,1023.9,16.0
2023-05-27 00:00:00,0.513,1024.3,15.8
2023-05-27 01:00:00,0.579,1024.8,15.8
2023-05-27 02:00:00,0.716,1025.3,15.6
2023-05-27 03:00:00,0.932,1025.7,15.7
2023-05-27 04:00:00,1.15,1025.9,15.8
2023-05-27 05:00:00,1.286,1026.0,15.8
2023-05-27 06:00:00,1.345,1025.9,15.8
2023-05-27 07:00:00,1.275,1025.9,15.8
2023-05-27 08:00:00,1.154,1025.7,15.6
2023-05-27 09:00:00,0.96,1025.7,15.9
2023-05-27 10:00:00,0.709,1026.4,16.0
2023-05-27 11:00:00,0.484,1026.9,15.8
2023-05-27 12:00:00,0.323,1027.4,15.9
2023-05-27 13:00:00,0.232,1027.4,15.9
2023-05-27 14:00:00,0.323,1027.2,15.9
2023-05-27 15:00:00,0.533,1027.2,15.8
2023-05-27 16:00:00,0.797,1026.7,16.3
2023-05-27 17:00:00,1.009,1026.2,16.0
2023-05-27 18:00:00,1.15,1025.7,15.6
2023-05-27 19:00:00,1.21,1025.4,16.0
2023-05-27 20:00:00,1.168,1025.0,16.5
2023-05-27 21:00:00,1.046,1024.9,16.9
2023-05-27 22:00:00,0.86,1024.7,16.6
2023-05-27 23:00:00,0.665,1024.7,16.5
2023-05-28 00:00:00,0.528,1024.9,16.5
2023-05-28 01:00:00,0.436,1025.2,16.5
2023-05-28 02:00:00,0.465,1025.5,16.3
2023-05-28 03:00:00,0.644,1025.4,16.2
2023-05-28 04:00:00,0.879,1025.2,16.0
2023-05-28 05:00:00,1.109,1024.6,16.1
2023-05-28 06:00:00,1.224,1024.1,16.3
2023-05-28 07:00:00,1.232,1023.7,16.1
2023-05-28 08:00:00,1.169,1023.4,16.1
2023-05-28 09:00:00,1.048,1023.2,16.3
2023-05-28 10:00:00,0.858,1023.1,16.2
2023-05-28 11:00:00,0.59,1023.2,16.4
2023-05-28 12:00:00,0.409,1023.1,16.2
2023-05-28 13:00:00,0.279,1022.8,16.4
2023-05-28 14:00:00,0.22,1022.2,16.4
2023-05-28 15:00:00,0.327,1021.8,16.3
2023-05-28 16:00:00,0.575,1021.3,16.3
2023-05-28 17:00:00,0.864,1020.6,16.8
2023-05-28 18:00:00,1.093,1019.8,15.8
2023-05-28 19:00:00,1.246,1019.1,16.4
2023-05-28 20:00:00,1.328,1018.3,16.6
2023-05-28 21:00:00,1.26,1017.4,17.9
2023-05-28 22:00:00,1.127,1016.7,16.6
2023-05-28 23:00:00,0.928,1016.5,17.3
2023-05-29 00:00:00,0.745,1016.2,16.9
2023-05-29 01:00:00,0.599,1016.5,16.8
2023-05-29 02:00:00,0.501,1016.8,16.8
2023-05-29 03:00:00,0.496,1016.8,16.8
2023-05-29 04:00:00,0.677,1016.1,16.8
2023-05-29 05:00:00,0.926,1016.0,16.4
2023-05-29 06:00:00,1.216,1015.0,16.5
2023-05-29 07:00:00,1.337,1014.6,16.4
2023-05-29 08:00:00,1.341,1014.4,16.1
2023-05-29 09:00:00,1.227,1014.4,16.0
2023-05-29 10:00:00,1.056,1014.8,16.7
2023-05-29 11:00:00,0.835,1015.3,16.4
2023-05-29 12:00:00,0.619,1015.8,16.4
2023-05-29 13:00:00,0.453,1016.3,16.5
2023-05-29 14:00:00,0.338,1016.8,16.6
2023-05-29 15:00:00,0.266,1017.3,16.7
2023-05-29 16:00:00,0.454,1017.6,17.3
2023-05-29 17:00:00,0.782,1017.6,17.4
2023-05-29 18:00:00,1.12,1017.5,17.0
2023-05-29 19:00:00,1.337,1017.6,16.7
2023-05-29 20:00:00,1.499,1017.6,16.7
2023-05-29 21:00:00,1.577,1017.6,16.9
2023-05-29 22:00:00,1.514,1018.2,16.5
2023-05-29 23:00:00,1.329,1018.8,16.6
2023-05-30 00:00:00,1.121,1019.5,16.5
2023-05-30 01:00:00,0.934,1020.4,16.6
2023-05-30 02:00:00,0.823,1021.5,16.7
2023-05-30 03:00:00,0.72,1022.1,16.7
2023-05-30 04:00:00,0.763,1022.2,16.6
2023-05-30 05:00:00,0.923,1022.2,16.7
2023-05-30 06:00:00,1.147,1022.4,16.7
2023-05-30 07:00:00,1.38,1022.5,16.5
2023-05-30 08:00:00,1.524,1022.4,16.5
2023-05-30 09:00:00,1.559,1022.5,16.4
2023-05-30 10:00:00,1.472,1022.2,16.3
2023-05-30 11:00:00,1.285,1022.5,16.3
2023-05-30 12:00:00,1.077,1022.8,16.4
2023-05-30 13:00:00,0.816,1023.2,16.4
2023-05-30 14:00:00,0.636,1023.8,16.5
2023-05-30 15:00:00,0.486,1024.1,16.6
2023-05-30 16:00:00,0.471,1023.8,17.0
2023-05-30 17:00:00,0.641,1023.9,17.3
2023-05-30 18:00:00,0.93,1023.8,16.9
2023-05-30 19:00:00,1.268,1023.4,17.0
2023-05-30 20:00:00,1.476,1022.6,16.6
2023-05-30 21:00:00,1.604,1022.3,16.7
2023-05-30 22:00:00,1.658,1022.2,17.0
2023-05-30 23:00:00,1.539,1022.6,17.5
2023-05-31 00:00:00,1.323,1022.5,16.9
2023-05-31 01:00:00,1.012,1022.8,16.8
2023-05-31 02:00:00,0.761,1023.1,16.9
2023-05-31 03:00:00,0.537,1023.4,16.8
2023-05-31 04:00:00,0.409,1023.5,16.8
2023-05-31 05:00:00,0.487,1023.2,16.8
2023-05-31 06:00:00,0.745,1022.9,16.9
2023-05-31 07:00:00,1.036,1022.6,16.8
2023-05-31 08:00:00,1.238,1022.4,16.7
2023-05-31 09:00:00,1.353,1022.5,16.5
2023-05-31 10:00:00,1.403,1023.1,16.6
2023-05-31 11:00:00,1.319,1023.8,16.6
2023-05-31 12:00:00,1.082,1024.1,16.7
2023-05-31 13:00:00,0.811,1024.1,16.9
2023-05-31 14:00:00,0.541,1023.9,16.8
2023-05-31 15:00:00,0.341,1023.6,17.0
2023-05-31 16:00:00,0.228,1023.3,17.0
2023-05-31 17:00:00,0.28,1023.1,17.6
2023-05-31 18:00:00,0.521,1022.8,17.7
2023-05-31 19:00:00,0.907,1022.4,17.2
2023-05-31 20:00:00,1.281,1021.5,17.0
2023-05-31 21:00:00,1.499,1021.3,16.7
2023-05-31 22:00:00,1.576,1021.3,17.4
2023-05-31 23:00:00,1.564,1021.4,17.6
2023-06-01 00:00:00,1.381,1021.3,17.3
2023-06-01 01:00:00,1.111,1021.2,17.2
2023-06-01 02:00:00,0.764,1021.3,16.9
2023-06-01 03:00:00,0.502,1021.1,17.2
2023-06-01 04:00:00,0.297,1021.3,17.3
2023-06-01 05:00:00,0.199,1021.1,17.3
2023-06-01 06:00:00,0.352,1020.9,17.2
2023-06-01 07:00:00,0.632,1020.7,17.2
2023-06-01 08:00:00,0.963,1020.2,17.2
2023-06-01 09:00:00,1.205,1020.2,16.9
2023-06-01 10:00:00,1.342,1020.2,16.8
2023-06-01 11:00:00,1.382,1020.2,17.0
2023-06-01 12:00:00,1.266,1020.6,16.9
2023-06-01 13:00:00,1.037,1020.6,17.1
2023-06-01 14:00:00,0.696,1020.2,17.3
2023-06-01 15:00:00,0.453,1020.0,17.5
2023-06-01 16:00:00,0.279,1019.6,17.7
2023-06-01 17:00:00,0.186,1019.0,17.5
2023-06-01 18:00:00,0.272,1018.4,17.8
2023-06-01 19:00:00,0.668,1017.7,18.0
2023-06-01 20:00:00,1.117,1017.3,17.5
2023-06-01 21:00:00,1.466,1016.9,17.3
2023-06-01 22:00:00,1.671,1016.3,17.4
2023-06-01 23:00:00,1.734,1016.4,17.4
2023-06-02 00:00:00,1.669,1016.5,17.4
2023-06-02 01:00:00,1.418,1017.1,17.6
2023-06-02 02:00:00,1.064,1017.3,17.5
2023-06-02 03:00:00,0.693,1017.1,17.4
2023-06-02 04:00:00,0.428,1016.7,17.5
2023-06-02 05:00:00,0.211,1016.3,17.6
2023-06-02 06:00:00,0.159,1015.7,17.5
2023-06-02 07:00:00,0.388,1015.1,17.5
2023-06-02 08:00:00,0.73,1014.6,17.5
2023-06-02 09:00:00,1.08,1014.1,17.1
2023-06-02 10:00:00,1.319,1013.9,17.2
2023-06-02 11:00:00,1.462,1014.0,17.3
2023-06-02 12:00:00,1.495,1013.9,17.4
2023-06-02 13:00:00,1.315,1013.8,17.5
2023-06-02 14:00:00,1.028,1013.5,17.5
2023-06-02 15:00:00,0.679,1013.3,17.7
2023-06-02 16:00:00,0.43,1013.2,18.1
2023-06-02 17:00:00,0.253,1012.7,18.1
2023-06-02 18:00:00,0.179,1012.1,18.1
2023-06-02 19:00:00,0.407,1011.3,18.4
2023-06-02 20:00:00,0.871,1010.7,18.4
2023-06-02 21:00:00,1.355,1010.4,18.1
2023-06-02 22:00:00,1.67,1010.6,17.8
2023-06-02 23:00:00,1.856,1011.2,17.9
2023-06-03 00:00:00,1.896,1011.2,17.8
2023-06-03 01:00:00,1.766,1011.3,17.8
2023-06-03 02:00:00,1.436,1011.8,17.9
2023-06-03 03:00:00,1.041,1012.2,17.8
2023-06-03 04:00:00,0.681,1011.8,17.8
2023-06-03 05:00:00,0.397,1012.1,17.8
2023-06-03 06:00:00,0.196,1012.5,17.8
2023-06-03 07:00:00,0.169,1011.8,17.8
2023-06-03 08:00:00,0.495,1011.7,17.9
2023-06-03 09:00:00,0.851,1012.0,18.0
2023-06-03 10:00:00,1.224,1012.7,17.7
2023-06-03 11:00:00,1.471,1013.3,17.8
2023-06-03 12:00:00,1.661,1014.2,17.8
2023-06-03 13:00:00,1.648,1014.6,17.8
2023-06-03 14:00:00,1.428,1015.3,17.8
2023-06-03 15:00:00,1.111,1015.4,17.8
2023-06-03 16:00:00,0.784,1016.0,17.9
2023-06-03 17:00:00,0.59,1016.5,17.9
2023-06-03 18:00:00,0.449,1016.4,18.0
2023-06-03 19:00:00,0.44,1016.5,18.0
2023-06-03 20:00:00,0.759,1016.5,18.0
2023-06-03 21:00:00,1.239,1016.7,18.1
2023-06-03 22:00:00,1.709,1017.0,18.0
2023-06-03 23:00:00,1.986,1017.7,17.9
2023-06-04 00:00:00,2.155,1018.5,17.8
2023-06-04 01:00:00,2.226,1018.8,17.8
2023-06-04 02:00:00,2.043,1019.4,17.6
2023-06-04 03:00:00,1.658,1019.6,17.6
2023-06-04 04:00:00,1.166,1019.3,17.6
2023-06-04 05:00:00,0.827,1019.3,17.6
2023-06-04 06:00:00,0.543,1019.2,17.6
2023-06-04 07:00:00,0.327,1019.1,17.6
2023-06-04 08:00:00,0.337,1018.4,17.6
2023-06-04 09:00:00,0.601,1018.1,17.6
2023-06-04 10:00:00,0.944,1018.1,17.7
2023-06-04 11:00:00,1.342,1018.2,17.7
2023-06-04 12:00:00,1.62,1018.3,17.8
2023-06-04 13:00:00,1.763,1018.0,17.7
2023-06-04 14:00:00,1.69,1017.5,17.7
2023-06-04 15:00:00,1.395,1016.6,17.7
2023-06-04 16:00:00,1.01,1016.1,17.7
2023-06-04 17:00:00,0.671,1015.3,17.9
2023-06-04 18:00:00,0.437,1014.9,17.8
2023-06-04 19:00:00,0.317,1014.5,18.0
2023-06-04 20:00:00,0.375,1014.3,18.0
2023-06-04 21:00:00,0.747,1014.5,18.0
2023-06-04 22:00:00,1.198,1014.7,18.0
2023-06-04 23:00:00,1.601,1014.9,17.9
2023-06-05 00:00:00,1.866,1015.2,17.8
2023-06-05 01:00:00,2.006,1015.6,17.8
2023-06-05 02:00:00,2.038,1016.1,17.8
2023-06-05 03:00:00,1.796,1016.0,17.7
2023-06-05 04:00:00,1.416,1015.8,17.7
2023-06-05 05:00:00,0.901,1015.1,17.7
2023-06-05 06:00:00,0.567,1014.6,17.6
2023-06-05 07:00:00,0.299,1014.4,17.7
2023-06-05 08:00:00,0.16,1014.2,17.6
2023-06-05 09:00:00,0.342,1013.9,17.7
2023-06-05 10:00:00,0.728,1014.0,17.7
2023-06-05 11:00:00,1.088,1014.0,17.7
2023-06-05 12:00:00,1.41,1013.8,17.8
2023-06-05 13:00:00,1.645,1013.6,17.8
2023-06-05 14:00:00,1.756,1012.9,17.7
2023-06-05 15:00:00,1.638,1012.2,17.8
2023-06-05 16:00:00,1.364,1011.6,17.8
2023-06-05 17:00:00,0.967,1011.0,17.9
2023-06-05 18:00:00,0.661,1010.1,18.0
2023-06-05 19:00:00,0.43,1009.6,18.1
2023-06-05 20:00:00,0.283,1009.4,18.1
2023-06-05 21:00:00,0.382,1009.1,18.1
2023-06-05 22:00:00,0.821,1008.9,18.2
2023-06-05 23:00:00,1.33,1008.8,18.1
2023-06-06 00:00:00,1.716,1009.0,18.0
2023-06-06 01:00:00,1.924,1009.0,17.9
2023-06-06 02:00:00,2.02,1009.2,17.9
2023-06-06 03:00:00,1.999,1009.1,18.0
2023-06-06 04:00:00,1.74,1008.8,17.7
2023-06-06 05:00:00,1.314,1008.5,17.8
2023-06-06 06:00:00,0.843,1008.3,17.8
2023-06-06 07:00:00,0.504,1007.8,17.8
2023-06-06 08:00:00,0.267,1007.8,17.8
2023-06-06 09:00:00,0.165,1007.8,17.8
2023-06-06 10:00:00,0.356,1007.6,17.8
2023-06-06 11:00:00,0.715,1007.3,17.9
2023-06-06 12:00:00,1.126,1007.1,17.9
2023-06-06 13:00:00,1.439,1006.9,17.9
2023-06-06 14:00:00,1.643,1006.4,17.9
2023-06-06 15:00:00,1.705,1005.4,17.9
2023-06-06 16:00:00,1.561,1004.5,18.0
2023-06-06 17:00:00,1.278,1003.5,18.0
2023-06-06 18:00:00,0.864,1002.2,18.0
2023-06-06 19:00:00,0.584,1001.5,18.1
2023-06-06 20:00:00,0.364,1001.2,18.3
2023-06-06 21:00:00,0.285,1001.5,18.3
2023-06-06 22:00:00,0.441,1002.2,18.2
2023-06-06 23:00:00,0.883,1002.4,18.3
2023-06-07 00:00:00,1.373,1002.9,18.2
2023-06-07 01:00:00,1.642,1003.6,18.1
2023-06-07 02:00:00,1.853,1004.1,17.9
2023-06-07 03:00:00,1.954,1004.4,18.0
2023-06-07 04:00:00,1.883,1004.3,18.0
2023-06-07 05:00:00,1.639,1003.8,17.9
2023-06-07 06:00:00,1.221,1003.7,17.9
2023-06-07 07:00:00,0.776,1003.8,17.9
2023-06-07 08:00:00,0.453,1003.8,17.8
2023-06-07 09:00:00,0.211,1003.8,17.8
2023-06-07 10:00:00,0.091,1003.7,17.8
2023-06-07 11:00:00,0.34,1004.1,17.9
2023-06-07 12:00:00,0.685,1004.1,18.0
2023-06-07 13:00:00,1.093,1004.0,18.0
2023-06-07 14:00:00,1.403,1004.0,18.0
2023-06-07 15:00:00,1.651,1003.8,17.9
2023-06-07 16:00:00,1.721,1003.2,18.0
2023-06-07 17:00:00,1.515,1003.2,18.0
2023-06-07 18:00:00,1.182,1003.3,18.0
2023-06-07 19:00:00,0.795,1003.1,18.0
2023-06-07 20:00:00,0.555,1003.4,18.0
2023-06-07 21:00:00,0.368,1003.5,18.1
2023-06-07 22:00:00,0.288,1003.6,18.1
2023-06-07 23:00:00,0.45,1004.0,18.1
2023-06-08 00:00:00,0.861,1004.3,18.1
2023-06-08 01:00:00,1.321,1004.8,18.1
2023-06-08 02:00:00,1.627,1004.8,18.0
2023-06-08 03:00:00,1.86,1005.2,18.0
2023-06-08 04:00:00,1.982,1005.5,17.9
2023-06-08 05:00:00,1.891,1005.2,17.9
2023-06-08 06:00:00,1.583,1005.2,17.8
2023-06-08 07:00:00,1.149,1005.1,17.8
2023-06-08 08:00:00,0.762,1004.8,17.6
2023-06-08 09:00:00,0.494,1005.0,17.7
2023-06-08 10:00:00,0.279,1005.9,17.8
2023-06-08 11:00:00,0.206,1006.4,17.8
2023-06-08 12:00:00,0.463,1006.7,17.9
2023-06-08 13:00:00,0.791,1007.0,18.0
2023-06-08 14:00:00,1.171,1006.8,17.9
2023-06-08 15:00:00,1.486,1006.4,17.9
2023-06-08 16:00:00,1.71,1006.3,17.9
2023-06-08 17:00:00,1.769,1005.6,18.0
2023-06-08 18:00:00,1.535,1005.2,18.1
2023-06-08 19:00:00,1.234,1005.5,18.0
2023-06-08 20:00:00,0.884,1005.6,18.0
2023-06-08 21:00:00,0.651,1005.9,18.0
2023-06-08 22:00:00,0.448,1006.0,18.1
2023-06-08 23:00:00,0.353,1006.0,18.1
2023-06-09 00:00:00,0.495,1006.5,18.1
2023-06-09 01:00:00,0.889,1006.8,18.2
2023-06-09 02:00:00,1.334,1007.4,18.1
2023-06-09 03:00:00,1.629,1007.5,18.0
2023-06-09 04:00:00,1.778,1007.5,17.9
2023-06-09 05:00:00,1.892,1007.2,17.9
2023-06-09 06:00:00,1.799,1006.9,17.9
2023-06-09 07:00:00,1.529,1006.8,17.9
2023-06-09 08:00:00,1.111,1006.7,17.9
2023-06-09 09:00:00,0.731,1007.0,17.8
2023-06-09 10:00:00,0.44,1007.6,17.8
2023-06-09 11:00:00,0.232,1007.7,17.8
2023-06-09 12:00:00,0.163,1008.0,17.9
2023-06-09 13:00:00,0.402,1008.3,18.0
2023-06-09 14:00:00,0.756,1008.1,18.1
2023-06-09 15:00:00,1.185,1007.9,17.9
2023-06-09 16:00:00,1.517,1007.8,18.0
2023-06-09 17:00:00,1.685,1007.4,17.9
2023-06-09 18:00:00,1.663,1006.8,18.0
2023-06-09 19:00:00,1.48,1006.2,18.1
2023-06-09 20:00:00,1.222,1005.7,18.0
2023-06-09 21:00:00,0.913,1005.6,18.1
2023-06-09 22:00:00,0.695,1005.8,18.1
2023-06-09 23:00:00,0.471,1006.3,18.2
2023-06-10 00:00:00,0.354,1006.9,18.2
2023-06-10 01:00:00,0.489,1007.4,18.2
2023-06-10 02:00:00,0.875,1007.9,18.3
2023-06-10 03:00:00,1.211,1007.8,18.2
2023-06-10 04:00:00,1.471,1007.8,18.1
2023-06-10 05:00:00,1.628,1007.5,18.0
2023-06-10 06:00:00,1.753,1007.3,18.0
2023-06-10 07:00:00,1.674,1007.1,18.0
2023-06-10 08:00:00,1.457,1007.3,18.0
2023-06-10 09:00:00,1.075,1007.6,17.9
2023-06-10 10:00:00,0.661,1008.4,18.0
2023-06-10 11:00:00,0.366,1008.9,17.9
2023-06-10 12:00:00,0.154,1009.3,18.0
2023-06-10 13:00:00,0.116,1009.5,18.1
2023-06-10 14:00:00,0.387,1009.2,18.2
2023-06-10 15:00:00,0.817,1009.2,18.3
2023-06-10 16:00:00,1.21,1008.9,18.1
2023-06-10 17:00:00,1.479,1008.7,18.1
2023-06-10 18:00:00,1.625,1008.7,18.2
2023-06-10 19:00:00,1.648,1008.4,18.2
2023-06-10 20:00:00,1.475,1008.4,18.4
2023-06-10 21:00:00,1.222,1008.5,18.3
2023-06-10 22:00:00,0.927,1008.6,18.3
2023-06-10 23:00:00,0.684,1009.2,18.4
2023-06-11 00:00:00,0.469,1009.9,18.5
2023-06-11 01:00:00,0.32,1010.2,18.4
2023-06-11 02:00:00,0.415,1010.7,18.5
2023-06-11 03:00:00,0.706,1011.0,18.5
2023-06-11 04:00:00,1.072,1011.3,18.4
2023-06-11 05:00:00,1.435,1011.3,18.3
2023-06-11 06:00:00,1.643,1011.5,18.3
2023-06-11 07:00:00,1.697,1011.4,18.2
2023-06-11 08:00:00,1.565,1011.2,18.3
2023-06-11 09:00:00,1.275,1011.4,18.2
2023-06-11 10:00:00,0.915,1011.7,18.2
2023-06-11 11:00:00,0.625,1011.9,18.2
2023-06-11 12:00:00,0.387,1012.0,18.3
2023-06-11 13:00:00,0.192,1012.3,18.4
2023-06-11 14:00:00,0.153,1012.5,18.5
2023-06-11 15:00:00,0.415,1012.4,18.7
2023-06-11 16:00:00,0.811,1012.1,18.8
2023-06-11 17:00:00,1.213,1011.6,18.4
2023-06-11 18:00:00,1.466,1011.2,18.5
2023-06-11 19:00:00,1.639,1010.9,18.4
2023-06-11 20:00:00,1.703,1010.6,18.5
2023-06-11 21:00:00,1.532,1010.1,18.5
2023-06-11 22:00:00,1.289,1009.7,18.5
2023-06-11 23:00:00,0.963,1010.0,18.5
2023-06-12 00:00:00,0.708,1009.9,18.5
2023-06-12 01:00:00,0.492,1010.0,18.6
2023-06-12 02:00:00,0.359,1010.4,18.6
2023-06-12 03:00:00,0.419,1010.5,18.7
2023-06-12 04:00:00,0.684,1010.6,18.7
2023-06-12 05:00:00,1.015,1010.4,18.8
2023-06-12 06:00:00,1.354,1010.2,18.5
2023-06-12 07:00:00,1.57,1009.7,18.5
2023-06-12 08:00:00,1.627,1009.4,18.5
2023-06-12 09:00:00,1.512,1009.4,18.5
2023-06-12 10:00:00,1.274,1009.7,18.5
2023-06-12 11:00:00,0.971,1009.6,18.5
2023-06-12 12:00:00,0.663,1009.7,18.5
2023-06-12 13:00:00,0.403,1009.6,18.6
2023-06-12 14:00:00,0.239,1009.3,18.7
2023-06-12 15:00:00,0.222,1008.8,18.7
2023-06-12 16:00:00,0.551,1008.5,18.9
2023-06-12 17:00:00,0.964,1007.6,18.9
2023-06-12 18:00:00,1.362,1006.7,18.9
2023-06-12 19:00:00,1.623,1005.8,18.8
2023-06-12 20:00:00,1.798,1005.2,18.8
2023-06-12 21:00:00,1.837,1004.8,18.7
2023-06-12 22:00:00,1.664,1004.3,18.7
2023-06-12 23:00:00,1.427,1004.2,18.7
2023-06-13 00:00:00,1.106,1003.6,18.6
2023-06-13 01:00:00,0.828,1003.1,18.8
2023-06-13 02:00:00,0.609,1003.0,18.9
2023-06-13 03:00:00,0.419,1002.8,18.9
2023-06-13 04:00:00,0.483,1002.8,18.9
2023-06-13 05:00:00,0.795,1002.3,19.0
2023-06-13 06:00:00,1.097,1003.0,19.0
2023-06-13 07:00:00,1.352,1003.5,18.6
2023-06-13 08:00:00,1.543,1003.6,18.7
2023-06-13 09:00:00,1.639,1004.1,18.7
2023-06-13 10:00:00,1.529,1005.0,18.7
2023-06-13 11:00:00,1.256,1005.3,18.7
2023-06-13 12:00:00,0.92,1005.4,18.7
2023-06-13 13:00:00,0.631,1005.5,18.7
2023-06-13 14:00:00,0.444,1006.0,18.9
2023-06-13 15:00:00,0.281,1006.1,18.9
2023-06-13 16:00:00,0.289,1006.4,19.2
2023-06-13 17:00:00,0.537,1005.9,19.2
2023-06-13 18:00:00,0.919,1005.1,19.2
2023-06-13 19:00:00,1.359,1004.6,19.1
2023-06-13 20:00:00,1.644,1004.7,18.9
2023-06-13 21:00:00,1.786,1004.6,18.9
2023-06-13 22:00:00,1.77,1004.7,19.3
2023-06-13 23:00:00,1.594,1005.2,19.2
2023-06-14 00:00:00,1.339,1005.5,19.0
2023-06-14 01:00:00,0.995,1005.7,19.0
2023-06-14 02:00:00,0.721,1006.0,19.0
2023-06-14 03:00:00,0.456,1005.8,19.1
2023-06-14 04:00:00,0.267,1005.4,19.1
2023-06-14 05:00:00,0.35,1005.1,19.1
2023-06-14 06:00:00,0.703,1004.8,19.2
2023-06-14 07:00:00,1.051,1004.7,19.1
2023-06-14 08:00:00,1.339,1004.0,18.8
2023-06-14 09:00:00,1.462,1003.5,18.9
2023-06-14 10:00:00,1.556,1003.2,18.9
2023-06-14 11:00:00,1.474,1002.9,18.9
2023-06-14 12:00:00,1.27,1002.7,18.9
2023-06-14 13:00:00,0.98,1002.6,18.9
2023-06-14 14:00:00,0.691,1001.7,19.0
2023-06-14 15:00:00,0.46,1001.1,19.1
2023-06-14 16:00:00,0.329,1000.5,19.3
2023-06-14 17:00:00,0.385,999.8,19.3
2023-06-14 18:00:00,0.707,1000.1,19.3
2023-06-14 19:00:00,1.141,999.7,19.4
2023-06-14 20:00:00,1.531,999.6,19.2
2023-06-14 21:00:00,1.768,999.2,19.0
2023-06-14 22:00:00,1.88,998.9,19.4
2023-06-14 23:00:00,1.84,999.4,19.2
2023-06-15 00:00:00,1.609,999.8,19.0
2023-06-15 01:00:00,1.367,1000.1,18.9
2023-06-15 02:00:00,1.029,1000.8,18.9
2023-06-15 03:00:00,0.781,1001.4,18.9
2023-06-15 04:00:00,0.498,1001.3,19.0
2023-06-15 05:00:00,0.303,1001.3,19.0
2023-06-15 06:00:00,0.378,1001.3,19.0
2023-06-15 07:00:00,0.682,1001.3,19.1
2023-06-15 08:00:00,1.075,1001.5,19.1
2023-06-15 09:00:00,1.377,1001.6,18.8
2023-06-15 10:00:00,1.524,1002.0,18.9
2023-06-15 11:00:00,1.529,1002.4,18.8
2023-06-15 12:00:00,1.414,1003.1,18.8
2023-06-15 13:00:00,1.163,1003.2,18.8
2023-06-15 14:00:00,0.854,1003.4,18.9
2023-06-15 15:00:00,0.578,1004.2,18.9
2023-06-15 16:00:00,0.403,1004.4,19.1
2023-06-15 17:00:00,0.291,1004.2,19.2
2023-06-15 18:00:00,0.352,1004.4,19.2
2023-06-15 19:00:00,0.732,1004.3,19.5
2023-06-15 20:00:00,1.188,1004.2,19.4
2023-06-15 21:00:00,1.553,1004.2,19.2
2023-06-15 22:00:00,1.774,1004.1,19.0
2023-06-15 23:00:00,1.85,1004.5,19.2
2023-06-16 00:00:00,1.806,1005.0,19.2
2023-06-16 01:00:00,1.551,1005.8,19.0
2023-06-16 02:00:00,1.252,1006.5,18.9
2023-06-16 03:00:00,0.859,1006.9,18.8
2023-06-16 04:00:00,0.592,1007.2,19.0
2023-06-16 05:00:00,0.328,1007.2,19.0
2023-06-16 06:00:00,0.224,1007.3,19.0
2023-06-16 07:00:00,0.404,1006.7,19.1
2023-06-16 08:00:00,0.768,1007.0,19.1
2023-06-16 09:00:00,1.106,1007.0,18.8
2023-06-16 10:00:00,1.351,1007.4,18.9
2023-06-16 11:00:00,1.483,1007.1,18.9
2023-06-16 12:00:00,1.569,1007.6,18.9
2023-06-16 13:00:00,1.473,1007.7,18.9
2023-06-16 14:00:00,1.213,1007.6,18.9
2023-06-16 15:00:00,0.847,1007.3,18.9
2023-06-16 16:00:00,0.594,1006.4,19.0
2023-06-16 17:00:00,0.404,1006.0,19.4
2023-06-16 18:00:00,0.358,1008.0,19.2
2023-06-16 19:00:00,0.545,1005.1,19.2
2023-06-16 20:00:00,0.961,1004.9,19.3
2023-06-16 21:00:00,1.462,1004.9,19.3
2023-06-16 22:00:00,1.736,1005.1,19.1
2023-06-16 23:00:00,1.874,1005.3,19.0
2023-06-17 00:00:00,1.943,1005.2,18.8
2023-06-17 01:00:00,1.878,1005.0,18.8
2023-06-17 02:00:00,1.676,1005.6,18.7
2023-06-17 03:00:00,1.285,1005.5,18.6
2023-06-17 04:00:00,0.849,1005.2,18.6
2023-06-17 05:00:00,0.57,1004.8,18.6
2023-06-17 06:00:00,0.379,1004.5,18.7
2023-06-17 07:00:00,0.283,1004.3,18.7
2023-06-17 08:00:00,0.579,1004.4,18.8
2023-06-17 09:00:00,0.9,1004.5,18.9
2023-06-17 10:00:00,1.203,1004.9,18.8
2023-06-17 11:00:00,1.439,1005.0,18.8
2023-06-17 12:00:00,1.576,1005.0,18.7
2023-06-17 13:00:00,1.555,1004.9,18.6
2023-06-17 14:00:00,1.367,1004.6,18.7
2023-06-17 15:00:00,1.083,1004.9,18.7
2023-06-17 16:00:00,0.776,1005.0,18.8
2023-06-17 17:00:00,0.565,1004.9,19.0
2023-06-17 18:00:00,0.449,1004.2,19.2
2023-06-17 19:00:00,0.399,1004.1,19.2
2023-06-17 20:00:00,0.611,1004.2,19.5
2023-06-17 21:00:00,1.03,1004.3,19.5
2023-06-17 22:00:00,1.447,1005.1,19.4
2023-06-17 23:00:00,1.658,1006.1,18.8
2023-06-18 00:00:00,1.828,1006.9,18.8
2023-06-18 01:00:00,1.816,1007.7,18.8
2023-06-18 02:00:00,1.716,1008.3,18.9
2023-06-18 03:00:00,1.421,1008.3,18.8
2023-06-18 04:00:00,1.015,1008.6,18.8
2023-06-18 05:00:00,0.694,1008.3,18.7
2023-06-18 06:00:00,0.458,1008.2,18.8
2023-06-18 07:00:00,0.249,1008.2,18.8
2023-06-18 08:00:00,0.274,1008.7,18.8
2023-06-18 09:00:00,0.53,1009.2,18.8
2023-06-18 10:00:00,0.843,1009.9,18.8
2023-06-18 11:00:00,1.156,1010.2,18.6
2023-06-18 12:00:00,1.344,1010.4,18.7
2023-06-18 13:00:00,1.475,1010.4,18.6
2023-06-18 14:00:00,1.453,1010.2,18.8
2023-06-18 15:00:00,1.236,1010.6,18.7
2023-06-18 16:00:00,0.959,1010.9,19.0
2023-06-18 17:00:00,0.682,1010.9,18.9
2023-06-18 18:00:00,0.494,1011.1,19.1
2023-06-18 19:00:00,0.359,1011.0,19.4
2023-06-18 20:00:00,0.406,1011.1,19.5
2023-06-18 21:00:00,0.718,1011.5,19.6
2023-06-18 22:00:00,1.141,1011.2,19.6
2023-06-18 23:00:00,1.517,1011.9,18.8
2023-06-19 00:00:00,1.76,1012.2,19.0
2023-06-19 01:00:00,1.776,1012.6,18.9
2023-06-19 02:00:00,1.754,1013.5,18.9
2023-06-19 03:00:00,1.556,1013.8,19.0
2023-06-19 04:00:00,1.266,1014.2,18.8
2023-06-19 05:00:00,0.894,1014.4,18.5
2023-06-19 06:00:00,0.614,1014.7,18.7
2023-06-19 07:00:00,0.375,1014.8,18.8
2023-06-19 08:00:00,0.232,1015.2,18.8
2023-06-19 09:00:00,0.343,1015.4,18.8
2023-06-19 10:00:00,0.661,1016.4,18.9
2023-06-19 11:00:00,0.998,1016.5,18.9
2023-06-19 12:00:00,1.282,1017.2,18.7
2023-06-19 13:00:00,1.437,1017.8,18.7
2023-06-19 14:00:00,1.499,1018.1,18.7
2023-06-19 15:00:00,1.403,1018.3,18.8
2023-06-19 16:00:00,1.2,1018.4,18.7
2023-06-19 17:00:00,0.905,1018.2,19.1
2023-06-19 18:00:00,0.664,1017.9,19.0
2023-06-19 19:00:00,0.482,1017.9,19.5
2023-06-19 20:00:00,0.388,1017.6,19.8
2023-06-19 21:00:00,0.506,1017.5,19.9
2023-06-19 22:00:00,0.87,1017.7,20.0
2023-06-19 23:00:00,1.303,1018.3,19.8
2023-06-20 00:00:00,1.6,1019.0,19.0
2023-06-20 01:00:00,1.738,1019.7,18.9
2023-06-20 02:00:00,1.738,1020.3,18.8
2023-06-20 03:00:00,1.662,1021.1,18.9
2023-06-20 04:00:00,1.446,1021.0,18.9
2023-06-20 05:00:00,1.162,1021.0,18.8
2023-06-20 06:00:00,0.831,1020.8,18.8
2023-06-20 07:00:00,0.591,1020.8,18.9
2023-06-20 08:00:00,0.359,1020.9,18.9
2023-06-20 09:00:00,0.298,1021.3,18.9
2023-06-20 10:00:00,0.475,1022.0,19.0
2023-06-20 11:00:00,0.793,1022.5,19.1
2023-06-20 12:00:00,1.119,1022.9,18.7
2023-06-20 13:00:00,1.342,1023.1,18.8
2023-06-20 14:00:00,1.481,1023.2,18.8
2023-06-20 15:00:00,1.516,1023.1,18.8
2023-06-20 16:00:00,1.386,1023.1,18.8
2023-06-20 17:00:00,1.127,1022.8,18.8
2023-06-20 18:00:00,0.82,1022.6,19.3
2023-06-20 19:00:00,0.64,1022.6,19.5
2023-06-20 20:00:00,0.507,1022.6,19.6
2023-06-20 21:00:00,0.454,1022.4,19.6
2023-06-20 22:00:00,0.649,1022.4,19.7
2023-06-20 23:00:00,1.001,1022.7,19.7
2023-06-21 00:00:00,1.406,1023.0,19.2
2023-06-21 01:00:00,1.651,1023.3,19.3
2023-06-21 02:00:00,1.733,1023.9,19.0
2023-06-21 03:00:00,1.735,1023.7,18.8
2023-06-21 04:00:00,1.613,1024.0,18.9
2023-06-21 05:00:00,1.392,1024.0,18.9
2023-06-21 06:00:00,1.064,1024.0,18.8
2023-06-21 07:00:00,0.788,1024.0,18.9
2023-06-21 08:00:00,0.533,1024.0,18.9
2023-06-21 09:00:00,0.366,1024.0,18.9
2023-06-21 10:00:00,0.347,1024.5,18.9
2023-06-21 11:00:00,0.621,1024.8,19.0
2023-06-21 12:00:00,0.917,1025.2,19.1
2023-06-21 13:00:00,1.195,1025.3,18.8
2023-06-21 14:00:00,1.382,1025.4,19.0
2023-06-21 15:00:00,1.525,1025.5,19.0
2023-06-21 16:00:00,1.565,1025.7,19.0
2023-06-21 17:00:00,1.398,1025.5,18.8
2023-06-21 18:00:00,1.172,1025.3,18.8
2023-06-21 19:00:00,0.908,1025.1,19.2
2023-06-21 20:00:00,0.757,1024.6,19.3
2023-06-21 21:00:00,0.636,1024.2,19.3
2023-06-21 22:00:00,0.658,1024.0,19.3
2023-06-21 23:00:00,0.858,1023.8,19.3
2023-06-22 00:00:00,1.158,1023.8,19.3
2023-06-22 01:00:00,1.483,1023.5,19.1
2023-06-22 02:00:00,1.657,1023.8,19.2
2023-06-22 03:00:00,1.739,1023.9,19.1
2023-06-22 04:00:00,1.748,1023.6,19.0
2023-06-22 05:00:00,1.599,1022.9,19.0
2023-06-22 06:00:00,1.334,1022.3,19.0
2023-06-22 07:00:00,0.992,1022.0,18.9
2023-06-22 08:00:00,0.757,1021.8,18.9
2023-06-22 09:00:00,0.561,1022.0,19.0
2023-06-22 10:00:00,0.473,1022.1,19.0
2023-06-22 11:00:00,0.495,1022.4,18.9
2023-06-22 12:00:00,0.72,1022.3,19.0
2023-06-22 13:00:00,0.977,1022.4,19.1
2023-06-22 14:00:00,1.221,1022.5,19.1
2023-06-22 15:00:00,1.396,1022.5,19.0
2023-06-22 16:00:00,1.537,1022.4,19.1
2023-06-22 17:00:00,1.516,1022.1,19.1
2023-06-22 18:00:00,1.325,1021.4,19.0
2023-06-22 19:00:00,1.078,1020.8,19.2
2023-06-22 20:00:00,0.855,1020.2,19.1
2023-06-22 21:00:00,0.699,1019.5,19.3
2023-06-22 22:00:00,0.631,1019.2,19.3
2023-06-22 23:00:00,0.671,1019.1,19.4
2023-06-23 00:00:00,0.909,1019.3,19.4
2023-06-23 01:00:00,1.185,1019.4,19.1
2023-06-23 02:00:00,1.447,1019.2,19.1
2023-06-23 03:00:00,1.605,1019.4,19.2
2023-06-23 04:00:00,1.636,1019.7,19.0
2023-06-23 05:00:00,1.572,1019.3,19.1
2023-06-23 06:00:00,1.372,1018.9,19.1
2023-06-23 07:00:00,1.089,1018.9,19.1
2023-06-23 08:00:00,0.762,1018.6,19.1
2023-06-23 09:00:00,0.538,1018.2,19.1
2023-06-23 10:00:00,0.38,1018.2,19.1
2023-06-23 11:00:00,0.34,1018.5,19.1
2023-06-23 12:00:00,0.455,1018.9,19.2
2023-06-23 13:00:00,0.74,1018.8,19.2
2023-06-23 14:00:00,0.985,1018.5,19.3
2023-06-23 15:00:00,1.193,1018.2,19.1
2023-06-23 16:00:00,1.323,1017.5,19.0
2023-06-23 17:00:00,1.421,1017.0,19.1
2023-06-23 18:00:00,1.346,1016.4,19.2
2023-06-23 19:00:00,1.139,1016.1,19.1
2023-06-23 20:00:00,0.862,1015.7,19.2
2023-06-23 21:00:00,0.683,1015.5,19.2
2023-06-23 22:00:00,0.576,1015.0,19.4
2023-06-23 23:00:00,0.527,1014.5,19.4
2023-06-24 00:00:00,0.628,1014.1,19.4
2023-06-24 01:00:00,0.911,1014.2,19.3
2023-06-24 02:00:00,1.209,1014.4,19.3
2023-06-24 03:00:00,1.428,1014.1,19.1
2023-06-24 04:00:00,1.572,1014.0,19.3
2023-06-24 05:00:00,1.594,1013.5,19.2
2023-06-24 06:00:00,1.502,1012.9,19.2
2023-06-24 07:00:00,1.241,1012.2,19.2
2023-06-24 08:00:00,0.963,1011.9,19.2
2023-06-24 09:00:00,0.692,1012.0,19.2
2023-06-24 10:00:00,0.487,1012.1,19.3
2023-06-24 11:00:00,0.403,1011.9,19.3
2023-06-24 12:00:00,0.412,1012.1,19.4
2023-06-24 13:00:00,0.625,1011.9,19.4
2023-06-24 14:00:00,0.854,1011.9,19.3
2023-06-24 15:00:00,1.087,1011.5,19.2
2023-06-24 16:00:00,1.257,1011.3,19.2
2023-06-24 17:00:00,1.443,1010.8,19.3
2023-06-24 18:00:00,1.477,1010.6,19.3
2023-06-24 19:00:00,1.31,1010.0,19.3
2023-06-24 20:00:00,1.131,1009.8,20.2
2023-06-24 21:00:00,0.894,1009.9,20.2
2023-06-24 22:00:00,0.723,1009.3,20.2
2023-06-24 23:00:00,0.603,1009.2,20.2
2023-06-25 00:00:00,0.564,1009.9,20.0
2023-06-25 01:00:00,0.688,1010.2,19.9
2023-06-25 02:00:00,0.98,1010.0,19.9
2023-06-25 03:00:00,1.267,1010.1,19.9
2023-06-25 04:00:00,1.461,1009.9,19.3
2023-06-25 05:00:00,1.525,1010.3,19.5
2023-06-25 06:00:00,1.466,1010.1,19.5
2023-06-25 07:00:00,1.341,1009.8,19.5
2023-06-25 08:00:00,1.157,1009.3,19.5
2023-06-25 09:00:00,0.906,1009.6,19.5
2023-06-25 10:00:00,0.638,1009.7,19.5
2023-06-25 11:00:00,0.472,1010.2,19.6
2023-06-25 12:00:00,0.392,1010.6,19.7
2023-06-25 13:00:00,0.435,1010.7,19.8
2023-06-25 14:00:00,0.661,1010.5,20.0
2023-06-25 15:00:00,0.918,1010.4,20.0
2023-06-25 16:00:00,1.187,1010.1,19.7
2023-06-25 17:00:00,1.365,1010.2,19.6
2023-06-25 18:00:00,1.484,1010.8,19.6
2023-06-25 19:00:00,1.482,1010.3,19.9
2023-06-25 20:00:00,1.322,1010.0,20.6
2023-06-25 21:00:00,1.143,1009.3,19.9
2023-06-25 22:00:00,0.864,1009.0,19.8
2023-06-25 23:00:00,0.711,1009.6,20.4
2023-06-26 00:00:00,0.606,1009.6,20.2
2023-06-26 01:00:00,0.607,1008.8,20.3
2023-06-26 02:00:00,0.791,1009.2,20.0
2023-06-26 03:00:00,1.056,1009.7,20.0
2023-06-26 04:00:00,1.317,1009.8,19.5
2023-06-26 05:00:00,1.415,1008.9,19.7
2023-06-26 06:00:00,1.448,1008.9,20.0
2023-06-26 07:00:00,1.398,1008.5,19.8
2023-06-26 08:00:00,1.279,1008.4,19.9
2023-06-26 09:00:00,1.119,1008.5,19.7
2023-06-26 10:00:00,0.895,1008.5,20.0
2023-06-26 11:00:00,0.673,1008.6,20.0
2023-06-26 12:00:00,0.462,1009.0,20.1
2023-06-26 13:00:00,0.378,1009.0,20.1
2023-06-26 14:00:00,0.491,1009.4,20.4
2023-06-26 15:00:00,0.781,1009.2,20.4
2023-06-26 16:00:00,1.063,1008.5,20.4
2023-06-26 17:00:00,1.306,1008.1,19.7
2023-06-26 18:00:00,1.467,1007.4,20.2
2023-06-26 19:00:00,1.591,1006.5,20.2
2023-06-26 20:00:00,1.601,1006.5,20.1
2023-06-26 21:00:00,1.437,1005.8,20.0
2023-06-26 22:00:00,1.176,1007.1,20.4
2023-06-26 23:00:00,0.879,1007.1,20.3
2023-06-27 00:00:00,0.742,1006.9,20.4
2023-06-27 01:00:00,0.642,1006.6,20.4
2023-06-27 02:00:00,0.672,1006.7,20.4
2023-06-27 03:00:00,0.868,1006.2,20.3
2023-06-27 04:00:00,1.116,1005.8,20.2
2023-06-27 05:00:00,1.346,1005.3,19.6
2023-06-27 06:00:00,1.427,1005.0,19.9
2023-06-27 07:00:00,1.463,1004.9,20.2
2023-06-27 08:00:00,1.521,1004.9,20.1
2023-06-27 09:00:00,1.221,1004.4,20.0
2023-06-27 10:00:00,1.04,1004.8,20.2
2023-06-27 11:00:00,0.808,1005.4,20.2
2023-06-27 12:00:00,0.741,1005.2,20.3
2023-06-27 13:00:00,0.513,1005.5,20.3
2023-06-27 14:00:00,0.554,1005.9,20.5
2023-06-27 15:00:00,0.607,1006.4,20.5
2023-06-27 16:00:00,0.971,1006.6,20.6
2023-06-27 17:00:00,1.168,1006.2,20.8
2023-06-27 18:00:00,1.38,1005.7,20.0
2023-06-27 19:00:00,1.575,1005.6,20.2
2023-06-27 20:00:00,1.706,1005.8,20.4
2023-06-27 21:00:00,1.689,1005.4,20.8
2023-06-27 22:00:00,1.419,1006.3,20.5
2023-06-27 23:00:00,1.133,1006.8,20.6
2023-06-28 00:00:00,0.893,1008.0,20.4
2023-06-28 01:00:00,0.718,1008.1,20.7
2023-06-28 02:00:00,0.577,1008.4,20.8
2023-06-28 03:00:00,0.583,1007.9,20.7
2023-06-28 04:00:00,0.768,1008.1,20.8
2023-06-28 05:00:00,0.984,1008.1,20.6
2023-06-28 06:00:00,1.254,1008.1,20.1
2023-06-28 07:00:00,1.381,1007.9,20.0
2023-06-28 08:00:00,1.459,1007.8,20.3
2023-06-28 09:00:00,1.382,1007.8,20.4
2023-06-28 10:00:00,1.198,1008.1,20.4
2023-06-28 11:00:00,0.979,1008.8,20.5
2023-06-28 12:00:00,0.735,1009.4,20.5
2023-06-28 13:00:00,0.595,1009.5,20.6
2023-06-28 14:00:00,0.485,1009.8,20.7
2023-06-28 15:00:00,0.456,1009.7,20.5
2023-06-28 16:00:00,0.56,1009.8,20.9
2023-06-28 17:00:00,0.833,1009.4,21.0
2023-06-28 18:00:00,1.195,1009.1,21.2
2023-06-28 19:00:00,1.516,1009.2,20.6
2023-06-28 20:00:00,1.695,1009.3,20.8
2023-06-28 21:00:00,1.69,1009.4,20.6
2023-06-28 22:00:00,1.554,1009.6,20.6
2023-06-28 23:00:00,1.316,1010.3,20.8
2023-06-29 00:00:00,1.025,1011.1,21.2
2023-06-29 01:00:00,0.816,1012.1,21.1
2023-06-29 02:00:00,0.626,1013.0,21.0
2023-06-29 03:00:00,0.434,1013.6,21.0
2023-06-29 04:00:00,0.406,1013.8,20.9
2023-06-29 05:00:00,0.605,1014.0,20.9
2023-06-29 06:00:00,0.877,1014.3,20.8
2023-06-29 07:00:00,1.16,1014.3,20.6
2023-06-29 08:00:00,1.321,1014.3,20.3
2023-06-29 09:00:00,1.351,1014.7,20.5
2023-06-29 10:00:00,1.315,1015.6,20.6
2023-06-29 11:00:00,1.168,1016.2,20.6
2023-06-29 12:00:00,0.938,1016.8,20.7
2023-06-29 13:00:00,0.642,1017.0,20.7
2023-06-29 14:00:00,0.455,1017.1,20.8
2023-06-29 15:00:00,0.385,1017.1,20.8
2023-06-29 16:00:00,0.406,1016.6,21.3
2023-06-29 17:00:00,0.609,1016.6,21.3
2023-06-29 18:00:00,0.922,1016.1,21.3
2023-06-29 19:00:00,1.29,1015.9,20.8
2023-06-29 20:00:00,1.574,1016.0,21.1
2023-06-29 21:00:00,1.735,1015.5,21.0
2023-06-29 22:00:00,1.765,1015.9,20.9
2023-06-29 23:00:00,1.578,1016.0,21.2
2023-06-30 00:00:00,1.338,1016.9,21.1
2023-06-30 01:00:00,1.0,1017.1,20.9
2023-06-30 02:00:00,0.709,1017.7,21.1
2023-06-30 03:00:00,0.481,1017.4,21.2
2023-06-30 04:00:00,0.331,1017.2,21.2
2023-06-30 05:00:00,0.375,1017.4,21.1
2023-06-30 06:00:00,0.615,1017.3,21.2
2023-06-30 07:00:00,0.905,1017.2,21.0
2023-06-30 08:00:00,1.223,1017.3,20.7
2023-06-30 09:00:00,1.34,1017.7,20.7
2023-06-30 10:00:00,1.393,1017.6,20.9
2023-06-30 11:00:00,1.328,1017.8,20.8
2023-06-30 12:00:00,1.173,1018.2,20.8
2023-06-30 13:00:00,0.902,1018.3,21.0
2023-06-30 14:00:00,0.642,1018.3,21.0
2023-06-30 15:00:00,0.444,1018.6,21.1
2023-06-30 16:00:00,0.332,1018.4,21.5
2023-06-30 17:00:00,0.321,1018.3,21.8
2023-06-30 18:00:00,0.575,1017.9,22.0
2023-06-30 19:00:00,0.974,1017.5,21.8
2023-06-30 20:00:00,1.41,1017.4,21.0
2023-06-30 21:00:00,1.704,1017.3,21.3
2023-06-30 22:00:00,1.82,1017.2,21.2
2023-06-30 23:00:00,1.791,1017.2,21.0
2023-07-01 00:00:00,1.62,1017.4,21.4
2023-07-01 01:00:00,1.321,1017.7,21.2
2023-07-01 02:00:00,0.92,1018.4,21.2
2023-07-01 03:00:00,0.587,1018.3,21.1
2023-07-01 04:00:00,0.353,1018.2,21.2
2023-07-01 05:00:00,0.22,1018.1,21.1
2023-07-01 06:00:00,0.282,1018.0,21.2
2023-07-01 07:00:00,0.545,1017.7,21.2
2023-07-01 08:00:00,0.877,1017.7,21.2
2023-07-01 09:00:00,1.201,1017.9,20.9
2023-07-01 10:00:00,1.383,1018.2,20.9
2023-07-01 11:00:00,1.497,1018.4,20.9
2023-07-01 12:00:00,1.398,1018.7,21.0
2023-07-01 13:00:00,1.158,1018.7,21.1
2023-07-01 14:00:00,0.837,1018.5,21.3
2023-07-01 15:00:00,0.567,1018.5,21.3
2023-07-01 16:00:00,0.37,1018.4,21.5
2023-07-01 17:00:00,0.247,1017.7,21.6
2023-07-01 18:00:00,0.285,1018.0,21.8
2023-07-01 19:00:00,0.616,1017.1,21.9
2023-07-01 20:00:00,1.094,1016.5,21.9
2023-07-01 21:00:00,1.535,1016.4,21.3
2023-07-01 22:00:00,1.79,1015.5,21.3
2023-07-01 23:00:00,1.893,1015.4,21.3
2023-07-02 00:00:00,1.857,1015.7,21.4
2023-07-02 01:00:00,1.647,1015.3,21.3
2023-07-02 02:00:00,1.311,1015.5,21.2
2023-07-02 03:00:00,0.882,1015.2,21.2
2023-07-02 04:00:00,0.552,1014.9,21.3
2023-07-02 05:00:00,0.286,1014.7,21.3
2023-07-02 06:00:00,0.153,1014.1,21.3
2023-07-02 07:00:00,0.279,1013.4,21.3
2023-07-02 08:00:00,0.622,1012.6,21.3
2023-07-02 09:00:00,0.98,1012.4,21.3
2023-07-02 10:00:00,1.325,1012.6,21.2
2023-07-02 11:00:00,1.558,1012.5,21.2
2023-07-02 12:00:00,1.675,1012.7,21.2
2023-07-02 13:00:00,1.529,1012.2,21.2
2023-07-02 14:00:00,1.21,1012.0,21.3
2023-07-02 15:00:00,0.825,1012.2,21.3
2023-07-02 16:00:00,0.537,1012.1,21.4
2023-07-02 17:00:00,0.335,1011.7,21.7
2023-07-02 18:00:00,0.232,1011.0,21.7
2023-07-02 19:00:00,0.338,1010.7,21.8
2023-07-02 20:00:00,0.744,1010.2,22.1
2023-07-02 21:00:00,1.262,1009.8,21.8
2023-07-02 22:00:00,1.676,1009.4,21.6
2023-07-02 23:00:00,1.895,1009.2,21.5
2023-07-03 00:00:00,2.008,1009.2,21.4
2023-07-03 01:00:00,1.987,1009.0,21.6
2023-07-03 02:00:00,1.697,1009.3,21.2
2023-07-03 03:00:00,1.289,1009.2,21.4
2023-07-03 04:00:00,0.837,1010.0,21.5
2023-07-03 05:00:00,0.505,1009.8,21.6
2023-07-03 06:00:00,0.238,1009.8,21.5
2023-07-03 07:00:00,0.08,1009.8,21.5
2023-07-03 08:00:00,0.223,1009.8,21.6
2023-07-03 09:00:00,0.61,1009.8,21.5
2023-07-03 10:00:00,1.02,1009.8,21.6
2023-07-03 11:00:00,1.385,1010.1,21.5
2023-07-03 12:00:00,1.627,1010.7,21.6
2023-07-03 13:00:00,1.668,1011.3,21.5
2023-07-03 14:00:00,1.494,1011.3,21.6
2023-07-03 15:00:00,1.151,1011.3,21.6
2023-07-03 16:00:00,0.787,1011.2,21.6
2023-07-03 17:00:00,0.506,1010.7,21.6
2023-07-03 18:00:00,0.282,1010.5,22.1
2023-07-03 19:00:00,0.171,1010.3,22.1
2023-07-03 20:00:00,0.319,1009.8,22.4
2023-07-03 21:00:00,0.806,1009.7,22.5
2023-07-03 22:00:00,1.331,1009.1,22.1
2023-07-03 23:00:00,1.722,1009.1,21.9
2023-07-04 00:00:00,1.935,1009.5,21.8
2023-07-04 01:00:00,2.053,1010.2,22.0
2023-07-04 02:00:00,1.994,1011.2,21.9
2023-07-04 03:00:00,1.678,1010.9,21.7
2023-07-04 04:00:00,1.234,1011.2,21.7
2023-07-04 05:00:00,0.761,1011.7,21.8
2023-07-04 06:00:00,0.394,1011.4,21.8
2023-07-04 07:00:00,0.162,1011.2,21.8
2023-07-04 08:00:00,0.024,1011.4,21.9
2023-07-04 09:00:00,0.227,1011.4,21.9
2023-07-04 10:00:00,0.676,1011.7,21.9
2023-07-04 11:00:00,1.142,1012.4,21.9
2023-07-04 12:00:00,1.454,1012.8,21.9
2023-07-04 13:00:00,1.676,1013.0,22.0
2023-07-04 14:00:00,1.712,1013.2,21.9
2023-07-04 15:00:00,1.497,1012.9,22.0
2023-07-04 16:00:00,1.157,1013.2,21.9
2023-07-04 17:00:00,0.756,1012.9,22.0
2023-07-04 18:00:00,0.487,1012.2,22.3
2023-07-04 19:00:00,0.269,1012.4,22.3
2023-07-04 20:00:00,0.119,1012.2,22.3
2023-07-04 21:00:00,0.292,1012.2,22.3
2023-07-04 22:00:00,0.777,1012.4,22.5
2023-07-04 23:00:00,1.351,1013.2,22.2
2023-07-05 00:00:00,1.734,1013.0,22.2
2023-07-05 01:00:00,1.918,1013.5,22.1
2023-07-05 02:00:00,2.039,1014.1,22.2
2023-07-05 03:00:00,1.94,1014.5,22.2
2023-07-05 04:00:00,1.611,1014.2,21.9
2023-07-05 05:00:00,1.159,1014.7,21.9
2023-07-05 06:00:00,0.734,1014.8,22.0
2023-07-05 07:00:00,0.37,1014.7,22.0
2023-07-05 08:00:00,0.092,1014.4,22.0
2023-07-05 09:00:00,-0.017,1014.5,22.1
2023-07-05 10:00:00,0.229,1014.9,22.1
2023-07-05 11:00:00,0.703,1015.3,22.2
2023-07-05 12:00:00,1.202,1015.7,22.0
2023-07-05 13:00:00,1.534,1016.0,22.2
2023-07-05 14:00:00,1.714,1015.9,22.1
2023-07-05 15:00:00,1.703,1015.9,22.2
2023-07-05 16:00:00,1.483,1015.8,22.2
2023-07-05 17:00:00,1.131,1015.6,22.2
2023-07-05 18:00:00,0.744,1015.4,23.0
2023-07-05 19:00:00,0.474,1015.0,23.1
2023-07-05 20:00:00,0.251,1014.7,23.1
2023-07-05 21:00:00,0.155,1014.4,23.1
2023-07-05 22:00:00,0.32,1014.0,23.1
2023-07-05 23:00:00,0.797,1014.1,23.3
2023-07-06 00:00:00,1.35,1014.1,22.7
2023-07-06 01:00:00,1.722,1014.6,22.4
2023-07-06 02:00:00,1.951,1015.3,22.5
2023-07-06 03:00:00,2.049,1015.4,22.7
2023-07-06 04:00:00,1.899,1015.3,22.6
2023-07-06 05:00:00,1.527,1015.4,22.2
2023-07-06 06:00:00,1.031,1015.3,22.3
2023-07-06 07:00:00,0.613,1015.2,22.5
2023-07-06 08:00:00,0.313,1014.7,22.4
2023-07-06 09:00:00,0.058,1014.7,22.5
2023-07-06 10:00:00,0.01,1014.5,22.5
2023-07-06 11:00:00,0.308,1014.4,22.5
2023-07-06 12:00:00,0.742,1015.0,22.7
2023-07-06 13:00:00,1.246,1014.8,22.5
2023-07-06 14:00:00,1.582,1014.8,22.6
2023-07-06 15:00:00,1.763,1014.8,22.5
2023-07-06 16:00:00,1.747,1014.5,22.7
2023-07-06 17:00:00,1.482,1014.2,22.7
2023-07-06 18:00:00,1.1,1014.0,22.7
2023-07-06 19:00:00,0.729,1013.2,22.7
2023-07-06 20:00:00,0.476,1012.7,23.6
2023-07-06 21:00:00,0.253,1012.4,23.5
2023-07-06 22:00:00,0.173,1011.9,23.2
2023-07-06 23:00:00,0.406,1012.3,23.4
2023-07-07 00:00:00,0.904,1012.5,23.3
2023-07-07 01:00:00,1.393,1012.6,22.9
2023-07-07 02:00:00,1.683,1013.0,22.9
2023-07-07 03:00:00,1.865,1012.9,22.8
2023-07-07 04:00:00,1.956,1012.8,22.9
2023-07-07 05:00:00,1.808,1012.6,22.8
2023-07-07 06:00:00,1.456,1012.1,22.5
2023-07-07 07:00:00,0.997,1011.9,22.6
2023-07-07 08:00:00,0.606,1011.8,22.8
2023-07-07 09:00:00,0.307,1011.8,22.8
2023-07-07 10:00:00,0.074,1011.7,22.8
2023-07-07 11:00:00,0.057,1012.2,22.8
2023-07-07 12:00:00,0.391,1012.5,22.9
2023-07-07 13:00:00,0.876,1012.5,23.0
2023-07-07 14:00:00,1.342,1012.3,22.9
2023-07-07 15:00:00,1.644,1012.4,22.9
2023-07-07 16:00:00,1.818,1011.8,23.0
2023-07-07 17:00:00,1.773,1011.4,23.2
2023-07-07 18:00:00,1.496,1010.9,23.2
2023-07-07 19:00:00,1.15,1011.0,23.2
2023-07-07 20:00:00,0.825,1010.5,23.0
2023-07-07 21:00:00,0.577,1010.7,23.5
2023-07-07 22:00:00,0.339,1010.4,23.7
2023-07-07 23:00:00,0.253,1010.9,23.5
2023-07-08 00:00:00,0.48,1011.3,23.5
2023-07-08 01:00:00,0.903,1010.9,23.5
2023-07-08 02:00:00,1.365,1011.1,23.1
2023-07-08 03:00:00,1.669,1011.1,23.0
2023-07-08 04:00:00,1.826,1011.1,23.0
2023-07-08 05:00:00,1.889,1011.3,23.2
2023-07-08 06:00:00,1.705,1011.2,23.0
2023-07-08 07:00:00,1.379,1011.2,22.9
2023-07-08 08:00:00,0.916,1011.0,23.1
2023-07-08 09:00:00,0.569,1011.2,23.1
2023-07-08 10:00:00,0.291,1011.2,23.1
2023-07-08 11:00:00,0.106,1011.6,23.1
2023-07-08 12:00:00,0.176,1011.6,23.2
2023-07-08 13:00:00,0.534,1011.6,23.3
2023-07-08 14:00:00,0.999,1011.6,23.3
2023-07-08 15:00:00,1.395,1011.3,23.2
2023-07-08 16:00:00,1.653,1011.3,23.2
2023-07-08 17:00:00,1.786,1011.0,23.3
2023-07-08 18:00:00,1.753,1010.5,23.4
2023-07-08 19:00:00,1.509,1010.5,23.6
2023-07-08 20:00:00,1.205,1010.4,23.4
2023-07-08 21:00:00,0.859,1010.4,23.3
2023-07-08 22:00:00,0.602,1010.4,23.6
2023-07-08 23:00:00,0.375,1010.0,23.7
2023-07-09 00:00:00,0.344,1010.4,23.7
2023-07-09 01:00:00,0.565,1010.6,23.7
2023-07-09 02:00:00,0.967,1010.6,23.6
2023-07-09 03:00:00,1.356,1010.9,23.3
2023-07-09 04:00:00,1.6,1011.2,23.1
2023-07-09 05:00:00,1.756,1010.9,23.1
2023-07-09 06:00:00,1.795,1011.1,23.2
2023-07-09 07:00:00,1.601,1010.8,23.2
2023-07-09 08:00:00,1.281,1010.6,23.2
2023-07-09 09:00:00,0.889,1010.7,23.3
2023-07-09 10:00:00,0.561,1010.7,23.2
2023-07-09 11:00:00,0.351,1010.8,23.3
2023-07-09 12:00:00,0.207,1011.2,23.3
2023-07-09 13:00:00,0.303,1011.1,23.4
2023-07-09 14:00:00,0.661,1011.0,23.7
2023-07-09 15:00:00,1.074,1010.8,23.3
2023-07-09 16:00:00,1.473,1009.8,23.3
2023-07-09 17:00:00,1.722,1009.7,23.3
2023-07-09 18:00:00,1.866,1009.2,23.3
2023-07-09 19:00:00,1.819,1009.3,23.3
2023-07-09 20:00:00,1.565,1009.5,23.4
2023-07-09 21:00:00,1.267,1009.0,23.4
2023-07-09 22:00:00,0.949,1008.8,23.4
2023-07-09 23:00:00,0.718,1009.0,23.5
2023-07-10 00:00:00,0.505,1008.8,23.6
2023-07-10 01:00:00,0.437,1008.2,23.5
2023-07-10 02:00:00,0.665,1008.0,23.5
2023-07-10 03:00:00,1.05,1007.5,23.5
2023-07-10 04:00:00,1.44,1007.2,23.2
2023-07-10 05:00:00,1.64,1007.3,23.3
2023-07-10 06:00:00,1.775,1006.9,23.3
2023-07-10 07:00:00,1.803,1006.8,23.3
2023-07-10 08:00:00,1.593,1006.5,23.3
2023-07-10 09:00:00,1.263,1006.5,23.3
2023-07-10 10:00:00,0.892,1006.8,23.2
2023-07-10 11:00:00,0.613,1007.4,23.3
2023-07-10 12:00:00,0.442,1007.8,23.4
2023-07-10 13:00:00,0.353,1008.0,23.5
2023-07-10 14:00:00,0.456,1007.9,23.7
2023-07-10 15:00:00,0.802,1008.6,23.7
2023-07-10 16:00:00,1.181,1008.7,23.6
2023-07-10 17:00:00,1.51,1008.4,23.6
2023-07-10 18:00:00,1.698,1008.6,23.4
2023-07-10 19:00:00,1.804,1008.4,23.5
2023-07-10 20:00:00,1.782,1008.3,23.6
2023-07-10 21:00:00,1.576,1008.1,23.6
2023-07-10 22:00:00,1.292,1008.4,24.1
2023-07-10 23:00:00,1.009,1008.8,23.9
2023-07-11 00:00:00,0.712,1009.7,24.0
2023-07-11 01:00:00,0.517,1010.4,23.9
2023-07-11 02:00:00,0.424,1010.8,23.8
2023-07-11 03:00:00,0.623,1011.2,23.9
2023-07-11 04:00:00,0.899,1011.4,23.8
2023-07-11 05:00:00,1.237,1011.3,23.4
2023-07-11 06:00:00,1.444,1011.0,23.5
2023-07-11 07:00:00,1.559,1011.2,23.6
2023-07-11 08:00:00,1.552,1011.2,23.6
2023-07-11 09:00:00,1.383,1011.5,23.7
2023-07-11 10:00:00,1.141,1012.0,23.8
2023-07-11 11:00:00,0.82,1012.7,23.8
2023-07-11 12:00:00,0.57,1013.0,23.8
2023-07-11 13:00:00,0.391,1013.1,23.7
2023-07-11 14:00:00,0.301,1012.5,24.1
2023-07-11 15:00:00,0.435,1012.4,24.0
2023-07-11 16:00:00,0.775,1012.4,24.2
2023-07-11 17:00:00,1.176,1012.1,23.9
2023-07-11 18:00:00,1.478,1011.9,23.9
2023-07-11 19:00:00,1.687,1011.9,24.1
2023-07-11 20:00:00,1.804,1011.7,24.2
2023-07-11 21:00:00,1.729,1011.5,24.2
2023-07-11 22:00:00,1.479,1011.6,24.2
2023-07-11 23:00:00,1.189,1011.8,24.5
2023-07-12 00:00:00,0.905,1012.1,24.6
2023-07-12 01:00:00,0.685,1012.3,24.4
2023-07-12 02:00:00,0.489,1012.8,24.4
2023-07-12 03:00:00,0.401,1013.1,24.4
2023-07-12 04:00:00,0.547,1013.1,24.4
2023-07-12 05:00:00,0.806,1013.0,24.2
2023-07-12 06:00:00,1.115,1012.9,24.1
2023-07-12 07:00:00,1.344,1013.1,23.8
2023-07-12 08:00:00,1.468,1013.1,24.0
2023-07-12 09:00:00,1.461,1013.5,24.1
2023-07-12 10:00:00,1.306,1013.5,24.2
2023-07-12 11:00:00,1.085,1013.9,24.3
2023-07-12 12:00:00,0.778,1014.4,24.6
2023-07-12 13:00:00,0.535,1014.5,24.4
2023-07-12 14:00:00,0.359,1014.3,24.2
2023-07-12 15:00:00,0.321,1014.1,24.4
2023-07-12 16:00:00,0.487,1014.0,24.6
2023-07-12 17:00:00,0.844,1013.6,24.7
2023-07-12 18:00:00,1.219,1013.0,24.8
2023-07-12 19:00:00,1.508,1013.0,24.3
2023-07-12 20:00:00,1.701,1012.7,24.2
2023-07-12 21:00:00,1.77,1012.8,24.5
2023-07-12 22:00:00,1.7,1012.5,24.3
2023-07-12 23:00:00,1.491,1012.9,24.7
2023-07-13 00:00:00,1.19,1013.2,24.9
2023-07-13 01:00:00,0.863,1013.1,24.8
2023-07-13 02:00:00,0.632,1013.4,24.7
2023-07-13 03:00:00,0.448,1013.4,24.8
2023-07-13 04:00:00,0.383,1013.1,24.7
2023-07-13 05:00:00,0.561,1013.1,24.5
2023-07-13 06:00:00,0.806,1012.6,24.5
2023-07-13 07:00:00,1.117,1012.3,24.5
2023-07-13 08:00:00,1.342,1012.5,24.0
2023-07-13 09:00:00,1.462,1012.9,24.2
2023-07-13 10:00:00,1.468,1013.0,24.3
2023-07-13 11:00:00,1.314,1013.1,24.5
2023-07-13 12:00:00,1.076,1013.0,24.7
2023-07-13 13:00:00,0.793,1012.9,24.8
2023-07-13 14:00:00,0.612,1012.6,24.6
2023-07-13 15:00:00,0.469,1012.1,24.5
2023-07-13 16:00:00,0.483,1011.8,24.5
2023-07-13 17:00:00,0.643,1011.2,24.8
2023-07-13 18:00:00,0.973,1010.5,24.9
2023-07-13 19:00:00,1.361,1010.1,24.5
2023-07-13 20:00:00,1.681,1009.7,24.9
2023-07-13 21:00:00,1.812,1009.1,25.2
2023-07-13 22:00:00,1.854,1008.7,25.1
2023-07-13 23:00:00,1.743,1008.7,24.9
2023-07-14 00:00:00,1.526,1009.1,25.0
2023-07-14 01:00:00,1.227,1009.5,25.1
2023-07-14 02:00:00,0.913,1010.1,25.1
2023-07-14 03:00:00,0.656,1010.2,24.9
2023-07-14 04:00:00,0.469,1010.2,25.0
2023-07-14 05:00:00,0.423,1009.9,25.0
2023-07-14 06:00:00,0.585,1010.8,24.9
2023-07-14 07:00:00,0.827,1011.3,24.6
2023-07-14 08:00:00,1.115,1011.4,24.8
2023-07-14 09:00:00,1.322,1010.9,24.2
2023-07-14 10:00:00,1.435,1011.0,24.3
2023-07-14 11:00:00,1.438,1011.7,24.5
2023-07-14 12:00:00,1.294,1011.3,24.6
2023-07-14 13:00:00,1.109,1012.8,24.8
2023-07-14 14:00:00,0.857,1012.6,25.0
2023-07-14 15:00:00,0.652,1012.6,24.7
2023-07-14 16:00:00,0.453,1013.0,24.5
2023-07-14 17:00:00,0.465,1012.8,24.9
2023-07-14 18:00:00,0.655,1012.9,24.9
2023-07-14 19:00:00,0.996,1012.5,24.9
2023-07-14 20:00:00,1.412,1012.2,24.5
2023-07-14 21:00:00,1.664,1012.3,24.7
2023-07-14 22:00:00,1.759,1012.3,24.5
2023-07-14 23:00:00,1.772,1011.8,24.4
2023-07-15 00:00:00,1.687,1012.4,24.5
2023-07-15 01:00:00,1.459,1012.8,24.9
2023-07-15 02:00:00,1.148,1013.3,24.9
2023-07-15 03:00:00,0.852,1014.8,24.8
2023-07-15 04:00:00,0.573,1013.8,24.9
2023-07-15 05:00:00,0.396,1013.8,24.6
2023-07-15 06:00:00,0.362,1013.7,24.6
2023-07-15 07:00:00,0.547,1013.5,24.7
2023-07-15 08:00:00,0.837,1013.1,24.6
2023-07-15 09:00:00,1.126,1013.0,24.7
2023-07-15 10:00:00,1.36,1013.6,24.1
2023-07-15 11:00:00,1.454,1014.1,24.3
2023-07-15 12:00:00,1.475,1014.5,24.3
2023-07-15 13:00:00,1.297,1014.9,24.4
2023-07-15 14:00:00,1.037,1015.1,24.8
2023-07-15 15:00:00,0.752,1014.9,24.7
2023-07-15 16:00:00,0.573,1014.7,24.5
2023-07-15 17:00:00,0.463,1014.6,24.6
2023-07-15 18:00:00,0.476,1013.7,24.8
2023-07-15 19:00:00,0.679,1013.9,24.9
2023-07-15 20:00:00,1.045,1013.6,25.1
2023-07-15 21:00:00,1.433,1012.7,24.6
2023-07-15 22:00:00,1.703,1013.2,24.7
2023-07-15 23:00:00,1.79,1013.3,24.9
2023-07-16 00:00:00,1.808,1012.9,24.4
2023-07-16 01:00:00,1.66,1012.6,24.9
2023-07-16 02:00:00,1.398,1013.2,24.8
2023-07-16 03:00:00,1.037,1013.0,24.6
2023-07-16 04:00:00,0.737,1012.9,24.8
2023-07-16 05:00:00,0.523,1012.4,25.0
2023-07-16 06:00:00,0.382,1011.9,24.7
2023-07-16 07:00:00,0.394,1011.5,24.7
2023-07-16 08:00:00,0.662,1010.4,24.8
2023-07-16 09:00:00,0.952,1010.1,24.7
2023-07-16 10:00:00,1.23,1010.1,23.8
2023-07-16 11:00:00,1.444,1009.9,24.0
2023-07-16 12:00:00,1.578,1010.2,24.4
2023-07-16 13:00:00,1.542,1010.5,24.6
2023-07-16 14:00:00,1.33,1010.5,24.6
2023-07-16 15:00:00,1.037,1010.5,24.5
2023-07-16 16:00:00,0.748,1010.4,24.6
2023-07-16 17:00:00,0.575,1010.2,24.6
2023-07-16 18:00:00,0.453,1009.5,24.7
2023-07-16 19:00:00,0.498,1009.6,24.9
2023-07-16 20:00:00,0.804,1009.0,24.5
2023-07-16 21:00:00,1.166,1009.0,24.7
2023-07-16 22:00:00,1.501,1009.3,23.9
2023-07-16 23:00:00,1.652,1008.9,24.2
2023-07-17 00:00:00,1.742,1009.2,24.3
2023-07-17 01:00:00,1.813,1009.8,24.2
2023-07-17 02:00:00,1.595,1010.2,24.2
2023-07-17 03:00:00,1.366,1010.1,24.3
2023-07-17 04:00:00,0.996,1010.6,24.2
2023-07-17 05:00:00,0.708,1010.6,24.3
2023-07-17 06:00:00,0.417,1010.7,24.5
2023-07-17 07:00:00,0.296,1010.9,24.5
2023-07-17 08:00:00,0.313,1011.0,24.4
2023-07-17 09:00:00,0.648,1011.5,24.4
2023-07-17 10:00:00,0.963,1012.1,24.4
2023-07-17 11:00:00,1.307,1012.8,23.9
2023-07-17 12:00:00,1.441,1013.4,24.2
2023-07-17 13:00:00,1.468,1013.4,24.2
2023-07-17 14:00:00,1.379,1013.9,24.4
2023-07-17 15:00:00,1.191,1014.2,24.8
2023-07-17 16:00:00,0.913,1014.5,25.3
2023-07-17 17:00:00,0.674,1014.3,24.9
2023-07-17 18:00:00,0.538,1014.2,24.4
2023-07-17 19:00:00,0.407,1014.1,24.9
2023-07-17 20:00:00,0.505,1013.5,24.7
2023-07-17 21:00:00,0.812,1013.2,25.0
2023-07-17 22:00:00,1.272,1013.0,25.2
2023-07-17 23:00:00,1.648,1013.5,24.2
2023-07-18 00:00:00,1.799,1013.7,24.4
2023-07-18 01:00:00,1.75,1014.1,24.0
2023-07-18 02:00:00,1.651,1014.7,24.6
2023-07-18 03:00:00,1.455,1014.9,24.9
2023-07-18 04:00:00,1.161,1015.1,25.0
2023-07-18 05:00:00,0.813,1015.4,24.9
2023-07-18 06:00:00,0.535,1014.9,25.0
2023-07-18 07:00:00,0.327,1014.7,24.8
2023-07-18 08:00:00,0.263,1014.2,24.8
2023-07-18 09:00:00,0.443,1014.0,24.8
2023-07-18 10:00:00,0.759,1014.3,24.6
2023-07-18 11:00:00,1.11,1014.8,24.4
2023-07-18 12:00:00,1.348,1014.8,24.1
2023-07-18 13:00:00,1.488,1014.9,24.3
2023-07-18 14:00:00,1.513,1015.0,24.4
2023-07-18 15:00:00,1.412,1014.9,24.7
2023-07-18 16:00:00,1.161,1015.1,25.0
2023-07-18 17:00:00,0.857,1014.4,24.7
2023-07-18 18:00:00,0.608,1014.5,24.7
2023-07-18 19:00:00,0.477,1014.3,24.5
2023-07-18 20:00:00,0.468,1013.8,24.8
2023-07-18 21:00:00,0.64,1013.3,24.7
2023-07-18 22:00:00,0.981,1013.0,24.8
2023-07-18 23:00:00,1.407,1013.4,24.5
2023-07-19 00:00:00,1.675,1013.4,24.5
2023-07-19 01:00:00,1.759,1013.5,24.3
2023-07-19 02:00:00,1.756,1014.2,24.0
2023-07-19 03:00:00,1.588,1014.8,24.4
2023-07-19 04:00:00,1.349,1015.3,24.6
2023-07-19 05:00:00,1.006,1015.3,24.7
2023-07-19 06:00:00,0.69,1015.0,24.5
2023-07-19 07:00:00,0.442,1014.9,24.7
2023-07-19 08:00:00,0.269,1015.2,24.5
2023-07-19 09:00:00,0.284,1015.7,24.4
2023-07-19 10:00:00,0.552,1015.8,24.5
2023-07-19 11:00:00,0.846,1016.4,24.4
2023-07-19 12:00:00,1.167,1017.3,24.1
2023-07-19 13:00:00,1.367,1017.2,24.1
2023-07-19 14:00:00,1.465,1017.4,24.0
2023-07-19 15:00:00,1.457,1017.3,24.3
2023-07-19 16:00:00,1.295,1017.9,24.4
2023-07-19 17:00:00,1.01,1017.7,24.5
2023-07-19 18:00:00,0.7,1017.3,24.4
2023-07-19 19:00:00,0.51,1016.8,24.5
2023-07-19 20:00:00,0.379,1016.4,24.7
2023-07-19 21:00:00,0.533,1016.2,25.1
2023-07-19 22:00:00,0.799,1015.6,24.6
2023-07-19 23:00:00,1.133,1015.8,24.7
2023-07-20 00:00:00,1.388,1016.3,24.1
2023-07-20 01:00:00,1.586,1016.7,24.0
2023-07-20 02:00:00,1.668,1017.2,24.4
2023-07-20 03:00:00,1.673,1017.0,23.6
2023-07-20 04:00:00,1.457,1016.7,24.1
2023-07-20 05:00:00,1.186,1016.5,24.2
2023-07-20 06:00:00,0.808,1016.2,24.2
2023-07-20 07:00:00,0.568,1016.1,24.3
2023-07-20 08:00:00,0.365,1015.9,24.2
2023-07-20 09:00:00,0.276,1015.6,24.4
2023-07-20 10:00:00,0.395,1015.9,24.3
2023-07-20 11:00:00,0.697,1016.0,24.2
2023-07-20 12:00:00,1.013,1016.2,24.3
2023-07-20 13:00:00,1.301,1016.5,23.5
2023-07-20 14:00:00,1.45,1016.4,24.1
2023-07-20 15:00:00,1.477,1016.1,24.1
2023-07-20 16:00:00,1.393,1015.9,24.1
2023-07-20 17:00:00,1.188,1015.3,24.7
2023-07-20 18:00:00,0.909,1015.3,24.6
2023-07-20 19:00:00,0.687,1015.0,24.6
2023-07-20 20:00:00,0.555,1014.4,24.4
2023-07-20 21:00:00,0.473,1014.3,24.7
2023-07-20 22:00:00,0.566,1013.2,24.4
2023-07-20 23:00:00,0.864,1013.3,24.3
2023-07-21 00:00:00,1.27,1013.0,24.7
2023-07-21 01:00:00,1.573,1012.8,24.1
2023-07-21 02:00:00,1.706,1012.8,24.0
2023-07-21 03:00:00,1.702,1012.4,24.1
2023-07-21 04:00:00,1.596,1012.1,23.8
2023-07-21 05:00:00,1.373,1011.3,24.3
2023-07-21 06:00:00,1.071,1010.9,24.3
2023-07-21 07:00:00,0.751,1010.3,24.3
2023-07-21 08:00:00,0.551,1010.3,24.6
2023-07-21 09:00:00,0.404,1009.7,24.3
2023-07-21 10:00:00,0.396,1009.7,24.4
2023-07-21 11:00:00,0.598,1008.9,24.3
2023-07-21 12:00:00,0.88,1008.7,24.2
2023-07-21 13:00:00,1.211,1008.5,24.1
2023-07-21 14:00:00,1.452,1008.0,23.5
2023-07-21 15:00:00,1.571,1008.1,23.3
2023-07-21 16:00:00,1.604,1008.2,24.0
2023-07-21 17:00:00,1.446,1007.8,24.1
2023-07-21 18:00:00,1.189,1007.2,24.3
2023-07-21 19:00:00,0.93,1006.9,24.5
2023-07-21 20:00:00,0.747,1006.6,24.3
2023-07-21 21:00:00,0.558,1006.3,24.3
2023-07-21 22:00:00,0.498,1006.3,24.2
2023-07-21 23:00:00,0.693,1006.3,24.2
2023-07-22 00:00:00,1.05,1006.7,24.5
2023-07-22 01:00:00,1.441,1007.1,23.9
2023-07-22 02:00:00,1.617,1007.4,23.8
2023-07-22 03:00:00,1.648,1007.7,23.5
2023-07-22 04:00:00,1.574,1007.8,23.6
2023-07-22 05:00:00,1.477,1007.9,23.6
2023-07-22 06:00:00,1.261,1008.1,23.9
2023-07-22 07:00:00,0.972,1007.9,24.1
2023-07-22 08:00:00,0.651,1007.8,23.9
2023-07-22 09:00:00,0.436,1008.0,23.8
2023-07-22 10:00:00,0.317,1008.4,23.9
2023-07-22 11:00:00,0.421,1009.0,23.8
2023-07-22 12:00:00,0.688,1009.4,23.8
2023-07-22 13:00:00,0.989,1009.5,24.0
2023-07-22 14:00:00,1.278,1009.7,23.4
2023-07-22 15:00:00,1.461,1009.8,23.4
2023-07-22 16:00:00,1.599,1009.8,23.4
2023-07-22 17:00:00,1.557,1009.5,23.4
2023-07-22 18:00:00,1.342,1009.3,24.4
2023-07-22 19:00:00,1.088,1009.3,24.4
2023-07-22 20:00:00,0.814,1009.3,24.2
2023-07-22 21:00:00,0.648,1009.5,24.0
2023-07-22 22:00:00,0.526,1009.2,24.0
2023-07-22 23:00:00,0.564,1009.6,23.7
2023-07-23 00:00:00,0.826,1010.0,23.8
2023-07-23 01:00:00,1.157,1010.3,24.0
2023-07-23 02:00:00,1.464,1010.7,23.7
2023-07-23 03:00:00,1.593,1010.8,23.4
2023-07-23 04:00:00,1.578,1011.2,23.4
2023-07-23 05:00:00,1.477,1011.6,23.1
2023-07-23 06:00:00,1.322,1011.7,23.4
2023-07-23 07:00:00,1.116,1011.8,23.9
2023-07-23 08:00:00,0.818,1012.1,23.5
2023-07-23 09:00:00,0.588,1012.6,23.4
2023-07-23 10:00:00,0.393,1013.2,23.7
2023-07-23 11:00:00,0.343,1013.9,23.7
2023-07-23 12:00:00,0.499,1014.4,23.6
2023-07-23 13:00:00,0.799,1015.1,23.7
2023-07-23 14:00:00,1.112,1015.4,23.9
2023-07-23 15:00:00,1.344,1015.5,22.6
2023-07-23 16:00:00,1.515,1015.3,23.2
2023-07-23 17:00:00,1.587,1015.1,23.5
2023-07-23 18:00:00,1.474,1014.8,23.7
2023-07-23 19:00:00,1.245,1014.7,24.0
2023-07-23 20:00:00,0.976,1014.3,23.8
2023-07-23 21:00:00,0.765,1014.5,24.2
2023-07-23 22:00:00,0.641,1014.8,23.8
2023-07-23 23:00:00,0.584,1015.1,24.3
2023-07-24 00:00:00,0.672,1015.5,23.6
2023-07-24 01:00:00,0.889,1016.5,23.9
2023-07-24 02:00:00,1.161,1017.5,23.6
2023-07-24 03:00:00,1.364,1017.8,23.6
2023-07-24 04:00:00,1.44,1018.0,23.6
2023-07-24 05:00:00,1.443,1018.1,23.9
2023-07-24 06:00:00,1.376,1018.3,23.7
2023-07-24 07:00:00,1.213,1018.4,23.9
2023-07-24 08:00:00,0.973,1018.4,23.9
2023-07-24 09:00:00,0.697,1018.9,24.2
2023-07-24 10:00:00,0.478,1019.0,24.0
2023-07-24 11:00:00,0.324,1019.2,23.6
2023-07-24 12:00:00,0.355,1019.7,23.6
2023-07-24 13:00:00,0.586,1019.7,23.8
2023-07-24 14:00:00,0.903,1020.0,23.9
2023-07-24 15:00:00,1.2,1020.3,23.5
2023-07-24 16:00:00,1.38,1020.2,22.9
2023-07-24 17:00:00,1.479,1020.2,23.3
2023-07-24 18:00:00,1.499,1019.9,23.9
2023-07-24 19:00:00,1.394,1019.2,23.9
2023-07-24 20:00:00,1.182,1018.9,24.3
2023-07-24 21:00:00,0.926,1018.6,24.3
2023-07-24 22:00:00,0.712,1018.5,23.9
2023-07-24 23:00:00,0.574,1018.6,24.3
2023-07-25 00:00:00,0.518,1018.6,24.1
2023-07-25 01:00:00,0.667,1018.8,24.0
2023-07-25 02:00:00,0.89,1018.8,23.9
2023-07-25 03:00:00,1.172,1019.1,24.4
2023-07-25 04:00:00,1.34,1019.0,23.2
2023-07-25 05:00:00,1.394,1019.1,23.6
2023-07-25 06:00:00,1.399,1019.0,23.2
2023-07-25 07:00:00,1.304,1019.0,24.0
2023-07-25 08:00:00,1.124,1018.5,23.8
2023-07-25 09:00:00,0.853,1018.1,23.9
2023-07-25 10:00:00,0.597,1018.5,23.7
2023-07-25 11:00:00,0.413,1018.7,23.6
2023-07-25 12:00:00,0.332,1019.2,24.0
2023-07-25 13:00:00,0.442,1019.1,23.7
2023-07-25 14:00:00,0.687,1019.1,23.7
2023-07-25 15:00:00,0.995,1019.0,23.7
2023-07-25 16:00:00,1.234,1018.9,23.6
2023-07-25 17:00:00,1.401,1018.2,23.3
2023-07-25 18:00:00,1.566,1016.8,23.6
2023-07-25 19:00:00,1.574,1016.9,24.2
2023-07-25 20:00:00,1.413,1018.7,24.3
2023-07-25 21:00:00,1.151,1018.8,23.7
2023-07-25 22:00:00,0.834,1018.2,23.6
2023-07-25 23:00:00,0.63,1018.4,23.7
2023-07-26 00:00:00,0.502,1018.5,23.9
2023-07-26 01:00:00,0.451,1018.5,23.9
2023-07-26 02:00:00,0.54,1018.6,23.9
2023-07-26 03:00:00,0.85,1018.7,23.7
2023-07-26 04:00:00,1.194,1018.8,23.9
2023-07-26 05:00:00,1.321,1018.8,23.6
2023-07-26 06:00:00,1.32,1018.6,23.1
2023-07-26 07:00:00,1.255,1018.4,23.3
2023-07-26 08:00:00,1.161,1018.4,23.4
2023-07-26 09:00:00,0.951,1019.3,23.5
2023-07-26 10:00:00,0.74,1019.4,23.8
2023-07-26 11:00:00,0.568,1019.6,23.5
2023-07-26 12:00:00,0.492,1020.3,23.4
2023-07-26 13:00:00,0.403,1020.7,23.9
2023-07-26 14:00:00,0.465,1020.3,23.5
2023-07-26 15:00:00,0.675,1020.2,23.8
2023-07-26 16:00:00,0.992,1019.8,23.8
2023-07-26 17:00:00,1.306,1019.3,23.4
2023-07-26 18:00:00,1.519,1018.9,23.5
2023-07-26 19:00:00,1.609,1018.6,23.6
2023-07-26 20:00:00,1.54,1018.2,23.7
2023-07-26 21:00:00,1.335,1017.8,23.5
2023-07-26 22:00:00,1.102,1017.2,24.1
2023-07-26 23:00:00,0.871,1017.1,24.0
2023-07-27 00:00:00,0.692,1017.8,24.1
2023-07-27 01:00:00,0.52,1018.0,24.0
2023-07-27 02:00:00,0.455,1017.9,24.2
2023-07-27 03:00:00,0.578,1017.3,24.0
2023-07-27 04:00:00,0.792,1017.6,24.0
2023-07-27 05:00:00,1.094,1017.6,24.2
2023-07-27 06:00:00,1.265,1017.1,23.4
2023-07-27 07:00:00,1.308,1016.8,23.3
2023-07-27 08:00:00,1.255,1015.9,23.3
2023-07-27 09:00:00,1.112,1015.7,23.4
2023-07-27 10:00:00,0.929,1015.8,23.8
2023-07-27 11:00:00,0.718,1016.1,24.1
2023-07-27 12:00:00,0.568,1015.8,24.0
2023-07-27 13:00:00,0.459,1015.3,23.6
2023-07-27 14:00:00,0.409,1014.9,23.6
2023-07-27 15:00:00,0.479,1014.6,23.7
2023-07-27 16:00:00,0.728,1014.1,24.1
2023-07-27 17:00:00,1.069,1013.9,24.1
2023-07-27 18:00:00,1.349,1013.2,23.7
2023-07-27 19:00:00,1.559,1012.5,23.4
2023-07-27 20:00:00,1.626,1012.3,24.9
2023-07-27 21:00:00,1.5,1012.1,24.8
2023-07-27 22:00:00,1.29,1012.2,24.7
2023-07-27 23:00:00,1.043,1012.2,24.3
2023-07-28 00:00:00,0.823,1012.8,24.6
2023-07-28 01:00:00,0.563,1013.3,24.4
2023-07-28 02:00:00,0.37,1014.4,24.6
2023-07-28 03:00:00,0.269,1014.6,24.3
2023-07-28 04:00:00,0.388,1014.5,24.3
2023-07-28 05:00:00,0.642,1014.6,24.3
2023-07-28 06:00:00,0.921,1014.4,24.3
2023-07-28 07:00:00,1.124,1014.4,22.6
2023-07-28 08:00:00,1.212,1014.6,23.3
2023-07-28 09:00:00,1.227,1015.0,23.2
2023-07-28 10:00:00,1.113,1015.8,23.6
2023-07-28 11:00:00,0.884,1016.3,23.8
2023-07-28 12:00:00,0.634,1016.7,24.1
2023-07-28 13:00:00,0.491,1016.7,23.9
2023-07-28 14:00:00,0.356,1016.7,23.8
2023-07-28 15:00:00,0.302,1016.4,24.7
2023-07-28 16:00:00,0.409,1016.4,24.3
2023-07-28 17:00:00,0.731,1016.1,24.2
2023-07-28 18:00:00,1.1,1015.4,24.6
2023-07-28 19:00:00,1.449,1015.1,23.9
2023-07-28 20:00:00,1.647,1014.4,23.8
2023-07-28 21:00:00,1.701,1014.1,23.3
2023-07-28 22:00:00,1.596,1013.6,23.9
2023-07-28 23:00:00,1.384,1013.4,24.2
2023-07-29 00:00:00,1.1,1013.6,23.9
2023-07-29 01:00:00,0.791,1014.0,24.4
2023-07-29 02:00:00,0.556,1014.1,24.3
2023-07-29 03:00:00,0.353,1014.0,24.4
2023-07-29 04:00:00,0.285,1014.2,24.4
2023-07-29 05:00:00,0.395,1013.3,24.3
2023-07-29 06:00:00,0.656,1012.2,24.5
2023-07-29 07:00:00,0.993,1012.3,24.5
2023-07-29 08:00:00,1.257,1012.1,22.7
2023-07-29 09:00:00,1.334,1011.8,23.3
2023-07-29 10:00:00,1.311,1011.8,23.4
2023-07-29 11:00:00,1.209,1012.0,23.7
2023-07-29 12:00:00,1.077,1011.7,24.1
2023-07-29 13:00:00,0.785,1011.4,24.0
2023-07-29 14:00:00,0.552,1010.7,23.9
2023-07-29 15:00:00,0.341,1009.9,23.8
2023-07-29 16:00:00,0.263,1009.2,24.0
2023-07-29 17:00:00,0.464,1007.9,24.2
2023-07-29 18:00:00,0.877,1007.4,24.4
2023-07-29 19:00:00,1.345,1006.8,24.3
2023-07-29 20:00:00,1.668,1006.1,24.1
2023-07-29 21:00:00,1.782,1005.4,23.8
2023-07-29 22:00:00,1.804,1004.5,24.5
2023-07-29 23:00:00,1.72,1004.5,24.5
2023-07-30 00:00:00,1.552,1004.8,24.4
2023-07-30 01:00:00,1.189,1006.4,23.6
2023-07-30 02:00:00,0.846,1007.8,24.1
2023-07-30 03:00:00,0.511,1008.4,24.0
2023-07-30 04:00:00,0.254,1009.6,24.0
2023-07-30 05:00:00,0.033,1010.1,23.8
2023-07-30 06:00:00,0.202,1010.8,23.9
2023-07-30 07:00:00,0.59,1011.1,23.9
2023-07-30 08:00:00,0.961,1011.3,23.8
2023-07-30 09:00:00,1.183,1011.4,23.4
2023-07-30 10:00:00,1.298,1012.4,23.3
2023-07-30 11:00:00,1.334,1013.5,23.4
2023-07-30 12:00:00,1.356,1014.4,23.4
2023-07-30 13:00:00,1.171,1014.7,23.4
2023-07-30 14:00:00,0.83,1015.1,23.5
2023-07-30 15:00:00,0.531,1015.1,23.5
2023-07-30 16:00:00,0.294,1014.7,23.6
2023-07-30 17:00:00,0.224,1014.4,23.6
2023-07-30 18:00:00,0.412,1014.0,24.1
2023-07-30 19:00:00,0.859,1013.5,23.7
2023-07-30 20:00:00,1.31,1013.3,24.1
2023-07-30 21:00:00,1.666,1013.2,23.6
2023-07-30 22:00:00,1.867,1013.3,23.2
2023-07-30 23:00:00,1.912,1013.7,23.5
2023-07-31 00:00:00,1.84,1013.9,23.5
2023-07-31 01:00:00,1.603,1014.3,23.3
2023-07-31 02:00:00,1.218,1014.7,22.8
2023-07-31 03:00:00,0.803,1014.4,23.2
2023-07-31 04:00:00,0.51,1014.6,23.2
2023-07-31 05:00:00,0.231,1014.6,23.2
2023-07-31 06:00:00,0.159,1014.2,23.2
2023-07-31 07:00:00,0.399,1014.2,23.2
2023-07-31 08:00:00,0.799,1013.9,23.4
2023-07-31 09:00:00,1.208,1014.2,23.0
2023-07-31 10:00:00,1.468,1014.1,23.0
2023-07-31 11:00:00,1.612,1015.1,23.0
2023-07-31 12:00:00,1.614,1015.7,22.6
2023-07-31 13:00:00,1.427,1015.9,22.6
2023-07-31 14:00:00,1.117,1015.8,22.8
2023-07-31 15:00:00,0.779,1015.7,23.0
2023-07-31 16:00:00,0.486,1015.6,23.0
2023-07-31 17:00:00,0.247,1015.2,23.3
2023-07-31 18:00:00,0.14,1014.8,23.5
2023-07-31 19:00:00,0.392,1014.3,23.7
2023-07-31 20:00:00,0.883,1014.2,24.0
2023-07-31 21:00:00,1.388,1014.6,23.4
2023-07-31 22:00:00,1.723,1014.8,23.1
2023-07-31 23:00:00,1.901,1015.0,23.3
2023-08-01 00:00:00,2.01,1015.4,23.1
2023-08-01 01:00:00,1.915,1016.2,23.0
2023-08-01 02:00:00,1.565,1017.1,22.9
2023-08-01 03:00:00,1.135,1017.4,22.7
2023-08-01 04:00:00,0.674,1017.8,22.8
2023-08-01 05:00:00,0.339,1017.9,22.8
2023-08-01 06:00:00,0.06,1018.0,22.8
2023-08-01 07:00:00,-0.023,1017.8,22.9
2023-08-01 08:00:00,0.247,1018.0,23.0
2023-08-01 09:00:00,0.675,1018.6,23.1
2023-08-01 10:00:00,1.133,1019.0,22.9
2023-08-01 11:00:00,1.499,1019.7,23.0
2023-08-01 12:00:00,1.673,1020.3,22.9
2023-08-01 13:00:00,1.626,1020.5,22.7
2023-08-01 14:00:00,1.385,1020.6,22.7
2023-08-01 15:00:00,1.038,1020.8,22.7
2023-08-01 16:00:00,0.673,1020.7,22.8
2023-08-01 17:00:00,0.421,1020.4,23.1
2023-08-01 18:00:00,0.185,1020.2,23.2
2023-08-01 19:00:00,0.074,1020.0,23.4
2023-08-01 20:00:00,0.305,1019.7,23.6
2023-08-01 21:00:00,0.815,1019.6,23.7
2023-08-01 22:00:00,1.365,1019.2,23.3
2023-08-01 23:00:00,1.763,1019.8,22.9
2023-08-02 00:00:00,2.004,1020.6,23.0
2023-08-02 01:00:00,2.056,1021.4,23.1
2023-08-02 02:00:00,1.892,1022.0,22.8
2023-08-02 03:00:00,1.493,1022.2,22.5
2023-08-02 04:00:00,0.99,1022.3,22.3
2023-08-02 05:00:00,0.565,1022.3,22.6
2023-08-02 06:00:00,0.245,1022.1,22.6
2023-08-02 07:00:00,0.003,1022.1,22.7
2023-08-02 08:00:00,-0.014,1022.2,22.7
2023-08-02 09:00:00,0.318,1022.6,22.8
2023-08-02 10:00:00,0.73,1023.0,22.9
2023-08-02 11:00:00,1.209,1023.5,22.8
2023-08-02 12:00:00,1.55,1024.2,22.8
2023-08-02 13:00:00,1.787,1024.2,22.6
2023-08-02 14:00:00,1.741,1023.9,22.6
2023-08-02 15:00:00,1.43,1023.6,22.6
2023-08-02 16:00:00,1.022,1023.7,22.6
2023-08-02 17:00:00,0.626,1023.5,22.7
2023-08-02 18:00:00,0.359,1023.2,23.0
2023-08-02 19:00:00,0.143,1022.6,23.0
2023-08-02 20:00:00,0.062,1022.3,23.2
2023-08-02 21:00:00,0.294,1021.8,23.3
2023-08-02 22:00:00,0.828,1021.9,23.3
2023-08-02 23:00:00,1.385,1021.9,23.1
2023-08-03 00:00:00,1.788,1022.2,22.8
2023-08-03 01:00:00,2.005,1022.3,22.9
2023-08-03 02:00:00,2.035,1022.6,22.9
2023-08-03 03:00:00,1.827,1022.7,22.1
2023-08-03 04:00:00,1.406,1022.7,22.2
2023-08-03 05:00:00,0.914,1022.7,22.2
2023-08-03 06:00:00,0.513,1022.2,22.4
2023-08-03 07:00:00,0.179,1021.6,22.5
2023-08-03 08:00:00,-0.071,1021.1,22.5
2023-08-03 09:00:00,-0.064,1021.2,22.6
2023-08-03 10:00:00,0.352,1021.4,22.6
2023-08-03 11:00:00,0.879,1021.5,22.8
2023-08-03 12:00:00,1.386,1021.5,22.8
2023-08-03 13:00:00,1.678,1021.1,22.7
2023-08-03 14:00:00,1.811,1021.1,22.6
2023-08-03 15:00:00,1.715,1020.7,22.5
2023-08-03 16:00:00,1.417,1019.9,22.4
2023-08-03 17:00:00,1.036,1019.3,22.5
2023-08-03 18:00:00,0.675,1018.9,22.6
2023-08-03 19:00:00,0.383,1018.7,22.8
2023-08-03 20:00:00,0.132,1018.4,22.8
2023-08-03 21:00:00,0.045,1017.8,22.9
2023-08-03 22:00:00,0.339,1017.4,22.9
2023-08-03 23:00:00,0.892,1017.1,23.0
2023-08-04 00:00:00,1.468,1017.0,22.8
2023-08-04 01:00:00,1.815,1017.4,22.8
2023-08-04 02:00:00,1.974,1017.6,22.7
2023-08-04 03:00:00,1.98,1017.0,22.5
2023-08-04 04:00:00,1.765,1017.0,22.2
2023-08-04 05:00:00,1.326,1016.4,22.2
2023-08-04 06:00:00,0.852,1015.9,22.2
2023-08-04 07:00:00,0.48,1015.9,22.3
2023-08-04 08:00:00,0.171,1015.7,22.4
2023-08-04 09:00:00,-0.045,1015.4,22.4
2023-08-04 10:00:00,0.009,1015.3,22.6
2023-08-04 11:00:00,0.437,1015.1,22.6
2023-08-04 12:00:00,0.947,1015.3,22.8
2023-08-04 13:00:00,1.438,1015.4,22.8
2023-08-04 14:00:00,1.746,1015.1,22.7
2023-08-04 15:00:00,1.857,1015.0,22.5
2023-08-04 16:00:00,1.764,1014.9,22.5
2023-08-04 17:00:00,1.439,1014.9,22.3
2023-08-04 18:00:00,1.018,1014.7,22.4
2023-08-04 19:00:00,0.656,1014.2,22.6
2023-08-04 20:00:00,0.375,1013.9,22.6
2023-08-04 21:00:00,0.163,1013.7,22.7
2023-08-04 22:00:00,0.115,1013.5,22.7
2023-08-04 23:00:00,0.486,1013.8,22.7
2023-08-05 00:00:00,1.0,1013.9,22.8
2023-08-05 01:00:00,1.466,1014.4,22.7
2023-08-05 02:00:00,1.744,1014.8,22.7
2023-08-05 03:00:00,1.872,1014.7,22.5
2023-08-05 04:00:00,1.843,1014.7,22.5
2023-08-05 05:00:00,1.568,1014.0,22.3
2023-08-05 06:00:00,1.203,1014.3,22.3
2023-08-05 07:00:00,0.763,1013.8,22.4
2023-08-05 08:00:00,0.432,1014.1,22.4
2023-08-05 09:00:00,0.14,1014.2,22.4
2023-08-05 10:00:00,-0.029,1014.3,22.5
2023-08-05 11:00:00,0.094,1014.5,22.6
2023-08-05 12:00:00,0.52,1014.3,22.8
2023-08-05 13:00:00,1.083,1014.7,22.7
2023-08-05 14:00:00,1.51,1015.1,22.8
2023-08-05 15:00:00,1.783,1015.2,22.6
2023-08-05 16:00:00,1.867,1015.2,22.7
2023-08-05 17:00:00,1.752,1014.8,22.7
2023-08-05 18:00:00,1.372,1014.8,22.7
2023-08-05 19:00:00,0.95,1014.7,23.0
2023-08-05 20:00:00,0.629,1014.4,23.1
2023-08-05 21:00:00,0.386,1014.5,23.0
2023-08-05 22:00:00,0.188,1014.7,23.0
2023-08-05 23:00:00,0.174,1014.8,23.0
2023-08-06 00:00:00,0.5,1015.0,23.1
2023-08-06 01:00:00,0.987,1015.2,23.0
2023-08-06 02:00:00,1.429,1015.5,23.0
2023-08-06 03:00:00,1.653,1015.4,22.7
2023-08-06 04:00:00,1.781,1015.6,22.8
2023-08-06 05:00:00,1.74,1015.8,22.8
2023-08-06 06:00:00,1.497,1016.0,22.7
2023-08-06 07:00:00,1.123,1016.0,22.7
2023-08-06 08:00:00,0.695,1016.2,22.7
2023-08-06 09:00:00,0.379,1016.4,22.7
2023-08-06 10:00:00,0.136,1016.8,22.8
2023-08-06 11:00:00,0.049,1017.0,22.7
2023-08-06 12:00:00,0.265,1017.2,22.8
2023-08-06 13:00:00,0.759,1017.3,22.9
2023-08-06 14:00:00,1.245,1017.0,23.0
2023-08-06 15:00:00,1.564,1017.1,22.9
2023-08-06 16:00:00,1.75,1017.0,22.9
2023-08-06 17:00:00,1.809,1016.6,23.0
2023-08-06 18:00:00,1.675,1016.5,23.0
2023-08-06 19:00:00,1.359,1016.0,23.0
2023-08-06 20:00:00,1.011,1015.6,23.0
2023-08-06 21:00:00,0.707,1015.4,23.4
2023-08-06 22:00:00,0.45,1015.0,23.4
2023-08-06 23:00:00,0.28,1015.3,23.5
2023-08-07 00:00:00,0.33,1015.4,23.3
2023-08-07 01:00:00,0.663,1015.3,23.3
2023-08-07 02:00:00,1.05,1015.7,23.2
2023-08-07 03:00:00,1.368,1015.5,23.1
2023-08-07 04:00:00,1.552,1015.4,22.9
2023-08-07 05:00:00,1.683,1015.2,22.8
2023-08-07 06:00:00,1.652,1014.6,22.9
2023-08-07 07:00:00,1.382,1014.4,22.8
2023-08-07 08:00:00,1.0,1014.2,22.9
2023-08-07 09:00:00,0.623,1013.9,22.8
2023-08-07 10:00:00,0.38,1014.1,23.0
2023-08-07 11:00:00,0.26,1013.8,22.9
2023-08-07 12:00:00,0.232,1013.7,23.0
2023-08-07 13:00:00,0.479,1013.5,23.1
2023-08-07 14:00:00,0.897,1013.3,23.1
2023-08-07 15:00:00,1.289,1013.1,23.1
2023-08-07 16:00:00,1.557,1012.2,22.9
2023-08-07 17:00:00,1.7,1011.4,23.0
2023-08-07 18:00:00,1.805,1011.3,23.0
2023-08-07 19:00:00,1.704,1010.3,23.0
2023-08-07 20:00:00,1.399,1009.8,22.9
2023-08-07 21:00:00,1.028,1009.0,22.9
2023-08-07 22:00:00,0.77,1008.9,23.3
2023-08-07 23:00:00,0.557,1008.2,23.3
2023-08-08 00:00:00,0.437,1009.1,23.3
2023-08-08 01:00:00,0.546,1009.3,23.3
2023-08-08 02:00:00,0.74,1007.8,23.3
2023-08-08 03:00:00,1.003,1007.2,23.3
2023-08-08 04:00:00,1.251,1007.4,23.1
2023-08-08 05:00:00,1.446,1006.8,22.8
2023-08-08 06:00:00,1.642,1006.5,22.9
2023-08-08 07:00:00,1.692,1005.8,22.9
2023-08-08 08:00:00,1.396,1005.2,22.8
2023-08-08 09:00:00,1.073,1004.9,23.0
2023-08-08 10:00:00,0.688,1004.9,22.8
2023-08-08 11:00:00,0.465,1005.2,23.0
2023-08-08 12:00:00,0.338,1005.0,23.0
2023-08-08 13:00:00,0.378,1004.9,23.2
2023-08-08 14:00:00,0.642,1004.5,23.2
2023-08-08 15:00:00,1.024,1004.1,23.3
2023-08-08 16:00:00,1.366,1003.6,23.3
2023-08-08 17:00:00,1.529,1003.3,23.1
2023-08-08 18:00:00,1.654,1003.2,23.2
2023-08-08 19:00:00,1.769,1003.3,23.4
2023-08-08 20:00:00,1.608,1003.9,23.6
2023-08-08 21:00:00,1.333,1004.2,23.2
2023-08-08 22:00:00,0.955,1004.0,23.3
2023-08-08 23:00:00,0.676,1004.4,23.2
2023-08-09 00:00:00,0.429,1005.2,23.2
2023-08-09 01:00:00,0.315,1005.6,23.2
2023-08-09 02:00:00,0.392,1005.7,23.2
2023-08-09 03:00:00,0.64,1005.8,23.2
2023-08-09 04:00:00,0.891,1006.2,23.3
2023-08-09 05:00:00,1.084,1006.1,23.1
2023-08-09 06:00:00,1.162,1005.9,23.0
2023-08-09 07:00:00,1.222,1005.6,23.1
2023-08-09 08:00:00,1.185,1005.5,23.1
2023-08-09 09:00:00,1.019,1006.1,23.1
2023-08-09 10:00:00,0.801,1006.4,23.1
2023-08-09 11:00:00,0.522,1007.0,23.1
2023-08-09 12:00:00,0.329,1007.5,23.1
2023-08-09 13:00:00,0.196,1008.1,23.1
2023-08-09 14:00:00,0.174,1008.0,23.2
2023-08-09 15:00:00,0.434,1007.8,23.1
2023-08-09 16:00:00,0.834,1007.5,23.4
2023-08-09 17:00:00,1.209,1007.4,23.2
2023-08-09 18:00:00,1.434,1007.1,23.3
2023-08-09 19:00:00,1.584,1006.9,23.3
2023-08-09 20:00:00,1.608,1007.4,23.0
2023-08-09 21:00:00,1.475,1007.4,23.3
2023-08-09 22:00:00,1.247,1007.0,23.2
2023-08-09 23:00:00,0.968,1007.3,23.3
2023-08-10 00:00:00,0.706,1007.8,23.7
2023-08-10 01:00:00,0.554,1008.4,23.5
2023-08-10 02:00:00,0.465,1009.1,23.3
2023-08-10 03:00:00,0.474,1009.4,23.3
2023-08-10 04:00:00,0.617,1009.4,23.2
2023-08-10 05:00:00,0.801,1009.2,23.4
2023-08-10 06:00:00,1.08,1008.7,23.3
2023-08-10 07:00:00,1.272,1008.4,22.8
2023-08-10 08:00:00,1.423,1007.9,23.0
2023-08-10 09:00:00,1.348,1007.7,23.0
2023-08-10 10:00:00,1.187,1007.7,23.2
2023-08-10 11:00:00,0.896,1007.3,23.1
2023-08-10 12:00:00,0.635,1007.4,23.3
2023-08-10 13:00:00,0.537,1007.3,23.1
2023-08-10 14:00:00,0.498,1007.2,23.2
2023-08-10 15:00:00,0.557,1007.0,23.2
2023-08-10 16:00:00,0.749,1006.3,23.2
2023-08-10 17:00:00,1.008,1005.8,23.4
2023-08-10 18:00:00,1.314,1005.3,22.9
2023-08-10 19:00:00,1.576,1005.0,23.1
2023-08-10 20:00:00,1.717,1004.1,23.0
2023-08-10 21:00:00,1.769,1003.4,22.6
2023-08-10 22:00:00,1.599,1002.7,22.6
2023-08-10 23:00:00,1.339,1002.8,22.4
2023-08-11 00:00:00,1.011,1002.6,22.8
2023-08-11 01:00:00,0.832,1003.2,22.9
2023-08-11 02:00:00,0.656,1003.6,22.8
2023-08-11 03:00:00,0.513,1003.5,22.9
2023-08-11 04:00:00,0.431,1003.9,22.8
2023-08-11 05:00:00,0.654,1004.0,22.8
2023-08-11 06:00:00,0.9,1004.3,22.9
2023-08-11 07:00:00,1.141,1004.9,23.1
2023-08-11 08:00:00,1.259,1005.5,21.8
2023-08-11 09:00:00,1.316,1006.3,22.2
2023-08-11 10:00:00,1.297,1006.9,22.2
2023-08-11 11:00:00,1.194,1007.9,22.5
2023-08-11 12:00:00,0.993,1008.3,22.7
2023-08-11 13:00:00,0.731,1008.4,23.0
2023-08-11 14:00:00,0.578,1009.1,22.5
2023-08-11 15:00:00,0.486,1009.3,22.6
2023-08-11 16:00:00,0.494,1009.2,23.3
2023-08-11 17:00:00,0.701,1008.9,22.7
2023-08-11 18:00:00,0.988,1009.2,23.1
2023-08-11 19:00:00,1.33,1009.0,22.6
2023-08-11 20:00:00,1.495,1009.0,22.6
2023-08-11 21:00:00,1.581,1009.1,22.1
2023-08-11 22:00:00,1.573,1009.3,22.0
2023-08-11 23:00:00,1.458,1009.6,22.1
2023-08-12 00:00:00,1.276,1010.0,22.5
2023-08-12 01:00:00,0.999,1010.8,22.3
2023-08-12 02:00:00,0.73,1011.5,22.7
2023-08-12 03:00:00,0.497,1011.8,22.5
2023-08-12 04:00:00,0.312,1011.9,22.8
2023-08-12 05:00:00,0.345,1012.2,22.6
2023-08-12 06:00:00,0.592,1012.3,22.8
2023-08-12 07:00:00,0.882,1012.7,22.9
2023-08-12 08:00:00,1.144,1012.6,22.6
2023-08-12 09:00:00,1.301,1012.7,22.0
2023-08-12 10:00:00,1.356,1012.8,21.8
2023-08-12 11:00:00,1.347,1013.1,22.1
2023-08-12 12:00:00,1.186,1013.2,22.5
2023-08-12 13:00:00,0.942,1013.2,22.8
2023-08-12 14:00:00,0.719,1013.0,22.3
2023-08-12 15:00:00,0.609,1013.0,22.3
2023-08-12 16:00:00,0.53,1012.8,22.2
2023-08-12 17:00:00,0.545,1012.4,22.8
2023-08-12 18:00:00,0.712,1011.6,22.2
2023-08-12 19:00:00,1.035,1011.5,22.3
2023-08-12 20:00:00,1.394,1010.8,22.8
2023-08-12 21:00:00,1.6,1011.0,22.6
2023-08-12 22:00:00,1.672,1010.6,22.4
2023-08-12 23:00:00,1.624,1011.0,22.4
2023-08-13 00:00:00,1.468,1010.9,22.0
2023-08-13 01:00:00,1.244,1011.4,22.2
2023-08-13 02:00:00,0.916,1011.5,22.4
2023-08-13 03:00:00,0.642,1011.5,22.6
2023-08-13 04:00:00,0.429,1012.1,22.6
2023-08-13 05:00:00,0.335,1011.8,22.6
2023-08-13 06:00:00,0.406,1011.3,22.7
2023-08-13 07:00:00,0.603,1011.1,22.7
2023-08-13 08:00:00,0.837,1009.1,22.6
2023-08-13 09:00:00,1.093,1010.2,22.7
2023-08-13 10:00:00,1.318,1010.8,21.5
2023-08-13 11:00:00,1.45,1011.0,21.7
2023-08-13 12:00:00,1.392,1011.0,21.9
2023-08-13 13:00:00,1.176,1011.5,22.3
2023-08-13 14:00:00,0.888,1011.7,22.4
2023-08-13 15:00:00,0.624,1011.4,22.6
2023-08-13 16:00:00,0.506,1011.4,22.1
2023-08-13 17:00:00,0.438,1011.3,22.3
2023-08-13 18:00:00,0.507,1011.5,22.7
2023-08-13 19:00:00,0.731,1011.7,22.6
2023-08-13 20:00:00,1.055,1011.9,23.2
2023-08-13 21:00:00,1.398,1012.1,22.2
2023-08-13 22:00:00,1.58,1012.3,22.1
2023-08-13 23:00:00,1.599,1012.6,21.8
2023-08-14 00:00:00,1.591,1013.2,21.5
2023-08-14 01:00:00,1.429,1014.2,22.1
2023-08-14 02:00:00,1.191,1014.9,22.2
2023-08-14 03:00:00,0.842,1015.1,22.4
2023-08-14 04:00:00,0.567,1015.3,22.4
2023-08-14 05:00:00,0.327,1015.0,22.4
2023-08-14 06:00:00,0.217,1014.9,22.5
2023-08-14 07:00:00,0.301,1014.9,22.5
2023-08-14 08:00:00,0.582,1014.7,22.5
2023-08-14 09:00:00,0.906,1014.4,22.7
2023-08-14 10:00:00,1.177,1014.8,21.9
2023-08-14 11:00:00,1.345,1014.9,21.7
2023-08-14 12:00:00,1.383,1015.3,21.6
2023-08-14 13:00:00,1.288,1015.8,21.9
2023-08-14 14:00:00,1.08,1016.2,22.3
2023-08-14 15:00:00,0.81,,
2023-08-14 16:00:00,0.58,,
2023-08-14 17:00:00,0.422,,
2023-08-14 18:00:00,0.32,,
2023-08-14 19:00:00,0.45,,
2023-08-14 20:00:00,0.802,,
2023-08-14 21:00:00,1.221,,
2023-08-14 22:00:00,1.53,1011.0,22.0
2023-08-14 23:00:00,1.676,1010.8,22.5
2023-08-15 00:00:00,1.703,1010.8,22.6
2023-08-15 01:00:00,1.616,1010.9,22.1
2023-08-15 02:00:00,1.403,1010.5,22.2
2023-08-15 03:00:00,1.093,1010.1,22.2
2023-08-15 04:00:00,0.763,1009.1,22.5
2023-08-15 05:00:00,0.576,1007.6,22.3
2023-08-15 06:00:00,0.43,1006.4,22.3
2023-08-15 07:00:00,0.381,1005.7,22.4
2023-08-15 08:00:00,0.516,1004.8,22.4
2023-08-15 09:00:00,0.793,1004.0,22.5
2023-08-15 10:00:00,1.165,1004.6,22.7
2023-08-15 11:00:00,1.399,1005.2,21.4
2023-08-15 12:00:00,1.45,1005.5,21.7
2023-08-15 13:00:00,1.499,1005.8,21.6
2023-08-15 14:00:00,1.35,1006.0,22.1
2023-08-15 15:00:00,1.115,1006.1,22.4
2023-08-15 16:00:00,0.816,1006.4,22.3
2023-08-15 17:00:00,0.611,1006.8,22.2
2023-08-15 18:00:00,0.419,1006.7,22.2
2023-08-15 19:00:00,0.385,1007.0,22.5
2023-08-15 20:00:00,0.602,1006.7,22.6
2023-08-15 21:00:00,0.985,1006.8,23.0
2023-08-15 22:00:00,1.388,1006.6,23.0
2023-08-15 23:00:00,1.619,1006.6,22.4
2023-08-16 00:00:00,1.724,1007.4,22.3
2023-08-16 01:00:00,1.794,1008.8,21.5
2023-08-16 02:00:00,1.684,1009.1,22.0
2023-08-16 03:00:00,1.418,1008.9,22.0
2023-08-16 04:00:00,1.02,1008.8,22.1
2023-08-16 05:00:00,0.71,1008.7,22.1
2023-08-16 06:00:00,0.447,1008.5,22.3
2023-08-16 07:00:00,0.4,1008.6,22.2
2023-08-16 08:00:00,0.463,1009.6,22.5
2023-08-16 09:00:00,0.654,1009.5,22.4
2023-08-16 10:00:00,0.919,1009.5,22.6
2023-08-16 11:00:00,1.299,1010.1,22.0
2023-08-16 12:00:00,1.48,1010.5,21.7
2023-08-16 13:00:00,1.619,1011.0,22.1
2023-08-16 14:00:00,1.559,1011.5,21.9
2023-08-16 15:00:00,1.34,1011.7,21.8
2023-08-16 16:00:00,1.106,1011.8,22.3
2023-08-16 17:00:00,0.839,1011.4,22.3
2023-08-16 18:00:00,0.617,1011.0,22.4
2023-08-16 19:00:00,0.461,1011.1,22.4
2023-08-16 20:00:00,0.503,1011.1,22.6
2023-08-16 21:00:00,0.798,1011.0,23.2
2023-08-16 22:00:00,1.196,1011.2,23.1
2023-08-16 23:00:00,1.584,1011.7,22.5
2023-08-17 00:00:00,1.8,1012.4,22.7
2023-08-17 01:00:00,1.818,1013.0,22.1
2023-08-17 02:00:00,1.727,1013.5,22.7
2023-08-17 03:00:00,1.524,1013.1,22.3
2023-08-17 04:00:00,1.25,1013.3,22.5
2023-08-17 05:00:00,0.906,1013.3,22.5
2023-08-17 06:00:00,0.646,1013.3,22.6
2023-08-17 07:00:00,0.438,1012.9,22.5
2023-08-17 08:00:00,0.287,1012.7,22.5
2023-08-17 09:00:00,0.429,1012.6,22.6
2023-08-17 10:00:00,0.774,1012.9,22.6
2023-08-17 11:00:00,1.146,1013.1,22.8
2023-08-17 12:00:00,1.431,1013.4,22.0
2023-08-17 13:00:00,1.581,1013.3,22.0
2023-08-17 14:00:00,1.653,1013.2,22.3
2023-08-17 15:00:00,1.54,1013.1,22.3
2023-08-17 16:00:00,1.32,1012.6,22.3
2023-08-17 17:00:00,0.964,1012.2,22.3
2023-08-17 18:00:00,0.717,1011.7,22.9
2023-08-17 19:00:00,0.543,1011.1,22.6
2023-08-17 20:00:00,0.514,1010.6,22.7
2023-08-17 21:00:00,0.636,1010.5,23.0
2023-08-17 22:00:00,0.952,1010.2,22.9
2023-08-17 23:00:00,1.354,1009.9,23.0
2023-08-18 00:00:00,1.636,1009.8,22.5
2023-08-18 01:00:00,1.776,1009.7,22.6
2023-08-18 02:00:00,1.785,1009.1,22.4
2023-08-18 03:00:00,1.681,1008.6,22.2
2023-08-18 04:00:00,1.441,1007.8,22.4
2023-08-18 05:00:00,1.126,1007.1,22.4
2023-08-18 06:00:00,0.797,1006.2,22.5
2023-08-18 07:00:00,0.537,1005.2,22.6
2023-08-18 08:00:00,0.36,1003.8,22.6
2023-08-18 09:00:00,0.386,1003.8,22.7
2023-08-18 10:00:00,0.665,1003.1,22.7
2023-08-18 11:00:00,1.01,1004.7,22.8
2023-08-18 12:00:00,1.345,1003.9,22.4
2023-08-18 13:00:00,1.485,1004.4,22.1
2023-08-18 14:00:00,1.602,1004.6,22.4
2023-08-18 15:00:00,1.591,1004.9,22.4
2023-08-18 16:00:00,1.391,1004.9,22.6
2023-08-18 17:00:00,1.115,1004.8,22.8
2023-08-18 18:00:00,0.759,1004.8,23.0
2023-08-18 19:00:00,0.537,1004.8,22.9
2023-08-18 20:00:00,0.4,1005.0,22.9
2023-08-18 21:00:00,0.35,1005.5,23.2
2023-08-18 22:00:00,0.573,1006.1,23.3
2023-08-18 23:00:00,0.971,1006.8,23.3
2023-08-19 00:00:00,1.322,1007.7,23.2
2023-08-19 01:00:00,1.486,1008.7,22.7
2023-08-19 02:00:00,1.546,1009.7,22.9
2023-08-19 03:00:00,1.523,1010.2,22.8
2023-08-19 04:00:00,1.341,1010.8,22.7
2023-08-19 05:00:00,1.103,1011.3,22.6
2023-08-19 06:00:00,0.739,1011.4,22.6
2023-08-19 07:00:00,0.425,1010.9,22.5
2023-08-19 08:00:00,0.238,1011.4,22.6
2023-08-19 09:00:00,0.138,1011.5,22.5
2023-08-19 10:00:00,0.262,1012.0,22.6
2023-08-19 11:00:00,0.597,1012.9,22.6
2023-08-19 12:00:00,0.93,1013.5,22.8
2023-08-19 13:00:00,1.19,1014.0,22.7
2023-08-19 14:00:00,1.392,1014.2,22.6
2023-08-19 15:00:00,1.504,1014.4,22.8
2023-08-19 16:00:00,1.439,1014.1,22.7
2023-08-19 17:00:00,1.174,1013.9,22.9
2023-08-19 18:00:00,0.82,1013.5,23.1
2023-08-19 19:00:00,0.552,1013.0,23.3
2023-08-19 20:00:00,0.392,1012.7,23.1
2023-08-19 21:00:00,0.323,1012.5,23.2
2023-08-19 22:00:00,0.392,1012.8,23.4
2023-08-19 23:00:00,0.68,1013.2,23.3
2023-08-20 00:00:00,1.039,1013.7,23.3
2023-08-20 01:00:00,1.338,1014.6,23.0
2023-08-20 02:00:00,1.496,1015.0,23.0
2023-08-20 03:00:00,1.51,1015.3,22.9
2023-08-20 04:00:00,1.424,1015.7,22.8
2023-08-20 05:00:00,1.191,1015.9,22.8
2023-08-20 06:00:00,0.913,1015.9,22.8
2023-08-20 07:00:00,0.586,1016.3,22.8
2023-08-20 08:00:00,0.337,1016.5,22.8
2023-08-20 09:00:00,0.182,1016.7,22.8
2023-08-20 10:00:00,0.161,1017.3,22.8
2023-08-20 11:00:00,0.423,1017.6,22.8
2023-08-20 12:00:00,0.741,1018.0,22.9
2023-08-20 13:00:00,1.072,1018.1,23.0
2023-08-20 14:00:00,1.276,1018.4,22.9
2023-08-20 15:00:00,1.45,1018.3,23.0
2023-08-20 16:00:00,1.527,1018.1,23.0
2023-08-20 17:00:00,1.359,1017.1,23.0
2023-08-20 18:00:00,1.053,1016.9,23.2
2023-08-20 19:00:00,0.689,1016.5,23.3
2023-08-20 20:00:00,0.487,1016.1,23.5
2023-08-20 21:00:00,0.354,1016.2,23.6
2023-08-20 22:00:00,0.353,1016.2,23.4
2023-08-20 23:00:00,0.533,1016.0,23.7
2023-08-21 00:00:00,0.839,1016.2,23.3
2023-08-21 01:00:00,1.154,1016.5,23.4
2023-08-21 02:00:00,1.304,1016.8,23.0
2023-08-21 03:00:00,1.368,1016.4,23.1
2023-08-21 04:00:00,1.406,1016.7,23.2
2023-08-21 05:00:00,1.349,1016.5,23.0
2023-08-21 06:00:00,1.094,1016.3,23.0
2023-08-21 07:00:00,0.766,1015.8,23.2
2023-08-21 08:00:00,0.452,1015.9,23.1
2023-08-21 09:00:00,0.246,1015.9,23.2
2023-08-21 10:00:00,0.141,1016.1,23.2
2023-08-21 11:00:00,0.262,1016.3,23.2
2023-08-21 12:00:00,0.598,1016.5,23.3
2023-08-21 13:00:00,0.955,1016.3,23.4
2023-08-21 14:00:00,1.224,1016.4,23.0
2023-08-21 15:00:00,1.358,1016.2,23.1
2023-08-21 16:00:00,1.458,1015.6,23.1
2023-08-21 17:00:00,1.459,1015.2,23.0
2023-08-21 18:00:00,1.273,1014.6,23.0
2023-08-21 19:00:00,0.963,1014.3,23.3
2023-08-21 20:00:00,0.636,1013.8,23.5
2023-08-21 21:00:00,0.459,1013.8,23.6
2023-08-21 22:00:00,0.358,1013.7,23.7
2023-08-21 23:00:00,0.374,1013.7,23.6
2023-08-22 00:00:00,0.61,1014.0,23.7
2023-08-22 01:00:00,0.879,1014.2,23.6
2023-08-22 02:00:00,1.155,1014.3,23.8
2023-08-22 03:00:00,1.3,1014.2,22.9
2023-08-22 04:00:00,1.359,1014.5,23.2
2023-08-22 05:00:00,1.359,1014.4,23.1
2023-08-22 06:00:00,1.222,1014.7,23.1
2023-08-22 07:00:00,0.978,1014.4,23.3
2023-08-22 08:00:00,0.628,1014.9,23.4
2023-08-22 09:00:00,0.374,1015.1,23.3
2023-08-22 10:00:00,0.247,1015.7,23.2
2023-08-22 11:00:00,0.282,1016.2,23.1
2023-08-22 12:00:00,0.464,1016.8,23.2
2023-08-22 13:00:00,0.765,1016.8,23.3
2023-08-22 14:00:00,1.079,1017.0,23.4
2023-08-22 15:00:00,1.316,1017.1,23.2
2023-08-22 16:00:00,1.495,1017.2,22.9
2023-08-22 17:00:00,1.613,1016.9,22.8
2023-08-22 18:00:00,1.568,1016.6,22.8
2023-08-22 19:00:00,1.32,1016.5,22.7
2023-08-22 20:00:00,0.992,1016.1,23.1
2023-08-22 21:00:00,0.7,1016.1,23.4
2023-08-22 22:00:00,0.531,1016.4,23.3
2023-08-22 23:00:00,0.479,1016.8,23.2
2023-08-23 00:00:00,0.548,1016.9,23.1
2023-08-23 01:00:00,0.737,1017.3,23.2
2023-08-23 02:00:00,0.986,1017.4,23.2
2023-08-23 03:00:00,1.176,1017.3,23.2
2023-08-23 04:00:00,1.295,1017.7,22.6
2023-08-23 05:00:00,1.391,1017.3,22.7
2023-08-23 06:00:00,1.381,1017.7,22.6
2023-08-23 07:00:00,1.203,1018.0,22.7
2023-08-23 08:00:00,0.917,1018.0,22.8
2023-08-23 09:00:00,0.601,1017.9,22.8
2023-08-23 10:00:00,0.429,1018.7,22.7
2023-08-23 11:00:00,0.346,1019.4,22.6
2023-08-23 12:00:00,0.401,1019.3,22.6
2023-08-23 13:00:00,0.625,1019.6,22.7
2023-08-23 14:00:00,0.945,1019.4,22.8
2023-08-23 15:00:00,1.226,1019.4,23.0
2023-08-23 16:00:00,1.417,1018.6,22.7
2023-08-23 17:00:00,1.553,1018.0,22.4
2023-08-23 18:00:00,1.632,1017.9,22.3
2023-08-23 19:00:00,1.528,1017.6,22.4
2023-08-23 20:00:00,1.281,1017.2,22.3
2023-08-23 21:00:00,0.971,1016.8,22.7
2023-08-23 22:00:00,0.722,1016.6,22.8
2023-08-23 23:00:00,0.563,1016.0,22.8
2023-08-24 00:00:00,0.488,1016.3,22.8
2023-08-24 01:00:00,0.572,1016.9,22.8
2023-08-24 02:00:00,0.74,1017.1,22.6
2023-08-24 03:00:00,0.999,1016.8,23.0
2023-08-24 04:00:00,1.217,1016.9,22.9
2023-08-24 05:00:00,1.337,1016.5,22.5
2023-08-24 06:00:00,1.39,1015.9,22.3
2023-08-24 07:00:00,1.338,1016.0,22.5
2023-08-24 08:00:00,1.17,1016.1,22.6
2023-08-24 09:00:00,0.96,1015.9,22.7
2023-08-24 10:00:00,0.733,1015.7,22.7
2023-08-24 11:00:00,0.562,1015.9,22.5
2023-08-24 12:00:00,0.45,1016.2,22.5
2023-08-24 13:00:00,0.462,1016.1,22.5
2023-08-24 14:00:00,0.68,1016.4,22.6
2023-08-24 15:00:00,0.99,1016.9,22.7
2023-08-24 16:00:00,1.329,1016.3,22.7
2023-08-24 17:00:00,1.534,1016.2,22.4
2023-08-24 18:00:00,1.66,1015.9,22.4
2023-08-24 19:00:00,1.635,1016.0,22.3
2023-08-24 20:00:00,1.45,1015.8,22.2
2023-08-24 21:00:00,1.228,1015.3,22.2
2023-08-24 22:00:00,0.948,1015.1,22.2
2023-08-24 23:00:00,0.789,1015.0,22.2
2023-08-25 00:00:00,0.632,1015.3,22.2
2023-08-25 01:00:00,0.483,1015.7,22.3
2023-08-25 02:00:00,0.512,1014.2,22.3
2023-08-25 03:00:00,0.734,1013.6,22.3
2023-08-25 04:00:00,0.939,1013.1,22.5
2023-08-25 05:00:00,1.192,1013.0,22.4
2023-08-25 06:00:00,1.369,1012.9,21.9
2023-08-25 07:00:00,1.449,1012.2,22.1
2023-08-25 08:00:00,1.334,1011.7,22.2
2023-08-25 09:00:00,1.139,1011.1,22.2
2023-08-25 10:00:00,0.875,1010.9,22.3
2023-08-25 11:00:00,0.693,1011.5,22.3
2023-08-25 12:00:00,0.583,1010.0,22.2
2023-08-25 13:00:00,0.558,1010.1,22.3
2023-08-25 14:00:00,0.603,1010.1,22.3
2023-08-25 15:00:00,0.775,1010.2,22.4
2023-08-25 16:00:00,1.021,1010.1,22.4
2023-08-25 17:00:00,1.317,1009.2,22.5
2023-08-25 18:00:00,1.576,1009.0,22.2
2023-08-25 19:00:00,1.751,1008.6,22.2
2023-08-25 20:00:00,1.732,1008.4,22.1
2023-08-25 21:00:00,1.555,1008.4,22.0
2023-08-25 22:00:00,1.331,1008.4,22.1
2023-08-25 23:00:00,1.078,1008.0,22.3
2023-08-26 00:00:00,0.797,1008.1,22.2
2023-08-26 01:00:00,0.559,1008.2,22.3
2023-08-26 02:00:00,0.39,1008.4,22.3
2023-08-26 03:00:00,0.428,1008.4,22.3
2023-08-26 04:00:00,0.657,1008.3,22.3
2023-08-26 05:00:00,0.958,1008.3,22.5
2023-08-26 06:00:00,1.201,1007.9,22.3
2023-08-26 07:00:00,1.3,1007.4,21.9
2023-08-26 08:00:00,1.342,1007.2,22.0
2023-08-26 09:00:00,1.289,1007.2,22.1
2023-08-26 10:00:00,1.182,1007.6,22.1
2023-08-26 11:00:00,0.985,1008.5,22.2
2023-08-26 12:00:00,0.766,1008.7,22.2
2023-08-26 13:00:00,0.588,1008.7,22.2
2023-08-26 14:00:00,0.482,1009.0,22.2
2023-08-26 15:00:00,0.464,1009.3,22.5
2023-08-26 16:00:00,0.657,1008.7,22.7
2023-08-26 17:00:00,0.998,1008.4,22.7
2023-08-26 18:00:00,1.388,1008.2,22.6
2023-08-26 19:00:00,1.647,1007.8,22.4
2023-08-26 20:00:00,1.785,1007.3,22.6
2023-08-26 21:00:00,1.77,1007.4,22.2
2023-08-26 22:00:00,1.602,1007.7,22.3
2023-08-26 23:00:00,1.354,1008.0,22.4
2023-08-27 00:00:00,1.051,1008.2,22.4
2023-08-27 01:00:00,0.77,1009.1,22.4
2023-08-27 02:00:00,0.541,1009.1,22.6
2023-08-27 03:00:00,0.344,1009.3,22.5
2023-08-27 04:00:00,0.381,1009.5,22.5
2023-08-27 05:00:00,0.59,1009.4,22.6
2023-08-27 06:00:00,0.886,1009.3,22.6
2023-08-27 07:00:00,1.169,1009.2,22.7
2023-08-27 08:00:00,1.345,1009.3,22.2
2023-08-27 09:00:00,1.398,1009.6,22.1
2023-08-27 10:00:00,1.366,1010.1,22.2
2023-08-27 11:00:00,1.217,1010.7,22.2
2023-08-27 12:00:00,0.991,1011.4,22.3
2023-08-27 13:00:00,0.729,1011.4,22.3
2023-08-27 14:00:00,0.553,1011.8,22.3
2023-08-27 15:00:00,0.398,1011.9,22.4
2023-08-27 16:00:00,0.363,1011.9,22.7
2023-08-27 17:00:00,0.597,1011.3,23.0
2023-08-27 18:00:00,1.001,1011.2,23.0
2023-08-27 19:00:00,1.419,1010.8,22.8
2023-08-27 20:00:00,1.673,1010.5,22.7
2023-08-27 21:00:00,1.783,1010.9,22.7
2023-08-27 22:00:00,1.795,1011.3,22.4
2023-08-27 23:00:00,1.663,1011.6,22.7
2023-08-28 00:00:00,1.462,1011.9,22.7
2023-08-28 01:00:00,1.104,1012.9,22.6
2023-08-28 02:00:00,0.729,1013.3,22.7
2023-08-28 03:00:00,0.463,1013.5,22.8
2023-08-28 04:00:00,0.279,1013.8,22.8
2023-08-28 05:00:00,0.284,1013.7,22.7
2023-08-28 06:00:00,0.553,1013.8,22.8
2023-08-28 07:00:00,0.857,1013.9,22.8
2023-08-28 08:00:00,1.232,1014.1,22.9
2023-08-28 09:00:00,1.47,1014.2,22.3
2023-08-28 10:00:00,1.604,1014.6,22.4
2023-08-28 11:00:00,1.549,1015.0,22.3
2023-08-28 12:00:00,1.357,1015.3,22.4
2023-08-28 13:00:00,1.086,1015.3,22.5
2023-08-28 14:00:00,0.766,1015.9,22.4
2023-08-28 15:00:00,0.539,1016.2,22.6
2023-08-28 16:00:00,0.351,1015.9,22.6
2023-08-28 17:00:00,0.328,1016.0,22.6
2023-08-28 18:00:00,0.592,1015.8,22.7
2023-08-28 19:00:00,1.017,1015.2,22.9
2023-08-28 20:00:00,1.437,1015.1,23.0
2023-08-28 21:00:00,1.717,1015.1,22.7
2023-08-28 22:00:00,1.885,1015.3,22.7
2023-08-28 23:00:00,1.961,1015.2,22.5
2023-08-29 00:00:00,1.813,1015.2,22.7
2023-08-29 01:00:00,1.531,1015.3,22.6
2023-08-29 02:00:00,1.088,1015.3,22.6
2023-08-29 03:00:00,0.693,1015.4,22.5
2023-08-29 04:00:00,0.395,1015.2,22.6
2023-08-29 05:00:00,0.194,1015.3,22.5
2023-08-29 06:00:00,0.173,1014.4,22.6
2023-08-29 07:00:00,0.501,1013.9,22.6
2023-08-29 08:00:00,0.913,1013.5,22.7
2023-08-29 09:00:00,1.349,1013.3,22.5
2023-08-29 10:00:00,1.618,1013.2,22.5
2023-08-29 11:00:00,1.74,1013.4,22.5
2023-08-29 12:00:00,1.673,1013.1,22.5
2023-08-29 13:00:00,1.429,1013.5,22.5
2023-08-29 14:00:00,1.084,1013.5,22.5
2023-08-29 15:00:00,0.739,1012.9,22.6
2023-08-29 16:00:00,0.48,1012.5,22.7
2023-08-29 17:00:00,0.292,1012.2,22.8
2023-08-29 18:00:00,0.232,1011.7,22.8
2023-08-29 19:00:00,0.49,1010.8,22.9
2023-08-29 20:00:00,0.976,1010.0,23.0
2023-08-29 21:00:00,1.47,1009.8,22.8
2023-08-29 22:00:00,1.803,1009.4,22.7
2023-08-29 23:00:00,2.022,1008.8,22.7
2023-08-30 00:00:00,2.089,1008.8,22.8
2023-08-30 01:00:00,1.874,1008.9,22.7
2023-08-30 02:00:00,1.517,1009.0,22.6
2023-08-30 03:00:00,1.005,1008.5,22.7
2023-08-30 04:00:00,0.616,1008.0,22.7
2023-08-30 05:00:00,0.302,1007.4,22.7
2023-08-30 06:00:00,0.11,1006.7,22.7
2023-08-30 07:00:00,0.163,1006.0,22.9
2023-08-30 08:00:00,0.562,1005.2,22.9
2023-08-30 09:00:00,1.013,1005.1,22.9
2023-08-30 10:00:00,1.484,1004.7,22.8
2023-08-30 11:00:00,1.752,1004.7,22.8
2023-08-30 12:00:00,1.886,1004.7,22.8
2023-08-30 13:00:00,1.79,1004.6,22.8
2023-08-30 14:00:00,1.514,1004.8,22.7
2023-08-30 15:00:00,1.11,1004.5,22.7
2023-08-30 16:00:00,0.71,1004.1,22.8
2023-08-30 17:00:00,0.409,1003.5,23.0
2023-08-30 18:00:00,0.191,1003.3,23.1
2023-08-30 19:00:00,0.139,1002.9,23.2
2023-08-30 20:00:00,0.388,1002.9,23.2
2023-08-30 21:00:00,0.926,1003.0,23.4
2023-08-30 22:00:00,1.505,1003.3,23.2
2023-08-30 23:00:00,1.901,1004.0,23.1
2023-08-31 00:00:00,2.097,1004.9,23.1
2023-08-31 01:00:00,2.084,1005.7,23.0
2023-08-31 02:00:00,1.77,1006.0,23.0
2023-08-31 03:00:00,1.298,1006.8,23.0
2023-08-31 04:00:00,0.796,1007.5,22.9
2023-08-31 05:00:00,0.45,1007.9,22.9
2023-08-31 06:00:00,0.163,1008.0,22.9
2023-08-31 07:00:00,-0.068,1008.0,22.9
2023-08-31 08:00:00,-0.044,1008.1,23.0
2023-08-31 09:00:00,0.388,1008.5,23.0
2023-08-31 10:00:00,0.953,1009.0,23.0
2023-08-31 11:00:00,1.499,1010.0,23.1
2023-08-31 12:00:00,1.768,1010.6,23.0
2023-08-31 13:00:00,1.883,1011.1,23.0
2023-08-31 14:00:00,1.787,1011.4,22.9
2023-08-31 15:00:00,1.47,1012.0,22.8
2023-08-31 16:00:00,0.989,1012.2,22.9
2023-08-31 17:00:00,0.594,1012.2,23.0
2023-08-31 18:00:00,0.344,1012.4,23.1
2023-08-31 19:00:00,0.101,1012.4,23.2
2023-08-31 20:00:00,0.094,1012.4,23.3
2023-08-31 21:00:00,0.446,1013.1,23.3
2023-08-31 22:00:00,1.001,1013.7,23.3
2023-08-31 23:00:00,1.521,1014.2,23.2
2023-09-01 00:00:00,1.896,1014.9,23.1
2023-09-01 01:00:00,2.079,1015.8,23.1
2023-09-01 02:00:00,2.045,1016.4,23.0
2023-09-01 03:00:00,1.732,1017.3,22.9
2023-09-01 04:00:00,1.256,1018.1,22.9
2023-09-01 05:00:00,0.773,1019.0,22.9
2023-09-01 06:00:00,0.436,1019.7,22.8
2023-09-01 07:00:00,0.145,1020.2,22.8
2023-09-01 08:00:00,-0.066,1020.5,22.8
2023-09-01 09:00:00,0.062,1020.9,22.9
2023-09-01 10:00:00,0.561,1021.6,22.9
2023-09-01 11:00:00,1.137,1022.0,22.9
2023-09-01 12:00:00,1.625,1022.4,22.9
2023-09-01 13:00:00,1.914,1023.0,22.9
2023-09-01 14:00:00,2.03,1023.7,22.8
2023-09-01 15:00:00,1.889,1024.2,22.7
2023-09-01 16:00:00,1.498,1024.2,22.7
2023-09-01 17:00:00,0.997,1024.0,22.8
2023-09-01 18:00:00,0.628,1023.9,23.0
2023-09-01 19:00:00,0.32,1023.3,23.1
2023-09-01 20:00:00,0.093,1022.7,23.2
2023-09-01 21:00:00,0.122,1022.5,23.2
2023-09-01 22:00:00,0.532,1022.3,23.2
2023-09-01 23:00:00,1.077,1022.6,23.1
2023-09-02 00:00:00,1.56,1022.8,23.0
2023-09-02 01:00:00,1.832,1023.1,23.0
2023-09-02 02:00:00,1.987,1023.1,22.9
2023-09-02 03:00:00,1.958,1023.3,22.9
2023-09-02 04:00:00,1.623,1023.4,22.7
2023-09-02 05:00:00,1.164,1023.3,22.7
2023-09-02 06:00:00,0.693,1023.0,22.7
2023-09-02 07:00:00,0.338,1022.7,22.7
2023-09-02 08:00:00,0.042,1022.3,22.7
2023-09-02 09:00:00,-0.086,1022.5,22.7
2023-09-02 10:00:00,0.159,1022.4,22.8
2023-09-02 11:00:00,0.691,1022.5,22.8
2023-09-02 12:00:00,1.242,1022.6,22.9
2023-09-02 13:00:00,1.618,1022.3,22.9
2023-09-02 14:00:00,1.847,1021.5,22.8
2023-09-02 15:00:00,1.907,1021.4,22.8
2023-09-02 16:00:00,1.71,1020.5,22.8
2023-09-02 17:00:00,1.315,1019.7,22.7
2023-09-02 18:00:00,0.872,1018.8,22.9
2023-09-02 19:00:00,0.551,1017.8,23.0
2023-09-02 20:00:00,0.276,1017.3,23.1
2023-09-02 21:00:00,0.061,1016.9,23.1
2023-09-02 22:00:00,0.123,1016.7,23.1
2023-09-02 23:00:00,0.549,1016.6,23.1
2023-09-03 00:00:00,1.083,1016.4,23.1
2023-09-03 01:00:00,1.506,1016.2,22.9
2023-09-03 02:00:00,1.702,1016.5,23.0
2023-09-03 03:00:00,1.769,1016.1,22.9
2023-09-03 04:00:00,1.677,1015.1,22.8
2023-09-03 05:00:00,1.33,1015.5,22.8
2023-09-03 06:00:00,0.928,1015.3,22.8
2023-09-03 07:00:00,0.52,1014.7,22.7
2023-09-03 08:00:00,0.215,1014.1,22.7
2023-09-03 09:00:00,-0.041,1013.8,22.7
2023-09-03 10:00:00,-0.08,1013.9,22.8
2023-09-03 11:00:00,0.243,1014.0,22.7
2023-09-03 12:00:00,0.763,1014.0,22.8
2023-09-03 13:00:00,1.306,1014.0,22.9
2023-09-03 14:00:00,1.621,1013.5,22.9
2023-09-03 15:00:00,1.847,1013.0,22.9
2023-09-03 16:00:00,1.866,1012.1,23.0
2023-09-03 17:00:00,1.61,1011.3,22.8
2023-09-03 18:00:00,1.201,1010.8,22.8
2023-09-03 19:00:00,0.754,1010.0,23.1
2023-09-03 20:00:00,0.487,1009.2,23.4
2023-09-03 21:00:00,0.23,1009.1,23.4
2023-09-03 22:00:00,0.122,1009.1,23.3
2023-09-03 23:00:00,0.272,1009.0,23.3
2023-09-04 00:00:00,0.663,1009.3,23.3
2023-09-04 01:00:00,1.12,1009.7,23.2
2023-09-04 02:00:00,1.436,1009.9,23.1
2023-09-04 03:00:00,1.636,1010.2,22.9
2023-09-04 04:00:00,1.75,1010.3,23.0
2023-09-04 05:00:00,1.642,1009.9,23.0
2023-09-04 06:00:00,1.292,1009.8,23.1
2023-09-04 07:00:00,0.884,1009.5,23.0
2023-09-04 08:00:00,0.521,1009.7,23.0
2023-09-04 09:00:00,0.279,1009.7,23.0
2023-09-04 10:00:00,0.127,1009.8,23.0
2023-09-04 11:00:00,0.198,1009.7,23.0
2023-09-04 12:00:00,0.558,1010.0,23.1
2023-09-04 13:00:00,1.055,1010.1,23.2
2023-09-04 14:00:00,1.498,1009.9,23.1
2023-09-04 15:00:00,1.746,1010.0,23.0
2023-09-04 16:00:00,1.875,1010.0,23.1
2023-09-04 17:00:00,1.861,1008.8,23.1
2023-09-04 18:00:00,1.595,1008.6,23.2
2023-09-04 19:00:00,1.247,1008.4,23.2
2023-09-04 20:00:00,0.852,1008.4,23.1
2023-09-04 21:00:00,0.587,1008.2,23.5
2023-09-04 22:00:00,0.356,1008.3,23.4
2023-09-04 23:00:00,0.289,1008.7,23.4
2023-09-05 00:00:00,0.493,1009.4,23.4
2023-09-05 01:00:00,0.853,1009.9,23.4
2023-09-05 02:00:00,1.167,1010.0,23.3
2023-09-05 03:00:00,1.378,1009.9,23.1
2023-09-05 04:00:00,1.55,1010.0,23.0
2023-09-05 05:00:00,1.673,1010.1,23.1
2023-09-05 06:00:00,1.566,1010.2,23.0
2023-09-05 07:00:00,1.251,1010.4,23.0
2023-09-05 08:00:00,0.854,1010.5,23.1
2023-09-05 09:00:00,0.557,1010.8,23.1
2023-09-05 10:00:00,0.392,1011.2,23.1
2023-09-05 11:00:00,0.322,1011.9,23.1
2023-09-05 12:00:00,0.395,1012.2,23.2
2023-09-05 13:00:00,0.73,1012.2,23.2
2023-09-05 14:00:00,1.159,1012.2,23.4
2023-09-05 15:00:00,1.521,1012.1,23.3
2023-09-05 16:00:00,1.684,1011.6,23.2
2023-09-05 17:00:00,1.812,1011.3,23.3
2023-09-05 18:00:00,1.771,1011.1,23.3
2023-09-05 19:00:00,1.515,1010.6,23.3
2023-09-05 20:00:00,1.205,1010.4,23.4
2023-09-05 21:00:00,0.861,1010.3,23.3
2023-09-05 22:00:00,0.623,1010.3,23.8
2023-09-05 23:00:00,0.453,1010.2,23.8
2023-09-06 00:00:00,0.423,1010.5,23.6
2023-09-06 01:00:00,0.611,1010.7,23.7
2023-09-06 02:00:00,0.882,1010.7,23.7
2023-09-06 03:00:00,1.123,1010.6,23.8
2023-09-06 04:00:00,1.321,1010.8,23.3
2023-09-06 05:00:00,1.508,1010.7,23.2
2023-09-06 06:00:00,1.606,1010.2,23.2
2023-09-06 07:00:00,1.473,1010.0,23.1
2023-09-06 08:00:00,1.227,1009.8,23.3
2023-09-06 09:00:00,0.904,1009.6,23.3
2023-09-06 10:00:00,0.658,1009.5,23.4
2023-09-06 11:00:00,0.535,1009.8,23.3
2023-09-06 12:00:00,0.478,1009.9,23.4
2023-09-06 13:00:00,0.609,1010.1,23.5
2023-09-06 14:00:00,0.921,1010.0,23.7
2023-09-06 15:00:00,1.265,1009.6,23.9
2023-09-06 16:00:00,1.53,1009.0,23.2
2023-09-06 17:00:00,1.685,1008.5,23.5
2023-09-06 18:00:00,1.786,1007.8,23.5
2023-09-06 19:00:00,1.735,1007.2,23.6
2023-09-06 20:00:00,1.493,1006.8,23.7
2023-09-06 21:00:00,1.218,1006.7,23.9
2023-09-06 22:00:00,0.927,1006.5,24.3
2023-09-06 23:00:00,0.719,1006.3,24.2
2023-09-07 00:00:00,0.565,1006.6,24.1
2023-09-07 01:00:00,0.517,1006.9,23.9
2023-09-07 02:00:00,0.669,1007.0,24.0
2023-09-07 03:00:00,0.87,1006.7,24.1
2023-09-07 04:00:00,1.119,1006.5,24.1
2023-09-07 05:00:00,1.342,1006.4,23.8
2023-09-07 06:00:00,1.471,1006.2,23.3
2023-09-07 07:00:00,1.508,1006.3,23.4
2023-09-07 08:00:00,1.361,1006.6,23.5
2023-09-07 09:00:00,1.184,1006.7,23.7
2023-09-07 10:00:00,0.928,1007.1,23.8
2023-09-07 11:00:00,0.738,1007.7,23.7
2023-09-07 12:00:00,0.599,1007.8,23.6
2023-09-07 13:00:00,0.552,1008.0,23.7
2023-09-07 14:00:00,0.69,1008.0,23.8
2023-09-07 15:00:00,0.955,1008.2,24.0
2023-09-07 16:00:00,1.256,1008.0,24.3
2023-09-07 17:00:00,1.49,1007.6,23.6
2023-09-07 18:00:00,1.625,1007.2,23.8
2023-09-07 19:00:00,1.721,1006.7,23.9
2023-09-07 20:00:00,1.677,1006.6,24.4
2023-09-07 21:00:00,1.482,1006.5,24.1
2023-09-07 22:00:00,1.236,1007.0,24.4
2023-09-07 23:00:00,0.981,1007.0,24.6
2023-09-08 00:00:00,0.802,1008.5,24.7
2023-09-08 01:00:00,0.626,1008.8,24.3
2023-09-08 02:00:00,0.521,1009.7,24.3
2023-09-08 03:00:00,0.589,1009.7,24.2
2023-09-08 04:00:00,0.792,1009.9,24.3
2023-09-08 05:00:00,1.051,1010.2,24.3
2023-09-08 06:00:00,1.27,1010.2,24.2
2023-09-08 07:00:00,1.379,1009.7,23.4
2023-09-08 08:00:00,1.415,1009.5,23.7
2023-09-08 09:00:00,1.315,1009.7,23.7
2023-09-08 10:00:00,1.148,1010.3,24.0
2023-09-08 11:00:00,0.951,1010.5,24.1
2023-09-08 12:00:00,0.743,1010.9,23.9
2023-09-08 13:00:00,0.604,1011.1,23.8
2023-09-08 14:00:00,0.54,1012.1,23.9
2023-09-08 15:00:00,0.668,1012.1,24.0
2023-09-08 16:00:00,0.911,1012.0,24.1
2023-09-08 17:00:00,1.204,1011.9,24.4
2023-09-08 18:00:00,1.428,1011.1,23.7
2023-09-08 19:00:00,1.547,1011.3,23.9
2023-09-08 20:00:00,1.585,1012.3,23.9
2023-09-08 21:00:00,1.516,1012.3,23.8
2023-09-08 22:00:00,1.399,1012.5,24.0
2023-09-08 23:00:00,1.161,1012.6,23.9
2023-09-09 00:00:00,0.938,1013.2,23.9
2023-09-09 01:00:00,0.693,1013.9,24.0
2023-09-09 02:00:00,0.503,1014.3,24.0
2023-09-09 03:00:00,0.405,1014.7,24.0
2023-09-09 04:00:00,0.524,1014.9,24.1
2023-09-09 05:00:00,0.78,1015.1,24.1
2023-09-09 06:00:00,1.077,1014.4,24.3
2023-09-09 07:00:00,1.277,1014.4,24.4
2023-09-09 08:00:00,1.34,1014.4,23.6
2023-09-09 09:00:00,1.328,1014.8,23.7
2023-09-09 10:00:00,1.237,1015.6,23.9
2023-09-09 11:00:00,1.094,1015.9,24.0
2023-09-09 12:00:00,0.944,1016.2,24.1
2023-09-09 13:00:00,0.742,1016.3,24.0
2023-09-09 14:00:00,0.619,1016.5,24.0
2023-09-09 15:00:00,0.505,1016.9,23.9
2023-09-09 16:00:00,0.59,1017.1,24.2
2023-09-09 17:00:00,0.785,1016.6,24.0
2023-09-09 18:00:00,1.104,1016.5,24.5
2023-09-09 19:00:00,1.378,1016.0,24.3
2023-09-09 20:00:00,1.529,1016.5,24.0
2023-09-09 21:00:00,1.531,1016.3,24.1
2023-09-09 22:00:00,1.485,1016.4,23.6
2023-09-09 23:00:00,1.347,1016.0,23.9
2023-09-10 00:00:00,1.147,1017.0,24.2
2023-09-10 01:00:00,0.88,1017.5,24.1
2023-09-10 02:00:00,0.621,1017.8,24.1
2023-09-10 03:00:00,0.444,1017.6,24.1
2023-09-10 04:00:00,0.361,1017.4,24.2
2023-09-10 05:00:00,0.511,1016.8,24.2
2023-09-10 06:00:00,0.736,1016.6,24.2
2023-09-10 07:00:00,0.987,1016.7,24.4
2023-09-10 08:00:00,1.175,1016.5,24.4
2023-09-10 09:00:00,1.315,1016.6,23.8
2023-09-10 10:00:00,1.349,1016.6,23.8
2023-09-10 11:00:00,1.293,1017.3,24.0
2023-09-10 12:00:00,1.122,1017.3,24.1
2023-09-10 13:00:00,0.866,1017.4,24.2
2023-09-10 14:00:00,0.692,1018.0,24.1
2023-09-10 15:00:00,0.581,1018.6,23.9
2023-09-10 16:00:00,0.48,1018.4,23.9
2023-09-10 17:00:00,0.563,1017.7,24.1
2023-09-10 18:00:00,0.786,1017.4,24.1
2023-09-10 19:00:00,1.092,1016.7,24.2
2023-09-10 20:00:00,1.371,1016.0,24.0
2023-09-10 21:00:00,1.513,1016.0,23.8
2023-09-10 22:00:00,1.566,1016.1,23.8
2023-09-10 23:00:00,1.551,1015.7,23.6
2023-09-11 00:00:00,1.406,1016.2,23.6
2023-09-11 01:00:00,1.136,1016.3,23.7
2023-09-11 02:00:00,0.838,1016.1,23.7
2023-09-11 03:00:00,0.616,1016.0,23.7
2023-09-11 04:00:00,0.431,1015.5,23.8
2023-09-11 05:00:00,0.359,1015.2,23.8
2023-09-11 06:00:00,0.511,1014.7,23.9
2023-09-11 07:00:00,0.785,1014.2,23.9
2023-09-11 08:00:00,1.068,1013.9,24.1
2023-09-11 09:00:00,1.218,1013.9,23.8
2023-09-11 10:00:00,1.345,1013.5,23.6
2023-09-11 11:00:00,1.398,1013.9,23.6
2023-09-11 12:00:00,1.323,1014.1,23.8
2023-09-11 13:00:00,1.153,1014.1,23.9
2023-09-11 14:00:00,0.893,1014.3,23.8
2023-09-11 15:00:00,0.672,1014.2,23.8
2023-09-11 16:00:00,0.506,1013.8,23.8
2023-09-11 17:00:00,0.448,1013.5,23.9
2023-09-11 18:00:00,0.595,1013.1,24.2
2023-09-11 19:00:00,0.9,1012.5,24.1
2023-09-11 20:00:00,1.238,1012.3,24.6
2023-09-11 21:00:00,1.517,1012.4,23.8
2023-09-11 22:00:00,1.66,1013.1,24.0
2023-09-11 23:00:00,1.666,1013.4,23.8
2023-09-12 00:00:00,1.523,1013.6,23.7
2023-09-12 01:00:00,1.338,1013.6,24.1
2023-09-12 02:00:00,1.048,1013.7,24.1
2023-09-12 03:00:00,0.727,1013.7,24.1
2023-09-12 04:00:00,0.527,1013.5,24.0
2023-09-12 05:00:00,0.393,1013.4,24.0
2023-09-12 06:00:00,0.392,1013.4,24.0
2023-09-12 07:00:00,0.576,1013.1,24.1
2023-09-12 08:00:00,0.865,1013.1,24.1
2023-09-12 09:00:00,1.153,1013.3,24.2
2023-09-12 10:00:00,1.356,1013.7,23.5
2023-09-12 11:00:00,1.474,1013.8,23.7
2023-09-12 12:00:00,1.483,1014.2,23.7
2023-09-12 13:00:00,1.36,1014.5,23.8
2023-09-12 14:00:00,1.123,1014.9,23.8
2023-09-12 15:00:00,0.796,1014.9,24.0
2023-09-12 16:00:00,0.575,1014.5,23.8
2023-09-12 17:00:00,0.447,1014.0,23.9
2023-09-12 18:00:00,0.461,1013.3,24.1
2023-09-12 19:00:00,0.649,1012.8,24.4
2023-09-12 20:00:00,0.979,1012.4,24.2
2023-09-12 21:00:00,1.353,1012.4,24.6
2023-09-12 22:00:00,1.575,1012.3,24.1
2023-09-12 23:00:00,1.674,1012.3,24.1
2023-09-13 00:00:00,1.656,1012.4,24.3
2023-09-13 01:00:00,1.528,1012.8,23.8
2023-09-13 02:00:00,1.272,1013.0,24.0
2023-09-13 03:00:00,0.943,1012.9,24.1
2023-09-13 04:00:00,0.626,1012.6,24.0
2023-09-13 05:00:00,0.433,1012.2,24.1
2023-09-13 06:00:00,0.333,1012.1,24.0
2023-09-13 07:00:00,0.417,1011.4,24.0
2023-09-13 08:00:00,0.668,1011.0,24.1
2023-09-13 09:00:00,1.016,1010.9,24.2
2023-09-13 10:00:00,1.306,1010.3,24.1
2023-09-13 11:00:00,1.52,1011.2,23.7
2023-09-13 12:00:00,1.623,1011.5,23.8
2023-09-13 13:00:00,1.515,1011.6,23.8
2023-09-13 14:00:00,1.275,1011.8,23.9
2023-09-13 15:00:00,0.993,1011.6,23.9
2023-09-13 16:00:00,0.723,1011.5,24.1
2023-09-13 17:00:00,0.551,1011.2,24.1
2023-09-13 18:00:00,0.431,1010.8,24.0
2023-09-13 19:00:00,0.421,1010.2,24.2
2023-09-13 20:00:00,0.667,1010.0,24.3
2023-09-13 21:00:00,1.044,1010.0,24.3
2023-09-13 22:00:00,1.469,1010.2,24.2
2023-09-13 23:00:00,1.703,1010.6,24.0
2023-09-14 00:00:00,1.716,1010.9,24.0
2023-09-14 01:00:00,1.611,1011.4,23.8
2023-09-14 02:00:00,1.42,1011.5,23.9
2023-09-14 03:00:00,1.17,1011.9,23.9
2023-09-14 04:00:00,0.798,1012.0,23.9
2023-09-14 05:00:00,0.55,1012.3,23.9
2023-09-14 06:00:00,0.359,1012.2,23.9
2023-09-14 07:00:00,0.266,1012.4,23.8
2023-09-14 08:00:00,0.398,1013.1,23.9
2023-09-14 09:00:00,0.742,1013.7,23.9
2023-09-14 10:00:00,1.113,1014.4,24.1
2023-09-14 11:00:00,1.399,1014.6,23.8
2023-09-14 12:00:00,1.527,1015.2,23.7
2023-09-14 13:00:00,1.573,1015.6,23.7
2023-09-14 14:00:00,1.441,1016.1,23.7
2023-09-14 15:00:00,1.198,1016.3,23.8
2023-09-14 16:00:00,0.85,1015.9,23.8
2023-09-14 17:00:00,0.596,1015.5,24.0
2023-09-14 18:00:00,0.444,1015.1,24.0
2023-09-14 19:00:00,0.348,1014.7,24.0
2023-09-14 20:00:00,0.465,1014.6,24.1
2023-09-14 21:00:00,0.808,1014.8,24.2
2023-09-14 22:00:00,1.197,1014.8,24.2
2023-09-14 23:00:00,1.498,1014.8,23.8
2023-09-15 00:00:00,1.605,1015.7,23.8
2023-09-15 01:00:00,1.612,1016.2,23.5
2023-09-15 02:00:00,1.483,1016.9,23.6
2023-09-15 03:00:00,1.247,1017.2,23.6
2023-09-15 04:00:00,0.898,1017.1,23.6
2023-09-15 05:00:00,0.579,1016.9,23.5
2023-09-15 06:00:00,0.366,1016.6,23.4
2023-09-15 07:00:00,0.191,1016.4,23.4
2023-09-15 08:00:00,0.218,1017.0,23.4
2023-09-15 09:00:00,0.591,1016.5,23.3
2023-09-15 10:00:00,1.005,1016.4,23.5
2023-09-15 11:00:00,1.376,1016.8,23.7
2023-09-15 12:00:00,1.572,1017.0,23.5
2023-09-15 13:00:00,1.711,1017.1,23.3
2023-09-15 14:00:00,1.671,1016.6,23.2
2023-09-15 15:00:00,1.521,1016.3,23.2
2023-09-15 16:00:00,1.206,1016.0,23.2
2023-09-15 17:00:00,0.868,1015.4,23.3
2023-09-15 18:00:00,0.634,1014.7,23.2
2023-09-15 19:00:00,0.474,1014.1,23.2
2023-09-15 20:00:00,0.422,1013.7,23.3
2023-09-15 21:00:00,0.628,1013.1,23.3
2023-09-15 22:00:00,1.02,1013.3,23.4
2023-09-15 23:00:00,1.415,1012.8,23.4
2023-09-16 00:00:00,1.68,1012.8,23.2
2023-09-16 01:00:00,1.78,1012.9,23.1
2023-09-16 02:00:00,1.735,1012.8,23.0
2023-09-16 03:00:00,1.557,1012.8,22.9
2023-09-16 04:00:00,1.243,1012.6,22.9
2023-09-16 05:00:00,0.894,1012.5,22.9
2023-09-16 06:00:00,0.638,1012.0,22.7
2023-09-16 07:00:00,0.462,1011.7,22.7
2023-09-16 08:00:00,0.405,1011.7,22.7
2023-09-16 09:00:00,0.538,1011.1,22.7
2023-09-16 10:00:00,0.863,1010.9,22.7
2023-09-16 11:00:00,1.237,1011.2,23.0
2023-09-16 12:00:00,1.553,1011.4,22.9
2023-09-16 13:00:00,1.725,1011.5,22.7
2023-09-16 14:00:00,1.763,1011.7,22.7
2023-09-16 15:00:00,1.653,1011.4,22.6
2023-09-16 16:00:00,1.35,1011.1,22.7
2023-09-16 17:00:00,1.006,1010.7,22.7
2023-09-16 18:00:00,0.706,1010.0,22.8
2023-09-16 19:00:00,0.465,1009.7,22.8
2023-09-16 20:00:00,0.327,1009.6,22.8
2023-09-16 21:00:00,0.396,1009.4,22.9
2023-09-16 22:00:00,0.767,1009.6,22.9
2023-09-16 23:00:00,1.199,1009.6,23.0
2023-09-17 00:00:00,1.569,1010.1,22.8
2023-09-17 01:00:00,1.716,1010.9,22.6
2023-09-17 02:00:00,1.692,1011.1,22.6
2023-09-17 03:00:00,1.559,1011.0,22.5
2023-09-17 04:00:00,1.319,1011.1,22.4
2023-09-17 05:00:00,1.027,1011.4,22.4
2023-09-17 06:00:00,0.696,1011.4,22.4
2023-09-17 07:00:00,0.44,1011.4,22.3
2023-09-17 08:00:00,0.251,1011.5,22.3
2023-09-17 09:00:00,0.206,1011.6,22.3
2023-09-17 10:00:00,0.479,1012.5,22.3
2023-09-17 11:00:00,0.882,1013.0,22.5
2023-09-17 12:00:00,1.275,1013.0,22.5
2023-09-17 13:00:00,1.469,1013.2,22.4
2023-09-17 14:00:00,1.555,1013.3,22.4
2023-09-17 15:00:00,1.556,1012.8,22.5
2023-09-17 16:00:00,1.325,1012.7,22.5
2023-09-17 17:00:00,0.977,1012.5,22.4
2023-09-17 18:00:00,0.604,1012.0,22.6
2023-09-17 19:00:00,0.335,1011.4,22.8
2023-09-17 20:00:00,0.158,1011.0,22.7
2023-09-17 21:00:00,0.133,1010.8,22.7
2023-09-17 22:00:00,0.369,1010.9,22.7
2023-09-17 23:00:00,0.806,1010.8,22.7
2023-09-18 00:00:00,1.2,1011.2,22.8
2023-09-18 01:00:00,1.407,1010.7,22.6
2023-09-18 02:00:00,1.461,1010.4,22.4
2023-09-18 03:00:00,1.477,1010.1,22.5
2023-09-18 04:00:00,1.348,1009.7,22.4
2023-09-18 05:00:00,1.11,1009.6,22.4
2023-09-18 06:00:00,0.802,1009.0,22.3
2023-09-18 07:00:00,0.53,1008.5,22.3
2023-09-18 08:00:00,0.296,1008.1,22.4
2023-09-18 09:00:00,0.205,1007.6,22.4
2023-09-18 10:00:00,0.385,1007.6,22.4
2023-09-18 11:00:00,0.814,1007.4,22.5
2023-09-18 12:00:00,1.223,1007.1,22.6
2023-09-18 13:00:00,1.482,1006.7,22.5
2023-09-18 14:00:00,1.633,1006.8,22.3
2023-09-18 15:00:00,1.716,1006.3,22.3
2023-09-18 16:00:00,1.663,1005.9,22.2
2023-09-18 17:00:00,1.417,1005.4,22.2
2023-09-18 18:00:00,1.077,1004.4,22.2
2023-09-18 19:00:00,0.702,1004.1,22.2
2023-09-18 20:00:00,0.478,1003.8,22.2
2023-09-18 21:00:00,0.345,1004.1,22.3
2023-09-18 22:00:00,0.362,1004.6,22.3
2023-09-18 23:00:00,0.644,1004.8,22.5
2023-09-19 00:00:00,0.991,1005.4,22.4
2023-09-19 01:00:00,1.239,1006.2,22.4
2023-09-19 02:00:00,1.444,1006.8,22.3
2023-09-19 03:00:00,1.505,1006.8,22.2
2023-09-19 04:00:00,1.549,1007.2,22.1
2023-09-19 05:00:00,1.354,1007.6,22.1
2023-09-19 06:00:00,1.051,1008.2,22.1
2023-09-19 07:00:00,0.664,1008.4,22.0
2023-09-19 08:00:00,0.392,1008.7,22.0
2023-09-19 09:00:00,0.238,1009.3,22.0
2023-09-19 10:00:00,0.239,1010.0,21.9
2023-09-19 11:00:00,0.498,1011.0,21.9
2023-09-19 12:00:00,0.849,1011.7,22.1
2023-09-19 13:00:00,1.215,1011.9,22.3
2023-09-19 14:00:00,1.371,1012.1,22.1
2023-09-19 15:00:00,1.485,1012.2,22.1
2023-09-19 16:00:00,1.511,1012.1,22.0
2023-09-19 17:00:00,1.422,1012.3,22.1
2023-09-19 18:00:00,1.168,1012.1,22.2
2023-09-19 19:00:00,0.794,1012.2,22.2
2023-09-19 20:00:00,0.484,1012.4,22.4
2023-09-19 21:00:00,0.249,1012.7,22.3
2023-09-19 22:00:00,0.139,1013.1,22.2
2023-09-19 23:00:00,0.252,1013.9,22.2
2023-09-20 00:00:00,0.604,1014.6,22.2
2023-09-20 01:00:00,0.952,1015.1,22.4
2023-09-20 02:00:00,1.213,1015.8,22.2
2023-09-20 03:00:00,1.287,1016.4,22.0
2023-09-20 04:00:00,1.302,1017.1,22.0
2023-09-20 05:00:00,1.247,1017.4,21.9
2023-09-20 06:00:00,1.06,1017.2,21.8
2023-09-20 07:00:00,0.824,1017.5,21.7
2023-09-20 08:00:00,0.555,1017.8,21.7
2023-09-20 09:00:00,0.373,1018.0,21.7
2023-09-20 10:00:00,0.286,1018.5,21.5
2023-09-20 11:00:00,0.376,1019.0,21.7
2023-09-20 12:00:00,0.642,1019.4,21.7
2023-09-20 13:00:00,1.01,1019.5,21.9
2023-09-20 14:00:00,1.299,1020.0,21.9
2023-09-20 15:00:00,1.49,1020.0,21.9
2023-09-20 16:00:00,1.584,1019.5,21.8
2023-09-20 17:00:00,1.596,1019.2,21.7
2023-09-20 18:00:00,1.355,1018.5,21.7
2023-09-20 19:00:00,1.05,1018.2,21.8
2023-09-20 20:00:00,0.671,1017.8,22.0
2023-09-20 21:00:00,0.456,1017.6,22.0
2023-09-20 22:00:00,0.324,1017.6,22.0
2023-09-20 23:00:00,0.323,1018.0,21.9
2023-09-21 00:00:00,0.469,1018.6,22.0
2023-09-21 01:00:00,0.694,1019.4,22.1
2023-09-21 02:00:00,0.926,1019.6,22.0
2023-09-21 03:00:00,1.062,1019.7,21.9
2023-09-21 04:00:00,1.188,1020.1,21.7
2023-09-21 05:00:00,1.279,1020.3,21.7
2023-09-21 06:00:00,1.247,1020.7,21.7
2023-09-21 07:00:00,1.04,1020.6,21.6
2023-09-21 08:00:00,0.748,1020.6,21.6
2023-09-21 09:00:00,0.477,1021.5,21.6
2023-09-21 10:00:00,0.338,1021.8,21.6
2023-09-21 11:00:00,0.332,1022.9,21.5
2023-09-21 12:00:00,0.47,1023.3,21.5
2023-09-21 13:00:00,0.74,1023.2,21.8
2023-09-21 14:00:00,1.053,1023.3,21.9
2023-09-21 15:00:00,1.34,1023.2,21.6
2023-09-21 16:00:00,1.519,1023.5,21.6
2023-09-21 17:00:00,1.589,1023.1,21.5
2023-09-21 18:00:00,1.527,1022.5,21.4
2023-09-21 19:00:00,1.35,1022.5,21.4
2023-09-21 20:00:00,1.09,1022.7,21.4
2023-09-21 21:00:00,0.769,1022.5,21.7
2023-09-21 22:00:00,0.546,1022.3,21.6
2023-09-21 23:00:00,0.388,1022.7,21.6
2023-09-22 00:00:00,0.362,1023.1,21.6
2023-09-22 01:00:00,0.504,1023.5,21.6
2023-09-22 02:00:00,0.717,1023.5,21.6
2023-09-22 03:00:00,0.907,1023.5,21.8
2023-09-22 04:00:00,1.114,1023.6,21.4
2023-09-22 05:00:00,1.282,1024.0,21.4
2023-09-22 06:00:00,1.356,1024.5,21.3
2023-09-22 07:00:00,1.238,1024.3,21.4
2023-09-22 08:00:00,1.032,1024.5,21.4
2023-09-22 09:00:00,0.744,1024.6,21.4
2023-09-22 10:00:00,0.558,1024.7,21.4
2023-09-22 11:00:00,0.498,1025.1,21.4
2023-09-22 12:00:00,0.525,1025.5,21.3
2023-09-22 13:00:00,0.679,1026.0,21.4
2023-09-22 14:00:00,0.91,1026.3,21.5
2023-09-22 15:00:00,1.175,1026.3,21.6
2023-09-22 16:00:00,1.382,1025.9,21.4
2023-09-22 17:00:00,1.567,1025.8,21.3
2023-09-22 18:00:00,1.692,1025.3,21.2
2023-09-22 19:00:00,1.699,1025.1,21.1
2023-09-22 20:00:00,1.532,1025.0,21.1
2023-09-22 21:00:00,1.282,1024.7,21.0
2023-09-22 22:00:00,0.993,1024.8,21.1
2023-09-22 23:00:00,0.795,1024.6,21.1
2023-09-23 00:00:00,0.671,1024.5,21.1
2023-09-23 01:00:00,0.655,1023.9,21.1
2023-09-23 02:00:00,0.784,1023.5,21.1
2023-09-23 03:00:00,0.984,1023.3,21.2
2023-09-23 04:00:00,1.232,1022.9,21.3
2023-09-23 05:00:00,1.453,1022.4,20.8
2023-09-23 06:00:00,1.563,1022.0,21.0
2023-09-23 07:00:00,1.574,1021.6,21.0
2023-09-23 08:00:00,1.473,1020.7,20.9
2023-09-23 09:00:00,1.36,1020.2,20.9
2023-09-23 10:00:00,1.193,1020.1,20.9
2023-09-23 11:00:00,1.021,1019.7,20.9
2023-09-23 12:00:00,0.932,1019.3,20.8
2023-09-23 13:00:00,0.939,1019.6,20.8
2023-09-23 14:00:00,1.013,1019.1,20.8
2023-09-23 15:00:00,1.199,1018.0,20.8
2023-09-23 16:00:00,1.441,1017.2,20.9
2023-09-23 17:00:00,1.733,1016.8,20.9
2023-09-23 18:00:00,1.88,1016.3,20.7
2023-09-23 19:00:00,2.019,1015.8,20.6
2023-09-23 20:00:00,1.995,1015.5,20.6
2023-09-23 21:00:00,1.82,1015.4,20.5
2023-09-23 22:00:00,1.593,1014.8,20.5
2023-09-23 23:00:00,1.272,1014.8,20.4
2023-09-24 00:00:00,1.097,1015.0,20.3
2023-09-24 01:00:00,0.933,1015.2,20.4
2023-09-24 02:00:00,0.846,1015.0,20.4
2023-09-24 03:00:00,0.903,1014.7,20.4
2023-09-24 04:00:00,1.158,1014.0,20.5
2023-09-24 05:00:00,1.428,1013.7,20.8
2023-09-24 06:00:00,1.672,1013.7,20.9
2023-09-24 07:00:00,1.79,1013.5,20.6
2023-09-24 08:00:00,1.813,1013.3,20.4
2023-09-24 09:00:00,1.712,1013.2,20.4
2023-09-24 10:00:00,1.538,1013.2,20.4
2023-09-24 11:00:00,1.299,1013.4,20.3
2023-09-24 12:00:00,1.117,1014.3,20.3
2023-09-24 13:00:00,0.943,1014.3,20.3
2023-09-24 14:00:00,0.833,1014.3,20.4
2023-09-24 15:00:00,0.869,1013.8,20.4
2023-09-24 16:00:00,1.047,1013.5,20.4
2023-09-24 17:00:00,1.296,1013.8,20.6
2023-09-24 18:00:00,1.559,1013.2,20.7
2023-09-24 19:00:00,1.746,1012.9,20.6
2023-09-24 20:00:00,1.89,1012.0,20.4
2023-09-24 21:00:00,1.922,1011.6,20.3
2023-09-24 22:00:00,1.802,1011.9,20.3
2023-09-24 23:00:00,1.549,1012.2,20.2
2023-09-25 00:00:00,1.201,1012.4,20.2
2023-09-25 01:00:00,0.925,1012.6,20.2
2023-09-25 02:00:00,0.719,1012.3,20.2
2023-09-25 03:00:00,0.554,1012.4,20.2
2023-09-25 04:00:00,0.631,1012.2,20.2
2023-09-25 05:00:00,0.849,1011.9,20.6
2023-09-25 06:00:00,1.118,1012.0,20.6
2023-09-25 07:00:00,1.383,1011.7,20.7
2023-09-25 08:00:00,1.562,1011.8,20.4
2023-09-25 09:00:00,1.637,1011.9,20.3
2023-09-25 10:00:00,1.566,1012.3,20.3
2023-09-25 11:00:00,1.436,1012.8,20.2
2023-09-25 12:00:00,1.15,1013.2,20.2
2023-09-25 13:00:00,0.913,1013.8,20.2
2023-09-25 14:00:00,0.685,1014.3,20.2
2023-09-25 15:00:00,0.542,1014.9,20.2
2023-09-25 16:00:00,0.575,1015.5,20.2
2023-09-25 17:00:00,0.846,1016.2,20.2
2023-09-25 18:00:00,1.247,1016.7,20.3
2023-09-25 19:00:00,1.528,1016.8,20.4
2023-09-25 20:00:00,1.819,1017.3,20.4
2023-09-25 21:00:00,1.95,1017.7,20.2
2023-09-25 22:00:00,2.032,1018.8,20.2
2023-09-25 23:00:00,1.902,1019.3,20.1
2023-09-26 00:00:00,1.673,1019.8,20.1
2023-09-26 01:00:00,1.314,1020.8,20.1
2023-09-26 02:00:00,0.985,1021.3,20.0
2023-09-26 03:00:00,0.74,1021.4,20.0
2023-09-26 04:00:00,0.603,1021.4,20.1
2023-09-26 05:00:00,0.69,1022.1,20.1
2023-09-26 06:00:00,0.989,1022.3,20.2
2023-09-26 07:00:00,1.257,1022.1,20.3
2023-09-26 08:00:00,1.529,1022.0,20.2
2023-09-26 09:00:00,1.737,1022.2,20.1
2023-09-26 10:00:00,1.849,1022.8,20.0
2023-09-26 11:00:00,1.833,1023.5,20.0
2023-09-26 12:00:00,1.621,1024.0,19.9
2023-09-26 13:00:00,1.347,1024.8,19.9
2023-09-26 14:00:00,1.028,1025.1,19.9
2023-09-26 15:00:00,0.805,1025.4,19.9
2023-09-26 16:00:00,0.603,1025.5,19.9
2023-09-26 17:00:00,0.563,1025.3,20.0
2023-09-26 18:00:00,0.815,1025.6,19.9
2023-09-26 19:00:00,1.229,1025.4,20.0
2023-09-26 20:00:00,1.686,1025.5,19.9
2023-09-26 21:00:00,1.978,1025.3,20.0
2023-09-26 22:00:00,2.139,1025.2,19.9
2023-09-26 23:00:00,2.165,1025.3,19.8
2023-09-27 00:00:00,1.948,1025.7,19.6
2023-09-27 01:00:00,1.633,1025.7,19.6
2023-09-27 02:00:00,1.195,1025.9,19.6
2023-09-27 03:00:00,0.808,1025.9,19.6
2023-09-27 04:00:00,0.498,1025.8,19.6
2023-09-27 05:00:00,0.316,1026.0,19.6
2023-09-27 06:00:00,0.395,1026.1,19.6
2023-09-27 07:00:00,0.742,1025.3,19.7
2023-09-27 08:00:00,1.159,1025.2,19.7
2023-09-27 09:00:00,1.544,1024.8,19.8
2023-09-27 10:00:00,1.787,1024.9,19.7
2023-09-27 11:00:00,1.928,1025.1,19.7
2023-09-27 12:00:00,1.851,1025.7,19.5
2023-09-27 13:00:00,1.532,1025.6,19.5
2023-09-27 14:00:00,1.144,1025.5,19.5
2023-09-27 15:00:00,0.813,1025.9,19.6
2023-09-27 16:00:00,0.538,1025.9,19.6
2023-09-27 17:00:00,0.302,1025.3,19.7
2023-09-27 18:00:00,0.279,1024.6,19.8
2023-09-27 19:00:00,0.595,1023.9,19.8
2023-09-27 20:00:00,1.077,1023.6,19.8
2023-09-27 21:00:00,1.549,1023.4,19.7
2023-09-27 22:00:00,1.835,1023.6,19.7
2023-09-27 23:00:00,2.032,1023.5,19.6
2023-09-28 00:00:00,2.065,1023.8,19.5
2023-09-28 01:00:00,1.823,1023.8,19.5
2023-09-28 02:00:00,1.412,1023.8,19.5
2023-09-28 03:00:00,0.903,1023.6,19.5
2023-09-28 04:00:00,0.545,1023.5,19.5
2023-09-28 05:00:00,0.276,1023.7,19.4
2023-09-28 06:00:00,0.147,1023.6,19.4
2023-09-28 07:00:00,0.364,1023.2,19.5
2023-09-28 08:00:00,0.782,1022.8,19.5
2023-09-28 09:00:00,1.228,1022.7,19.5
2023-09-28 10:00:00,1.613,1022.6,19.6
2023-09-28 11:00:00,1.872,1022.9,19.5
2023-09-28 12:00:00,2.006,1023.3,19.4
2023-09-28 13:00:00,1.916,1023.2,19.3
2023-09-28 14:00:00,1.557,1023.8,19.3
2023-09-28 15:00:00,1.099,1023.6,19.3
2023-09-28 16:00:00,0.717,1023.4,19.3
2023-09-28 17:00:00,0.428,1023.1,19.4
2023-09-28 18:00:00,0.18,1022.5,19.4
2023-09-28 19:00:00,0.189,1022.2,19.5
2023-09-28 20:00:00,0.586,1021.6,19.5
2023-09-28 21:00:00,1.124,1021.8,19.5
2023-09-28 22:00:00,1.593,1021.8,19.5
2023-09-28 23:00:00,1.865,1021.5,19.4
2023-09-29 00:00:00,2.064,1021.7,19.4
2023-09-29 01:00:00,2.077,1022.0,19.3
2023-09-29 02:00:00,1.767,1021.8,19.2
2023-09-29 03:00:00,1.335,1021.5,19.2
2023-09-29 04:00:00,0.868,1021.0,19.2
2023-09-29 05:00:00,0.544,1021.0,19.2
2023-09-29 06:00:00,0.245,1020.6,19.2
2023-09-29 07:00:00,0.135,1019.7,19.3
2023-09-29 08:00:00,0.355,1018.8,19.3
2023-09-29 09:00:00,0.899,1018.9,19.3
2023-09-29 10:00:00,1.433,1019.0,19.4
2023-09-29 11:00:00,1.812,1019.0,19.4
2023-09-29 12:00:00,2.048,1019.0,19.3
2023-09-29 13:00:00,2.139,1019.9,19.2
2023-09-29 14:00:00,1.969,1020.1,19.1
2023-09-29 15:00:00,1.539,1019.4,19.1
2023-09-29 16:00:00,1.086,1019.4,19.1
2023-09-29 17:00:00,0.695,1018.7,19.1
2023-09-29 18:00:00,0.428,1018.1,19.1
2023-09-29 19:00:00,0.227,1017.2,19.1
2023-09-29 20:00:00,0.272,1017.5,19.1
2023-09-29 21:00:00,0.702,1017.4,19.2
2023-09-29 22:00:00,1.215,1017.5,19.2
2023-09-29 23:00:00,1.65,1017.4,19.2
2023-09-30 00:00:00,1.927,1018.1,19.2
2023-09-30 01:00:00,2.106,1018.2,19.1
2023-09-30 02:00:00,2.052,1017.9,19.0
2023-09-30 03:00:00,1.652,1018.2,19.0
2023-09-30 04:00:00,1.187,1018.3,19.0
2023-09-30 05:00:00,0.756,1017.7,18.9
2023-09-30 06:00:00,0.478,1017.3,19.0
2023-09-30 07:00:00,0.225,1017.1,19.0
2023-09-30 08:00:00,0.149,1017.5,19.0
2023-09-30 09:00:00,0.453,1018.1,19.0
2023-09-30 10:00:00,0.989,1018.3,19.1
2023-09-30 11:00:00,1.491,1018.9,19.1
2023-09-30 12:00:00,1.829,1019.6,19.0
2023-09-30 13:00:00,2.055,1020.1,19.0
2023-09-30 14:00:00,2.144,1020.3,18.9
2023-09-30 15:00:00,1.916,1020.3,18.8
2023-09-30 16:00:00,1.515,1020.5,18.9
2023-09-30 17:00:00,0.985,1020.2,18.8
2023-09-30 18:00:00,0.605,1019.7,19.0
2023-09-30 19:00:00,0.277,1019.3,19.1
2023-09-30 20:00:00,0.106,1019.2,19.1
2023-09-30 21:00:00,0.3,1020.0,19.1
2023-09-30 22:00:00,0.765,1019.9,19.1
2023-09-30 23:00:00,1.244,1020.0,19.0
2023-10-01 00:00:00,1.601,1019.7,19.0
2023-10-01 01:00:00,1.829,1020.1,19.0
2023-10-01 02:00:00,1.949,1020.0,18.9
2023-10-01 03:00:00,1.82,1019.7,18.9
2023-10-01 04:00:00,1.442,1019.5,18.9
2023-10-01 05:00:00,1.01,1019.7,18.8
2023-10-01 06:00:00,0.652,1019.5,18.8
2023-10-01 07:00:00,0.385,1019.2,18.8
2023-10-01 08:00:00,0.179,1019.2,18.8
2023-10-01 09:00:00,0.235,1019.2,18.8
2023-10-01 10:00:00,0.704,1019.6,18.8
2023-10-01 11:00:00,1.275,1020.4,18.9
2023-10-01 12:00:00,1.732,1021.0,18.9
2023-10-01 13:00:00,1.984,1021.0,18.9
2023-10-01 14:00:00,2.149,1020.9,18.9
2023-10-01 15:00:00,2.162,1020.9,18.8
2023-10-01 16:00:00,1.838,1020.5,18.7
2023-10-01 17:00:00,1.355,1019.9,18.7
2023-10-01 18:00:00,0.929,1019.2,19.0
2023-10-01 19:00:00,0.615,1018.7,19.1
2023-10-01 20:00:00,0.369,1018.2,19.1
2023-10-01 21:00:00,0.24,1018.3,19.1
2023-10-01 22:00:00,0.453,1018.4,19.2
2023-10-01 23:00:00,0.86,1018.6,19.2
2023-10-02 00:00:00,1.312,1018.8,19.1
2023-10-02 01:00:00,1.619,1019.0,19.0
2023-10-02 02:00:00,1.821,1019.0,18.9
2023-10-02 03:00:00,1.856,1019.2,18.9
2023-10-02 04:00:00,1.642,1019.2,18.9
2023-10-02 05:00:00,1.283,1019.1,18.9
2023-10-02 06:00:00,0.828,1019.4,18.9
2023-10-02 07:00:00,0.504,1019.6,18.9
2023-10-02 08:00:00,0.253,1019.6,18.9
2023-10-02 09:00:00,0.127,1019.8,18.9
2023-10-02 10:00:00,0.285,1019.9,18.9
2023-10-02 11:00:00,0.773,1020.3,18.9
2023-10-02 12:00:00,1.286,1020.3,19.0
2023-10-02 13:00:00,1.631,1020.8,19.0
2023-10-02 14:00:00,1.836,1020.9,18.9
2023-10-02 15:00:00,1.97,1020.8,18.9
2023-10-02 16:00:00,1.93,1020.5,18.9
2023-10-02 17:00:00,1.62,1020.3,19.0
2023-10-02 18:00:00,1.169,1019.8,19.1
2023-10-02 19:00:00,0.748,1019.4,19.2
2023-10-02 20:00:00,0.455,1019.0,19.4
2023-10-02 21:00:00,0.23,1019.1,19.3
2023-10-02 22:00:00,0.251,1019.4,19.3
2023-10-02 23:00:00,0.579,1020.1,19.3
2023-10-03 00:00:00,0.994,1020.4,19.3
2023-10-03 01:00:00,1.334,1020.4,19.3
2023-10-03 02:00:00,1.509,1020.6,19.1
2023-10-03 03:00:00,1.651,1020.7,19.1
2023-10-03 04:00:00,1.688,1020.4,19.1
2023-10-03 05:00:00,1.51,1020.3,19.0
2023-10-03 06:00:00,1.186,1020.3,19.1
2023-10-03 07:00:00,0.795,1020.1,19.0
2023-10-03 08:00:00,0.487,1019.9,19.0
2023-10-03 09:00:00,0.297,1019.8,19.0
2023-10-03 10:00:00,0.274,1020.2,19.0
2023-10-03 11:00:00,0.533,1020.5,19.0
2023-10-03 12:00:00,0.952,1020.6,19.1
2023-10-03 13:00:00,1.376,1020.5,19.1
2023-10-03 14:00:00,1.655,1020.7,19.1
2023-10-03 15:00:00,1.846,1020.4,19.1
2023-10-03 16:00:00,1.95,1019.9,19.2
2023-10-03 17:00:00,1.773,1019.7,19.3
2023-10-03 18:00:00,1.436,1019.0,19.3
2023-10-03 19:00:00,1.029,1018.4,19.2
2023-10-03 20:00:00,0.718,1018.2,19.6
2023-10-03 21:00:00,0.49,1017.8,19.7
2023-10-03 22:00:00,0.352,1017.9,19.6
2023-10-03 23:00:00,0.388,1018.3,19.5
2023-10-04 00:00:00,0.643,1018.6,19.5
2023-10-04 01:00:00,0.937,1018.7,19.4
2023-10-04 02:00:00,1.235,1018.9,19.4
2023-10-04 03:00:00,1.373,1019.0,19.2
2023-10-04 04:00:00,1.499,1018.8,19.2
2023-10-04 05:00:00,1.513,1018.6,19.2
2023-10-04 06:00:00,1.321,1018.7,19.2
2023-10-04 07:00:00,1.05,1018.8,19.2
2023-10-04 08:00:00,0.711,1018.9,19.2
2023-10-04 09:00:00,0.468,1019.2,19.2
2023-10-04 10:00:00,0.328,1019.7,19.2
2023-10-04 11:00:00,0.371,1019.9,19.2
2023-10-04 12:00:00,0.656,1020.6,19.3
2023-10-04 13:00:00,1.032,1021.0,19.3
2023-10-04 14:00:00,1.379,1021.3,19.3
2023-10-04 15:00:00,1.577,1021.5,19.3
2023-10-04 16:00:00,1.695,1021.4,19.4
2023-10-04 17:00:00,1.71,1020.8,19.3
2023-10-04 18:00:00,1.521,1020.2,19.4
2023-10-04 19:00:00,1.247,1020.3,19.5
2023-10-04 20:00:00,0.924,1020.0,19.5
2023-10-04 21:00:00,0.686,1019.9,19.8
2023-10-04 22:00:00,0.51,1020.1,19.9
2023-10-04 23:00:00,0.405,1020.4,19.7
2023-10-05 00:00:00,0.495,1020.6,19.8
2023-10-05 01:00:00,0.732,1021.1,19.8
2023-10-05 02:00:00,0.988,1021.3,19.7
2023-10-05 03:00:00,1.194,1021.5,19.7
2023-10-05 04:00:00,1.381,1021.6,19.4
2023-10-05 05:00:00,1.513,1021.9,19.5
2023-10-05 06:00:00,1.485,1021.8,19.5
2023-10-05 07:00:00,1.322,1022.0,19.5
2023-10-05 08:00:00,1.044,1021.7,19.5
2023-10-05 09:00:00,0.749,1021.6,19.4
2023-10-05 10:00:00,0.589,1022.1,19.4
2023-10-05 11:00:00,0.526,1022.7,19.4
2023-10-05 12:00:00,0.578,1023.1,19.5
2023-10-05 13:00:00,0.796,1022.9,19.5
2023-10-05 14:00:00,1.082,1023.4,19.6
2023-10-05 15:00:00,1.383,1023.0,19.6
2023-10-05 16:00:00,1.541,1022.4,19.5
2023-10-05 17:00:00,1.634,1021.5,19.6
2023-10-05 18:00:00,1.665,1020.5,19.6
2023-10-05 19:00:00,1.502,1019.9,19.5
2023-10-05 20:00:00,1.271,1019.4,19.7
2023-10-05 21:00:00,0.986,1019.5,19.9
2023-10-05 22:00:00,0.777,1019.3,19.8
2023-10-05 23:00:00,0.613,1019.1,19.9
2023-10-06 00:00:00,0.518,1019.2,19.9
2023-10-06 01:00:00,0.577,1019.3,19.8
2023-10-06 02:00:00,0.74,1019.1,19.8
2023-10-06 03:00:00,0.943,1018.6,19.8
2023-10-06 04:00:00,1.181,1018.2,19.8
2023-10-06 05:00:00,1.393,1017.8,19.6
2023-10-06 06:00:00,1.508,1017.4,19.6
2023-10-06 07:00:00,1.408,1017.0,19.6
2023-10-06 08:00:00,1.256,1016.0,19.7
2023-10-06 09:00:00,1.041,1015.8,19.7
2023-10-06 10:00:00,0.868,1015.7,19.7
2023-10-06 11:00:00,0.735,1015.5,19.7
2023-10-06 12:00:00,0.695,1015.7,19.7
2023-10-06 13:00:00,0.733,1015.8,19.7
2023-10-06 14:00:00,0.923,1015.7,19.7
2023-10-06 15:00:00,1.144,1015.2,19.9
2023-10-06 16:00:00,1.356,1015.1,19.8
2023-10-06 17:00:00,1.542,1014.2,19.8
2023-10-06 18:00:00,1.653,1013.7,19.7
2023-10-06 19:00:00,1.649,1013.4,19.7
2023-10-06 20:00:00,1.505,1012.7,19.7
2023-10-06 21:00:00,1.275,1012.7,19.8
2023-10-06 22:00:00,1.03,1012.5,19.8
2023-10-06 23:00:00,0.864,1012.4,19.8
2023-10-07 00:00:00,0.767,1012.4,19.8
2023-10-07 01:00:00,0.683,1011.9,19.9
2023-10-07 02:00:00,0.662,1011.5,19.9
2023-10-07 03:00:00,0.782,1010.9,19.8
2023-10-07 04:00:00,0.972,1010.2,19.9
2023-10-07 05:00:00,1.265,1009.4,20.0
2023-10-07 06:00:00,1.467,1008.6,19.8
2023-10-07 07:00:00,1.553,1007.7,19.7
2023-10-07 08:00:00,1.477,1007.2,19.8
2023-10-07 09:00:00,1.37,1006.6,19.8
2023-10-07 10:00:00,1.181,1006.1,19.9
2023-10-07 11:00:00,1.043,1005.8,19.9
2023-10-07 12:00:00,0.947,1005.2,19.8
2023-10-07 13:00:00,0.869,1005.0,19.8
2023-10-07 14:00:00,0.878,1004.5,19.8
2023-10-07 15:00:00,1.048,1003.4,19.8
2023-10-07 16:00:00,1.258,1002.6,19.8
2023-10-07 17:00:00,1.491,1001.7,19.8
2023-10-07 18:00:00,1.643,1002.0,19.9
2023-10-07 19:00:00,1.679,1002.2,19.8
2023-10-07 20:00:00,1.636,1002.0,19.7
2023-10-07 21:00:00,1.493,1001.3,19.6
2023-10-07 22:00:00,1.308,1001.5,19.8
2023-10-07 23:00:00,1.018,1002.2,19.7
2023-10-08 00:00:00,0.848,1002.2,19.7
2023-10-08 01:00:00,0.812,1002.3,19.6
2023-10-08 02:00:00,0.71,1002.3,19.5
2023-10-08 03:00:00,0.648,1002.3,19.6
2023-10-08 04:00:00,0.628,1001.9,19.5
2023-10-08 05:00:00,0.847,1001.5,19.5
2023-10-08 06:00:00,1.113,1001.3,19.6
2023-10-08 07:00:00,1.358,1001.3,19.5
2023-10-08 08:00:00,1.377,1001.6,19.6
2023-10-08 09:00:00,1.336,1002.2,19.6
2023-10-08 10:00:00,1.252,1002.3,19.2
2023-10-08 11:00:00,1.052,1002.6,19.3
2023-10-08 12:00:00,0.866,1002.9,19.1
2023-10-08 13:00:00,0.739,1003.2,19.1
2023-10-08 14:00:00,0.704,1003.2,19.2
2023-10-08 15:00:00,0.736,1003.0,19.3
2023-10-08 16:00:00,0.845,1003.2,19.4
2023-10-08 17:00:00,1.019,1002.9,19.5
2023-10-08 18:00:00,1.228,1002.6,19.5
2023-10-08 19:00:00,1.374,1002.5,19.4
2023-10-08 20:00:00,1.443,1002.4,19.4
2023-10-08 21:00:00,1.483,1002.6,19.3
2023-10-08 22:00:00,1.415,1003.3,19.2
2023-10-08 23:00:00,1.274,1003.8,19.1
2023-10-09 00:00:00,1.056,1003.9,18.9
2023-10-09 01:00:00,0.784,1004.4,19.0
2023-10-09 02:00:00,0.56,1004.8,18.9
2023-10-09 03:00:00,0.408,1005.2,19.0
2023-10-09 04:00:00,0.444,1005.1,19.0
2023-10-09 05:00:00,0.623,1005.4,19.0
2023-10-09 06:00:00,0.91,1005.5,19.0
2023-10-09 07:00:00,1.166,1005.7,18.9
2023-10-09 08:00:00,1.315,1005.9,18.8
2023-10-09 09:00:00,1.336,1006.1,18.8
2023-10-09 10:00:00,1.288,1006.5,19.0
2023-10-09 11:00:00,1.229,1006.7,18.8
2023-10-09 12:00:00,1.107,1007.4,18.5
2023-10-09 13:00:00,0.957,1007.6,18.5
2023-10-09 14:00:00,0.807,1007.6,18.6
2023-10-09 15:00:00,0.682,1007.4,18.9
2023-10-09 16:00:00,0.629,1007.0,18.9
2023-10-09 17:00:00,0.774,1006.6,19.0
2023-10-09 18:00:00,1.007,1006.0,19.0
2023-10-09 19:00:00,1.32,1005.6,19.0
2023-10-09 20:00:00,1.497,1005.9,19.1
2023-10-09 21:00:00,1.52,1006.1,19.0
2023-10-09 22:00:00,1.49,1006.0,18.9
2023-10-09 23:00:00,1.411,1006.9,18.9
2023-10-10 00:00:00,1.254,1007.6,18.9
2023-10-10 01:00:00,1.012,1007.6,18.5
2023-10-10 02:00:00,0.762,1008.0,18.7
2023-10-10 03:00:00,0.518,1007.9,18.8
2023-10-10 04:00:00,0.423,1008.0,18.8
2023-10-10 05:00:00,0.498,1007.7,18.8
2023-10-10 06:00:00,0.805,1007.4,18.7
2023-10-10 07:00:00,1.086,1007.1,18.7
2023-10-10 08:00:00,1.259,1007.0,18.7
2023-10-10 09:00:00,1.427,1007.2,19.0
2023-10-10 10:00:00,1.558,1007.9,18.9
2023-10-10 11:00:00,1.592,1007.9,18.8
2023-10-10 12:00:00,1.407,1008.1,18.6
2023-10-10 13:00:00,1.188,1008.9,18.5
2023-10-10 14:00:00,0.865,1009.1,18.5
2023-10-10 15:00:00,0.714,1008.8,18.7
2023-10-10 16:00:00,0.68,1008.4,18.7
2023-10-10 17:00:00,0.706,1007.9,18.8
2023-10-10 18:00:00,0.852,1006.9,18.8
2023-10-10 19:00:00,1.119,1006.9,18.8
2023-10-10 20:00:00,1.429,1006.9,18.8
2023-10-10 21:00:00,1.579,1007.1,18.8
2023-10-10 22:00:00,1.612,1007.2,18.7
2023-10-10 23:00:00,1.601,1007.6,18.7
2023-10-11 00:00:00,1.475,1008.0,18.7
2023-10-11 01:00:00,1.279,1008.3,18.7
2023-10-11 02:00:00,0.964,1008.7,18.6
2023-10-11 03:00:00,0.665,1008.9,18.7
2023-10-11 04:00:00,0.471,1008.8,18.6
2023-10-11 05:00:00,0.41,1008.8,18.6
2023-10-11 06:00:00,0.587,1008.5,18.6
2023-10-11 07:00:00,0.887,1008.3,18.6
2023-10-11 08:00:00,1.175,1008.3,18.6
2023-10-11 09:00:00,1.418,1008.6,18.7
2023-10-11 10:00:00,1.569,1009.0,18.7
2023-10-11 11:00:00,1.642,1009.2,18.6
2023-10-11 12:00:00,1.575,1009.6,18.6
2023-10-11 13:00:00,1.361,1010.2,18.5
2023-10-11 14:00:00,1.082,1010.4,18.5
2023-10-11 15:00:00,0.835,1010.2,18.6
2023-10-11 16:00:00,0.656,1010.0,18.6
2023-10-11 17:00:00,0.543,1009.4,18.7
2023-10-11 18:00:00,0.592,1008.7,18.9
2023-10-11 19:00:00,0.862,1008.4,18.8
2023-10-11 20:00:00,1.192,1008.0,18.8
2023-10-11 21:00:00,1.518,1008.1,18.8
2023-10-11 22:00:00,1.678,1008.6,18.7
2023-10-11 23:00:00,1.741,1008.8,18.7
2023-10-12 00:00:00,1.684,1008.9,18.7
2023-10-12 01:00:00,1.478,1009.3,18.6
2023-10-12 02:00:00,1.162,1009.9,18.6
2023-10-12 03:00:00,0.808,1010.0,18.6
2023-10-12 04:00:00,0.592,1010.0,18.6
2023-10-12 05:00:00,0.473,1010.1,18.5
2023-10-12 06:00:00,0.463,1010.1,18.6
2023-10-12 07:00:00,0.636,1009.9,18.5
2023-10-12 08:00:00,0.918,1009.8,18.6
2023-10-12 09:00:00,1.31,1010.2,18.6
2023-10-12 10:00:00,1.58,1010.4,18.6
2023-10-12 11:00:00,1.744,1010.6,18.6
2023-10-12 12:00:00,1.733,1011.2,18.6
2023-10-12 13:00:00,1.576,1011.1,18.5
2023-10-12 14:00:00,1.293,1011.2,18.5
2023-10-12 15:00:00,0.969,1011.1,18.6
2023-10-12 16:00:00,0.74,1010.8,18.6
2023-10-12 17:00:00,0.557,1010.3,18.6
2023-10-12 18:00:00,0.468,1009.4,18.6
2023-10-12 19:00:00,0.615,1009.3,18.8
2023-10-12 20:00:00,0.967,1008.8,18.9
2023-10-12 21:00:00,1.348,1008.7,18.9
2023-10-12 22:00:00,1.583,1008.8,18.8
2023-10-12 23:00:00,1.703,1009.2,18.7
2023-10-13 00:00:00,1.729,1009.5,18.6
2023-10-13 01:00:00,1.635,1009.5,18.6
2023-10-13 02:00:00,1.342,1009.9,18.6
2023-10-13 03:00:00,0.959,1010.0,18.6
2023-10-13 04:00:00,0.616,1009.9,18.6
2023-10-13 05:00:00,0.436,1010.2,18.6
2023-10-13 06:00:00,0.367,1010.7,18.5
2023-10-13 07:00:00,0.47,1010.5,18.5
2023-10-13 08:00:00,0.775,1011.2,18.4
2023-10-13 09:00:00,1.147,1011.8,18.6
2023-10-13 10:00:00,1.463,1012.4,18.6
2023-10-13 11:00:00,1.641,1012.5,18.5
2023-10-13 12:00:00,1.723,1013.3,18.4
2023-10-13 13:00:00,1.733,1013.9,18.4
2023-10-13 14:00:00,1.518,1014.3,18.4
2023-10-13 15:00:00,1.242,1014.3,18.4
2023-10-13 16:00:00,0.875,1013.6,18.4
2023-10-13 17:00:00,0.634,1013.5,18.5
2023-10-13 18:00:00,0.414,1012.6,18.4
2023-10-13 19:00:00,0.381,1012.7,18.5
2023-10-13 20:00:00,0.658,1012.3,18.6
2023-10-13 21:00:00,1.059,1011.9,18.6
2023-10-13 22:00:00,1.431,1012.1,18.6
2023-10-13 23:00:00,1.603,1012.4,18.5
2023-10-14 00:00:00,1.683,1012.6,18.4
2023-10-14 01:00:00,1.647,1013.1,18.4
2023-10-14 02:00:00,1.458,1013.4,18.3
2023-10-14 03:00:00,1.14,1013.0,18.3
2023-10-14 04:00:00,0.804,1012.9,18.2
2023-10-14 05:00:00,0.557,1012.2,18.2
2023-10-14 06:00:00,0.401,1011.7,18.2
2023-10-14 07:00:00,0.376,1011.3,18.2
2023-10-14 08:00:00,0.616,1011.1,18.3
2023-10-14 09:00:00,1.019,1010.5,18.3
2023-10-14 10:00:00,1.411,1010.9,18.3
2023-10-14 11:00:00,1.645,1010.6,18.3
2023-10-14 12:00:00,1.806,1010.6,18.3
2023-10-14 13:00:00,1.911,1009.7,18.2
2023-10-14 14:00:00,1.775,1009.8,18.2
2023-10-14 15:00:00,1.482,1009.1,18.1
2023-10-14 16:00:00,1.054,1008.5,18.1
2023-10-14 17:00:00,0.74,1007.4,18.0
2023-10-14 18:00:00,0.523,1007.5,18.0
2023-10-14 19:00:00,0.385,1005.6,18.0
2023-10-14 20:00:00,0.463,1004.3,18.0
2023-10-14 21:00:00,0.852,1003.5,18.1
2023-10-14 22:00:00,1.296,1003.0,18.2
2023-10-14 23:00:00,1.635,1002.4,18.2
2023-10-15 00:00:00,1.787,1001.6,18.1
2023-10-15 01:00:00,1.882,1001.3,18.1
2023-10-15 02:00:00,1.803,1000.8,18.1
2023-10-15 03:00:00,1.523,999.9,18.0
2023-10-15 04:00:00,1.201,998.7,17.9
2023-10-15 05:00:00,0.914,998.0,17.9
2023-10-15 06:00:00,0.696,996.9,17.7
2023-10-15 07:00:00,0.506,996.6,17.8
2023-10-15 08:00:00,0.571,996.6,17.8
2023-10-15 09:00:00,0.93,996.4,17.8
2023-10-15 10:00:00,1.406,996.7,18.1
2023-10-15 11:00:00,1.73,996.8,18.1
2023-10-15 12:00:00,1.882,997.2,17.9
2023-10-15 13:00:00,1.943,997.6,17.9
2023-10-15 14:00:00,1.963,998.2,17.8
2023-10-15 15:00:00,1.775,998.1,17.7
2023-10-15 16:00:00,1.44,998.0,17.8
2023-10-15 17:00:00,1.027,997.8,17.8
2023-10-15 18:00:00,0.737,997.7,17.8
2023-10-15 19:00:00,0.524,997.5,17.8
2023-10-15 20:00:00,0.46,997.4,17.8
2023-10-15 21:00:00,0.686,997.6,17.8
2023-10-15 22:00:00,1.073,998.4,17.9
2023-10-15 23:00:00,1.445,999.4,17.9
2023-10-16 00:00:00,1.681,1000.0,17.9
2023-10-16 01:00:00,1.785,1000.4,17.8
2023-10-16 02:00:00,1.753,1000.8,17.7
2023-10-16 03:00:00,1.572,1000.6,17.7
2023-10-16 04:00:00,1.288,1000.5,17.6
2023-10-16 05:00:00,0.973,1000.5,17.6
2023-10-16 06:00:00,0.724,1000.6,17.4
2023-10-16 07:00:00,0.526,1000.4,17.3
2023-10-16 08:00:00,0.391,1000.6,17.3
2023-10-16 09:00:00,0.525,1000.5,17.3
2023-10-16 10:00:00,0.969,1000.5,17.6
2023-10-16 11:00:00,1.399,1000.6,17.5
2023-10-16 12:00:00,1.711,1000.9,17.6
2023-10-16 13:00:00,1.866,1001.1,17.6
2023-10-16 14:00:00,1.949,1001.3,17.6
2023-10-16 15:00:00,1.868,1001.4,17.5
2023-10-16 16:00:00,1.574,1001.4,17.4
2023-10-16 17:00:00,1.183,1001.0,17.5
2023-10-16 18:00:00,0.809,1000.7,17.5
2023-10-16 19:00:00,0.561,1000.6,17.6
2023-10-16 20:00:00,0.404,1000.8,17.7
2023-10-16 21:00:00,0.443,1001.5,17.7
2023-10-16 22:00:00,0.745,1002.0,17.6
2023-10-16 23:00:00,1.166,1002.7,17.7
2023-10-17 00:00:00,1.503,1003.4,17.7
2023-10-17 01:00:00,1.63,1004.1,17.6
2023-10-17 02:00:00,1.706,1004.5,17.5
2023-10-17 03:00:00,1.65,1005.0,17.5
2023-10-17 04:00:00,1.405,1005.4,17.5
2023-10-17 05:00:00,1.112,1006.1,17.4
2023-10-17 06:00:00,0.822,1006.5,17.4
2023-10-17 07:00:00,0.62,1006.8,17.2
2023-10-17 08:00:00,0.455,1007.1,17.3
2023-10-17 09:00:00,0.48,1007.5,17.2
2023-10-17 10:00:00,0.821,1008.0,17.3
2023-10-17 11:00:00,1.225,1008.7,17.4
2023-10-17 12:00:00,1.577,1009.7,17.5
2023-10-17 13:00:00,1.787,1010.7,17.4
2023-10-17 14:00:00,1.927,1011.2,17.4
2023-10-17 15:00:00,1.966,1011.5,17.4
2023-10-17 16:00:00,1.742,1011.6,17.3
2023-10-17 17:00:00,1.395,1011.5,17.3
2023-10-17 18:00:00,0.954,1011.7,17.3
2023-10-17 19:00:00,0.634,1011.7,17.3
2023-10-17 20:00:00,0.425,1011.9,17.4
2023-10-17 21:00:00,0.333,1012.4,17.4
2023-10-17 22:00:00,0.499,1012.9,17.4
2023-10-17 23:00:00,0.835,1013.6,17.4
2023-10-18 00:00:00,1.177,1014.1,17.6
2023-10-18 01:00:00,1.401,1014.8,17.4
2023-10-18 02:00:00,1.514,1015.3,17.3
2023-10-18 03:00:00,1.591,1015.7,17.3
2023-10-18 04:00:00,1.526,1016.1,17.3
2023-10-18 05:00:00,1.291,1016.4,17.3
2023-10-18 06:00:00,0.982,1016.8,17.2
2023-10-18 07:00:00,0.663,1016.9,17.2
2023-10-18 08:00:00,0.436,1017.0,17.2
2023-10-18 09:00:00,0.314,1017.3,17.2
2023-10-18 10:00:00,0.494,1017.6,17.2
2023-10-18 11:00:00,0.879,1018.1,17.1
2023-10-18 12:00:00,1.283,1018.5,17.3
2023-10-18 13:00:00,1.553,1019.0,17.4
2023-10-18 14:00:00,1.688,1019.5,17.3
2023-10-18 15:00:00,1.799,1019.5,17.3
2023-10-18 16:00:00,1.782,1019.4,17.3
2023-10-18 17:00:00,1.551,1018.8,17.2
2023-10-18 18:00:00,1.176,1018.4,17.3
2023-10-18 19:00:00,0.799,1018.4,17.2
2023-10-18 20:00:00,0.527,1018.2,17.4
2023-10-18 21:00:00,0.341,1018.2,17.3
2023-10-18 22:00:00,0.309,1018.4,17.3
2023-10-18 23:00:00,0.537,1018.7,17.3
2023-10-19 00:00:00,0.867,1018.8,17.3
2023-10-19 01:00:00,1.178,1019.0,17.4
2023-10-19 02:00:00,1.364,1019.4,17.3
2023-10-19 03:00:00,1.471,1019.3,17.2
2023-10-19 04:00:00,1.51,1019.1,17.2
2023-10-19 05:00:00,1.396,1019.2,17.2
2023-10-19 06:00:00,1.163,1019.3,17.2
2023-10-19 07:00:00,0.852,1019.3,17.2
2023-10-19 08:00:00,0.586,1019.2,17.1
2023-10-19 09:00:00,0.408,1019.2,17.1
2023-10-19 10:00:00,0.364,1019.5,17.0
2023-10-19 11:00:00,0.548,1019.7,16.9
2023-10-19 12:00:00,0.889,1020.0,17.0
2023-10-19 13:00:00,1.265,1020.2,17.1
2023-10-19 14:00:00,1.527,1020.2,17.2
2023-10-19 15:00:00,1.672,1019.7,17.2
2023-10-19 16:00:00,1.73,1019.3,17.2
2023-10-19 17:00:00,1.63,1018.1,17.2
2023-10-19 18:00:00,1.347,1017.1,17.3
2023-10-19 19:00:00,1.021,1016.5,17.4
2023-10-19 20:00:00,0.724,1016.3,17.4
2023-10-19 21:00:00,0.511,1016.1,17.3
2023-10-19 22:00:00,0.378,1015.8,17.3
2023-10-19 23:00:00,0.403,1015.7,17.2
2023-10-20 00:00:00,0.642,1015.2,17.2
2023-10-20 01:00:00,0.91,1015.1,17.3
2023-10-20 02:00:00,1.139,1014.9,17.3
2023-10-20 03:00:00,1.316,1014.4,17.2
2023-10-20 04:00:00,1.47,1013.9,17.2
2023-10-20 05:00:00,1.53,1013.3,17.1
2023-10-20 06:00:00,1.36,1012.5,17.1
2023-10-20 07:00:00,1.125,1011.5,17.1
2023-10-20 08:00:00,0.832,1010.4,17.1
2023-10-20 09:00:00,0.634,1009.8,17.1
2023-10-20 10:00:00,0.56,1009.2,17.1
2023-10-20 11:00:00,0.634,1008.1,17.1
2023-10-20 12:00:00,0.818,1007.8,17.1
2023-10-20 13:00:00,1.142,1007.5,17.2
2023-10-20 14:00:00,1.497,1007.1,17.2
2023-10-20 15:00:00,1.723,1006.3,17.2
2023-10-20 16:00:00,1.837,1005.4,17.2
2023-10-20 17:00:00,1.876,1003.8,17.1
2023-10-20 18:00:00,1.786,1002.9,17.1
2023-10-20 19:00:00,1.503,1002.0,17.0
2023-10-20 20:00:00,1.134,1001.4,17.0
2023-10-20 21:00:00,0.868,1000.4,17.0
2023-10-20 22:00:00,0.666,999.3,17.1
2023-10-20 23:00:00,0.555,998.8,17.1
2023-10-21 00:00:00,0.601,998.4,17.1
2023-10-21 01:00:00,0.791,997.6,17.2
2023-10-21 02:00:00,1.006,996.3,17.3
2023-10-21 03:00:00,1.255,995.6,17.2
2023-10-21 04:00:00,1.472,994.6,17.1
2023-10-21 05:00:00,1.675,993.3,17.1
2023-10-21 06:00:00,1.732,992.9,17.1
2023-10-21 07:00:00,1.578,991.9,17.1
2023-10-21 08:00:00,1.292,991.4,17.1
2023-10-21 09:00:00,1.006,990.9,17.1
2023-10-21 10:00:00,0.855,990.2,17.1
2023-10-21 11:00:00,0.783,989.9,17.1
2023-10-21 12:00:00,0.772,989.8,17.1
2023-10-21 13:00:00,0.965,989.6,17.1
2023-10-21 14:00:00,1.2,989.4,17.2
2023-10-21 15:00:00,1.46,989.2,17.2
2023-10-21 16:00:00,1.661,989.1,17.2
2023-10-21 17:00:00,1.732,988.6,17.1
2023-10-21 18:00:00,1.758,988.6,17.1
2023-10-21 19:00:00,1.682,988.9,17.1
2023-10-21 20:00:00,1.415,989.6,17.1
2023-10-21 21:00:00,1.132,990.6,17.1
2023-10-21 22:00:00,0.805,991.5,17.0
2023-10-21 23:00:00,0.58,992.7,17.0
2023-10-22 00:00:00,0.365,993.7,16.9
2023-10-22 01:00:00,0.344,994.5,16.8
2023-10-22 02:00:00,0.389,995.4,16.9
2023-10-22 03:00:00,0.59,996.1,17.0
2023-10-22 04:00:00,0.813,996.3,17.1
2023-10-22 05:00:00,1.002,996.7,17.1
2023-10-22 06:00:00,1.158,997.1,17.0
2023-10-22 07:00:00,1.184,997.2,17.0
2023-10-22 08:00:00,1.052,997.6,16.9
2023-10-22 09:00:00,0.828,998.0,16.6
2023-10-22 10:00:00,0.636,998.9,16.5
2023-10-22 11:00:00,0.41,999.6,16.6
2023-10-22 12:00:00,0.247,1000.8,16.7
2023-10-22 13:00:00,0.2,1001.4,16.6
2023-10-22 14:00:00,0.296,1001.3,16.5
2023-10-22 15:00:00,0.543,1001.5,16.7
2023-10-22 16:00:00,0.892,1002.1,16.7
2023-10-22 17:00:00,1.15,1002.0,17.0
2023-10-22 18:00:00,1.325,1001.9,16.8
2023-10-22 19:00:00,1.379,1002.4,16.8
2023-10-22 20:00:00,1.26,1003.2,16.8
2023-10-22 21:00:00,1.016,1004.4,16.7
2023-10-22 22:00:00,0.711,1005.4,16.6
2023-10-22 23:00:00,0.464,1006.6,16.5
2023-10-23 00:00:00,0.294,1008.1,16.4
2023-10-23 01:00:00,0.097,1008.8,16.3
2023-10-23 02:00:00,-0.039,1009.4,16.3
2023-10-23 03:00:00,0.052,1009.6,16.3
2023-10-23 04:00:00,0.32,1010.0,16.1
2023-10-23 05:00:00,0.657,1010.7,16.4
2023-10-23 06:00:00,0.979,1011.5,16.8
2023-10-23 07:00:00,1.169,1012.0,16.8
2023-10-23 08:00:00,1.204,1012.6,16.6
2023-10-23 09:00:00,1.087,1013.4,16.6
2023-10-23 10:00:00,0.858,1014.5,16.2
2023-10-23 11:00:00,0.618,1015.3,16.2
2023-10-23 12:00:00,0.435,1016.5,16.0
2023-10-23 13:00:00,0.342,1017.8,16.4
2023-10-23 14:00:00,0.308,1018.5,16.4
2023-10-23 15:00:00,0.436,1018.8,16.3
2023-10-23 16:00:00,0.708,1019.2,16.4
2023-10-23 17:00:00,1.008,1018.8,16.5
2023-10-23 18:00:00,1.289,1018.7,16.6
2023-10-23 19:00:00,1.517,1018.6,16.6
2023-10-23 20:00:00,1.633,1019.2,16.6
2023-10-23 21:00:00,1.591,1019.6,16.4
2023-10-23 22:00:00,1.44,1020.5,16.2
2023-10-23 23:00:00,1.155,1021.4,16.2
2023-10-24 00:00:00,0.856,1021.8,16.2
2023-10-24 01:00:00,0.574,1022.5,16.2
2023-10-24 02:00:00,0.346,1022.8,16.3
2023-10-24 03:00:00,0.303,1023.5,16.3
2023-10-24 04:00:00,0.553,1023.8,16.3
2023-10-24 05:00:00,0.921,1023.8,16.4
2023-10-24 06:00:00,1.311,1024.4,16.5
2023-10-24 07:00:00,1.553,1024.1,16.7
2023-10-24 08:00:00,1.663,1024.8,16.6
2023-10-24 09:00:00,1.654,1025.4,16.6
2023-10-24 10:00:00,1.518,1025.5,16.5
2023-10-24 11:00:00,1.322,1026.3,16.5
2023-10-24 12:00:00,1.038,1027.0,16.3
2023-10-24 13:00:00,0.786,1027.1,16.3
2023-10-24 14:00:00,0.553,1027.3,16.3
2023-10-24 15:00:00,0.381,1027.3,16.4
2023-10-24 16:00:00,0.401,1026.9,16.4
2023-10-24 17:00:00,0.658,1026.2,16.6
2023-10-24 18:00:00,1.033,1025.6,16.6
2023-10-24 19:00:00,1.416,1025.0,16.7
2023-10-24 20:00:00,1.626,1024.9,16.6
2023-10-24 21:00:00,1.67,1024.8,16.6
2023-10-24 22:00:00,1.623,1024.7,16.5
2023-10-24 23:00:00,1.403,1024.9,16.5
2023-10-25 00:00:00,1.115,1024.9,16.4
2023-10-25 01:00:00,0.702,1025.1,16.4
2023-10-25 02:00:00,0.375,1025.0,16.4
2023-10-25 03:00:00,0.132,1024.9,16.5
2023-10-25 04:00:00,0.061,1024.6,16.3
2023-10-25 05:00:00,0.335,1024.8,16.4
2023-10-25 06:00:00,0.736,1025.1,16.4
2023-10-25 07:00:00,1.14,1024.8,16.4
2023-10-25 08:00:00,1.395,1024.3,16.5
2023-10-25 09:00:00,1.547,1024.2,16.5
2023-10-25 10:00:00,1.599,1024.8,16.5
2023-10-25 11:00:00,1.43,1024.6,16.4
2023-10-25 12:00:00,1.159,1024.9,16.3
2023-10-25 13:00:00,0.832,1025.0,16.2
2023-10-25 14:00:00,0.553,1024.8,16.2
2023-10-25 15:00:00,0.275,1024.3,16.2
2023-10-25 16:00:00,0.092,1023.8,16.3
2023-10-25 17:00:00,0.096,1023.2,16.5
2023-10-25 18:00:00,0.45,1022.1,16.6
2023-10-25 19:00:00,0.909,1021.7,16.6
2023-10-25 20:00:00,1.327,1021.6,16.6
2023-10-25 21:00:00,1.531,1021.8,16.5
2023-10-25 22:00:00,1.609,1022.0,16.5
2023-10-25 23:00:00,1.531,1021.9,16.5
2023-10-26 00:00:00,1.274,1022.4,16.5
2023-10-26 01:00:00,0.888,1022.4,16.5
2023-10-26 02:00:00,0.477,1022.6,16.5
2023-10-26 03:00:00,0.174,1022.8,16.5
2023-10-26 04:00:00,-0.047,1022.4,16.5
2023-10-26 05:00:00,-0.104,1022.2,16.5
2023-10-26 06:00:00,0.184,1022.1,16.4
2023-10-26 07:00:00,0.687,1021.9,16.4
2023-10-26 08:00:00,1.154,1021.4,16.6
2023-10-26 09:00:00,1.462,1021.5,16.5
2023-10-26 10:00:00,1.658,1022.0,16.5
2023-10-26 11:00:00,1.703,1022.1,16.4
2023-10-26 12:00:00,1.513,1022.5,16.4
2023-10-26 13:00:00,1.167,1023.0,16.4
2023-10-26 14:00:00,0.737,1023.0,16.4
2023-10-26 15:00:00,0.427,1022.7,16.4
2023-10-26 16:00:00,0.168,1021.9,16.6
2023-10-26 17:00:00,-0.016,1020.8,16.6
2023-10-26 18:00:00,0.073,1020.0,16.8
2023-10-26 19:00:00,0.515,1019.7,16.9
2023-10-26 20:00:00,0.992,1019.3,16.8
2023-10-26 21:00:00,1.388,1019.4,16.7
2023-10-26 22:00:00,1.596,1019.4,16.6
2023-10-26 23:00:00,1.707,1019.8,16.6
2023-10-27 00:00:00,1.652,1019.8,16.6
2023-10-27 01:00:00,1.352,1019.5,16.6
2023-10-27 02:00:00,0.882,1019.9,16.5
2023-10-27 03:00:00,0.469,1019.8,16.5
2023-10-27 04:00:00,0.193,1019.7,16.5
2023-10-27 05:00:00,-0.014,1019.7,16.5
2023-10-27 06:00:00,0.014,1019.2,16.6
2023-10-27 07:00:00,0.384,1019.0,16.6
2023-10-27 08:00:00,0.916,1019.1,16.6
2023-10-27 09:00:00,1.415,1018.7,16.6
2023-10-27 10:00:00,1.706,1018.8,16.6
2023-10-27 11:00:00,1.896,1019.0,16.5
2023-10-27 12:00:00,1.9,1019.0,16.5
2023-10-27 13:00:00,1.671,1019.5,16.5
2023-10-27 14:00:00,1.291,1019.0,16.5
2023-10-27 15:00:00,0.853,1018.4,16.5
2023-10-27 16:00:00,0.512,1017.9,16.5
2023-10-27 17:00:00,0.19,1017.4,16.6
2023-10-27 18:00:00,0.011,1016.7,16.7
2023-10-27 19:00:00,0.143,1015.7,16.7
2023-10-27 20:00:00,0.648,1015.4,16.8
2023-10-27 21:00:00,1.145,1015.2,16.6
2023-10-27 22:00:00,1.526,1015.2,16.6
2023-10-27 23:00:00,1.75,1015.4,16.6
2023-10-28 00:00:00,1.868,1015.2,16.6
2023-10-28 01:00:00,1.722,1015.2,16.6
2023-10-28 02:00:00,1.331,1015.3,16.5
2023-10-28 03:00:00,0.843,1015.3,16.6
2023-10-28 04:00:00,0.46,1014.9,16.6
2023-10-28 05:00:00,0.203,1014.7,16.6
2023-10-28 06:00:00,0.02,1014.3,16.6
2023-10-28 07:00:00,0.087,1014.1,16.6
2023-10-28 08:00:00,0.516,1013.8,16.6
2023-10-28 09:00:00,1.06,1013.7,16.6
2023-10-28 10:00:00,1.546,1013.9,16.6
2023-10-28 11:00:00,1.811,1014.2,16.6
2023-10-28 12:00:00,1.989,1014.6,16.6
2023-10-28 13:00:00,1.956,1015.2,16.6
2023-10-28 14:00:00,1.641,1015.0,16.6
2023-10-28 15:00:00,1.19,1014.6,16.6
2023-10-28 16:00:00,0.773,1014.6,16.6
2023-10-28 17:00:00,0.442,1013.8,16.9
2023-10-28 18:00:00,0.153,1013.2,16.9
2023-10-28 19:00:00,0.012,1012.8,17.0
2023-10-28 20:00:00,0.203,1012.8,17.0
2023-10-28 21:00:00,0.647,1013.2,17.0
2023-10-28 22:00:00,1.147,1013.6,16.7
2023-10-28 23:00:00,1.51,1014.6,16.7
2023-10-29 00:00:00,1.72,1015.0,16.7
2023-10-29 01:00:00,1.771,1015.5,16.8
2023-10-29 02:00:00,1.569,1016.3,16.8
2023-10-29 03:00:00,1.155,1016.7,16.8
2023-10-29 04:00:00,0.709,1016.9,16.8
2023-10-29 05:00:00,0.388,1017.1,16.8
2023-10-29 06:00:00,0.16,1017.5,16.7
2023-10-29 07:00:00,-0.004,1017.4,16.7
2023-10-29 08:00:00,0.104,1017.4,16.7
2023-10-29 09:00:00,0.614,1017.7,16.7
2023-10-29 10:00:00,1.172,1018.4,16.7
2023-10-29 11:00:00,1.617,1018.0,16.8
2023-10-29 12:00:00,1.858,1017.8,16.7
2023-10-29 13:00:00,2.021,1018.0,16.7
2023-10-29 14:00:00,1.967,1017.9,16.6
2023-10-29 15:00:00,1.675,1018.6,16.6
2023-10-29 16:00:00,1.203,1018.3,16.6
2023-10-29 17:00:00,0.756,1017.1,16.6
2023-10-29 18:00:00,0.44,1016.3,16.6
2023-10-29 19:00:00,0.193,1015.8,16.6
2023-10-29 20:00:00,0.116,1015.2,16.7
2023-10-29 21:00:00,0.41,1015.2,16.7
2023-10-29 22:00:00,0.873,1015.4,16.6
2023-10-29 23:00:00,1.383,1015.2,16.7
2023-10-30 00:00:00,1.713,1015.3,16.7
2023-10-30 01:00:00,1.892,1014.9,16.6
2023-10-30 02:00:00,1.903,1014.7,16.6
2023-10-30 03:00:00,1.666,1014.2,16.6
2023-10-30 04:00:00,1.251,1013.6,16.5
2023-10-30 05:00:00,0.853,1013.2,16.5
2023-10-30 06:00:00,0.614,1012.2,16.5
2023-10-30 07:00:00,0.425,1011.3,16.5
2023-10-30 08:00:00,0.336,1010.0,16.5
2023-10-30 09:00:00,0.554,1008.8,16.6
2023-10-30 10:00:00,1.008,1008.5,16.5
2023-10-30 11:00:00,1.506,1007.9,16.7
2023-10-30 12:00:00,1.852,1007.5,16.6
2023-10-30 13:00:00,2.109,1006.6,16.6
2023-10-30 14:00:00,2.185,1006.1,16.5
2023-10-30 15:00:00,2.026,1005.6,16.5
2023-10-30 16:00:00,1.603,1004.6,16.5
2023-10-30 17:00:00,1.127,1003.9,16.5
2023-10-30 18:00:00,0.755,1003.6,16.6
2023-10-30 19:00:00,0.427,1003.7,16.6
2023-10-30 20:00:00,0.173,1004.2,16.6
2023-10-30 21:00:00,0.158,1005.5,16.7
2023-10-30 22:00:00,0.484,1006.7,16.7
2023-10-30 23:00:00,0.867,1008.3,16.5
2023-10-31 00:00:00,1.192,1009.7,16.5
2023-10-31 01:00:00,1.356,1010.5,16.5
2023-10-31 02:00:00,1.464,1011.7,16.4
2023-10-31 03:00:00,1.465,1012.7,16.4
2023-10-31 04:00:00,1.243,1012.9,16.4
2023-10-31 05:00:00,0.905,1013.6,16.3
2023-10-31 06:00:00,0.636,1014.1,16.3
2023-10-31 07:00:00,0.373,1014.6,16.3
2023-10-31 08:00:00,0.166,1015.1,16.1
2023-10-31 09:00:00,0.179,1015.5,16.0
2023-10-31 10:00:00,0.52,1016.4,16.0
2023-10-31 11:00:00,1.032,1017.2,16.1
2023-10-31 12:00:00,1.469,1017.8,16.4
2023-10-31 13:00:00,1.778,1018.4,16.3
2023-10-31 14:00:00,1.936,1018.4,16.3
2023-10-31 15:00:00,2.012,1018.3,16.1
2023-10-31 16:00:00,1.825,1017.8,16.1
2023-10-31 17:00:00,1.418,1017.3,16.1
2023-10-31 18:00:00,1.023,1016.6,16.2
2023-10-31 19:00:00,0.691,1015.6,16.2
2023-10-31 20:00:00,0.451,1015.4,16.1
2023-10-31 21:00:00,0.325,1015.1,16.1
2023-10-31 22:00:00,0.473,1014.9,16.1
2023-10-31 23:00:00,0.814,1014.7,16.1
2023-11-01 00:00:00,1.175,1014.6,16.3
2023-11-01 01:00:00,1.456,1014.0,16.3
2023-11-01 02:00:00,1.62,1013.8,16.2
2023-11-01 03:00:00,1.751,1013.6,16.1
2023-11-01 04:00:00,1.708,1013.0,16.1
2023-11-01 05:00:00,1.455,1012.8,16.1
2023-11-01 06:00:00,1.152,1012.5,16.1
2023-11-01 07:00:00,0.833,1012.2,16.0
2023-11-01 08:00:00,0.596,1012.0,16.0
2023-11-01 09:00:00,0.474,1012.2,15.9
2023-11-01 10:00:00,0.535,1012.4,15.8
2023-11-01 11:00:00,0.872,1012.5,15.8
2023-11-01 12:00:00,1.221,1013.1,16.0
2023-11-01 13:00:00,1.565,1013.7,16.1
2023-11-01 14:00:00,1.791,1014.4,16.0
2023-11-01 15:00:00,1.955,1014.8,16.0
2023-11-01 16:00:00,1.949,1015.2,15.9
2023-11-01 17:00:00,1.656,1015.2,15.8
2023-11-01 18:00:00,1.244,1015.2,15.8
2023-11-01 19:00:00,0.889,1015.7,15.8
2023-11-01 20:00:00,0.643,1016.4,15.7
2023-11-01 21:00:00,0.454,1017.4,15.8
2023-11-01 22:00:00,0.362,1018.3,15.7
2023-11-01 23:00:00,0.5,1019.5,15.5
2023-11-02 00:00:00,0.748,1021.1,15.5
2023-11-02 01:00:00,1.008,1022.1,15.4
2023-11-02 02:00:00,1.225,1023.1,15.9
2023-11-02 03:00:00,1.402,1023.9,15.9
2023-11-02 04:00:00,1.543,1024.6,15.7
2023-11-02 05:00:00,1.518,1025.1,15.6
2023-11-02 06:00:00,1.325,1025.3,15.4
2023-11-02 07:00:00,0.987,1026.0,15.3
2023-11-02 08:00:00,0.698,1026.4,15.2
2023-11-02 09:00:00,0.514,1027.0,15.3
2023-11-02 10:00:00,0.476,1028.1,15.5
2023-11-02 11:00:00,0.632,1028.9,15.3
2023-11-02 12:00:00,0.918,1029.7,14.9
2023-11-02 13:00:00,1.184,1030.6,15.1
2023-11-02 14:00:00,1.464,1030.8,15.6
2023-11-02 15:00:00,1.655,1030.8,15.4
2023-11-02 16:00:00,1.721,1030.7,15.4
2023-11-02 17:00:00,1.697,1030.0,15.4
2023-11-02 18:00:00,1.475,1029.5,15.2
2023-11-02 19:00:00,1.189,1029.2,15.2
2023-11-02 20:00:00,0.85,1029.2,15.3
2023-11-02 21:00:00,0.593,1029.3,15.2
2023-11-02 22:00:00,0.401,1029.5,15.1
2023-11-02 23:00:00,0.346,1030.0,15.0
2023-11-03 00:00:00,0.531,1030.3,14.9
2023-11-03 01:00:00,0.778,1030.3,14.8
2023-11-03 02:00:00,1.05,1030.7,15.0
2023-11-03 03:00:00,1.222,1030.6,15.4
2023-11-03 04:00:00,1.352,1030.5,14.9
2023-11-03 05:00:00,1.406,1030.6,15.1
2023-11-03 06:00:00,1.248,1030.5,15.1
2023-11-03 07:00:00,1.013,1030.6,14.8
2023-11-03 08:00:00,0.758,1030.5,14.5
2023-11-03 09:00:00,0.581,1030.5,14.8
2023-11-03 10:00:00,0.498,1030.7,14.9
2023-11-03 11:00:00,0.53,1030.8,14.8
2023-11-03 12:00:00,0.674,1031.1,14.7
2023-11-03 13:00:00,0.894,1031.4,14.6
2023-11-03 14:00:00,1.131,1030.9,15.0
2023-11-03 15:00:00,1.386,1030.7,15.1
2023-11-03 16:00:00,1.546,1030.2,15.1
2023-11-03 17:00:00,1.576,1029.2,14.9
2023-11-03 18:00:00,1.492,1028.1,15.0
2023-11-03 19:00:00,1.287,1027.4,14.8
2023-11-03 20:00:00,1.041,1027.1,14.9
2023-11-03 21:00:00,0.794,1026.5,14.9
2023-11-03 22:00:00,0.611,1026.3,14.8
2023-11-03 23:00:00,0.47,1026.2,14.6
2023-11-04 00:00:00,0.488,1026.3,14.8
2023-11-04 01:00:00,0.591,1026.0,14.6
2023-11-04 02:00:00,0.77,1025.8,14.8
2023-11-04 03:00:00,0.968,1025.7,14.8
2023-11-04 04:00:00,1.11,1025.5,14.8
2023-11-04 05:00:00,1.244,1025.2,15.1
2023-11-04 06:00:00,1.325,1024.4,14.9
2023-11-04 07:00:00,1.193,1024.2,14.7
2023-11-04 08:00:00,0.979,1023.4,14.6
2023-11-04 09:00:00,0.744,1023.1,14.2
2023-11-04 10:00:00,0.57,1023.1,14.5
2023-11-04 11:00:00,0.497,1022.7,14.6
2023-11-04 12:00:00,0.505,1022.6,14.4
2023-11-04 13:00:00,0.657,1022.7,14.5
2023-11-04 14:00:00,0.906,1022.5,14.5
2023-11-04 15:00:00,1.191,1022.0,14.7
2023-11-04 16:00:00,1.352,1021.8,14.8
2023-11-04 17:00:00,1.406,1020.8,14.7
2023-11-04 18:00:00,1.424,1020.1,14.7
2023-11-04 19:00:00,1.375,1019.3,14.8
2023-11-04 20:00:00,1.231,1019.0,14.7
2023-11-04 21:00:00,0.974,1018.8,14.7
2023-11-04 22:00:00,0.732,1018.3,14.7
2023-11-04 23:00:00,0.607,1018.5,14.6
2023-11-05 00:00:00,0.481,1018.5,14.6
2023-11-05 01:00:00,0.468,1018.2,14.6
2023-11-05 02:00:00,0.568,1017.9,14.5
2023-11-05 03:00:00,0.724,1017.8,14.5
2023-11-05 04:00:00,0.963,1017.2,14.6
2023-11-05 05:00:00,1.188,1016.9,14.8
2023-11-05 06:00:00,1.35,1016.6,14.7
2023-11-05 07:00:00,1.352,1015.9,14.7
2023-11-05 08:00:00,1.204,1015.2,14.6
2023-11-05 09:00:00,1.012,1015.1,14.5
2023-11-05 10:00:00,0.835,1015.1,14.3
2023-11-05 11:00:00,0.769,1014.9,14.5
2023-11-05 12:00:00,0.693,1015.1,14.5
2023-11-05 13:00:00,0.688,1015.3,14.5
2023-11-05 14:00:00,0.786,1015.2,14.5
2023-11-05 15:00:00,0.977,1015.1,14.6
2023-11-05 16:00:00,1.221,1014.8,14.6
2023-11-05 17:00:00,1.368,1013.9,14.7
2023-11-05 18:00:00,1.46,1013.4,14.7
2023-11-05 19:00:00,1.503,1013.1,14.7
2023-11-05 20:00:00,1.468,1013.1,14.7
2023-11-05 21:00:00,1.305,1013.5,14.6
2023-11-05 22:00:00,1.082,1014.1,14.6
2023-11-05 23:00:00,0.842,1015.3,14.7
2023-11-06 00:00:00,0.683,1016.1,14.6
2023-11-06 01:00:00,0.576,1016.8,14.6
2023-11-06 02:00:00,0.535,1017.6,14.5
2023-11-06 03:00:00,0.657,1017.9,14.4
2023-11-06 04:00:00,0.847,1018.0,14.5
2023-11-06 05:00:00,1.074,1018.3,14.5
2023-11-06 06:00:00,1.277,1018.2,14.7
2023-11-06 07:00:00,1.386,1018.5,14.7
2023-11-06 08:00:00,1.379,1018.8,14.7
2023-11-06 09:00:00,1.306,1019.4,14.5
2023-11-06 10:00:00,1.183,1019.3,14.4
2023-11-06 11:00:00,0.977,1019.9,14.2
2023-11-06 12:00:00,0.875,1020.2,14.1
2023-11-06 13:00:00,0.79,1020.9,14.4
2023-11-06 14:00:00,0.75,1020.6,14.4
2023-11-06 15:00:00,0.845,1020.4,14.5
2023-11-06 16:00:00,1.038,1019.6,14.6
2023-11-06 17:00:00,1.238,1018.7,14.5
2023-11-06 18:00:00,1.398,1017.6,14.7
2023-11-06 19:00:00,1.538,1017.0,14.6
2023-11-06 20:00:00,1.536,1016.3,14.5
2023-11-06 21:00:00,1.459,1015.9,14.4
2023-11-06 22:00:00,1.317,1016.1,14.4
2023-11-06 23:00:00,1.134,1015.9,14.4
2023-11-07 00:00:00,0.958,1015.6,14.4
2023-11-07 01:00:00,0.805,1014.7,14.4
2023-11-07 02:00:00,0.676,1013.9,14.4
2023-11-07 03:00:00,0.636,1013.7,14.5
2023-11-07 04:00:00,0.776,1012.7,14.5
2023-11-07 05:00:00,1.024,1011.7,14.5
2023-11-07 06:00:00,1.31,1011.1,14.5
2023-11-07 07:00:00,1.461,1010.2,14.7
2023-11-07 08:00:00,1.524,1009.1,14.5
2023-11-07 09:00:00,1.52,1009.1,14.4
2023-11-07 10:00:00,1.456,1008.1,14.5
2023-11-07 11:00:00,1.3,1007.5,14.4
2023-11-07 12:00:00,1.08,1007.3,14.4
2023-11-07 13:00:00,0.893,1007.3,14.3
2023-11-07 14:00:00,0.747,1007.1,14.4
2023-11-07 15:00:00,0.674,1006.9,14.4
2023-11-07 16:00:00,0.768,1006.6,14.4
2023-11-07 17:00:00,0.937,1005.6,14.5
2023-11-07 18:00:00,1.174,1005.0,14.6
2023-11-07 19:00:00,1.361,1004.7,14.7
2023-11-07 20:00:00,1.445,1004.5,14.7
2023-11-07 21:00:00,1.43,1004.6,14.6
2023-11-07 22:00:00,1.399,1005.0,14.6
2023-11-07 23:00:00,1.285,1005.6,14.5
2023-11-08 00:00:00,1.058,1006.6,14.4
2023-11-08 01:00:00,0.813,1008.0,14.2
2023-11-08 02:00:00,0.552,1008.6,14.4
2023-11-08 03:00:00,0.373,1009.6,14.5
2023-11-08 04:00:00,0.372,1009.7,14.4
2023-11-08 05:00:00,0.582,1010.3,14.4
2023-11-08 06:00:00,0.873,1010.6,14.3
2023-11-08 07:00:00,1.115,1011.2,14.3
2023-11-08 08:00:00,1.265,1011.6,14.6
2023-11-08 09:00:00,1.387,1013.0,14.7
2023-11-08 10:00:00,1.416,1013.9,14.5
2023-11-08 11:00:00,1.276,1014.7,14.5
2023-11-08 12:00:00,1.093,1015.5,14.3
2023-11-08 13:00:00,0.817,1016.6,14.0
2023-11-08 14:00:00,0.638,1017.2,14.0
2023-11-08 15:00:00,0.53,1017.4,14.3
2023-11-08 16:00:00,0.56,1018.5,14.2
2023-11-08 17:00:00,0.688,1017.6,14.3
2023-11-08 18:00:00,0.901,1016.8,14.3
2023-11-08 19:00:00,1.15,1016.4,14.4
2023-11-08 20:00:00,1.338,1016.1,14.6
2023-11-08 21:00:00,1.427,1016.6,14.5
2023-11-08 22:00:00,1.5,1017.2,14.5
2023-11-08 23:00:00,1.452,1017.6,14.5
2023-11-09 00:00:00,1.253,1017.4,14.2
2023-11-09 01:00:00,0.932,1016.8,14.3
2023-11-09 02:00:00,0.613,1016.9,14.2
2023-11-09 03:00:00,0.45,1016.6,14.2
2023-11-09 04:00:00,0.423,1016.2,14.2
2023-11-09 05:00:00,0.572,1016.0,14.0
2023-11-09 06:00:00,0.837,1015.6,14.1
2023-11-09 07:00:00,1.114,1014.8,14.1
2023-11-09 08:00:00,1.383,1013.7,14.6
2023-11-09 09:00:00,1.563,1013.1,14.4
2023-11-09 10:00:00,1.695,1012.3,14.4
2023-11-09 11:00:00,1.68,1011.6,14.3
2023-11-09 12:00:00,1.533,1010.8,14.3
2023-11-09 13:00:00,1.264,1010.5,14.0
2023-11-09 14:00:00,0.959,1009.6,14.1
2023-11-09 15:00:00,0.74,1008.6,14.1
2023-11-09 16:00:00,0.566,1008.2,14.1
2023-11-09 17:00:00,0.534,1007.5,14.1
2023-11-09 18:00:00,0.694,1007.5,14.2
2023-11-09 19:00:00,0.935,1007.5,14.1
2023-11-09 20:00:00,1.233,1007.6,14.2
2023-11-09 21:00:00,1.397,1007.9,14.4
2023-11-09 22:00:00,1.539,1008.8,14.4
2023-11-09 23:00:00,1.551,1009.9,14.4
2023-11-10 00:00:00,1.428,1010.6,14.3
2023-11-10 01:00:00,1.211,1011.2,14.2
2023-11-10 02:00:00,0.868,1012.4,14.2
2023-11-10 03:00:00,0.569,1013.2,14.2
2023-11-10 04:00:00,0.378,1013.6,14.3
2023-11-10 05:00:00,0.36,1014.2,14.2
2023-11-10 06:00:00,0.533,1014.7,14.1
2023-11-10 07:00:00,0.874,1015.0,14.1
2023-11-10 08:00:00,1.171,1015.0,14.1
2023-11-10 09:00:00,1.405,1015.3,14.5
2023-11-10 10:00:00,1.569,1016.1,14.3
2023-11-10 11:00:00,1.652,1016.9,14.3
2023-11-10 12:00:00,1.612,1017.6,14.3
2023-11-10 13:00:00,1.398,1018.4,14.1
2023-11-10 14:00:00,1.101,1018.3,14.0
2023-11-10 15:00:00,0.745,1017.8,13.9
2023-11-10 16:00:00,0.461,1018.2,14.0
2023-11-10 17:00:00,0.262,1018.4,14.1
2023-11-10 18:00:00,0.296,1017.6,14.1
2023-11-10 19:00:00,0.607,1017.1,14.0
2023-11-10 20:00:00,0.977,1016.9,14.1
2023-11-10 21:00:00,1.281,1016.9,14.0
2023-11-10 22:00:00,1.421,1017.4,14.2
2023-11-10 23:00:00,1.534,1018.0,14.2
2023-11-11 00:00:00,1.536,1018.7,14.1
2023-11-11 01:00:00,1.254,1019.1,13.9
2023-11-11 02:00:00,0.885,1019.4,13.7
2023-11-11 03:00:00,0.544,1019.7,13.7
2023-11-11 04:00:00,0.293,1019.8,13.8
2023-11-11 05:00:00,0.171,1020.0,13.8
2023-11-11 06:00:00,0.225,1020.2,13.7
2023-11-11 07:00:00,0.48,1020.8,13.7
2023-11-11 08:00:00,0.833,1020.7,13.9
2023-11-11 09:00:00,1.151,1021.5,14.1
2023-11-11 10:00:00,1.359,1022.2,14.2
2023-11-11 11:00:00,1.518,1022.7,14.0
2023-11-11 12:00:00,1.567,1023.3,13.9
2023-11-11 13:00:00,1.43,1024.5,13.9
2023-11-11 14:00:00,1.146,1024.8,13.9
2023-11-11 15:00:00,0.739,1024.7,13.7
2023-11-11 16:00:00,0.414,1024.8,13.8
2023-11-11 17:00:00,0.179,1024.6,13.8
2023-11-11 18:00:00,0.056,1024.0,13.9
2023-11-11 19:00:00,0.228,1024.0,14.0
2023-11-11 20:00:00,0.63,1024.4,14.0
2023-11-11 21:00:00,1.01,1025.1,14.0
2023-11-11 22:00:00,1.307,1026.0,14.1
2023-11-11 23:00:00,1.416,1026.7,14.1
2023-11-12 00:00:00,1.399,1027.4,14.0
2023-11-12 01:00:00,1.297,1027.9,14.0
2023-11-12 02:00:00,1.05,1028.4,14.0
2023-11-12 03:00:00,0.728,1028.7,13.9
2023-11-12 04:00:00,0.479,1028.8,13.7
2023-11-12 05:00:00,0.31,1029.3,13.6
2023-11-12 06:00:00,0.213,1029.4,13.6
2023-11-12 07:00:00,0.337,1029.3,13.5
2023-11-12 08:00:00,0.712,1029.6,13.4
2023-11-12 09:00:00,1.161,1029.8,13.5
2023-11-12 10:00:00,1.528,1030.4,14.0
2023-11-12 11:00:00,1.712,1030.6,13.8
2023-11-12 12:00:00,1.776,1030.9,13.8
2023-11-12 13:00:00,1.703,1031.4,13.6
2023-11-12 14:00:00,1.485,1031.5,13.5
2023-11-12 15:00:00,1.122,1031.1,13.6
2023-11-12 16:00:00,0.768,1031.0,13.5
2023-11-12 17:00:00,0.471,1030.6,13.5
2023-11-12 18:00:00,0.256,1029.4,13.6
2023-11-12 19:00:00,0.196,1028.9,13.7
2023-11-12 20:00:00,0.429,1028.5,13.7
2023-11-12 21:00:00,0.803,1028.4,13.7
2023-11-12 22:00:00,1.196,1028.4,13.9
2023-11-12 23:00:00,1.42,1028.8,13.8
2023-11-13 00:00:00,1.547,1028.7,13.8
2023-11-13 01:00:00,1.545,1028.6,13.7
2023-11-13 02:00:00,1.345,1028.6,13.6
2023-11-13 03:00:00,1.001,1028.5,13.6
2023-11-13 04:00:00,0.654,1028.9,13.6
2023-11-13 05:00:00,0.442,1028.8,13.3
2023-11-13 06:00:00,0.328,1028.9,13.3
2023-11-13 07:00:00,0.262,1028.5,13.3
2023-11-13 08:00:00,0.464,1028.1,13.2
2023-11-13 09:00:00,0.855,1027.5,13.3
2023-11-13 10:00:00,1.316,1027.2,13.4
2023-11-13 11:00:00,1.63,1027.4,13.6
2023-11-13 12:00:00,1.842,1027.5,13.6
2023-11-13 13:00:00,1.912,1027.7,13.5
2023-11-13 14:00:00,1.738,1027.2,13.3
2023-11-13 15:00:00,1.412,1026.5,13.4
2023-11-13 16:00:00,0.964,1025.4,13.4
2023-11-13 17:00:00,0.611,1024.2,13.5
2023-11-13 18:00:00,0.359,1022.6,13.5
2023-11-13 19:00:00,0.21,1021.5,13.5
2023-11-13 20:00:00,0.236,1020.6,13.5
2023-11-13 21:00:00,0.554,1019.6,13.4
2023-11-13 22:00:00,0.959,1019.7,13.4
2023-11-13 23:00:00,1.329,1020.6,13.6
2023-11-14 00:00:00,1.534,1020.0,13.5
2023-11-14 01:00:00,1.613,1019.4,13.5
2023-11-14 02:00:00,1.511,1019.4,13.3
2023-11-14 03:00:00,1.222,1019.4,13.3
2023-11-14 04:00:00,0.858,1019.2,13.3
2023-11-14 05:00:00,0.598,1018.9,13.3
2023-11-14 06:00:00,0.399,1019.1,13.1
2023-11-14 07:00:00,0.22,1019.1,13.3
2023-11-14 08:00:00,0.178,1018.8,13.2
2023-11-14 09:00:00,0.501,1019.0,13.1
2023-11-14 10:00:00,0.982,1019.3,13.2
2023-11-14 11:00:00,1.408,1020.2,13.3
2023-11-14 12:00:00,1.657,1021.0,13.3
2023-11-14 13:00:00,1.814,1022.2,13.3
2023-11-14 14:00:00,1.822,1022.8,13.1
2023-11-14 15:00:00,1.523,1023.3,13.2
2023-11-14 16:00:00,1.076,1023.6,13.2
2023-11-14 17:00:00,0.611,1023.2,13.2
2023-11-14 18:00:00,0.376,1023.5,13.3
2023-11-14 19:00:00,0.205,1023.4,13.3
2023-11-14 20:00:00,0.131,1023.8,13.3
2023-11-14 21:00:00,0.274,1024.6,13.3
2023-11-14 22:00:00,0.59,1025.1,13.2
2023-11-14 23:00:00,0.924,1026.2,13.2
2023-11-15 00:00:00,1.237,1027.0,13.2
2023-11-15 01:00:00,1.447,1027.5,13.2
2023-11-15 02:00:00,1.517,1027.8,13.2
2023-11-15 03:00:00,1.381,1027.6,13.1
2023-11-15 04:00:00,1.083,1027.2,13.1
2023-11-15 05:00:00,0.751,1027.5,13.1
2023-11-15 06:00:00,0.504,1027.6,13.0
2023-11-15 07:00:00,0.302,1028.2,12.9
2023-11-15 08:00:00,0.179,1028.3,12.9
2023-11-15 09:00:00,0.326,1028.5,12.9
2023-11-15 10:00:00,0.742,1028.7,12.8
2023-11-15 11:00:00,1.203,1029.1,13.0
2023-11-15 12:00:00,1.559,1029.6,13.1
2023-11-15 13:00:00,1.732,1029.8,13.0
2023-11-15 14:00:00,1.876,1029.8,12.9
2023-11-15 15:00:00,1.837,1029.5,13.0
2023-11-15 16:00:00,1.533,1029.1,13.0
2023-11-15 17:00:00,1.109,1028.3,13.0
2023-11-15 18:00:00,0.693,1027.1,13.1
2023-11-15 19:00:00,0.417,1026.1,13.1
2023-11-15 20:00:00,0.201,1025.5,13.1
2023-11-15 21:00:00,0.119,1025.2,13.0
2023-11-15 22:00:00,0.422,1025.0,13.0
2023-11-15 23:00:00,0.764,1024.6,12.9
2023-11-16 00:00:00,1.183,1024.3,13.1
2023-11-16 01:00:00,1.4,1024.3,13.0
2023-11-16 02:00:00,1.491,1024.1,13.0
2023-11-16 03:00:00,1.462,1024.1,12.9
2023-11-16 04:00:00,1.281,1023.5,12.9
2023-11-16 05:00:00,0.957,1023.3,12.8
2023-11-16 06:00:00,0.639,1023.1,12.9
2023-11-16 07:00:00,0.361,1022.9,12.7
2023-11-16 08:00:00,0.185,1022.6,12.8
2023-11-16 09:00:00,0.106,1022.5,12.7
2023-11-16 10:00:00,0.346,1022.5,12.7
2023-11-16 11:00:00,0.752,1022.6,12.6
2023-11-16 12:00:00,1.204,1023.1,12.8
2023-11-16 13:00:00,1.462,1023.5,12.9
2023-11-16 14:00:00,1.588,1023.5,12.9
2023-11-16 15:00:00,1.678,1023.2,12.9
2023-11-16 16:00:00,1.623,1022.8,12.9
2023-11-16 17:00:00,1.309,1021.9,12.9
2023-11-16 18:00:00,0.888,1021.0,13.0
2023-11-16 19:00:00,0.541,1020.3,13.0
2023-11-16 20:00:00,0.259,1020.2,13.1
2023-11-16 21:00:00,0.065,1019.7,13.0
2023-11-16 22:00:00,0.06,1020.0,13.0
2023-11-16 23:00:00,0.371,1020.3,12.9
2023-11-17 00:00:00,0.736,1020.4,12.9
2023-11-17 01:00:00,1.077,1020.3,12.9
2023-11-17 02:00:00,1.243,1020.1,12.9
2023-11-17 03:00:00,1.362,1020.3,12.9
2023-11-17 04:00:00,1.379,1020.0,12.9
2023-11-17 05:00:00,1.183,1019.7,12.9
2023-11-17 06:00:00,0.911,1019.4,12.9
2023-11-17 07:00:00,0.637,1019.0,12.9
2023-11-17 08:00:00,0.432,1018.6,12.7
2023-11-17 09:00:00,0.269,1018.2,12.7
2023-11-17 10:00:00,0.262,1018.1,12.7
2023-11-17 11:00:00,0.497,1018.2,12.6
2023-11-17 12:00:00,0.889,1018.2,12.6
2023-11-17 13:00:00,1.297,1018.3,12.7
2023-11-17 14:00:00,1.583,1017.6,12.8
2023-11-17 15:00:00,1.766,1016.3,12.9
2023-11-17 16:00:00,1.841,1015.2,12.9
2023-11-17 17:00:00,1.681,1013.8,12.9
2023-11-17 18:00:00,1.379,1012.5,12.9
2023-11-17 19:00:00,0.984,1011.8,13.0
2023-11-17 20:00:00,0.662,1011.2,13.1
2023-11-17 21:00:00,0.433,1011.0,13.1
2023-11-17 22:00:00,0.33,1010.5,13.0
2023-11-17 23:00:00,0.371,1010.3,13.0
2023-11-18 00:00:00,0.634,1009.7,13.0
2023-11-18 01:00:00,0.911,1009.3,12.9
2023-11-18 02:00:00,1.157,1008.5,12.9
2023-11-18 03:00:00,1.38,1007.9,12.9
2023-11-18 04:00:00,1.581,1007.1,12.9
2023-11-18 05:00:00,1.618,1006.4,12.9
2023-11-18 06:00:00,1.419,1005.7,13.0
2023-11-18 07:00:00,1.107,1005.0,13.0
2023-11-18 08:00:00,0.781,1004.0,13.0
2023-11-18 09:00:00,0.582,1003.8,13.0
2023-11-18 10:00:00,0.48,1003.4,12.9
2023-11-18 11:00:00,0.562,1003.2,12.9
2023-11-18 12:00:00,0.825,1003.8,12.9
2023-11-18 13:00:00,1.142,1004.2,12.9
2023-11-18 14:00:00,1.444,1005.7,13.0
2023-11-18 15:00:00,1.631,1006.2,12.9
2023-11-18 16:00:00,1.702,1005.4,13.0
2023-11-18 17:00:00,1.695,1004.7,13.0
2023-11-18 18:00:00,1.54,1004.5,13.0
2023-11-18 19:00:00,1.279,1004.5,13.0
2023-11-18 20:00:00,0.886,1005.2,13.0
2023-11-18 21:00:00,0.644,1005.6,12.9
2023-11-18 22:00:00,0.467,1006.5,12.9
2023-11-18 23:00:00,0.314,1007.8,12.8
2023-11-19 00:00:00,0.288,1008.5,12.7
2023-11-19 01:00:00,0.476,1009.2,12.6
2023-11-19 02:00:00,0.715,1009.7,12.7
2023-11-19 03:00:00,1.044,1010.0,12.9
2023-11-19 04:00:00,1.344,1009.7,12.9
2023-11-19 05:00:00,1.526,1009.9,12.8
2023-11-19 06:00:00,1.539,1009.9,12.8
2023-11-19 07:00:00,1.346,1010.1,12.8
2023-11-19 08:00:00,1.062,1010.8,12.7
2023-11-19 09:00:00,0.751,1011.1,12.5
2023-11-19 10:00:00,0.564,1011.2,12.4
2023-11-19 11:00:00,0.439,1011.4,12.5
2023-11-19 12:00:00,0.479,1011.8,12.4
2023-11-19 13:00:00,0.737,1012.5,12.3
2023-11-19 14:00:00,1.073,1012.6,12.5
2023-11-19 15:00:00,1.403,1012.5,12.6
2023-11-19 16:00:00,1.603,1012.0,12.7
2023-11-19 17:00:00,1.73,1011.0,12.8
2023-11-19 18:00:00,1.763,1010.4,12.8
2023-11-19 19:00:00,1.604,1010.0,12.7
2023-11-19 20:00:00,1.34,1010.0,12.7
2023-11-19 21:00:00,0.955,1010.6,12.6
2023-11-19 22:00:00,0.654,1011.2,12.6
2023-11-19 23:00:00,0.435,1012.1,12.5
2023-11-20 00:00:00,0.297,1012.8,12.6
2023-11-20 01:00:00,0.251,1013.4,12.5
2023-11-20 02:00:00,0.423,1014.9,12.5
2023-11-20 03:00:00,0.656,1016.6,12.4
2023-11-20 04:00:00,0.935,1017.3,12.8
2023-11-20 05:00:00,1.178,1017.9,12.7
2023-11-20 06:00:00,1.367,1019.0,12.7
2023-11-20 07:00:00,1.301,1019.9,12.6
2023-11-20 08:00:00,1.08,1020.6,12.5
2023-11-20 09:00:00,0.796,1021.2,12.3
2023-11-20 10:00:00,0.536,1022.1,12.4
2023-11-20 11:00:00,0.472,1023.2,12.4
2023-11-20 12:00:00,0.395,1024.2,12.3
2023-11-20 13:00:00,0.409,1025.2,12.2
2023-11-20 14:00:00,0.575,1025.6,11.9
2023-11-20 15:00:00,0.873,1026.1,12.0
2023-11-20 16:00:00,1.156,1026.4,12.3
2023-11-20 17:00:00,1.386,1026.1,12.5
2023-11-20 18:00:00,1.591,1026.1,12.5
2023-11-20 19:00:00,1.684,1026.6,12.5
2023-11-20 20:00:00,1.542,1026.7,12.4
2023-11-20 21:00:00,1.24,1027.6,12.4
2023-11-20 22:00:00,0.868,1028.2,12.4
2023-11-20 23:00:00,0.583,1029.2,12.2
2023-11-21 00:00:00,0.409,1029.7,12.1
2023-11-21 01:00:00,0.279,1030.3,12.2
2023-11-21 02:00:00,0.306,1031.1,12.1
2023-11-21 03:00:00,0.518,1031.1,12.1
2023-11-21 04:00:00,0.858,1031.5,12.2
2023-11-21 05:00:00,1.189,1030.9,12.2
2023-11-21 06:00:00,1.468,1031.7,12.5
2023-11-21 07:00:00,1.601,1031.6,12.3
2023-11-21 08:00:00,1.543,1031.8,12.4
2023-11-21 09:00:00,1.371,1031.6,12.3
2023-11-21 10:00:00,1.115,1031.6,12.4
2023-11-21 11:00:00,0.815,1031.4,12.2
2023-11-21 12:00:00,0.603,1031.0,12.0
2023-11-21 13:00:00,0.48,1030.7,12.0
2023-11-21 14:00:00,0.485,1030.4,12.0
2023-11-21 15:00:00,0.67,1030.2,11.9
2023-11-21 16:00:00,0.947,1029.4,11.9
2023-11-21 17:00:00,1.289,1029.0,12.1
2023-11-21 18:00:00,1.54,1028.1,12.3
2023-11-21 19:00:00,1.744,1026.9,12.0
2023-11-21 20:00:00,1.816,1026.3,12.1
2023-11-21 21:00:00,1.722,1025.6,12.1
2023-11-21 22:00:00,1.462,1024.3,12.1
2023-11-21 23:00:00,1.184,1022.8,12.1
2023-11-22 00:00:00,1.008,1021.8,12.1
2023-11-22 01:00:00,0.885,1020.6,11.8
2023-11-22 02:00:00,0.752,1019.4,12.0
2023-11-22 03:00:00,0.725,1018.1,12.0
2023-11-22 04:00:00,0.99,1016.5,11.9
2023-11-22 05:00:00,1.417,1014.2,11.9
2023-11-22 06:00:00,1.872,1011.8,12.2
2023-11-22 07:00:00,2.186,1010.5,12.0
2023-11-22 08:00:00,2.218,1008.6,12.1
2023-11-22 09:00:00,2.092,1006.5,11.9
2023-11-22 10:00:00,1.85,1004.6,11.8
2023-11-22 11:00:00,1.635,1003.2,11.9
2023-11-22 12:00:00,1.385,1002.9,11.9
2023-11-22 13:00:00,1.061,1003.3,11.9
2023-11-22 14:00:00,0.73,1003.7,12.0
2023-11-22 15:00:00,0.553,1004.2,12.1
2023-11-22 16:00:00,0.634,1004.2,12.1
2023-11-22 17:00:00,1.005,1002.7,12.0
2023-11-22 18:00:00,1.346,1001.7,12.0
2023-11-22 19:00:00,1.648,1001.5,12.0
2023-11-22 20:00:00,1.781,1001.4,12.0
2023-11-22 21:00:00,1.839,1001.9,12.0
2023-11-22 22:00:00,1.718,1001.8,12.1
2023-11-22 23:00:00,1.413,1002.2,12.0
2023-11-23 00:00:00,1.141,1002.4,12.0
2023-11-23 01:00:00,0.779,1002.6,12.0
2023-11-23 02:00:00,0.509,1002.8,12.0
2023-11-23 03:00:00,0.369,1002.9,11.9
2023-11-23 04:00:00,0.358,1003.1,11.9
2023-11-23 05:00:00,0.599,1003.0,11.8
2023-11-23 06:00:00,0.98,1002.9,11.9
2023-11-23 07:00:00,1.36,1003.7,11.9
2023-11-23 08:00:00,1.576,1004.2,11.9
2023-11-23 09:00:00,1.644,1004.9,11.8
2023-11-23 10:00:00,1.594,1006.3,11.8
2023-11-23 11:00:00,1.44,1007.3,11.6
2023-11-23 12:00:00,1.156,1008.5,11.7
2023-11-23 13:00:00,0.822,1009.7,11.7
2023-11-23 14:00:00,0.487,1010.3,11.4
2023-11-23 15:00:00,0.244,1010.3,11.6
2023-11-23 16:00:00,0.155,1009.7,11.7
2023-11-23 17:00:00,0.335,1009.2,11.7
2023-11-23 18:00:00,0.717,1008.9,11.7
2023-11-23 19:00:00,1.076,1008.9,11.7
2023-11-23 20:00:00,1.399,1009.6,11.8
2023-11-23 21:00:00,1.596,1010.1,11.7
2023-11-23 22:00:00,1.694,1010.8,11.7
2023-11-23 23:00:00,1.587,1012.5,11.7
2023-11-24 00:00:00,1.317,1013.4,11.6
2023-11-24 01:00:00,0.874,1013.2,11.6
2023-11-24 02:00:00,0.527,1013.7,11.4
2023-11-24 03:00:00,0.303,1013.8,11.4
2023-11-24 04:00:00,0.161,1014.4,11.5
2023-11-24 05:00:00,0.293,1015.0,11.5
2023-11-24 06:00:00,0.691,1015.2,11.4
2023-11-24 07:00:00,1.143,1015.5,11.6
2023-11-24 08:00:00,1.498,1015.7,11.7
2023-11-24 09:00:00,1.681,1016.0,11.7
2023-11-24 10:00:00,1.843,1016.4,11.6
2023-11-24 11:00:00,1.863,1017.2,11.6
2023-11-24 12:00:00,1.615,1017.6,11.5
2023-11-24 13:00:00,1.265,1018.3,11.5
2023-11-24 14:00:00,0.895,1018.6,11.4
2023-11-24 15:00:00,0.577,1018.5,11.4
2023-11-24 16:00:00,0.289,1017.7,11.5
2023-11-24 17:00:00,0.138,1017.2,11.6
2023-11-24 18:00:00,0.25,1017.0,11.6
2023-11-24 19:00:00,0.651,1017.0,11.6
2023-11-24 20:00:00,1.09,1018.0,11.7
2023-11-24 21:00:00,1.392,1018.7,11.6
2023-11-24 22:00:00,1.511,1019.8,11.6
2023-11-24 23:00:00,1.526,1020.9,11.6
2023-11-25 00:00:00,1.334,1022.0,11.5
2023-11-25 01:00:00,0.976,1022.7,11.5
2023-11-25 02:00:00,0.56,1023.6,11.4
2023-11-25 03:00:00,0.234,1024.8,11.2
2023-11-25 04:00:00,-0.008,1025.6,11.1
2023-11-25 05:00:00,-0.109,1025.7,11.0
2023-11-25 06:00:00,0.016,1025.6,10.8
2023-11-25 07:00:00,0.508,1025.9,10.9
2023-11-25 08:00:00,1.049,1026.2,11.1
2023-11-25 09:00:00,1.448,1026.1,11.2
2023-11-25 10:00:00,1.73,1026.9,11.1
2023-11-25 11:00:00,1.896,1027.6,10.9
2023-11-25 12:00:00,1.879,1028.3,10.9
2023-11-25 13:00:00,1.565,1028.9,10.9
2023-11-25 14:00:00,1.138,1029.3,11.0
2023-11-25 15:00:00,0.708,1029.4,11.0
2023-11-25 16:00:00,0.424,1029.1,10.8
2023-11-25 17:00:00,0.194,1028.1,11.0
2023-11-25 18:00:00,0.098,1027.6,11.1
2023-11-25 19:00:00,0.331,1027.5,11.1
2023-11-25 20:00:00,0.71,1027.4,11.1
2023-11-25 21:00:00,1.107,1026.9,11.3
2023-11-25 22:00:00,1.403,1026.7,11.2
2023-11-25 23:00:00,1.607,1026.8,11.2
2023-11-26 00:00:00,1.661,1026.7,11.1
2023-11-26 01:00:00,1.457,1026.6,11.0
2023-11-26 02:00:00,1.093,1026.3,11.0
2023-11-26 03:00:00,0.636,1025.7,10.9
2023-11-26 04:00:00,0.343,1025.4,10.9
2023-11-26 05:00:00,0.128,1025.4,10.8
2023-11-26 06:00:00,0.073,1025.5,10.9
2023-11-26 07:00:00,0.311,1025.1,10.8
2023-11-26 08:00:00,0.778,1024.7,10.8
2023-11-26 09:00:00,1.262,1024.3,10.9
2023-11-26 10:00:00,1.569,1023.8,11.0
2023-11-26 11:00:00,1.803,1024.0,10.9
2023-11-26 12:00:00,1.937,1023.8,10.8
2023-11-26 13:00:00,1.864,1023.2,10.8
2023-11-26 14:00:00,1.538,1022.4,10.8
2023-11-26 15:00:00,1.085,1022.1,10.8
2023-11-26 16:00:00,0.723,1020.9,10.9
2023-11-26 17:00:00,0.421,1019.6,10.8
2023-11-26 18:00:00,0.216,1018.6,10.9
2023-11-26 19:00:00,0.201,1017.5,10.9
2023-11-26 20:00:00,0.547,1016.4,10.9
2023-11-26 21:00:00,0.943,1015.1,10.9
2023-11-26 22:00:00,1.391,1013.5,11.0
2023-11-26 23:00:00,1.714,1012.4,10.9
2023-11-27 00:00:00,1.923,1010.2,10.9
2023-11-27 01:00:00,1.977,1007.9,10.9
2023-11-27 02:00:00,1.818,1005.1,10.9
2023-11-27 03:00:00,1.549,1001.9,10.9
2023-11-27 04:00:00,1.231,999.6,10.9
2023-11-27 05:00:00,1.063,999.6,10.9
2023-11-27 06:00:00,0.787,1000.6,10.9
2023-11-27 07:00:00,0.53,1001.7,10.9
2023-11-27 08:00:00,0.287,1002.6,10.9
2023-11-27 09:00:00,0.562,1003.1,10.9
2023-11-27 10:00:00,1.126,1003.7,10.9
2023-11-27 11:00:00,1.76,1004.3,10.8
2023-11-27 12:00:00,2.092,1005.0,10.9
2023-11-27 13:00:00,2.13,1005.4,10.8
2023-11-27 14:00:00,1.787,1005.7,10.7
2023-11-27 15:00:00,1.385,1005.7,10.8
2023-11-27 16:00:00,0.905,1005.0,10.8
2023-11-27 17:00:00,0.583,1004.3,10.9
2023-11-27 18:00:00,0.28,1004.1,10.9
2023-11-27 19:00:00,0.174,1004.3,10.9
2023-11-27 20:00:00,0.198,1004.4,10.9
2023-11-27 21:00:00,0.426,1005.1,10.9
2023-11-27 22:00:00,0.795,1006.1,10.7
2023-11-27 23:00:00,1.12,1006.9,10.8
2023-11-28 00:00:00,1.361,1007.6,10.8
2023-11-28 01:00:00,1.509,1007.9,10.8
2023-11-28 02:00:00,1.509,1007.9,10.7
2023-11-28 03:00:00,1.218,1007.9,10.6
2023-11-28 04:00:00,0.781,1007.9,10.5
2023-11-28 05:00:00,0.467,1007.9,10.5
2023-11-28 06:00:00,0.291,1008.0,10.3
2023-11-28 07:00:00,0.074,1007.9,10.3
2023-11-28 08:00:00,0.064,1007.9,10.0
2023-11-28 09:00:00,0.426,1008.0,10.1
2023-11-28 10:00:00,0.969,1008.0,10.0
2023-11-28 11:00:00,1.416,1008.4,10.5
2023-11-28 12:00:00,1.657,1008.9,10.4
2023-11-28 13:00:00,1.77,1009.0,10.4
2023-11-28 14:00:00,1.79,1008.7,10.1
2023-11-28 15:00:00,1.628,1008.5,10.1
2023-11-28 16:00:00,1.251,1008.3,10.1
2023-11-28 17:00:00,0.803,1008.0,10.3
2023-11-28 18:00:00,0.483,1007.9,10.2
2023-11-28 19:00:00,0.184,1008.6,10.1
2023-11-28 20:00:00,-0.025,1009.6,10.2
2023-11-28 21:00:00,0.004,1011.1,10.1
2023-11-28 22:00:00,0.188,1012.0,10.0
2023-11-28 23:00:00,0.519,1013.1,10.1
2023-11-29 00:00:00,0.854,1013.9,10.3
2023-11-29 01:00:00,1.02,1014.3,10.3
2023-11-29 02:00:00,1.106,1014.5,10.2
2023-11-29 03:00:00,0.977,1014.6,10.1
2023-11-29 04:00:00,0.715,1015.2,10.0
2023-11-29 05:00:00,0.491,1015.3,9.5
2023-11-29 06:00:00,0.224,1015.6,9.5
2023-11-29 07:00:00,0.022,1016.3,9.5
2023-11-29 08:00:00,-0.179,1017.0,9.2
2023-11-29 09:00:00,-0.126,1017.4,9.4
2023-11-29 10:00:00,0.294,1017.9,9.3
2023-11-29 11:00:00,0.797,1018.4,9.5
2023-11-29 12:00:00,1.189,1018.8,9.7
2023-11-29 13:00:00,1.488,1019.1,9.5
2023-11-29 14:00:00,1.627,1019.2,9.7
2023-11-29 15:00:00,1.596,1019.3,9.3
2023-11-29 16:00:00,1.373,1018.6,9.4
2023-11-29 17:00:00,0.988,1017.8,9.6
2023-11-29 18:00:00,0.563,1016.8,9.5
2023-11-29 19:00:00,0.293,1016.4,9.4
2023-11-29 20:00:00,0.113,1016.0,9.3
2023-11-29 21:00:00,0.058,1016.0,9.3
2023-11-29 22:00:00,0.252,1016.1,9.4
2023-11-29 23:00:00,0.63,1016.2,9.3
2023-11-30 00:00:00,0.975,1016.4,9.1
2023-11-30 01:00:00,1.212,1016.6,9.8
2023-11-30 02:00:00,1.367,1017.0,9.6
2023-11-30 03:00:00,1.394,1017.5,9.7
2023-11-30 04:00:00,1.228,1017.5,9.5
2023-11-30 05:00:00,0.961,1017.2,9.4
2023-11-30 06:00:00,0.686,1017.0,9.1
2023-11-30 07:00:00,0.441,1017.1,9.2
2023-11-30 08:00:00,0.206,1017.3,9.0
2023-11-30 09:00:00,0.091,1017.5,9.0
2023-11-30 10:00:00,0.259,1017.9,9.0
2023-11-30 11:00:00,0.637,1018.6,9.1
2023-11-30 12:00:00,0.998,1019.5,9.0
2023-11-30 13:00:00,1.336,1020.1,9.5
2023-11-30 14:00:00,1.568,1020.2,9.5
2023-11-30 15:00:00,1.715,1020.1,9.5
2023-11-30 16:00:00,1.618,1018.9,9.5
2023-11-30 17:00:00,1.237,1018.4,9.4
2023-11-30 18:00:00,0.879,1017.9,9.4
2023-11-30 19:00:00,0.561,1017.7,9.5
2023-11-30 20:00:00,0.337,1017.9,9.5
2023-11-30 21:00:00,0.187,1018.1,9.4
2023-11-30 22:00:00,0.189,1018.4,9.3
2023-11-30 23:00:00,0.409,1018.3,9.2
2023-12-01 00:00:00,0.687,1018.7,9.3
2023-12-01 01:00:00,0.979,1018.8,9.3
2023-12-01 02:00:00,1.207,1018.8,9.6
2023-12-01 03:00:00,1.355,1019.2,9.4
2023-12-01 04:00:00,1.367,1019.5,9.5
2023-12-01 05:00:00,1.204,1019.2,9.4
2023-12-01 06:00:00,0.963,1019.0,9.3
2023-12-01 07:00:00,0.613,1019.3,9.3
2023-12-01 08:00:00,0.345,1019.4,9.2
2023-12-01 09:00:00,0.216,1019.4,9.2
2023-12-01 10:00:00,0.269,1019.7,9.2
2023-12-01 11:00:00,0.525,1019.9,9.0
2023-12-01 12:00:00,0.849,1019.9,9.1
2023-12-01 13:00:00,1.185,1020.2,9.2
2023-12-01 14:00:00,1.45,1019.8,9.3
2023-12-01 15:00:00,1.593,1019.3,9.4
2023-12-01 16:00:00,1.591,1019.5,9.5
2023-12-01 17:00:00,1.44,1019.9,9.3
2023-12-01 18:00:00,1.191,1018.8,9.3
2023-12-01 19:00:00,0.866,1018.1,9.3
2023-12-01 20:00:00,0.556,1017.4,9.2
2023-12-01 21:00:00,0.336,1017.6,9.2
2023-12-01 22:00:00,0.206,1017.7,9.2
2023-12-01 23:00:00,0.306,1017.4,9.2
2023-12-02 00:00:00,0.597,1017.1,9.2
2023-12-02 01:00:00,0.825,1017.1,9.2
2023-12-02 02:00:00,1.002,1016.5,9.4
2023-12-02 03:00:00,1.152,1015.4,9.4
2023-12-02 04:00:00,1.305,1014.7,9.3
2023-12-02 05:00:00,1.367,1014.5,9.3
2023-12-02 06:00:00,1.266,1014.3,9.3
2023-12-02 07:00:00,0.979,1014.5,9.2
2023-12-02 08:00:00,0.62,1014.6,9.2
2023-12-02 09:00:00,0.446,1014.2,9.3
2023-12-02 10:00:00,0.398,1014.6,9.3
2023-12-02 11:00:00,0.563,1014.7,9.2
2023-12-02 12:00:00,0.772,1014.5,9.2
2023-12-02 13:00:00,1.083,1015.1,9.2
2023-12-02 14:00:00,1.311,1014.9,9.5
2023-12-02 15:00:00,1.489,1014.9,9.4
2023-12-02 16:00:00,1.577,1014.6,9.4
2023-12-02 17:00:00,1.587,1014.3,9.5
2023-12-02 18:00:00,1.414,1013.6,9.4
2023-12-02 19:00:00,1.138,1013.6,9.4
2023-12-02 20:00:00,0.812,1013.6,9.5
2023-12-02 21:00:00,0.53,1013.7,9.5
2023-12-02 22:00:00,0.358,1014.0,9.5
2023-12-02 23:00:00,0.339,1014.1,9.5
2023-12-03 00:00:00,0.477,1014.3,9.5
2023-12-03 01:00:00,0.671,1014.6,9.4
2023-12-03 02:00:00,0.872,1014.4,9.4
2023-12-03 03:00:00,1.016,1014.4,9.5
2023-12-03 04:00:00,1.178,1014.5,9.5
2023-12-03 05:00:00,1.373,1014.1,9.4
2023-12-03 06:00:00,1.398,1012.9,9.5
2023-12-03 07:00:00,1.248,1013.4,9.4
2023-12-03 08:00:00,0.988,1012.9,9.2
2023-12-03 09:00:00,0.736,1011.6,9.3
2023-12-03 10:00:00,0.64,1011.1,9.3
2023-12-03 11:00:00,0.65,1011.2,9.4
2023-12-03 12:00:00,0.769,1010.4,9.4
2023-12-03 13:00:00,1.034,1009.7,9.4
2023-12-03 14:00:00,1.378,1009.5,9.4
2023-12-03 15:00:00,1.66,1008.9,9.6
2023-12-03 16:00:00,1.794,1007.0,9.5
2023-12-03 17:00:00,1.846,1005.4,9.6
2023-12-03 18:00:00,1.783,1004.4,9.6
2023-12-03 19:00:00,1.624,1003.6,9.6
2023-12-03 20:00:00,1.38,1003.7,9.5
2023-12-03 21:00:00,1.071,1003.0,9.6
2023-12-03 22:00:00,0.875,1002.9,9.5
2023-12-03 23:00:00,0.751,1002.5,9.5
2023-12-04 00:00:00,0.716,1003.0,9.5
2023-12-04 01:00:00,0.79,1003.0,9.5
2023-12-04 02:00:00,0.956,1002.7,9.5
2023-12-04 03:00:00,1.127,1003.5,9.6
2023-12-04 04:00:00,1.336,1003.6,9.3
2023-12-04 05:00:00,1.53,1003.6,9.8
2023-12-04 06:00:00,1.667,1003.4,9.7
2023-12-04 07:00:00,1.572,1003.6,9.7
2023-12-04 08:00:00,1.394,1003.9,9.4
2023-12-04 09:00:00,1.149,1004.7,9.2
2023-12-04 10:00:00,0.964,1005.1,9.2
2023-12-04 11:00:00,0.758,1005.7,9.4
2023-12-04 12:00:00,0.667,1006.3,9.5
2023-12-04 13:00:00,0.621,1006.9,9.5
2023-12-04 14:00:00,0.851,1007.4,9.4
2023-12-04 15:00:00,1.158,1007.4,9.3
2023-12-04 16:00:00,1.42,1007.0,9.7
2023-12-04 17:00:00,1.487,1007.0,9.6
2023-12-04 18:00:00,1.443,1006.9,9.7
2023-12-04 19:00:00,1.335,1005.5,9.6
2023-12-04 20:00:00,1.181,1005.5,9.6
2023-12-04 21:00:00,1.018,1005.9,9.4
2023-12-04 22:00:00,0.801,1006.8,9.3
2023-12-04 23:00:00,0.654,1007.6,9.5
2023-12-05 00:00:00,0.516,1008.3,9.4
2023-12-05 01:00:00,0.457,1009.0,9.4
2023-12-05 02:00:00,0.457,1009.3,9.4
2023-12-05 03:00:00,0.647,1009.6,9.4
2023-12-05 04:00:00,0.853,1009.7,9.2
2023-12-05 05:00:00,1.152,1010.4,9.4
2023-12-05 06:00:00,1.368,1010.8,9.5
2023-12-05 07:00:00,1.428,1011.5,9.6
2023-12-05 08:00:00,1.292,1012.3,9.5
2023-12-05 09:00:00,1.11,1012.7,9.2
2023-12-05 10:00:00,0.921,1012.9,9.0
2023-12-05 11:00:00,0.761,1013.7,9.0
2023-12-05 12:00:00,0.655,1014.3,9.3
2023-12-05 13:00:00,0.621,1014.8,9.1
2023-12-05 14:00:00,0.694,1015.4,9.4
2023-12-05 15:00:00,0.879,1015.8,9.3
2023-12-05 16:00:00,1.101,1015.4,9.5
2023-12-05 17:00:00,1.314,1015.6,9.5
2023-12-05 18:00:00,1.395,1015.0,9.5
2023-12-05 19:00:00,1.381,1014.2,9.6
2023-12-05 20:00:00,1.283,1014.5,9.4
2023-12-05 21:00:00,1.148,1014.6,9.3
2023-12-05 22:00:00,0.961,1014.5,9.1
2023-12-05 23:00:00,0.791,1014.8,9.4
2023-12-06 00:00:00,0.675,1015.3,9.2
2023-12-06 01:00:00,0.546,1015.4,9.4
2023-12-06 02:00:00,0.481,1014.7,9.4
2023-12-06 03:00:00,0.585,1014.6,9.3
2023-12-06 04:00:00,0.809,1014.3,9.2
2023-12-06 05:00:00,1.129,1013.8,9.0
2023-12-06 06:00:00,1.393,1013.0,9.1
2023-12-06 07:00:00,1.546,1013.1,9.6
2023-12-06 08:00:00,1.569,1013.3,9.5
2023-12-06 09:00:00,1.43,1013.1,9.4
2023-12-06 10:00:00,1.271,1012.9,9.2
2023-12-06 11:00:00,1.02,1013.3,8.9
2023-12-06 12:00:00,0.86,1013.8,9.1
2023-12-06 13:00:00,0.755,1013.9,9.4
2023-12-06 14:00:00,0.738,1014.3,9.4
2023-12-06 15:00:00,0.808,1014.6,9.5
2023-12-06 16:00:00,0.947,1014.0,9.4
2023-12-06 17:00:00,1.103,1013.2,9.7
2023-12-06 18:00:00,1.268,1012.6,9.6
2023-12-06 19:00:00,1.353,1012.5,9.6
2023-12-06 20:00:00,1.381,1012.9,9.7
2023-12-06 21:00:00,1.329,1013.1,9.6
2023-12-06 22:00:00,1.2,1013.8,9.3
2023-12-06 23:00:00,0.962,1014.3,8.8
2023-12-07 00:00:00,0.731,1014.8,9.4
2023-12-07 01:00:00,0.503,1015.0,9.4
2023-12-07 02:00:00,0.373,1015.3,9.1
2023-12-07 03:00:00,0.367,1015.7,8.9
2023-12-07 04:00:00,0.628,1015.8,9.3
2023-12-07 05:00:00,0.945,1016.0,8.7
2023-12-07 06:00:00,1.236,1015.6,8.8
2023-12-07 07:00:00,1.372,1016.2,9.4
2023-12-07 08:00:00,1.438,1015.7,9.5
2023-12-07 09:00:00,1.467,1016.0,9.6
2023-12-07 10:00:00,1.378,1016.1,9.0
2023-12-07 11:00:00,1.202,1016.1,9.2
2023-12-07 12:00:00,0.961,1016.7,8.0
2023-12-07 13:00:00,0.776,1016.6,8.8
2023-12-07 14:00:00,0.652,1016.7,9.1
2023-12-07 15:00:00,0.584,1016.5,9.2
2023-12-07 16:00:00,0.581,1015.7,9.0
2023-12-07 17:00:00,0.728,1014.2,9.2
2023-12-07 18:00:00,0.978,1013.4,9.1
2023-12-07 19:00:00,1.206,1012.6,9.5
2023-12-07 20:00:00,1.336,1012.6,9.3
2023-12-07 21:00:00,1.296,1013.4,9.3
2023-12-07 22:00:00,1.245,1013.7,9.0
2023-12-07 23:00:00,1.064,1014.0,8.8
2023-12-08 00:00:00,0.823,1014.7,8.4
2023-12-08 01:00:00,0.593,1015.1,8.4
2023-12-08 02:00:00,0.351,1015.4,8.3
2023-12-08 03:00:00,0.22,1015.8,8.6
2023-12-08 04:00:00,0.303,1016.0,8.7
2023-12-08 05:00:00,0.625,1016.2,8.9
2023-12-08 06:00:00,0.956,1016.3,8.6
2023-12-08 07:00:00,1.214,1016.6,8.9
2023-12-08 08:00:00,1.349,1017.1,9.3
2023-12-08 09:00:00,1.421,1017.3,9.4
2023-12-08 10:00:00,1.491,1018.0,9.0
2023-12-08 11:00:00,1.422,1018.9,9.3
2023-12-08 12:00:00,1.198,1019.2,9.1
2023-12-08 13:00:00,0.897,1019.6,9.3
2023-12-08 14:00:00,0.658,1020.6,8.9
2023-12-08 15:00:00,0.486,1021.0,8.8
2023-12-08 16:00:00,0.428,1020.4,9.0
2023-12-08 17:00:00,0.563,1020.3,9.1
2023-12-08 18:00:00,0.796,1019.9,9.0
2023-12-08 19:00:00,1.074,1019.8,9.2
2023-12-08 20:00:00,1.275,1019.8,9.2
2023-12-08 21:00:00,1.354,1020.1,9.5
2023-12-08 22:00:00,1.342,1020.2,9.5
2023-12-08 23:00:00,1.266,1020.7,9.2
2023-12-09 00:00:00,1.067,1021.3,9.0
2023-12-09 01:00:00,0.841,1021.5,8.7
2023-12-09 02:00:00,0.579,1021.6,8.8
2023-12-09 03:00:00,0.393,1021.5,9.0
2023-12-09 04:00:00,0.301,1021.5,9.0
2023-12-09 05:00:00,0.402,1021.6,9.1
2023-12-09 06:00:00,0.681,1021.5,9.2
2023-12-09 07:00:00,1.037,1021.4,8.9
2023-12-09 08:00:00,1.334,1021.3,9.4
2023-12-09 09:00:00,1.485,1021.2,9.5
2023-12-09 10:00:00,1.567,1020.9,9.4
2023-12-09 11:00:00,1.503,1021.1,9.8
2023-12-09 12:00:00,1.313,1021.1,9.4
2023-12-09 13:00:00,1.054,1021.2,9.1
2023-12-09 14:00:00,0.767,1021.5,9.0
2023-12-09 15:00:00,0.554,1021.6,9.1
2023-12-09 16:00:00,0.366,1021.3,9.0
2023-12-09 17:00:00,0.288,1020.2,9.1
2023-12-09 18:00:00,0.475,1019.1,9.1
2023-12-09 19:00:00,0.779,1019.2,9.2
2023-12-09 20:00:00,1.071,1019.1,9.1
2023-12-09 21:00:00,1.232,1018.9,9.4
2023-12-09 22:00:00,1.369,1018.9,9.5
2023-12-09 23:00:00,1.38,1019.0,9.5
2023-12-10 00:00:00,1.225,1018.6,9.3
2023-12-10 01:00:00,1.011,1019.1,9.1
2023-12-10 02:00:00,0.696,1018.6,9.2
2023-12-10 03:00:00,0.463,1018.4,9.3
2023-12-10 04:00:00,0.322,1017.9,9.3
2023-12-10 05:00:00,0.283,1017.1,9.2
2023-12-10 06:00:00,0.507,1017.2,9.2
2023-12-10 07:00:00,0.873,1016.1,9.1
2023-12-10 08:00:00,1.293,1015.3,9.1
2023-12-10 09:00:00,1.564,1014.6,9.5
2023-12-10 10:00:00,1.751,1014.1,9.4
2023-12-10 11:00:00,1.781,1014.0,9.4
2023-12-10 12:00:00,1.681,1013.4,9.4
2023-12-10 13:00:00,1.479,1013.6,9.3
2023-12-10 14:00:00,1.138,1013.3,9.3
2023-12-10 15:00:00,0.828,1013.3,9.4
2023-12-10 16:00:00,0.556,1011.6,9.3
2023-12-10 17:00:00,0.38,1010.2,9.4
2023-12-10 18:00:00,0.375,1009.1,9.4
2023-12-10 19:00:00,0.653,1008.4,9.5
2023-12-10 20:00:00,0.932,1007.9,9.5
2023-12-10 21:00:00,1.233,1006.6,9.4
2023-12-10 22:00:00,1.441,1006.2,9.7
2023-12-10 23:00:00,1.588,1005.3,9.6
2023-12-11 00:00:00,1.549,1003.9,9.6
2023-12-11 01:00:00,1.338,1002.6,9.6
2023-12-11 02:00:00,1.092,1001.8,9.6
2023-12-11 03:00:00,0.837,1001.3,9.6
2023-12-11 04:00:00,0.633,1000.5,9.7
2023-12-11 05:00:00,0.491,1000.1,9.7
2023-12-11 06:00:00,0.364,1000.6,9.7
2023-12-11 07:00:00,0.496,1002.6,9.7
2023-12-11 08:00:00,0.771,1001.4,9.6
2023-12-11 09:00:00,1.228,1001.3,9.5
2023-12-11 10:00:00,1.579,1001.4,9.6
2023-12-11 11:00:00,1.546,1001.6,9.5
2023-12-11 12:00:00,1.628,1003.9,9.4
2023-12-11 13:00:00,1.776,1004.5,9.2
2023-12-11 14:00:00,1.68,1005.5,9.3
2023-12-11 15:00:00,1.084,1006.2,9.4
2023-12-11 16:00:00,0.382,1006.3,9.2
2023-12-11 17:00:00,0.013,1007.5,9.3
2023-12-11 18:00:00,-0.17,1008.7,9.4
2023-12-11 19:00:00,0.009,1008.9,9.5
2023-12-11 20:00:00,0.341,1010.5,9.4
2023-12-11 21:00:00,0.754,1012.4,9.5
2023-12-11 22:00:00,0.977,1014.1,9.5
2023-12-11 23:00:00,1.047,1015.6,9.5
2023-12-12 00:00:00,1.042,1016.9,9.4
2023-12-12 01:00:00,0.925,1018.0,9.3
2023-12-12 02:00:00,0.837,1019.2,9.2
2023-12-12 03:00:00,0.626,1020.1,8.9
2023-12-12 04:00:00,0.298,1020.7,8.9
2023-12-12 05:00:00,-0.008,1021.4,8.7
2023-12-12 06:00:00,-0.198,1022.0,8.6
2023-12-12 07:00:00,-0.145,1023.1,8.7
2023-12-12 08:00:00,0.266,1023.9,8.7
2023-12-12 09:00:00,0.731,1024.3,8.5
2023-12-12 10:00:00,1.159,1024.9,8.8
2023-12-12 11:00:00,1.392,1025.5,8.8
2023-12-12 12:00:00,1.593,1026.3,9.2
2023-12-12 13:00:00,1.657,1027.4,8.8
2023-12-12 14:00:00,1.462,1028.2,8.7
2023-12-12 15:00:00,1.104,1028.7,8.8
2023-12-12 16:00:00,0.635,1028.2,8.8
2023-12-12 17:00:00,0.265,1027.5,8.6
2023-12-12 18:00:00,0.027,1027.0,8.6
2023-12-12 19:00:00,-0.057,1026.7,8.7
2023-12-12 20:00:00,0.118,1026.3,8.7
2023-12-12 21:00:00,0.461,1026.5,8.8
2023-12-12 22:00:00,0.882,1026.4,8.8
2023-12-12 23:00:00,1.218,1027.2,8.9
2023-12-13 00:00:00,1.386,1027.9,8.9
2023-12-13 01:00:00,1.366,1027.9,9.0
2023-12-13 02:00:00,1.18,1028.1,9.1
2023-12-13 03:00:00,0.883,1028.3,8.8
2023-12-13 04:00:00,0.539,1028.1,8.5
2023-12-13 05:00:00,0.218,1028.0,8.4
2023-12-13 06:00:00,0.004,1027.6,8.6
2023-12-13 07:00:00,-0.144,1028.0,8.4
2023-12-13 08:00:00,-0.063,1028.1,8.3
2023-12-13 09:00:00,0.299,1028.0,8.4
2023-12-13 10:00:00,0.801,1027.9,8.6
2023-12-13 11:00:00,1.243,1028.4,8.7
2023-12-13 12:00:00,1.469,1028.6,8.7
2023-12-13 13:00:00,1.608,1029.2,8.8
2023-12-13 14:00:00,1.55,1030.1,8.9
2023-12-13 15:00:00,1.304,1030.1,8.6
2023-12-13 16:00:00,0.87,1029.7,8.6
2023-12-13 17:00:00,0.423,1029.1,8.6
2023-12-13 18:00:00,0.115,1028.6,8.6
2023-12-13 19:00:00,-0.137,1028.6,8.6
2023-12-13 20:00:00,-0.257,1028.5,8.6
2023-12-13 21:00:00,-0.056,1029.0,8.6
2023-12-13 22:00:00,0.316,1030.2,8.5
2023-12-13 23:00:00,0.722,1030.9,8.5
2023-12-14 00:00:00,1.009,1031.5,8.6
2023-12-14 01:00:00,1.115,1032.1,8.5
2023-12-14 02:00:00,1.064,1032.7,8.6
2023-12-14 03:00:00,0.875,1033.0,8.7
2023-12-14 04:00:00,0.564,1033.6,8.3
2023-12-14 05:00:00,0.243,1034.1,8.2
2023-12-14 06:00:00,0.049,1034.0,8.2
2023-12-14 07:00:00,-0.122,1034.5,8.1
2023-12-14 08:00:00,-0.243,1034.7,7.8
2023-12-14 09:00:00,-0.029,1035.0,7.7
2023-12-14 10:00:00,0.472,1035.6,7.8
2023-12-14 11:00:00,1.026,1036.5,8.2
2023-12-14 12:00:00,1.452,1037.1,8.2
2023-12-14 13:00:00,1.691,1037.6,8.5
2023-12-14 14:00:00,1.735,1037.7,8.4
2023-12-14 15:00:00,1.579,1037.5,8.3
2023-12-14 16:00:00,1.277,1037.0,8.3
2023-12-14 17:00:00,0.804,1036.1,8.3
2023-12-14 18:00:00,0.382,1034.8,8.1
2023-12-14 19:00:00,0.089,1033.9,8.2
2023-12-14 20:00:00,-0.127,1033.4,8.3
2023-12-14 21:00:00,-0.124,1033.0,8.2
2023-12-14 22:00:00,0.17,1032.9,8.3
2023-12-14 23:00:00,0.606,1033.1,8.3
2023-12-15 00:00:00,1.035,1032.9,8.3
2023-12-15 01:00:00,1.307,1032.4,8.5
2023-12-15 02:00:00,1.355,1032.0,8.6
2023-12-15 03:00:00,1.267,1031.1,8.6
2023-12-15 04:00:00,1.087,1030.6,8.5
2023-12-15 05:00:00,0.802,1029.7,7.9
2023-12-15 06:00:00,0.501,1029.3,7.7
2023-12-15 07:00:00,0.251,1029.4,8.0
2023-12-15 08:00:00,0.01,1028.7,8.0
2023-12-15 09:00:00,-0.084,1028.0,7.9
2023-12-15 10:00:00,0.137,1028.0,7.8
2023-12-15 11:00:00,0.578,1028.0,7.9
2023-12-15 12:00:00,0.965,1027.9,8.2
2023-12-15 13:00:00,1.321,1028.1,8.2
2023-12-15 14:00:00,1.542,1028.0,8.4
2023-12-15 15:00:00,1.611,1027.7,8.6
2023-12-15 16:00:00,1.449,1026.3,8.3
2023-12-15 17:00:00,1.071,1025.2,8.4
2023-12-15 18:00:00,0.637,1024.1,8.4
2023-12-15 19:00:00,0.251,1023.7,8.4
2023-12-15 20:00:00,-0.039,1023.5,8.4
2023-12-15 21:00:00,-0.219,1023.6,8.4
2023-12-15 22:00:00,-0.154,1024.2,8.2
2023-12-15 23:00:00,0.194,1024.7,8.1
2023-12-16 00:00:00,0.6,1025.2,8.2
2023-12-16 01:00:00,0.943,1025.5,8.2
2023-12-16 02:00:00,1.148,1025.5,8.4
2023-12-16 03:00:00,1.269,1025.7,8.4
2023-12-16 04:00:00,1.252,1025.6,8.4
2023-12-16 05:00:00,1.042,1025.7,8.4
2023-12-16 06:00:00,0.723,1025.7,8.0
2023-12-16 07:00:00,0.353,1026.5,8.1
2023-12-16 08:00:00,0.086,1027.0,8.1
2023-12-16 09:00:00,-0.092,1027.0,8.0
2023-12-16 10:00:00,-0.05,1027.3,8.0
2023-12-16 11:00:00,0.294,1028.2,7.9
2023-12-16 12:00:00,0.742,1028.7,7.8
2023-12-16 13:00:00,1.179,1028.9,8.1
2023-12-16 14:00:00,1.47,1030.0,8.2
2023-12-16 15:00:00,1.687,1030.6,8.5
2023-12-16 16:00:00,1.708,1030.3,8.4
2023-12-16 17:00:00,1.493,1029.7,8.3
2023-12-16 18:00:00,1.139,1029.5,8.3
2023-12-16 19:00:00,0.683,1029.5,8.4
2023-12-16 20:00:00,0.356,1029.7,8.4
2023-12-16 21:00:00,0.133,1030.1,8.4
2023-12-16 22:00:00,-0.006,1030.6,8.3
2023-12-16 23:00:00,0.152,1030.6,8.2
2023-12-17 00:00:00,0.52,1030.8,8.2
2023-12-17 01:00:00,0.915,1031.5,8.2
2023-12-17 02:00:00,1.267,1031.5,8.3
2023-12-17 03:00:00,1.509,1031.2,8.4
2023-12-17 04:00:00,1.608,1030.9,8.5
2023-12-17 05:00:00,1.578,1030.1,8.5
2023-12-17 06:00:00,1.363,1029.3,8.4
2023-12-17 07:00:00,1.005,1029.3,8.4
2023-12-17 08:00:00,0.687,1028.7,8.3
2023-12-17 09:00:00,0.503,1027.8,8.3
2023-12-17 10:00:00,0.412,1027.3,8.3
2023-12-17 11:00:00,0.503,1026.9,8.3
2023-12-17 12:00:00,0.765,1026.6,8.2
2023-12-17 13:00:00,1.134,1025.3,8.3
2023-12-17 14:00:00,1.542,1024.4,8.4
2023-12-17 15:00:00,1.86,1023.8,8.4
2023-12-17 16:00:00,2.033,1022.2,8.7
2023-12-17 17:00:00,2.023,1020.6,8.6
2023-12-17 18:00:00,1.758,1018.8,8.6
2023-12-17 19:00:00,1.409,1017.3,8.7
2023-12-17 20:00:00,0.991,1016.2,8.7
2023-12-17 21:00:00,0.709,1014.7,8.7
2023-12-17 22:00:00,0.487,1013.5,8.6
2023-12-17 23:00:00,0.365,1012.3,8.6
2023-12-18 00:00:00,0.482,1011.3,8.6
2023-12-18 01:00:00,0.826,1009.9,8.6
2023-12-18 02:00:00,1.174,1008.0,8.5
2023-12-18 03:00:00,1.532,1005.7,8.6
2023-12-18 04:00:00,1.743,1003.8,8.6
2023-12-18 05:00:00,1.982,1000.6,8.8
2023-12-18 06:00:00,2.005,997.0,8.8
2023-12-18 07:00:00,1.813,993.1,8.8
2023-12-18 08:00:00,1.633,989.9,8.9
2023-12-18 09:00:00,1.506,986.6,9.0
2023-12-18 10:00:00,1.6,986.4,9.0
2023-12-18 11:00:00,1.303,985.7,9.0
2023-12-18 12:00:00,1.148,984.5,9.0
2023-12-18 13:00:00,1.107,984.4,9.1
2023-12-18 14:00:00,1.452,982.7,9.0
2023-12-18 15:00:00,1.878,982.9,9.0
2023-12-18 16:00:00,2.131,982.1,8.9
2023-12-18 17:00:00,2.171,982.6,9.1
2023-12-18 18:00:00,2.153,982.8,9.0
2023-12-18 19:00:00,1.894,984.5,9.1
2023-12-18 20:00:00,1.445,987.6,9.1
2023-12-18 21:00:00,0.937,990.0,9.1
2023-12-18 22:00:00,0.636,993.3,9.1
2023-12-18 23:00:00,0.453,995.6,9.1
2023-12-19 00:00:00,0.368,997.7,8.8
2023-12-19 01:00:00,0.432,999.2,8.6
2023-12-19 02:00:00,0.669,1000.7,8.2
2023-12-19 03:00:00,0.939,1001.8,8.3
2023-12-19 04:00:00,1.201,1001.9,8.1
2023-12-19 05:00:00,1.348,1002.6,8.1
2023-12-19 06:00:00,1.463,1001.9,8.3
2023-12-19 07:00:00,1.502,1003.2,8.2
2023-12-19 08:00:00,1.337,1003.8,8.1
2023-12-19 09:00:00,0.995,1004.2,7.6
2023-12-19 10:00:00,0.644,1005.5,7.3
2023-12-19 11:00:00,0.315,1007.1,7.4
2023-12-19 12:00:00,0.023,1008.5,7.5
2023-12-19 13:00:00,0.065,1009.5,7.4
2023-12-19 14:00:00,0.421,1010.5,7.2
2023-12-19 15:00:00,0.936,1011.4,7.1
2023-12-19 16:00:00,1.295,1012.3,7.4
2023-12-19 17:00:00,1.57,1012.9,7.4
2023-12-19 18:00:00,1.705,1013.8,7.5
2023-12-19 19:00:00,1.672,1014.6,7.5
2023-12-19 20:00:00,1.394,1015.8,7.2
2023-12-19 21:00:00,1.13,1017.2,6.8
2023-12-19 22:00:00,0.76,1018.6,6.6
2023-12-19 23:00:00,0.409,1020.4,6.8
2023-12-20 00:00:00,0.199,1021.9,6.9
2023-12-20 01:00:00,0.11,1023.1,7.0
2023-12-20 02:00:00,0.25,1023.9,7.2
2023-12-20 03:00:00,0.585,1024.2,6.8
2023-12-20 04:00:00,0.998,1024.7,7.4
2023-12-20 05:00:00,1.361,1024.5,7.1
2023-12-20 06:00:00,1.57,1024.3,7.0
2023-12-20 07:00:00,1.612,1024.5,7.1
2023-12-20 08:00:00,1.492,1024.6,6.9
2023-12-20 09:00:00,1.262,1024.7,6.4
2023-12-20 10:00:00,0.971,1025.3,5.9
2023-12-20 11:00:00,0.771,1025.8,6.2
2023-12-20 12:00:00,0.492,1026.5,6.5
2023-12-20 13:00:00,0.376,1026.9,6.3
2023-12-20 14:00:00,0.396,1027.2,6.5
2023-12-20 15:00:00,0.549,1027.3,6.6
2023-12-20 16:00:00,0.743,1026.9,6.6
2023-12-20 17:00:00,1.136,1025.9,7.1
2023-12-20 18:00:00,1.406,1025.4,6.9
2023-12-20 19:00:00,1.564,1025.1,6.9
2023-12-20 20:00:00,1.547,1025.1,6.9
2023-12-20 21:00:00,1.341,1025.5,6.6
2023-12-20 22:00:00,1.026,1025.9,6.1
2023-12-20 23:00:00,0.654,1026.1,6.2
2023-12-21 00:00:00,0.357,1026.2,6.4
2023-12-21 01:00:00,0.187,1026.3,6.4
2023-12-21 02:00:00,0.099,1026.2,6.2
2023-12-21 03:00:00,0.228,1026.2,6.4
2023-12-21 04:00:00,0.518,1026.4,6.5
2023-12-21 05:00:00,0.94,1026.0,6.7
2023-12-21 06:00:00,1.322,1025.8,6.9
2023-12-21 07:00:00,1.534,1026.2,7.1
2023-12-21 08:00:00,1.629,1026.6,6.9
2023-12-21 09:00:00,1.604,1026.7,7.3
2023-12-21 10:00:00,1.431,1026.8,6.3
2023-12-21 11:00:00,1.121,1027.6,6.1
2023-12-21 12:00:00,0.814,1028.2,6.2
2023-12-21 13:00:00,0.509,1028.9,6.4
2023-12-21 14:00:00,0.371,1029.1,6.4
2023-12-21 15:00:00,0.385,1029.3,6.4
2023-12-21 16:00:00,0.634,1028.8,6.7
2023-12-21 17:00:00,0.922,1028.0,6.6
2023-12-21 18:00:00,1.239,1027.6,6.7
2023-12-21 19:00:00,1.445,1027.3,6.9
2023-12-21 20:00:00,1.54,1027.2,7.0
2023-12-21 21:00:00,1.559,1027.4,6.9
2023-12-21 22:00:00,1.454,1027.9,6.5
2023-12-21 23:00:00,1.19,1028.0,6.3
2023-12-22 00:00:00,0.855,1028.3,6.3
2023-12-22 01:00:00,0.535,1028.8,6.5
2023-12-22 02:00:00,0.337,1029.1,6.5
2023-12-22 03:00:00,0.252,1029.4,6.6
2023-12-22 04:00:00,0.459,1029.4,6.7
2023-12-22 05:00:00,0.862,1029.2,6.8
2023-12-22 06:00:00,1.317,1029.1,6.4
2023-12-22 07:00:00,1.637,1029.3,7.0
2023-12-22 08:00:00,1.777,1029.5,7.0
2023-12-22 09:00:00,1.862,1029.4,7.1
2023-12-22 10:00:00,1.829,1029.6,6.8
2023-12-22 11:00:00,1.603,1029.9,6.5
2023-12-22 12:00:00,1.232,1030.4,6.5
2023-12-22 13:00:00,0.891,1030.6,6.2
2023-12-22 14:00:00,0.616,1031.1,6.6
2023-12-22 15:00:00,0.496,1031.3,6.5
2023-12-22 16:00:00,0.445,1030.9,6.6
2023-12-22 17:00:00,0.547,1029.9,6.8
2023-12-22 18:00:00,0.765,1029.2,6.7
2023-12-22 19:00:00,1.134,1029.1,6.4
2023-12-22 20:00:00,1.437,1028.9,7.3
2023-12-22 21:00:00,1.525,1029.3,7.1
2023-12-22 22:00:00,1.526,1029.6,6.8
2023-12-22 23:00:00,1.371,1029.7,6.6
2023-12-23 00:00:00,1.087,1030.1,6.3
2023-12-23 01:00:00,0.698,1030.3,6.0
2023-12-23 02:00:00,0.43,1030.3,6.4
2023-12-23 03:00:00,0.196,1030.6,6.4
2023-12-23 04:00:00,0.148,1030.5,6.4
2023-12-23 05:00:00,0.387,1030.4,6.4
2023-12-23 06:00:00,0.816,1030.4,6.3
2023-12-23 07:00:00,1.234,1030.3,6.2
2023-12-23 08:00:00,1.502,1030.3,7.0
2023-12-23 09:00:00,1.613,1030.2,6.8
2023-12-23 10:00:00,1.72,1030.4,6.7
2023-12-23 11:00:00,1.658,1030.7,6.9
2023-12-23 12:00:00,1.424,1031.0,6.5
2023-12-23 13:00:00,1.053,1031.2,6.8
2023-12-23 14:00:00,0.728,1031.1,6.5
2023-12-23 15:00:00,0.472,1031.3,6.6
2023-12-23 16:00:00,0.27,1030.7,6.5
2023-12-23 17:00:00,0.225,1030.1,6.5
2023-12-23 18:00:00,0.435,1029.4,6.7
2023-12-23 19:00:00,0.732,1028.9,6.7
2023-12-23 20:00:00,1.111,1028.9,6.5
2023-12-23 21:00:00,1.387,1029.1,6.8
2023-12-23 22:00:00,1.548,1029.2,7.2
2023-12-23 23:00:00,1.508,1029.2,6.8
2023-12-24 00:00:00,1.304,1029.3,6.8
2023-12-24 01:00:00,1.019,1029.0,6.5
2023-12-24 02:00:00,0.699,1029.2,6.7
2023-12-24 03:00:00,0.455,1029.1,6.6
2023-12-24 04:00:00,0.287,1029.0,6.6
2023-12-24 05:00:00,0.295,1028.2,6.6
2023-12-24 06:00:00,0.529,1028.1,6.5
2023-12-24 07:00:00,0.913,1028.1,6.5
2023-12-24 08:00:00,1.313,1028.2,6.5
2023-12-24 09:00:00,1.564,1027.9,6.9
2023-12-24 10:00:00,1.714,1027.9,6.8
2023-12-24 11:00:00,1.792,1027.8,6.9
2023-12-24 12:00:00,1.68,1028.1,6.9
2023-12-24 13:00:00,1.404,1028.0,7.1
2023-12-24 14:00:00,1.051,1028.5,6.8
2023-12-24 15:00:00,0.696,1029.0,6.7
2023-12-24 16:00:00,0.42,1028.7,6.7
2023-12-24 17:00:00,0.203,1027.8,6.8
2023-12-24 18:00:00,0.198,1027.3,6.7
2023-12-24 19:00:00,0.443,1027.0,6.7
2023-12-24 20:00:00,0.747,1026.9,6.8
2023-12-24 21:00:00,1.075,1027.0,6.9
2023-12-24 22:00:00,1.365,1027.2,7.1
2023-12-24 23:00:00,1.523,1027.4,7.2
2023-12-25 00:00:00,1.496,1027.5,7.0
2023-12-25 01:00:00,1.271,1027.7,7.0
2023-12-25 02:00:00,0.93,1027.6,6.8
2023-12-25 03:00:00,0.556,1027.8,6.8
2023-12-25 04:00:00,0.335,1027.7,6.8
2023-12-25 05:00:00,0.226,1027.5,6.9
2023-12-25 06:00:00,0.3,1027.3,6.8
2023-12-25 07:00:00,0.562,1027.7,6.7
2023-12-25 08:00:00,0.928,1028.0,6.7
2023-12-25 09:00:00,1.324,1027.8,6.9
2023-12-25 10:00:00,1.593,1028.0,7.0
2023-12-25 11:00:00,1.742,1028.0,6.9
2023-12-25 12:00:00,1.793,1028.3,7.1
2023-12-25 13:00:00,1.643,1028.8,7.1
2023-12-25 14:00:00,1.359,1029.1,7.4
2023-12-25 15:00:00,0.948,1030.0,7.1
2023-12-25 16:00:00,0.559,1029.4,6.9
2023-12-25 17:00:00,0.272,1028.7,7.0
2023-12-25 18:00:00,0.088,1028.3,7.1
2023-12-25 19:00:00,0.13,1027.7,7.1
2023-12-25 20:00:00,0.454,1027.6,7.1
2023-12-25 21:00:00,0.792,1027.5,7.1
2023-12-25 22:00:00,1.168,1027.8,7.4
2023-12-25 23:00:00,1.414,1028.0,7.2
2023-12-26 00:00:00,1.507,1028.1,7.5
2023-12-26 01:00:00,1.441,1028.1,7.2
2023-12-26 02:00:00,1.224,1027.8,7.2
2023-12-26 03:00:00,0.868,1027.4,7.1
2023-12-26 04:00:00,0.55,1027.0,7.1
2023-12-26 05:00:00,0.373,1026.3,7.1
2023-12-26 06:00:00,0.3,1025.6,7.0
2023-12-26 07:00:00,0.395,1026.4,7.0
2023-12-26 08:00:00,0.667,1026.6,7.0
2023-12-26 09:00:00,1.055,1025.7,7.0
2023-12-26 10:00:00,1.455,1025.5,7.4
2023-12-26 11:00:00,1.72,1025.7,7.2
2023-12-26 12:00:00,1.842,1025.5,7.4
2023-12-26 13:00:00,1.854,1025.6,7.3
2023-12-26 14:00:00,1.664,1025.7,7.3
2023-12-26 15:00:00,1.322,1025.4,7.4
2023-12-26 16:00:00,0.882,1025.0,7.3
2023-12-26 17:00:00,0.513,1023.9,7.3
2023-12-26 18:00:00,0.244,1023.1,7.3
2023-12-26 19:00:00,0.141,1022.7,7.3
2023-12-26 20:00:00,0.262,1022.8,7.4
2023-12-26 21:00:00,0.576,1022.4,7.3
2023-12-26 22:00:00,0.893,1022.7,7.2
2023-12-26 23:00:00,1.24,1022.4,7.4
2023-12-27 00:00:00,1.49,1022.1,7.4
2023-12-27 01:00:00,1.531,1022.1,7.5
2023-12-27 02:00:00,1.401,1022.0,7.4
2023-12-27 03:00:00,1.117,1021.8,7.5
2023-12-27 04:00:00,0.743,1021.4,7.3
2023-12-27 05:00:00,0.487,1020.8,7.3
2023-12-27 06:00:00,0.346,1020.3,7.3
2023-12-27 07:00:00,0.249,1020.1,7.2
2023-12-27 08:00:00,0.372,1019.8,7.1
2023-12-27 09:00:00,0.692,1019.6,7.1
2023-12-27 10:00:00,1.155,1019.0,7.1
2023-12-27 11:00:00,1.525,1019.1,7.4
2023-12-27 12:00:00,1.719,1018.7,7.3
2023-12-27 13:00:00,1.782,1018.7,7.3
2023-12-27 14:00:00,1.77,1018.7,7.5
2023-12-27 15:00:00,1.548,1018.4,7.4
2023-12-27 16:00:00,1.189,1017.6,7.6
2023-12-27 17:00:00,0.741,1016.2,7.5
2023-12-27 18:00:00,0.441,1014.8,7.4
2023-12-27 19:00:00,0.214,1014.3,7.5
2023-12-27 20:00:00,0.168,1013.9,7.4
2023-12-27 21:00:00,0.396,1013.6,7.4
2023-12-27 22:00:00,0.784,1012.8,7.5
2023-12-27 23:00:00,1.173,1012.4,7.2
2023-12-28 00:00:00,1.463,1011.7,7.5
2023-12-28 01:00:00,1.634,1011.0,7.5
2023-12-28 02:00:00,1.667,1010.4,7.7
2023-12-28 03:00:00,1.509,1009.9,7.6
2023-12-28 04:00:00,1.216,1008.6,7.6
2023-12-28 05:00:00,0.896,1007.2,7.6
2023-12-28 06:00:00,0.748,1005.9,7.6
2023-12-28 07:00:00,0.649,1005.6,7.6
2023-12-28 08:00:00,0.628,1005.8,7.5
2023-12-28 09:00:00,0.709,1003.9,7.5
2023-12-28 10:00:00,1.159,1003.7,7.5
2023-12-28 11:00:00,1.562,1002.6,7.3
2023-12-28 12:00:00,1.855,1002.3,7.6
2023-12-28 13:00:00,2.003,1002.5,7.7
2023-12-28 14:00:00,2.161,1003.0,7.7
2023-12-28 15:00:00,2.053,1003.2,7.7
2023-12-28 16:00:00,1.702,1002.9,7.8
2023-12-28 17:00:00,1.278,1002.5,7.8
2023-12-28 18:00:00,0.883,1002.1,7.8
2023-12-28 19:00:00,0.703,1002.0,7.8
2023-12-28 20:00:00,0.574,1002.1,7.8
2023-12-28 21:00:00,0.537,1002.7,7.7
2023-12-28 22:00:00,0.729,1003.2,7.8
2023-12-28 23:00:00,1.046,1003.6,7.7
2023-12-29 00:00:00,1.368,1003.4,7.9
2023-12-29 01:00:00,1.586,1003.4,7.7
2023-12-29 02:00:00,1.687,1003.7,7.7
2023-12-29 03:00:00,1.679,1003.7,7.6
2023-12-29 04:00:00,1.504,1003.6,7.5
2023-12-29 05:00:00,1.255,1003.2,7.5
2023-12-29 06:00:00,0.968,1002.9,7.4
2023-12-29 07:00:00,0.739,1003.1,7.5
2023-12-29 08:00:00,0.53,1003.2,7.5
2023-12-29 09:00:00,0.515,1002.9,7.5
2023-12-29 10:00:00,0.815,1002.9,7.4
2023-12-29 11:00:00,1.224,1002.9,7.4
2023-12-29 12:00:00,1.609,1002.9,7.9
2023-12-29 13:00:00,1.795,1003.0,7.6
2023-12-29 14:00:00,1.884,1003.5,7.5
2023-12-29 15:00:00,1.939,1003.5,7.8
2023-12-29 16:00:00,1.767,1003.1,7.7
2023-12-29 17:00:00,1.467,1002.5,7.7
2023-12-29 18:00:00,1.063,1002.2,7.6
2023-12-29 19:00:00,0.739,1001.8,7.7
2023-12-29 20:00:00,0.507,1002.0,7.7
2023-12-29 21:00:00,0.414,1001.7,7.7
2023-12-29 22:00:00,0.516,1002.2,7.8
2023-12-29 23:00:00,0.831,1002.8,7.6
2023-12-30 00:00:00,1.147,1003.1,7.7
2023-12-30 01:00:00,1.413,1003.2,7.8
2023-12-30 02:00:00,1.538,1002.7,7.6
2023-12-30 03:00:00,1.614,1002.4,7.6
2023-12-30 04:00:00,1.562,1001.8,7.5
2023-12-30 05:00:00,1.415,1001.3,7.4
2023-12-30 06:00:00,1.179,1001.3,7.2
2023-12-30 07:00:00,0.919,1001.3,7.2
2023-12-30 08:00:00,0.661,1001.4,7.3
2023-12-30 09:00:00,0.532,1001.1,7.4
2023-12-30 10:00:00,0.571,1001.0,7.4
2023-12-30 11:00:00,0.895,1001.4,7.3
2023-12-30 12:00:00,1.238,1001.6,7.4
2023-12-30 13:00:00,1.532,1001.9,7.8
2023-12-30 14:00:00,1.674,1002.0,7.5
2023-12-30 15:00:00,1.725,1002.1,7.7
2023-12-30 16:00:00,1.637,1001.7,7.7
2023-12-30 17:00:00,1.403,1001.3,7.5
2023-12-30 18:00:00,1.089,1001.1,7.3
2023-12-30 19:00:00,0.735,1001.3,7.2
2023-12-30 20:00:00,0.451,1001.8,7.3
2023-12-30 21:00:00,0.23,1002.7,7.2
2023-12-30 22:00:00,0.164,1003.6,7.3
2023-12-30 23:00:00,0.31,1004.7,7.3
2023-12-31 00:00:00,0.582,1005.4,7.3
2023-12-31 01:00:00,0.87,1006.0,7.5
2023-12-31 02:00:00,1.068,1006.7,7.4
2023-12-31 03:00:00,1.213,1007.3,7.4
2023-12-31 04:00:00,1.288,1008.1,7.3
2023-12-31 05:00:00,1.258,1008.4,7.2
2023-12-31 06:00:00,1.096,1009.1,6.9
2023-12-31 07:00:00,0.788,1010.1,6.8
2023-12-31 08:00:00,0.483,1011.0,6.9
2023-12-31 09:00:00,0.33,1011.1,7.1
2023-12-31 10:00:00,0.294,1011.3,6.9
2023-12-31 11:00:00,0.474,1011.9,7.0
2023-12-31 12:00:00,0.805,1012.3,7.1
2023-12-31 13:00:00,1.19,1012.8,7.0
2023-12-31 14:00:00,1.464,1013.7,7.4
2023-12-31 15:00:00,1.583,1013.9,7.5
2023-12-31 16:00:00,1.624,1013.6,7.5
2023-12-31 17:00:00,1.487,1013.1,7.6
2023-12-31 18:00:00,1.276,1012.9,7.2
2023-12-31 19:00:00,1.009,1012.6,6.9
2023-12-31 20:00:00,0.713,1012.8,7.0
2023-12-31 21:00:00,0.495,1012.9,7.2
2023-12-31 22:00:00,0.323,1013.5,7.2
2023-12-31 23:00:00,0.303,1013.7,7.1
2024-01-01 00:00:00,0.589,1014.4,7.3
2024-01-01 01:00:00,0.864,1014.2,7.3
2024-01-01 02:00:00,1.144,1014.1,7.2
2024-01-01 03:00:00,1.299,1014.1,7.6
2024-01-01 04:00:00,1.397,1014.3,7.5
2024-01-01 05:00:00,1.442,1014.4,7.3
2024-01-01 06:00:00,1.339,1014.2,7.3
2024-01-01 07:00:00,1.115,1014.0,6.9
2024-01-01 08:00:00,0.771,1013.8,6.7
2024-01-01 09:00:00,0.555,1013.6,6.8
2024-01-01 10:00:00,0.501,1013.5,7.2
2024-01-01 11:00:00,0.587,1014.0,7.3
2024-01-01 12:00:00,0.771,1014.4,7.3
2024-01-01 13:00:00,1.01,1014.9,7.1
2024-01-01 14:00:00,1.253,1015.2,7.4
2024-01-01 15:00:00,1.44,1015.4,7.5
2024-01-01 16:00:00,1.569,1015.0,7.6
2024-01-01 17:00:00,1.609,1014.3,7.4
2024-01-01 18:00:00,1.485,1014.1,7.6
2024-01-01 19:00:00,1.212,1014.2,7.3
2024-01-01 20:00:00,0.867,1014.4,7.2
2024-01-01 21:00:00,0.591,1014.6,7.2
2024-01-01 22:00:00,0.458,1015.0,7.3
2024-01-01 23:00:00,0.425,1015.6,7.3
2024-01-02 00:00:00,0.593,1016.0,7.5
2024-01-02 01:00:00,0.77,1016.2,7.3
2024-01-02 02:00:00,0.958,1016.5,7.2
2024-01-02 03:00:00,1.097,1016.9,7.1
2024-01-02 04:00:00,1.269,1016.9,7.5
2024-01-02 05:00:00,1.419,1016.8,7.7
2024-01-02 06:00:00,1.475,1016.7,7.5
2024-01-02 07:00:00,1.339,1016.9,7.0
2024-01-02 08:00:00,1.04,1017.1,6.9
2024-01-02 09:00:00,0.756,1017.1,6.7
2024-01-02 10:00:00,0.593,1017.0,6.8
2024-01-02 11:00:00,0.568,1017.6,7.1
2024-01-02 12:00:00,0.654,1018.2,7.4
2024-01-02 13:00:00,0.89,1018.4,7.3
2024-01-02 14:00:00,1.145,1018.6,7.0
2024-01-02 15:00:00,1.367,1018.6,7.3
2024-01-02 16:00:00,1.478,1017.8,7.4
2024-01-02 17:00:00,1.489,1016.5,7.5
2024-01-02 18:00:00,1.463,1015.3,7.5
2024-01-02 19:00:00,1.343,1014.5,7.1
2024-01-02 20:00:00,1.151,1014.3,7.0
2024-01-02 21:00:00,0.883,1014.1,6.8
2024-01-02 22:00:00,0.683,1014.5,7.3
2024-01-02 23:00:00,0.571,1014.5,7.1
2024-01-03 00:00:00,0.534,1014.7,7.4
2024-01-03 01:00:00,0.616,1014.8,7.2
2024-01-03 02:00:00,0.78,1014.6,7.1
2024-01-03 03:00:00,1.016,1014.8,7.0
2024-01-03 04:00:00,1.235,1014.6,6.9
2024-01-03 05:00:00,1.43,1014.3,7.5
2024-01-03 06:00:00,1.531,1014.3,7.5
2024-01-03 07:00:00,1.407,1014.2,7.2
2024-01-03 08:00:00,1.183,1014.3,7.0
2024-01-03 09:00:00,0.919,1014.2,6.7
2024-01-03 10:00:00,0.763,1014.6,6.7
2024-01-03 11:00:00,0.662,1014.7,7.0
2024-01-03 12:00:00,0.583,1015.1,7.2
2024-01-03 13:00:00,0.673,1016.0,7.0
2024-01-03 14:00:00,0.856,1016.3,7.1
2024-01-03 15:00:00,1.103,1016.1,7.0
2024-01-03 16:00:00,1.269,1015.4,7.1
2024-01-03 17:00:00,1.359,1014.4,7.5
2024-01-03 18:00:00,1.392,1014.0,7.6
2024-01-03 19:00:00,1.392,1013.9,7.2
2024-01-03 20:00:00,1.241,1013.4,7.0
2024-01-03 21:00:00,0.994,1013.3,6.8
2024-01-03 22:00:00,0.73,1014.3,6.5
2024-01-03 23:00:00,0.591,1014.4,6.9
2024-01-04 00:00:00,0.574,1014.7,7.3
2024-01-04 01:00:00,0.58,1014.0,7.2
2024-01-04 02:00:00,0.68,1013.9,6.9
2024-01-04 03:00:00,0.841,1013.8,6.8
2024-01-04 04:00:00,1.116,1014.1,7.3
2024-01-04 05:00:00,1.384,1013.8,7.8
2024-01-04 06:00:00,1.578,1013.4,7.8
2024-01-04 07:00:00,1.606,1013.2,7.4
2024-01-04 08:00:00,1.427,1012.8,7.2
2024-01-04 09:00:00,1.208,1012.1,7.0
2024-01-04 10:00:00,1.022,1011.9,6.2
2024-01-04 11:00:00,0.89,1011.6,6.8
2024-01-04 12:00:00,0.78,1011.9,7.3
2024-01-04 13:00:00,0.695,1012.4,7.3
2024-01-04 14:00:00,0.763,1012.7,7.1
2024-01-04 15:00:00,0.915,1013.1,7.2
2024-01-04 16:00:00,1.115,1012.8,7.4
2024-01-04 17:00:00,1.257,1012.2,7.6
2024-01-04 18:00:00,1.297,1011.8,7.7
2024-01-04 19:00:00,1.283,1011.9,7.8
2024-01-04 20:00:00,1.237,1012.6,8.0
2024-01-04 21:00:00,1.054,1013.9,7.4
2024-01-04 22:00:00,0.848,1015.2,7.0
2024-01-04 23:00:00,0.612,1016.5,6.8
2024-01-05 00:00:00,0.425,1017.6,6.9
2024-01-05 01:00:00,0.328,1018.2,7.0
2024-01-05 02:00:00,0.309,1019.3,6.7
2024-01-05 03:00:00,0.456,1019.7,6.7
2024-01-05 04:00:00,0.662,1020.9,6.4
2024-01-05 05:00:00,0.986,1021.0,6.7
2024-01-05 06:00:00,1.276,1021.4,7.2
2024-01-05 07:00:00,1.422,1022.0,7.3
2024-01-05 08:00:00,1.382,1022.4,7.6
2024-01-05 09:00:00,1.192,1022.7,6.9
2024-01-05 10:00:00,1.006,1022.9,6.6
2024-01-05 11:00:00,0.811,1023.6,6.1
2024-01-05 12:00:00,0.647,1024.1,6.3
2024-01-05 13:00:00,0.55,1024.7,6.9
2024-01-05 14:00:00,0.508,1025.4,6.8
2024-01-05 15:00:00,0.585,1025.7,6.9
2024-01-05 16:00:00,0.714,1024.6,6.9
2024-01-05 17:00:00,0.866,1023.4,7.2
2024-01-05 18:00:00,1.061,1022.6,7.3
2024-01-05 19:00:00,1.2,1022.2,7.0
2024-01-05 20:00:00,1.268,1021.7,7.4
2024-01-05 21:00:00,1.208,1021.9,7.0
2024-01-05 22:00:00,1.041,1021.6,6.9
2024-01-05 23:00:00,0.874,1021.9,6.6
2024-01-06 00:00:00,0.64,1022.8,6.3
2024-01-06 01:00:00,0.477,1022.3,6.7
2024-01-06 02:00:00,0.377,1022.2,6.8
2024-01-06 03:00:00,0.38,1022.0,6.9
2024-01-06 04:00:00,0.542,1021.5,6.7
2024-01-06 05:00:00,0.833,1021.4,6.5
2024-01-06 06:00:00,1.183,1021.5,6.9
2024-01-06 07:00:00,1.399,1021.7,7.4
2024-01-06 08:00:00,1.471,1021.7,7.1
2024-01-06 09:00:00,1.421,1021.1,6.9
2024-01-06 10:00:00,1.268,1021.0,6.8
2024-01-06 11:00:00,1.056,1021.2,6.8
2024-01-06 12:00:00,0.827,1021.1,6.4
2024-01-06 13:00:00,0.68,1020.7,6.6
2024-01-06 14:00:00,0.548,1020.9,6.8
2024-01-06 15:00:00,0.451,1020.5,6.8
2024-01-06 16:00:00,0.501,1019.0,6.9
2024-01-06 17:00:00,0.748,1018.0,6.8
2024-01-06 18:00:00,0.95,1016.6,6.9
2024-01-06 19:00:00,1.19,1015.5,6.6
2024-01-06 20:00:00,1.264,1014.0,7.4
2024-01-06 21:00:00,1.305,1013.0,7.4
2024-01-06 22:00:00,1.347,1011.7,7.1
2024-01-06 23:00:00,1.366,1010.6,7.0
2024-01-07 00:00:00,1.25,1008.8,7.3
2024-01-07 01:00:00,1.044,1006.5,6.9
2024-01-07 02:00:00,0.964,1004.9,6.7
2024-01-07 03:00:00,1.018,1003.3,7.0
2024-01-07 04:00:00,1.062,1002.8,7.0
2024-01-07 05:00:00,1.307,1002.9,7.1
2024-01-07 06:00:00,1.665,1002.2,6.8
2024-01-07 07:00:00,1.869,1001.5,7.5
2024-01-07 08:00:00,1.919,1001.0,7.1
2024-01-07 09:00:00,1.891,1000.1,7.5
2024-01-07 10:00:00,2.015,1000.1,7.3
2024-01-07 11:00:00,2.067,999.9,7.3
2024-01-07 12:00:00,1.917,999.6,7.3
2024-01-07 13:00:00,1.65,999.6,6.9
2024-01-07 14:00:00,1.32,1000.1,7.0
2024-01-07 15:00:00,1.006,999.9,7.1
2024-01-07 16:00:00,0.894,1000.8,6.9
2024-01-07 17:00:00,0.868,1000.5,7.0
2024-01-07 18:00:00,0.947,1000.2,6.9
2024-01-07 19:00:00,1.13,1000.7,6.9
2024-01-07 20:00:00,1.406,1001.6,6.7
2024-01-07 21:00:00,1.584,1003.0,8.0
2024-01-07 22:00:00,1.636,1004.5,7.3
2024-01-07 23:00:00,1.534,1006.3,7.2
2024-01-08 00:00:00,1.298,1008.1,7.1
2024-01-08 01:00:00,1.029,1009.7,6.6
2024-01-08 02:00:00,0.666,1010.9,6.4
2024-01-08 03:00:00,0.443,1012.2,6.4
2024-01-08 04:00:00,0.396,1013.0,6.7
2024-01-08 05:00:00,0.591,1014.3,6.4
2024-01-08 06:00:00,0.86,1015.2,6.6
2024-01-08 07:00:00,1.088,1016.4,6.2
2024-01-08 08:00:00,1.243,1018.0,6.3
2024-01-08 09:00:00,1.395,1018.4,6.7
2024-01-08 10:00:00,1.568,1019.1,6.6
2024-01-08 11:00:00,1.625,1020.6,6.8
2024-01-08 12:00:00,1.493,1022.2,6.1
2024-01-08 13:00:00,1.208,1023.4,6.3
2024-01-08 14:00:00,0.866,1024.8,6.2
2024-01-08 15:00:00,0.615,1026.1,6.4
2024-01-08 16:00:00,0.384,1026.2,6.4
2024-01-08 17:00:00,0.358,1026.6,6.6
2024-01-08 18:00:00,0.574,1026.4,6.5
2024-01-08 19:00:00,0.885,1026.8,6.5
2024-01-08 20:00:00,1.193,1026.8,6.4
2024-01-08 21:00:00,1.374,1027.3,6.9
2024-01-08 22:00:00,1.493,1028.1,6.7
2024-01-08 23:00:00,1.584,1028.9,6.6
2024-01-09 00:00:00,1.533,1029.2,6.9
2024-01-09 01:00:00,1.327,1029.4,6.8
2024-01-09 02:00:00,0.972,1029.0,6.6
2024-01-09 03:00:00,0.646,1028.2,6.5
2024-01-09 04:00:00,0.504,1028.1,6.5
2024-01-09 05:00:00,0.439,1028.1,6.5
2024-01-09 06:00:00,0.59,1028.9,6.6
2024-01-09 07:00:00,0.876,1028.2,6.4
2024-01-09 08:00:00,1.217,1028.3,6.5
2024-01-09 09:00:00,1.498,1027.1,6.9
2024-01-09 10:00:00,1.745,1026.9,6.6
2024-01-09 11:00:00,1.908,1026.9,6.8
2024-01-09 12:00:00,1.85,1025.8,6.8
2024-01-09 13:00:00,1.538,1024.5,6.6
2024-01-09 14:00:00,1.256,1024.6,6.6
2024-01-09 15:00:00,0.913,1023.7,6.7
2024-01-09 16:00:00,0.684,1022.5,6.6
2024-01-09 17:00:00,0.51,1019.4,6.6
2024-01-09 18:00:00,0.477,1016.7,6.6
2024-01-09 19:00:00,0.685,1015.0,6.6
2024-01-09 20:00:00,1.046,1012.7,6.7
2024-01-09 21:00:00,1.452,1009.7,6.6
2024-01-09 22:00:00,1.777,1007.4,6.8
2024-01-09 23:00:00,1.931,1004.3,7.0
2024-01-10 00:00:00,2.009,1000.4,7.0
2024-01-10 01:00:00,1.995,997.5,6.9
2024-01-10 02:00:00,1.766,994.3,7.0
2024-01-10 03:00:00,1.59,990.6,7.1
2024-01-10 04:00:00,1.457,991.3,7.2
2024-01-10 05:00:00,1.271,987.3,7.2
2024-01-10 06:00:00,1.07,983.4,7.2
2024-01-10 07:00:00,1.201,983.0,7.2
2024-01-10 08:00:00,1.407,980.9,7.2
2024-01-10 09:00:00,1.785,980.8,7.0
2024-01-10 10:00:00,1.992,980.9,7.0
2024-01-10 11:00:00,2.131,982.7,7.1
2024-01-10 12:00:00,2.339,984.2,7.1
2024-01-10 13:00:00,2.33,985.2,7.1
2024-01-10 14:00:00,1.871,987.7,7.1
2024-01-10 15:00:00,1.526,988.8,7.1
2024-01-10 16:00:00,1.082,989.9,7.1
2024-01-10 17:00:00,0.688,990.0,7.1
2024-01-10 18:00:00,0.324,991.0,7.2
2024-01-10 19:00:00,0.37,992.8,7.2
2024-01-10 20:00:00,0.391,994.1,7.1
2024-01-10 21:00:00,0.81,995.5,7.0
2024-01-10 22:00:00,1.092,997.0,6.8
2024-01-10 23:00:00,1.241,998.3,6.8
2024-01-11 00:00:00,1.303,999.8,6.8
2024-01-11 01:00:00,1.437,1001.1,6.9
2024-01-11 02:00:00,1.254,1001.9,6.8
2024-01-11 03:00:00,0.898,1002.6,6.7
2024-01-11 04:00:00,0.493,1003.2,6.6
2024-01-11 05:00:00,0.204,1003.9,6.5
2024-01-11 06:00:00,0.021,1004.5,6.4
2024-01-11 07:00:00,0.002,1005.3,6.3
2024-01-11 08:00:00,0.231,1006.1,6.3
2024-01-11 09:00:00,0.698,1006.3,6.0
2024-01-11 10:00:00,1.242,1006.7,6.2
2024-01-11 11:00:00,1.633,1007.4,6.5
2024-01-11 12:00:00,1.835,1008.2,6.4
2024-01-11 13:00:00,1.947,1008.5,6.5
2024-01-11 14:00:00,1.898,1009.8,6.4
2024-01-11 15:00:00,1.595,1009.6,6.4
2024-01-11 16:00:00,1.104,1009.8,6.5
2024-01-11 17:00:00,0.643,1009.3,6.2
2024-01-11 18:00:00,0.346,1008.6,6.2
2024-01-11 19:00:00,0.14,1008.0,6.3
2024-01-11 20:00:00,0.133,1008.1,6.4
2024-01-11 21:00:00,0.441,1009.0,6.4
2024-01-11 22:00:00,0.883,1009.9,6.4
2024-01-11 23:00:00,1.359,1010.4,6.5
2024-01-12 00:00:00,1.644,1011.2,6.5
2024-01-12 01:00:00,1.684,1011.8,6.4
2024-01-12 02:00:00,1.541,1012.5,6.6
2024-01-12 03:00:00,1.245,1013.2,6.6
2024-01-12 04:00:00,0.874,1013.8,6.3
2024-01-12 05:00:00,0.579,1014.5,6.4
2024-01-12 06:00:00,0.354,1015.4,6.3
2024-01-12 07:00:00,0.13,1016.8,6.2
2024-01-12 08:00:00,0.038,1017.8,6.0
2024-01-12 09:00:00,0.261,1018.1,6.1
2024-01-12 10:00:00,0.773,1018.1,6.2
2024-01-12 11:00:00,1.355,1019.2,6.2
2024-01-12 12:00:00,1.719,1019.3,6.3
2024-01-12 13:00:00,1.968,1020.3,6.5
2024-01-12 14:00:00,2.056,1020.8,6.3
2024-01-12 15:00:00,1.887,1021.1,6.3
2024-01-12 16:00:00,1.489,1021.2,6.3
2024-01-12 17:00:00,0.958,1020.5,6.4
2024-01-12 18:00:00,0.51,1018.7,6.4
2024-01-12 19:00:00,0.22,1018.0,6.4
2024-01-12 20:00:00,0.008,1017.6,6.4
2024-01-12 21:00:00,0.125,1017.3,6.4
2024-01-12 22:00:00,0.598,1015.5,6.2
2024-01-12 23:00:00,1.096,1014.6,6.3
2024-01-13 00:00:00,1.545,1013.0,6.3
2024-01-13 01:00:00,1.755,1010.0,6.3
2024-01-13 02:00:00,1.912,1009.6,6.4
2024-01-13 03:00:00,1.868,1008.6,6.4
2024-01-13 04:00:00,1.659,1005.1,6.5
2024-01-13 05:00:00,1.384,1002.7,6.5
2024-01-13 06:00:00,1.219,999.3,6.5
2024-01-13 07:00:00,0.962,997.1,6.5
2024-01-13 08:00:00,0.773,994.2,6.5
2024-01-13 09:00:00,0.841,992.1,6.5
2024-01-13 10:00:00,1.29,989.7,6.4
2024-01-13 11:00:00,1.653,988.4,6.4
2024-01-13 12:00:00,1.886,987.6,6.5
2024-01-13 13:00:00,2.09,986.8,6.5
2024-01-13 14:00:00,2.4,987.0,6.7
2024-01-13 15:00:00,2.622,987.3,6.6
2024-01-13 16:00:00,2.399,987.2,6.7
2024-01-13 17:00:00,1.917,987.1,6.7
2024-01-13 18:00:00,1.321,988.5,6.7
2024-01-13 19:00:00,0.82,989.9,6.8
2024-01-13 20:00:00,0.443,991.1,6.7
2024-01-13 21:00:00,0.22,993.3,6.7
2024-01-13 22:00:00,0.259,995.1,6.7
2024-01-13 23:00:00,0.582,997.2,6.6
2024-01-14 00:00:00,0.995,999.1,6.6
2024-01-14 01:00:00,1.286,1000.6,6.5
2024-01-14 02:00:00,1.434,1002.3,6.4
2024-01-14 03:00:00,1.347,1003.4,6.4
2024-01-14 04:00:00,1.288,1004.8,6.3
2024-01-14 05:00:00,1.11,1006.0,6.3
2024-01-14 06:00:00,0.773,1006.9,6.0
2024-01-14 07:00:00,0.418,1007.8,5.9
2024-01-14 08:00:00,0.043,1008.6,5.6
2024-01-14 09:00:00,-0.273,1009.0,5.6
2024-01-14 10:00:00,-0.284,1009.1,5.5
2024-01-14 11:00:00,0.092,1010.0,5.5
2024-01-14 12:00:00,0.724,1010.0,5.4
2024-01-14 13:00:00,1.32,1009.9,5.4
2024-01-14 14:00:00,1.658,1009.7,5.6
2024-01-14 15:00:00,1.809,1009.4,5.6
2024-01-14 16:00:00,1.801,1007.3,5.6
2024-01-14 17:00:00,1.569,1006.4,5.7
2024-01-14 18:00:00,1.144,1006.8,5.7
2024-01-14 19:00:00,0.604,1007.9,5.6
2024-01-14 20:00:00,0.181,1008.5,5.5
2024-01-14 21:00:00,-0.167,1010.3,5.6
2024-01-14 22:00:00,-0.5,1013.1,5.5
2024-01-14 23:00:00,-0.605,1015.4,5.4
2024-01-15 00:00:00,-0.271,1016.7,5.2
2024-01-15 01:00:00,0.385,1017.2,5.3
2024-01-15 02:00:00,0.99,1018.1,5.5
2024-01-15 03:00:00,1.306,1018.6,5.7
2024-01-15 04:00:00,1.317,1018.9,5.8
2024-01-15 05:00:00,1.261,1019.5,5.7
2024-01-15 06:00:00,1.018,1020.1,5.5
2024-01-15 07:00:00,0.65,1021.1,5.1
2024-01-15 08:00:00,0.234,1021.2,5.0
2024-01-15 09:00:00,-0.042,1021.0,5.1
2024-01-15 10:00:00,-0.166,1021.8,5.0
2024-01-15 11:00:00,-0.003,1022.4,4.8
2024-01-15 12:00:00,0.398,1022.9,4.9
2024-01-15 13:00:00,0.871,1023.0,5.0
2024-01-15 14:00:00,1.257,1023.2,5.2
2024-01-15 15:00:00,1.509,1023.8,5.6
2024-01-15 16:00:00,1.681,1023.3,5.7
2024-01-15 17:00:00,1.639,1022.9,5.5
2024-01-15 18:00:00,1.346,1022.1,5.5
2024-01-15 19:00:00,0.912,1021.4,5.1
2024-01-15 20:00:00,0.504,1021.1,5.0
2024-01-15 21:00:00,0.209,1021.4,5.1
2024-01-15 22:00:00,0.021,1021.2,5.1
2024-01-15 23:00:00,-0.005,1021.3,4.9
2024-01-16 00:00:00,0.28,1020.9,5.1
2024-01-16 01:00:00,0.705,1021.3,5.1
2024-01-16 02:00:00,1.127,1021.4,5.4
2024-01-16 03:00:00,1.408,1020.9,5.3
2024-01-16 04:00:00,1.617,1020.8,5.5
2024-01-16 05:00:00,1.668,1019.6,5.5
2024-01-16 06:00:00,1.548,1018.6,5.5
2024-01-16 07:00:00,1.265,1017.8,5.5
2024-01-16 08:00:00,0.849,1017.2,5.3
2024-01-16 09:00:00,0.505,1016.0,5.2
2024-01-16 10:00:00,0.339,1015.1,5.2
2024-01-16 11:00:00,0.269,1013.9,5.0
2024-01-16 12:00:00,0.418,1013.0,5.0
2024-01-16 13:00:00,0.796,1011.4,5.0
2024-01-16 14:00:00,1.179,1010.6,5.1
2024-01-16 15:00:00,1.539,1009.0,5.6
2024-01-16 16:00:00,1.819,1007.1,5.7
2024-01-16 17:00:00,1.965,1004.6,5.8
2024-01-16 18:00:00,1.872,1002.6,5.6
2024-01-16 19:00:00,1.549,1003.7,5.4
2024-01-16 20:00:00,1.101,1004.5,5.1
2024-01-16 21:00:00,0.714,1004.7,5.2
2024-01-16 22:00:00,0.463,1004.9,5.3
2024-01-16 23:00:00,0.235,1006.0,5.3
2024-01-17 00:00:00,0.096,1006.3,5.1
2024-01-17 01:00:00,0.268,1006.9,5.0
2024-01-17 02:00:00,0.665,1007.5,5.0
2024-01-17 03:00:00,1.161,1008.5,5.1
2024-01-17 04:00:00,1.508,1009.4,5.4
2024-01-17 05:00:00,1.624,1010.2,5.4
2024-01-17 06:00:00,1.613,1010.2,5.6
2024-01-17 07:00:00,1.452,1010.7,5.3
2024-01-17 08:00:00,1.122,1010.9,5.0
2024-01-17 09:00:00,0.796,1010.9,4.7
2024-01-17 10:00:00,0.556,1011.4,4.6
2024-01-17 11:00:00,0.364,1012.4,4.7
2024-01-17 12:00:00,0.234,1013.2,4.4
2024-01-17 13:00:00,0.23,1013.7,4.7
2024-01-17 14:00:00,0.475,1014.5,4.8
2024-01-17 15:00:00,0.818,1014.9,4.5
2024-01-17 16:00:00,1.093,1014.8,5.1
2024-01-17 17:00:00,1.302,1014.2,4.9
2024-01-17 18:00:00,1.388,1013.7,5.0
2024-01-17 19:00:00,1.306,1013.5,5.1
2024-01-17 20:00:00,1.002,1013.7,4.6
2024-01-17 21:00:00,0.64,1014.4,4.0
2024-01-17 22:00:00,0.331,1014.9,4.2
2024-01-17 23:00:00,0.119,1016.0,4.2
2024-01-18 00:00:00,-0.014,1016.8,4.4
2024-01-18 01:00:00,-0.007,1017.0,4.0
2024-01-18 02:00:00,0.17,1017.7,4.4
2024-01-18 03:00:00,0.407,1018.7,4.3
2024-01-18 04:00:00,0.675,1019.1,4.3
2024-01-18 05:00:00,0.911,1019.2,4.7
2024-01-18 06:00:00,1.131,1019.3,4.8
2024-01-18 07:00:00,1.208,1020.0,4.5
2024-01-18 08:00:00,1.058,1020.3,5.1
2024-01-18 09:00:00,0.785,1020.1,3.6
2024-01-18 10:00:00,0.507,1019.9,3.3
2024-01-18 11:00:00,0.25,1019.9,3.6
2024-01-18 12:00:00,0.032,1020.2,4.0
2024-01-18 13:00:00,-0.096,1020.7,4.1
2024-01-18 14:00:00,0.02,1021.5,3.9
2024-01-18 15:00:00,0.28,1021.2,4.0
2024-01-18 16:00:00,0.623,1021.0,3.8
2024-01-18 17:00:00,0.842,1020.7,4.4
2024-01-18 18:00:00,1.024,1018.8,4.6
2024-01-18 19:00:00,1.134,1018.1,4.6
2024-01-18 20:00:00,1.14,1017.3,4.5
2024-01-18 21:00:00,0.872,1016.0,4.1
2024-01-18 22:00:00,0.62,1016.4,4.1
2024-01-18 23:00:00,0.366,1016.6,4.1
2024-01-19 00:00:00,0.216,1017.1,4.2
2024-01-19 01:00:00,0.123,1017.3,4.0
2024-01-19 02:00:00,0.113,1016.6,4.0
2024-01-19 03:00:00,0.293,1015.3,4.1
2024-01-19 04:00:00,0.587,1014.9,4.0
2024-01-19 05:00:00,0.983,1014.2,4.4
2024-01-19 06:00:00,1.344,1013.6,4.6
2024-01-19 07:00:00,1.561,1013.0,4.6
2024-01-19 08:00:00,1.586,1012.4,5.0
2024-01-19 09:00:00,1.347,1011.4,4.7
2024-01-19 10:00:00,1.059,1011.3,4.7
2024-01-19 11:00:00,0.744,1010.7,4.4
2024-01-19 12:00:00,0.493,1009.8,4.2
2024-01-19 13:00:00,0.342,1009.2,4.3
2024-01-19 14:00:00,0.282,1009.4,4.2
2024-01-19 15:00:00,0.407,1008.8,4.1
2024-01-19 16:00:00,0.646,1007.7,4.1
2024-01-19 17:00:00,0.849,1006.2,4.3
2024-01-19 18:00:00,1.08,1005.2,4.4
2024-01-19 19:00:00,1.217,1005.0,4.9
2024-01-19 20:00:00,1.381,1005.1,4.8
2024-01-19 21:00:00,1.328,1005.4,4.8
2024-01-19 22:00:00,1.164,1006.4,4.4
2024-01-19 23:00:00,0.848,1007.4,3.9
2024-01-20 00:00:00,0.56,1008.1,4.1
2024-01-20 01:00:00,0.395,1008.4,4.5
2024-01-20 02:00:00,0.293,1008.8,4.5
2024-01-20 03:00:00,0.323,1009.0,4.3
2024-01-20 04:00:00,0.553,1009.6,4.3
2024-01-20 05:00:00,0.905,1009.9,4.2
2024-01-20 06:00:00,1.261,1010.3,4.8
2024-01-20 07:00:00,1.407,1010.9,4.7
2024-01-20 08:00:00,1.404,1011.3,5.2
2024-01-20 09:00:00,1.342,1011.6,5.0
2024-01-20 10:00:00,1.243,1012.1,4.2
2024-01-20 11:00:00,1.035,1013.0,4.0
2024-01-20 12:00:00,0.754,1013.3,3.7
2024-01-20 13:00:00,0.459,1013.2,3.9
2024-01-20 14:00:00,0.224,1013.3,3.9
2024-01-20 15:00:00,0.132,1013.4,3.8
2024-01-20 16:00:00,0.257,1013.2,4.1
2024-01-20 17:00:00,0.469,1012.6,4.0
2024-01-20 18:00:00,0.654,1012.1,3.9
2024-01-20 19:00:00,0.835,1011.9,3.7
2024-01-20 20:00:00,0.969,1012.6,4.7
2024-01-20 21:00:00,1.025,1013.4,4.8
2024-01-20 22:00:00,0.976,1014.4,4.3
2024-01-20 23:00:00,0.799,1015.1,3.7
2024-01-21 00:00:00,0.527,1015.4,3.3
2024-01-21 01:00:00,0.246,1015.8,3.6
2024-01-21 02:00:00,0.074,1016.4,3.7
2024-01-21 03:00:00,-0.065,1016.9,3.5
2024-01-21 04:00:00,-0.016,1017.3,3.9
2024-01-21 05:00:00,0.319,1017.8,3.8
2024-01-21 06:00:00,0.729,1018.1,3.3
2024-01-21 07:00:00,1.044,1018.9,3.6
2024-01-21 08:00:00,1.193,1019.4,4.1
2024-01-21 09:00:00,1.292,1019.9,4.1
2024-01-21 10:00:00,1.369,1020.7,4.5
2024-01-21 11:00:00,1.286,1022.1,3.5
2024-01-21 12:00:00,1.07,1023.1,3.6
2024-01-21 13:00:00,0.73,1024.4,3.3
2024-01-21 14:00:00,0.455,1025.4,2.9
2024-01-21 15:00:00,0.239,1026.0,3.3
2024-01-21 16:00:00,0.088,1026.4,3.6
2024-01-21 17:00:00,0.078,1025.3,3.8
2024-01-21 18:00:00,0.289,1024.9,4.0
2024-01-21 19:00:00,0.555,1025.2,4.0
2024-01-21 20:00:00,0.825,1025.5,3.8
2024-01-21 21:00:00,0.99,1026.5,4.9
2024-01-21 22:00:00,1.058,1027.4,4.8
2024-01-21 23:00:00,1.048,1028.5,4.4
2024-01-22 00:00:00,0.857,1029.2,3.9
2024-01-22 01:00:00,0.553,1029.8,3.4
2024-01-22 02:00:00,0.274,1030.3,3.6
2024-01-22 03:00:00,0.111,1030.8,3.9
2024-01-22 04:00:00,0.043,1031.3,3.6
2024-01-22 05:00:00,0.155,1031.9,4.0
2024-01-22 06:00:00,0.458,1032.0,4.2
2024-01-22 07:00:00,0.792,1032.3,3.5
2024-01-22 08:00:00,1.063,1032.2,4.0
2024-01-22 09:00:00,1.23,1032.5,4.2
2024-01-22 10:00:00,1.388,1032.3,4.3
2024-01-22 11:00:00,1.449,1032.7,4.7
2024-01-22 12:00:00,1.327,1033.0,3.8
2024-01-22 13:00:00,1.065,1033.4,4.4
2024-01-22 14:00:00,0.728,1033.3,3.6
2024-01-22 15:00:00,0.469,1033.6,3.4
2024-01-22 16:00:00,0.267,1033.1,3.6
2024-01-22 17:00:00,0.137,1032.0,3.6
2024-01-22 18:00:00,0.211,1031.3,3.9
2024-01-22 19:00:00,0.426,1030.7,3.9
2024-01-22 20:00:00,0.668,1030.0,4.1
2024-01-22 21:00:00,0.894,1030.1,3.8
2024-01-22 22:00:00,1.103,1030.1,5.2
2024-01-22 23:00:00,1.25,1030.4,4.5
2024-01-23 00:00:00,1.179,1030.5,4.2
2024-01-23 01:00:00,0.968,1030.6,4.2
2024-01-23 02:00:00,0.658,1030.3,3.9
2024-01-23 03:00:00,0.339,1030.2,3.7
2024-01-23 04:00:00,0.111,1030.2,4.1
2024-01-23 05:00:00,0.005,1029.2,4.0
2024-01-23 06:00:00,0.068,1029.3,4.1
2024-01-23 07:00:00,0.349,1029.3,4.0
2024-01-23 08:00:00,0.705,1029.0,3.9
2024-01-23 09:00:00,1.037,1028.7,3.7
2024-01-23 10:00:00,1.279,1028.4,4.3
2024-01-23 11:00:00,1.331,1028.9,4.2
2024-01-23 12:00:00,1.209,1029.3,4.6
2024-01-23 13:00:00,1.017,1029.4,4.4
2024-01-23 14:00:00,0.811,1030.3,4.1
2024-01-23 15:00:00,0.54,1031.1,4.0
2024-01-23 16:00:00,0.239,1031.1,4.1
2024-01-23 17:00:00,-0.006,1031.1,4.1
2024-01-23 18:00:00,-0.179,1030.5,4.2
2024-01-23 19:00:00,-0.058,1030.1,4.1
2024-01-23 20:00:00,0.22,1031.2,4.1
2024-01-23 21:00:00,0.53,1031.5,4.0
2024-01-23 22:00:00,0.829,1032.0,4.4
2024-01-23 23:00:00,1.106,1032.3,4.5
2024-01-24 00:00:00,1.178,1032.5,4.5
2024-01-24 01:00:00,1.111,1032.2,4.4
2024-01-24 02:00:00,0.878,1032.5,4.4
2024-01-24 03:00:00,0.545,1032.5,4.2
2024-01-24 04:00:00,0.272,1032.7,4.3
2024-01-24 05:00:00,0.144,1032.2,4.2
2024-01-24 06:00:00,0.184,1032.4,4.3
2024-01-24 07:00:00,0.364,1032.3,4.2
2024-01-24 08:00:00,0.694,1032.6,4.2
2024-01-24 09:00:00,1.063,1032.4,4.0
2024-01-24 10:00:00,1.402,1032.1,4.7
2024-01-24 11:00:00,1.578,1031.4,4.5
2024-01-24 12:00:00,1.627,1031.8,4.6
2024-01-24 13:00:00,1.587,1031.6,4.6
2024-01-24 14:00:00,1.402,1031.2,4.6
2024-01-24 15:00:00,1.123,1031.2,4.7
2024-01-24 16:00:00,0.77,1030.9,4.5
2024-01-24 17:00:00,0.451,1030.0,4.6
2024-01-24 18:00:00,0.174,1029.0,4.5
2024-01-24 19:00:00,0.08,1028.4,4.5
2024-01-24 20:00:00,0.265,1027.8,4.5
2024-01-24 21:00:00,0.609,1027.2,4.4
2024-01-24 22:00:00,1.013,1026.3,4.4
2024-01-24 23:00:00,1.317,1026.2,4.7
2024-01-25 00:00:00,1.481,1025.7,4.8
2024-01-25 01:00:00,1.478,1024.7,4.9
2024-01-25 02:00:00,1.295,1023.9,4.8
2024-01-25 03:00:00,1.017,1023.0,4.8
2024-01-25 04:00:00,0.685,1022.3,4.9
2024-01-25 05:00:00,0.507,1021.3,4.8
2024-01-25 06:00:00,0.41,1020.0,4.8
2024-01-25 07:00:00,0.411,1019.5,4.7
2024-01-25 08:00:00,0.519,1019.2,4.6
2024-01-25 09:00:00,0.785,1018.5,4.6
2024-01-25 10:00:00,1.155,1018.1,4.4
2024-01-25 11:00:00,1.497,1018.3,4.7
2024-01-25 12:00:00,1.663,1018.7,4.8
2024-01-25 13:00:00,1.689,1018.6,4.9
2024-01-25 14:00:00,1.552,1018.6,4.9
2024-01-25 15:00:00,1.287,1018.9,4.9
2024-01-25 16:00:00,0.923,1018.6,4.9
2024-01-25 17:00:00,0.553,1017.8,5.0
2024-01-25 18:00:00,0.276,1017.5,4.9
2024-01-25 19:00:00,0.096,1017.3,5.0
2024-01-25 20:00:00,0.093,1017.5,5.0
2024-01-25 21:00:00,0.327,1017.6,4.9
2024-01-25 22:00:00,0.675,1018.1,4.8
2024-01-25 23:00:00,1.098,1019.0,4.8
2024-01-26 00:00:00,1.296,1019.6,4.8
2024-01-26 01:00:00,1.418,1020.3,4.8
2024-01-26 02:00:00,1.417,1020.1,5.0
2024-01-26 03:00:00,1.266,1020.4,5.0
2024-01-26 04:00:00,0.979,1020.4,5.0
2024-01-26 05:00:00,0.695,1020.2,4.9
2024-01-26 06:00:00,0.57,1019.3,4.9
2024-01-26 07:00:00,0.472,1018.8,4.9
2024-01-26 08:00:00,0.485,1018.2,4.8
2024-01-26 09:00:00,0.731,1017.8,4.7
2024-01-26 10:00:00,1.179,1017.5,4.6
2024-01-26 11:00:00,1.586,1016.6,4.8
2024-01-26 12:00:00,1.791,1016.5,4.7
2024-01-26 13:00:00,1.831,1016.3,5.1
2024-01-26 14:00:00,1.871,1015.7,5.0
2024-01-26 15:00:00,1.781,1015.6,5.1
2024-01-26 16:00:00,1.529,1015.5,5.1
2024-01-26 17:00:00,1.078,1014.2,5.1
2024-01-26 18:00:00,0.739,1013.6,5.1
2024-01-26 19:00:00,0.486,1013.5,5.1
2024-01-26 20:00:00,0.305,1013.7,5.1
2024-01-26 21:00:00,0.411,1014.1,5.0
2024-01-26 22:00:00,0.772,1014.1,4.9
2024-01-26 23:00:00,1.196,1014.7,4.8
2024-01-27 00:00:00,1.512,1015.8,4.9
2024-01-27 01:00:00,1.639,1016.3,5.1
2024-01-27 02:00:00,1.696,1016.5,5.0
2024-01-27 03:00:00,1.652,1016.7,5.2
2024-01-27 04:00:00,1.404,1016.7,5.2
2024-01-27 05:00:00,1.064,1017.1,5.0
2024-01-27 06:00:00,0.819,1017.4,5.0
2024-01-27 07:00:00,0.644,1017.7,5.0
2024-01-27 08:00:00,0.499,1017.6,4.9
2024-01-27 09:00:00,0.53,1017.9,4.8
2024-01-27 10:00:00,0.839,1018.4,4.7
2024-01-27 11:00:00,1.242,1019.4,4.7
2024-01-27 12:00:00,1.589,1020.2,4.8
2024-01-27 13:00:00,1.748,1020.9,4.8
2024-01-27 14:00:00,1.825,1021.3,4.8
2024-01-27 15:00:00,1.797,1021.6,4.8
2024-01-27 16:00:00,1.59,1021.8,5.0
2024-01-27 17:00:00,1.233,1021.3,4.8
2024-01-27 18:00:00,0.813,1021.0,4.9
2024-01-27 19:00:00,0.536,1021.0,4.8
2024-01-27 20:00:00,0.327,1021.1,4.8
2024-01-27 21:00:00,0.288,1021.3,4.7
2024-01-27 22:00:00,0.523,1020.8,4.7
2024-01-27 23:00:00,0.866,1020.7,4.6
2024-01-28 00:00:00,1.253,1021.0,4.8
2024-01-28 01:00:00,1.451,1020.8,4.6
2024-01-28 02:00:00,1.542,1020.9,4.5
2024-01-28 03:00:00,1.598,1020.4,4.6
2024-01-28 04:00:00,1.501,1020.8,4.7
2024-01-28 05:00:00,1.26,1019.5,4.5
2024-01-28 06:00:00,0.943,1018.5,4.4
2024-01-28 07:00:00,0.702,1017.9,4.4
2024-01-28 08:00:00,0.507,1016.4,4.5
2024-01-28 09:00:00,0.461,1015.1,4.5
2024-01-28 10:00:00,0.658,1014.7,4.4
2024-01-28 11:00:00,1.132,1013.1,4.4
2024-01-28 12:00:00,1.559,1012.4,4.6
2024-01-28 13:00:00,1.784,1012.5,4.5
2024-01-28 14:00:00,1.895,1011.0,4.8
2024-01-28 15:00:00,1.943,1008.7,4.9
2024-01-28 16:00:00,1.905,1007.1,4.8
2024-01-28 17:00:00,1.74,1005.4,4.8
2024-01-28 18:00:00,1.413,1003.8,4.8
2024-01-28 19:00:00,1.148,1002.9,4.7
2024-01-28 20:00:00,0.984,1002.4,4.7
2024-01-28 21:00:00,0.833,1002.2,4.6
2024-01-28 22:00:00,0.737,1002.4,4.6
2024-01-28 23:00:00,0.887,1002.1,4.7
2024-01-29 00:00:00,1.212,1002.1,4.6
2024-01-29 01:00:00,1.593,1002.0,4.5
2024-01-29 02:00:00,1.819,1001.6,4.7
2024-01-29 03:00:00,1.901,1001.3,4.7
2024-01-29 04:00:00,1.859,1001.3,4.7
2024-01-29 05:00:00,1.676,1001.6,4.5
2024-01-29 06:00:00,1.408,1001.9,4.2
2024-01-29 07:00:00,1.131,1002.5,4.4
2024-01-29 08:00:00,0.917,1002.8,4.6
2024-01-29 09:00:00,0.727,1003.2,4.4
2024-01-29 10:00:00,0.718,1003.6,4.4
2024-01-29 11:00:00,0.942,1004.6,4.5
2024-01-29 12:00:00,1.267,1005.3,4.4
2024-01-29 13:00:00,1.605,1006.5,4.9
2024-01-29 14:00:00,1.744,1007.0,4.4
2024-01-29 15:00:00,1.811,1007.9,4.6
2024-01-29 16:00:00,1.828,1008.5,4.4
2024-01-29 17:00:00,1.67,1008.7,4.4
2024-01-29 18:00:00,1.347,1008.8,4.2
2024-01-29 19:00:00,0.96,1009.1,4.2
2024-01-29 20:00:00,0.685,1009.8,4.4
2024-01-29 21:00:00,0.516,1011.1,4.3
2024-01-29 22:00:00,0.52,1012.1,4.4
2024-01-29 23:00:00,0.744,1013.3,4.3
2024-01-30 00:00:00,1.075,1014.6,4.3
2024-01-30 01:00:00,1.358,1015.6,4.2
2024-01-30 02:00:00,1.514,1016.3,4.5
2024-01-30 03:00:00,1.637,1017.0,4.5
2024-01-30 04:00:00,1.755,1017.4,4.4
2024-01-30 05:00:00,1.837,1018.0,4.3
2024-01-30 06:00:00,1.721,1018.2,4.1
2024-01-30 07:00:00,1.391,1018.4,4.0
2024-01-30 08:00:00,1.065,1018.6,4.0
2024-01-30 09:00:00,0.877,1019.2,4.2
2024-01-30 10:00:00,0.855,1019.4,4.4
2024-01-30 11:00:00,1.031,1020.5,4.3
2024-01-30 12:00:00,1.311,1020.8,4.5
2024-01-30 13:00:00,1.569,1021.4,4.5
2024-01-30 14:00:00,1.763,1021.8,4.4
2024-01-30 15:00:00,1.885,1021.9,4.5
2024-01-30 16:00:00,1.946,1021.7,4.6
2024-01-30 17:00:00,1.892,1021.2,4.6
2024-01-30 18:00:00,1.684,1020.9,4.2
2024-01-30 19:00:00,1.37,1020.8,4.0
2024-01-30 20:00:00,1.05,1020.4,4.2
2024-01-30 21:00:00,0.816,1020.5,4.3
2024-01-30 22:00:00,0.673,1020.5,4.3
2024-01-30 23:00:00,0.729,1020.4,4.2
2024-01-31 00:00:00,1.044,1020.7,4.4
2024-01-31 01:00:00,1.381,1020.9,4.1
2024-01-31 02:00:00,1.596,1020.5,4.9
2024-01-31 03:00:00,1.669,1020.4,4.4
2024-01-31 04:00:00,1.761,1020.2,4.4
2024-01-31 05:00:00,1.862,1020.2,4.1
2024-01-31 06:00:00,1.79,1019.5,3.9
2024-01-31 07:00:00,1.556,1019.7,4.0
2024-01-31 08:00:00,1.196,1019.3,4.1
2024-01-31 09:00:00,0.88,1018.9,4.0
2024-01-31 10:00:00,0.729,1018.7,4.2
2024-01-31 11:00:00,0.724,1018.8,4.0
2024-01-31 12:00:00,0.873,1019.1,4.2
2024-01-31 13:00:00,1.124,1019.0,4.1
2024-01-31 14:00:00,1.413,1018.9,3.9
2024-01-31 15:00:00,1.576,1018.5,4.7
2024-01-31 16:00:00,1.673,1018.7,4.4
2024-01-31 17:00:00,1.659,1018.0,4.3
2024-01-31 18:00:00,1.521,1017.9,4.0
2024-01-31 19:00:00,1.321,1017.8,3.9
2024-01-31 20:00:00,1.018,1017.9,3.7
2024-01-31 21:00:00,0.784,1017.7,4.0
2024-01-31 22:00:00,0.584,1017.3,3.9
2024-01-31 23:00:00,0.526,1017.6,4.0
2024-02-01 00:00:00,0.658,1017.5,4.1
2024-02-01 01:00:00,0.905,1017.0,4.0
2024-02-01 02:00:00,1.198,1016.9,3.9
2024-02-01 03:00:00,1.363,1016.9,4.5
2024-02-01 04:00:00,1.479,1017.0,4.3
2024-02-01 05:00:00,1.599,1016.5,4.2
2024-02-01 06:00:00,1.662,1015.7,4.1
2024-02-01 07:00:00,1.528,1015.7,3.7
2024-02-01 08:00:00,1.236,1015.3,4.1
2024-02-01 09:00:00,0.922,1015.3,3.8
2024-02-01 10:00:00,0.745,1015.6,3.9
2024-02-01 11:00:00,0.683,1015.7,4.0
2024-02-01 12:00:00,0.722,1016.0,4.2
2024-02-01 13:00:00,0.892,1016.0,4.0
2024-02-01 14:00:00,1.07,1016.1,3.9
2024-02-01 15:00:00,1.314,1016.0,4.1
2024-02-01 16:00:00,1.448,1015.6,4.5
2024-02-01 17:00:00,1.496,1014.6,4.3
2024-02-01 18:00:00,1.475,1013.2,4.2
2024-02-01 19:00:00,1.357,1012.7,4.1
2024-02-01 20:00:00,1.155,1012.0,3.7
2024-02-01 21:00:00,0.883,1011.3,3.5
2024-02-01 22:00:00,0.698,1011.3,3.9
2024-02-01 23:00:00,0.603,1011.4,4.1
2024-02-02 00:00:00,0.621,1011.5,4.1
2024-02-02 01:00:00,0.758,1011.6,4.0
2024-02-02 02:00:00,0.96,1011.5,3.9
2024-02-02 03:00:00,1.209,1011.0,4.0
2024-02-02 04:00:00,1.37,1010.7,4.5
2024-02-02 05:00:00,1.545,1010.3,4.5
2024-02-02 06:00:00,1.69,1009.8,4.2
2024-02-02 07:00:00,1.652,1009.8,4.1
2024-02-02 08:00:00,1.465,1009.5,3.8
2024-02-02 09:00:00,1.136,1008.7,3.9
2024-02-02 10:00:00,0.92,1008.0,3.8
2024-02-02 11:00:00,0.795,1008.3,4.1
2024-02-02 12:00:00,0.761,1008.4,4.2
2024-02-02 13:00:00,0.816,1008.7,4.1
2024-02-02 14:00:00,0.998,1009.0,4.0
2024-02-02 15:00:00,1.225,1009.2,4.1
2024-02-02 16:00:00,1.393,1009.5,4.5
2024-02-02 17:00:00,1.43,1009.3,4.7
2024-02-02 18:00:00,1.437,1009.0,4.7
2024-02-02 19:00:00,1.432,1008.9,4.4
2024-02-02 20:00:00,1.314,1009.7,4.3
2024-02-02 21:00:00,1.107,1010.4,4.1
2024-02-02 22:00:00,0.877,1011.2,4.0
2024-02-02 23:00:00,0.724,1012.0,4.1
2024-02-03 00:00:00,0.626,1012.6,4.3
2024-02-03 01:00:00,0.643,1013.1,4.2
2024-02-03 02:00:00,0.792,1013.5,4.1
2024-02-03 03:00:00,1.016,1013.7,3.9
2024-02-03 04:00:00,1.289,1013.9,4.1
2024-02-03 05:00:00,1.441,1014.0,4.5
2024-02-03 06:00:00,1.613,1014.2,4.3
2024-02-03 07:00:00,1.681,1014.6,4.3
2024-02-03 08:00:00,1.609,1014.8,4.3
2024-02-03 09:00:00,1.395,1014.6,3.9
2024-02-03 10:00:00,1.146,1015.0,3.3
2024-02-03 11:00:00,0.98,1015.3,3.5
2024-02-03 12:00:00,0.848,1016.1,3.8
2024-02-03 13:00:00,0.754,1016.6,3.9
2024-02-03 14:00:00,0.801,1017.0,3.9
2024-02-03 15:00:00,0.94,1017.1,4.1
2024-02-03 16:00:00,1.125,1016.8,4.3
2024-02-03 17:00:00,1.311,1015.9,4.6
2024-02-03 18:00:00,1.413,1015.2,4.5
2024-02-03 19:00:00,1.472,1014.6,4.8
2024-02-03 20:00:00,1.447,1014.5,4.5
2024-02-03 21:00:00,1.326,1014.2,4.3
2024-02-03 22:00:00,1.125,1014.6,4.0
2024-02-03 23:00:00,0.895,1014.8,4.0
2024-02-04 00:00:00,0.779,1015.3,4.2
2024-02-04 01:00:00,0.745,1015.5,4.3
2024-02-04 02:00:00,0.765,1015.7,4.3
2024-02-04 03:00:00,0.914,1015.6,4.1
2024-02-04 04:00:00,1.125,1015.7,4.1
2024-02-04 05:00:00,1.395,1015.5,4.0
2024-02-04 06:00:00,1.637,1015.3,4.6
2024-02-04 07:00:00,1.807,1015.1,4.5
2024-02-04 08:00:00,1.839,1015.2,4.1
2024-02-04 09:00:00,1.73,1015.1,4.8
2024-02-04 10:00:00,1.569,1015.3,4.1
2024-02-04 11:00:00,1.294,1015.3,3.9
2024-02-04 12:00:00,1.07,1015.4,3.9
2024-02-04 13:00:00,0.896,1015.8,4.2
2024-02-04 14:00:00,0.818,1015.9,4.2
2024-02-04 15:00:00,0.897,1015.8,4.3
2024-02-04 16:00:00,1.053,1015.1,4.3
2024-02-04 17:00:00,1.196,1014.0,4.2
2024-02-04 18:00:00,1.356,1013.2,4.3
2024-02-04 19:00:00,1.467,1012.1,4.9
2024-02-04 20:00:00,1.545,1011.5,4.6
2024-02-04 21:00:00,1.535,1011.2,4.8
2024-02-04 22:00:00,1.413,1011.2,4.3
2024-02-04 23:00:00,1.23,1011.0,4.1
2024-02-05 00:00:00,1.016,1011.2,3.9
2024-02-05 01:00:00,0.846,1011.4,4.2
2024-02-05 02:00:00,0.751,1011.6,4.5
2024-02-05 03:00:00,0.728,1011.7,4.2
2024-02-05 04:00:00,0.875,1011.6,4.2
2024-02-05 05:00:00,1.146,1011.4,4.2
2024-02-05 06:00:00,1.519,1011.1,4.4
2024-02-05 07:00:00,1.724,1010.8,4.7
2024-02-05 08:00:00,1.818,1010.6,4.6
2024-02-05 09:00:00,1.821,1010.9,4.9
2024-02-05 10:00:00,1.787,1010.8,4.5
2024-02-05 11:00:00,1.636,1011.4,4.1
2024-02-05 12:00:00,1.348,1011.6,3.9
2024-02-05 13:00:00,1.109,1012.2,4.0
2024-02-05 14:00:00,0.893,1012.4,4.4
2024-02-05 15:00:00,0.738,1012.3,4.3
2024-02-05 16:00:00,0.829,1012.5,4.4
2024-02-05 17:00:00,1.02,1011.9,4.4
2024-02-05 18:00:00,1.218,1011.6,4.3
2024-02-05 19:00:00,1.434,1011.2,4.7
2024-02-05 20:00:00,1.575,1011.0,5.0
2024-02-05 21:00:00,1.632,1011.4,4.8
2024-02-05 22:00:00,1.633,1012.0,4.6
2024-02-05 23:00:00,1.552,1012.9,4.3
2024-02-06 00:00:00,1.33,1013.9,3.9
2024-02-06 01:00:00,1.041,1014.3,4.1
2024-02-06 02:00:00,0.853,1014.6,4.3
2024-02-06 03:00:00,0.702,1015.1,4.3
2024-02-06 04:00:00,0.712,1015.4,4.3
2024-02-06 05:00:00,0.964,1015.7,4.4
2024-02-06 06:00:00,1.311,1016.1,4.3
2024-02-06 07:00:00,1.635,1016.6,4.6
2024-02-06 08:00:00,1.814,1017.1,4.6
2024-02-06 09:00:00,1.926,1017.5,4.8
2024-02-06 10:00:00,1.979,1017.7,4.4
2024-02-06 11:00:00,1.896,1018.7,4.4
2024-02-06 12:00:00,1.659,1019.4,4.1
2024-02-06 13:00:00,1.339,1020.1,4.1
2024-02-06 14:00:00,1.06,1020.7,4.1
2024-02-06 15:00:00,0.852,1020.9,4.3
2024-02-06 16:00:00,0.695,1020.9,4.3
2024-02-06 17:00:00,0.69,1020.1,4.4
2024-02-06 18:00:00,0.856,1019.7,4.4
2024-02-06 19:00:00,1.117,1019.4,4.4
2024-02-06 20:00:00,1.408,1019.6,4.1
2024-02-06 21:00:00,1.565,1019.9,4.7
2024-02-06 22:00:00,1.677,1020.6,4.6
2024-02-06 23:00:00,1.64,1021.0,4.5
2024-02-07 00:00:00,1.494,1021.3,4.3
2024-02-07 01:00:00,1.276,1021.4,4.2
2024-02-07 02:00:00,0.991,1022.0,4.3
2024-02-07 03:00:00,0.758,1022.2,4.4
2024-02-07 04:00:00,0.614,1022.1,4.5
2024-02-07 05:00:00,0.64,1021.8,4.3
2024-02-07 06:00:00,0.924,1022.4,4.4
2024-02-07 07:00:00,1.256,1022.2,4.2
2024-02-07 08:00:00,1.556,1022.5,4.8
2024-02-07 09:00:00,1.763,1022.8,4.5
2024-02-07 10:00:00,1.926,1023.2,5.0
2024-02-07 11:00:00,2.009,1023.8,4.6
2024-02-07 12:00:00,1.945,1024.5,4.5
2024-02-07 13:00:00,1.699,1025.2,4.4
2024-02-07 14:00:00,1.29,1025.3,4.2
2024-02-07 15:00:00,0.924,1025.4,4.3
2024-02-07 16:00:00,0.634,1025.2,4.4
2024-02-07 17:00:00,0.443,1024.7,4.6
2024-02-07 18:00:00,0.428,1023.3,4.6
2024-02-07 19:00:00,0.705,1022.7,4.6
2024-02-07 20:00:00,1.06,1022.7,4.6
2024-02-07 21:00:00,1.387,1022.5,4.8
2024-02-07 22:00:00,1.568,1022.8,4.8
2024-02-07 23:00:00,1.679,1023.3,4.6
2024-02-08 00:00:00,1.663,1023.8,4.8
2024-02-08 01:00:00,1.491,1023.6,4.6
2024-02-08 02:00:00,1.186,1023.7,4.5
2024-02-08 03:00:00,0.784,1024.3,4.5
2024-02-08 04:00:00,0.498,1023.9,4.5
2024-02-08 05:00:00,0.341,1023.9,4.6
2024-02-08 06:00:00,0.465,1024.3,4.5
2024-02-08 07:00:00,0.749,1024.5,4.3
2024-02-08 08:00:00,1.124,1024.2,4.4
2024-02-08 09:00:00,1.495,1024.2,4.8
2024-02-08 10:00:00,1.744,1024.4,4.6
2024-02-08 11:00:00,1.908,1024.6,4.7
2024-02-08 12:00:00,1.96,1024.8,4.7
2024-02-08 13:00:00,1.848,1025.1,4.6
2024-02-08 14:00:00,1.542,1025.5,4.6
2024-02-08 15:00:00,1.092,1025.1,4.6
2024-02-08 16:00:00,0.684,1024.7,4.6
2024-02-08 17:00:00,0.361,1024.1,4.7
2024-02-08 18:00:00,0.157,1023.4,4.8
2024-02-08 19:00:00,0.253,1022.9,4.9
2024-02-08 20:00:00,0.623,1022.6,4.9
2024-02-08 21:00:00,1.03,1022.8,4.8
2024-02-08 22:00:00,1.385,1022.9,4.9
2024-02-08 23:00:00,1.588,1023.0,4.9
2024-02-09 00:00:00,1.709,1022.7,4.8
2024-02-09 01:00:00,1.666,1022.4,4.8
2024-02-09 02:00:00,1.393,1022.2,4.8
2024-02-09 03:00:00,0.986,1022.1,4.8
2024-02-09 04:00:00,0.658,1022.2,4.8
2024-02-09 05:00:00,0.411,1022.6,4.8
2024-02-09 06:00:00,0.276,1021.6,4.8
2024-02-09 07:00:00,0.321,1020.3,4.7
2024-02-09 08:00:00,0.624,1020.3,4.7
2024-02-09 09:00:00,1.062,1020.5,4.7
2024-02-09 10:00:00,1.541,1020.2,4.8
2024-02-09 11:00:00,1.899,1019.8,4.8
2024-02-09 12:00:00,2.08,1020.1,4.8
2024-02-09 13:00:00,2.118,1019.6,4.8
2024-02-09 14:00:00,1.858,1019.8,4.8
2024-02-09 15:00:00,1.501,1019.2,4.9
2024-02-09 16:00:00,0.973,1018.5,5.0
2024-02-09 17:00:00,0.64,1017.3,5.0
2024-02-09 18:00:00,0.281,1016.3,5.1
2024-02-09 19:00:00,0.109,1015.5,5.1
2024-02-09 20:00:00,0.264,1014.8,5.1
2024-02-09 21:00:00,0.742,1014.8,5.1
2024-02-09 22:00:00,1.161,1014.2,5.0
2024-02-09 23:00:00,1.551,1013.7,4.9
2024-02-10 00:00:00,1.778,1013.8,4.9
2024-02-10 01:00:00,1.871,1013.6,5.0
2024-02-10 02:00:00,1.768,1012.9,5.1
2024-02-10 03:00:00,1.458,1013.3,5.1
2024-02-10 04:00:00,1.006,1012.6,5.1
2024-02-10 05:00:00,0.66,1012.4,5.1
2024-02-10 06:00:00,0.401,1011.8,5.1
2024-02-10 07:00:00,0.234,1011.3,5.0
2024-02-10 08:00:00,0.243,1010.6,5.0
2024-02-10 09:00:00,0.651,1010.3,4.9
2024-02-10 10:00:00,1.21,1010.5,5.0
2024-02-10 11:00:00,1.738,1010.3,4.9
2024-02-10 12:00:00,1.985,1009.8,5.0
2024-02-10 13:00:00,2.114,1011.2,5.0
2024-02-10 14:00:00,2.143,1010.8,5.1
2024-02-10 15:00:00,1.896,1009.9,5.2
2024-02-10 16:00:00,1.415,1009.7,5.2
2024-02-10 17:00:00,0.903,1009.3,5.2
2024-02-10 18:00:00,0.512,1008.3,5.2
2024-02-10 19:00:00,0.193,1007.5,5.2
2024-02-10 20:00:00,0.019,1006.8,5.2
2024-02-10 21:00:00,0.214,1006.9,5.2
2024-02-10 22:00:00,0.731,1006.4,5.1
2024-02-10 23:00:00,1.29,1006.9,5.0
2024-02-11 00:00:00,1.677,1007.7,5.0
2024-02-11 01:00:00,1.882,1008.0,5.1
2024-02-11 02:00:00,1.888,1008.4,5.1
2024-02-11 03:00:00,1.765,1008.3,5.2
2024-02-11 04:00:00,1.38,1008.5,5.3
2024-02-11 05:00:00,0.932,1008.5,5.2
2024-02-11 06:00:00,0.618,1008.5,5.2
2024-02-11 07:00:00,0.34,1009.2,5.2
2024-02-11 08:00:00,0.108,1009.5,5.1
2024-02-11 09:00:00,0.142,1009.6,5.1
2024-02-11 10:00:00,0.63,1010.4,4.9
2024-02-11 11:00:00,1.219,1011.0,5.0
2024-02-11 12:00:00,1.691,1011.4,4.9
2024-02-11 13:00:00,1.923,1012.2,5.1
2024-02-11 14:00:00,2.054,1012.3,5.1
2024-02-11 15:00:00,2.02,1012.8,5.2
2024-02-11 16:00:00,1.718,1011.9,5.2
2024-02-11 17:00:00,1.23,1011.4,5.2
2024-02-11 18:00:00,0.751,1011.3,5.2
2024-02-11 19:00:00,0.364,1010.5,5.3
2024-02-11 20:00:00,0.069,1010.5,5.3
2024-02-11 21:00:00,-0.057,1010.5,5.2
2024-02-11 22:00:00,0.283,1011.1,5.1
2024-02-11 23:00:00,0.852,1011.2,5.0
2024-02-12 00:00:00,1.361,1011.2,5.0
2024-02-12 01:00:00,1.7,1011.0,5.0
2024-02-12 02:00:00,1.869,1011.3,5.2
2024-02-12 03:00:00,1.925,1011.7,5.2
2024-02-12 04:00:00,1.768,1011.6,5.2
2024-02-12 05:00:00,1.36,1011.7,5.2
2024-02-12 06:00:00,0.86,1011.4,5.2
2024-02-12 07:00:00,0.529,1011.5,5.1
2024-02-12 08:00:00,0.227,1010.7,5.2
2024-02-12 09:00:00,0.046,1011.2,5.1
2024-02-12 10:00:00,0.203,1011.5,5.0
2024-02-12 11:00:00,0.774,1011.8,4.9
2024-02-12 12:00:00,1.321,1011.8,5.0
2024-02-12 13:00:00,1.706,1012.2,5.0
2024-02-12 14:00:00,1.906,1012.5,5.1
2024-02-12 15:00:00,2.007,1013.0,5.1
2024-02-12 16:00:00,1.989,1012.0,5.2
2024-02-12 17:00:00,1.632,1010.9,5.2
2024-02-12 18:00:00,1.092,1009.5,5.3
2024-02-12 19:00:00,0.668,1009.5,5.4
2024-02-12 20:00:00,0.35,1008.7,5.4
2024-02-12 21:00:00,0.081,1008.7,5.3
2024-02-12 22:00:00,0.022,1008.5,5.3
2024-02-12 23:00:00,0.432,1008.8,5.2
2024-02-13 00:00:00,1.037,1008.7,5.1
2024-02-13 01:00:00,1.506,1008.1,5.0
2024-02-13 02:00:00,1.827,1008.4,5.1
2024-02-13 03:00:00,1.95,1007.4,5.2
2024-02-13 04:00:00,1.99,1006.0,5.3
2024-02-13 05:00:00,1.783,1004.6,5.3
2024-02-13 06:00:00,1.376,1003.4,5.3
2024-02-13 07:00:00,0.967,1002.2,5.3
2024-02-13 08:00:00,0.647,1001.5,5.2
2024-02-13 09:00:00,0.424,999.9,5.2
2024-02-13 10:00:00,0.321,998.4,5.1
2024-02-13 11:00:00,0.566,998.1,5.0
2024-02-13 12:00:00,1.054,996.6,5.0
2024-02-13 13:00:00,1.543,995.5,5.0
2024-02-13 14:00:00,1.912,995.9,5.0
2024-02-13 15:00:00,2.076,995.5,5.1
2024-02-13 16:00:00,2.164,996.9,5.0
2024-02-13 17:00:00,2.009,997.8,5.0
2024-02-13 18:00:00,1.632,998.8,5.0
2024-02-13 19:00:00,1.205,999.8,5.0
2024-02-13 20:00:00,0.692,1001.1,5.0
2024-02-13 21:00:00,0.36,1002.3,5.1
2024-02-13 22:00:00,0.177,1003.1,5.1
2024-02-13 23:00:00,0.387,1004.5,4.9
2024-02-14 00:00:00,0.934,1005.6,4.8
2024-02-14 01:00:00,1.393,1006.3,4.9
2024-02-14 02:00:00,1.622,1007.4,4.9
2024-02-14 03:00:00,1.755,1007.6,5.0
2024-02-14 04:00:00,1.989,1007.7,5.0
2024-02-14 05:00:00,2.106,1008.1,5.0
2024-02-14 06:00:00,1.886,1008.4,4.9
2024-02-14 07:00:00,1.474,1009.0,4.9
2024-02-14 08:00:00,0.917,1009.6,5.0
2024-02-14 09:00:00,0.527,1010.4,4.8
2024-02-14 10:00:00,0.236,1011.2,4.9
2024-02-14 11:00:00,0.116,1011.9,4.8
2024-02-14 12:00:00,0.266,1013.0,4.7
2024-02-14 13:00:00,0.698,1014.3,4.5
2024-02-14 14:00:00,1.115,1015.0,4.9
2024-02-14 15:00:00,1.407,1015.6,4.8
2024-02-14 16:00:00,1.533,1015.5,4.9
2024-02-14 17:00:00,1.551,1015.4,4.8
2024-02-14 18:00:00,1.343,1014.8,4.8
2024-02-14 19:00:00,1.068,1014.7,4.8
2024-02-14 20:00:00,0.744,1014.7,4.9
2024-02-14 21:00:00,0.421,1015.4,4.8
2024-02-14 22:00:00,0.108,1016.1,4.7
2024-02-14 23:00:00,-0.112,1017.3,4.6
2024-02-15 00:00:00,-0.076,1017.9,4.4
2024-02-15 01:00:00,0.344,1018.1,4.4
2024-02-15 02:00:00,0.812,1018.5,4.5
2024-02-15 03:00:00,1.151,1018.5,4.5
2024-02-15 04:00:00,1.34,1018.9,4.5
2024-02-15 05:00:00,1.469,1019.4,4.5
2024-02-15 06:00:00,1.509,1019.6,4.3
2024-02-15 07:00:00,1.277,1020.1,4.2
2024-02-15 08:00:00,0.913,1020.4,4.2
2024-02-15 09:00:00,0.476,1020.5,4.2
2024-02-15 10:00:00,0.233,1021.2,4.2
2024-02-15 11:00:00,0.099,1021.4,4.1
2024-02-15 12:00:00,0.079,1021.3,4.2
2024-02-15 13:00:00,0.35,1021.6,3.9
2024-02-15 14:00:00,0.694,1021.2,4.0
2024-02-15 15:00:00,1.05,1021.2,4.3
2024-02-15 16:00:00,1.255,1021.2,4.4
2024-02-15 17:00:00,1.445,1019.4,4.4
2024-02-15 18:00:00,1.515,1017.7,4.6
2024-02-15 19:00:00,1.398,1015.4,4.6
2024-02-15 20:00:00,1.126,1014.3,4.5
2024-02-15 21:00:00,0.762,1012.9,4.6
2024-02-15 22:00:00,0.516,1011.6,4.5
2024-02-15 23:00:00,0.411,1010.0,4.5
2024-02-16 00:00:00,0.433,1010.1,4.4
2024-02-16 01:00:00,0.626,1009.5,4.2
2024-02-16 02:00:00,0.88,1008.2,4.4
2024-02-16 03:00:00,1.212,1007.2,4.4
2024-02-16 04:00:00,1.45,1006.6,4.7
2024-02-16 05:00:00,1.62,1005.9,4.5
2024-02-16 06:00:00,1.768,1005.0,4.5
2024-02-16 07:00:00,1.744,1004.9,4.6
2024-02-16 08:00:00,1.487,1005.3,4.5
2024-02-16 09:00:00,1.041,1005.8,4.3
2024-02-16 10:00:00,0.646,1006.9,4.4
2024-02-16 11:00:00,0.332,1008.2,4.3
2024-02-16 12:00:00,0.118,1009.6,4.2
2024-02-16 13:00:00,0.022,1010.8,4.3
2024-02-16 14:00:00,0.133,1010.7,4.3
2024-02-16 15:00:00,0.334,1010.8,4.3
2024-02-16 16:00:00,0.596,1011.1,4.5
2024-02-16 17:00:00,0.869,1011.0,4.5
2024-02-16 18:00:00,1.118,1010.9,4.5
2024-02-16 19:00:00,1.255,1010.4,4.4
2024-02-16 20:00:00,1.156,1010.8,4.5
2024-02-16 21:00:00,0.866,1010.8,4.4
2024-02-16 22:00:00,0.525,1011.1,4.4
2024-02-16 23:00:00,0.28,1011.9,4.3
2024-02-17 00:00:00,0.197,1012.1,4.3
2024-02-17 01:00:00,0.243,1012.0,4.2
2024-02-17 02:00:00,0.461,1011.2,4.2
2024-02-17 03:00:00,0.762,1011.0,4.2
2024-02-17 04:00:00,1.074,1010.0,4.2
2024-02-17 05:00:00,1.337,1010.7,4.4
2024-02-17 06:00:00,1.59,1009.8,4.5
2024-02-17 07:00:00,1.74,1008.9,4.5
2024-02-17 08:00:00,1.753,1008.2,4.4
2024-02-17 09:00:00,1.568,1007.3,4.4
2024-02-17 10:00:00,1.232,1006.4,4.5
2024-02-17 11:00:00,0.93,1005.7,4.2
2024-02-17 12:00:00,0.779,1005.9,4.2
2024-02-17 13:00:00,0.695,1006.0,4.3
2024-02-17 14:00:00,0.707,1006.4,4.2
2024-02-17 15:00:00,0.885,1006.2,4.2
2024-02-17 16:00:00,1.085,1006.1,4.3
2024-02-17 17:00:00,1.296,1005.9,4.5
2024-02-17 18:00:00,1.376,1005.4,4.5
2024-02-17 19:00:00,1.422,1005.5,4.5
2024-02-17 20:00:00,1.418,1005.7,4.6
2024-02-17 21:00:00,1.346,1006.0,4.5
2024-02-17 22:00:00,1.191,1006.9,4.3
2024-02-17 23:00:00,0.882,1008.0,4.2
2024-02-18 00:00:00,0.623,1009.4,4.3
2024-02-18 01:00:00,0.462,1010.1,4.2
2024-02-18 02:00:00,0.451,1010.9,4.3
2024-02-18 03:00:00,0.557,1011.5,4.0
2024-02-18 04:00:00,0.776,1011.5,4.2
2024-02-18 05:00:00,1.054,1011.9,3.9
2024-02-18 06:00:00,1.358,1011.6,4.4
2024-02-18 07:00:00,1.593,1012.3,4.3
2024-02-18 08:00:00,1.667,1012.4,4.3
2024-02-18 09:00:00,1.553,1012.4,4.5
2024-02-18 10:00:00,1.339,1012.3,4.3
2024-02-18 11:00:00,1.082,1012.2,4.1
2024-02-18 12:00:00,0.822,1011.9,3.6
2024-02-18 13:00:00,0.644,1011.9,3.8
2024-02-18 14:00:00,0.49,1011.8,3.3
2024-02-18 15:00:00,0.433,1010.6,3.6
2024-02-18 16:00:00,0.472,1010.2,3.7
2024-02-18 17:00:00,0.607,1009.1,3.6
2024-02-18 18:00:00,0.784,1008.2,3.6
2024-02-18 19:00:00,0.977,1007.5,3.7
2024-02-18 20:00:00,1.121,1006.9,4.0
2024-02-18 21:00:00,1.186,1006.9,4.2
2024-02-18 22:00:00,1.094,1007.1,4.0
2024-02-18 23:00:00,0.875,1007.6,4.0
2024-02-19 00:00:00,0.661,1008.0,4.0
2024-02-19 01:00:00,0.498,1008.4,4.0
2024-02-19 02:00:00,0.331,1009.6,4.0
2024-02-19 03:00:00,0.202,1010.5,3.9
2024-02-19 04:00:00,0.247,1011.0,3.8
2024-02-19 05:00:00,0.5,1012.0,3.9
2024-02-19 06:00:00,0.819,1012.9,3.8
2024-02-19 07:00:00,1.091,1013.2,4.1
2024-02-19 08:00:00,1.178,1013.6,4.1
2024-02-19 09:00:00,1.181,1013.9,4.2
2024-02-19 10:00:00,1.169,1014.8,4.2
2024-02-19 11:00:00,1.102,1015.8,3.6
2024-02-19 12:00:00,0.961,1016.8,3.9
2024-02-19 13:00:00,0.718,1018.2,3.8
2024-02-19 14:00:00,0.472,1018.6,3.8
2024-02-19 15:00:00,0.297,1019.2,3.9
2024-02-19 16:00:00,0.179,1020.2,4.0
2024-02-19 17:00:00,0.251,1020.3,4.1
2024-02-19 18:00:00,0.463,1019.9,4.0
2024-02-19 19:00:00,0.737,1019.6,4.1
2024-02-19 20:00:00,1.018,1019.4,4.1
2024-02-19 21:00:00,1.146,1019.9,4.3
2024-02-19 22:00:00,1.23,1020.9,4.3
2024-02-19 23:00:00,1.212,1022.0,4.2
2024-02-20 00:00:00,1.023,1023.0,4.0
2024-02-20 01:00:00,0.731,1023.8,4.0
2024-02-20 02:00:00,0.475,1024.7,4.0
2024-02-20 03:00:00,0.335,1025.3,4.2
2024-02-20 04:00:00,0.334,1026.0,4.1
2024-02-20 05:00:00,0.515,1026.7,4.1
2024-02-20 06:00:00,0.769,1027.1,4.1
2024-02-20 07:00:00,1.085,1027.2,4.3
2024-02-20 08:00:00,1.292,1027.2,4.4
2024-02-20 09:00:00,1.377,1027.4,4.5
2024-02-20 10:00:00,1.418,1027.8,4.5
2024-02-20 11:00:00,1.445,1028.3,4.6
2024-02-20 12:00:00,1.371,1029.3,4.3
2024-02-20 13:00:00,1.121,1030.6,4.4
2024-02-20 14:00:00,0.85,1031.5,4.2
2024-02-20 15:00:00,0.59,1032.0,4.1
2024-02-20 16:00:00,0.419,1032.0,4.2
2024-02-20 17:00:00,0.276,1031.7,4.3
2024-02-20 18:00:00,0.388,1031.1,4.4
2024-02-20 19:00:00,0.654,1030.6,4.4
2024-02-20 20:00:00,0.98,1030.0,4.3
2024-02-20 21:00:00,1.195,1029.8,4.5
2024-02-20 22:00:00,1.283,1030.0,4.4
2024-02-20 23:00:00,1.323,1030.3,4.5
2024-02-21 00:00:00,1.249,1030.5,4.2
2024-02-21 01:00:00,1.118,1030.4,4.0
2024-02-21 02:00:00,0.868,1030.9,4.2
2024-02-21 03:00:00,0.64,1031.1,4.2
2024-02-21 04:00:00,0.495,1031.0,4.3
2024-02-21 05:00:00,0.391,1031.0,4.3
2024-02-21 06:00:00,0.483,1030.9,4.2
2024-02-21 07:00:00,0.768,1030.4,4.2
2024-02-21 08:00:00,1.134,1030.2,4.2
2024-02-21 09:00:00,1.403,1030.1,4.6
2024-02-21 10:00:00,1.558,1030.5,4.5
2024-02-21 11:00:00,1.595,1030.6,4.6
2024-02-21 12:00:00,1.502,1030.4,4.7
2024-02-21 13:00:00,1.307,1030.8,4.5
2024-02-21 14:00:00,1.048,1031.0,4.4
2024-02-21 15:00:00,0.748,1030.8,4.3
2024-02-21 16:00:00,0.574,1030.2,4.4
2024-02-21 17:00:00,0.406,1029.2,4.4
2024-02-21 18:00:00,0.294,1028.0,4.4
2024-02-21 19:00:00,0.384,1026.9,4.4
2024-02-21 20:00:00,0.667,1026.4,4.4
2024-02-21 21:00:00,0.977,1026.1,4.4
2024-02-21 22:00:00,1.259,1025.9,4.5
2024-02-21 23:00:00,1.432,1025.7,4.5
2024-02-22 00:00:00,1.494,1025.5,4.6
2024-02-22 01:00:00,1.408,1025.2,4.4
2024-02-22 02:00:00,1.168,1025.0,4.4
2024-02-22 03:00:00,0.802,1024.2,4.5
2024-02-22 04:00:00,0.564,1023.6,4.4
2024-02-22 05:00:00,0.482,1022.9,4.4
2024-02-22 06:00:00,0.496,1022.0,4.4
2024-02-22 07:00:00,0.702,1021.5,4.3
2024-02-22 08:00:00,0.966,1020.5,4.4
2024-02-22 09:00:00,1.336,1019.5,4.3
2024-02-22 10:00:00,1.556,1019.5,4.8
2024-02-22 11:00:00,1.716,1018.9,4.6
2024-02-22 12:00:00,1.717,1018.4,4.4
2024-02-22 13:00:00,1.69,1018.0,4.6
2024-02-22 14:00:00,1.498,1016.9,4.5
2024-02-22 15:00:00,1.156,1016.2,4.5
2024-02-22 16:00:00,0.795,1015.8,4.6
2024-02-22 17:00:00,0.537,1014.3,4.6
2024-02-22 18:00:00,0.378,1012.6,4.6
2024-02-22 19:00:00,0.408,1011.0,4.7
2024-02-22 20:00:00,0.658,1009.6,4.8
2024-02-22 21:00:00,0.97,1008.8,4.7
2024-02-22 22:00:00,1.32,1008.2,4.6
2024-02-22 23:00:00,1.559,1007.5,4.9
2024-02-23 00:00:00,1.689,1008.2,4.8
2024-02-23 01:00:00,1.67,1007.5,4.8
2024-02-23 02:00:00,1.457,1006.8,4.6
2024-02-23 03:00:00,1.121,1005.1,4.7
2024-02-23 04:00:00,0.821,1004.1,4.8
2024-02-23 05:00:00,0.63,1003.1,4.8
2024-02-23 06:00:00,0.547,1002.0,4.7
2024-02-23 07:00:00,0.63,1000.6,4.8
2024-02-23 08:00:00,0.876,999.5,4.8
2024-02-23 09:00:00,1.186,998.8,4.7
2024-02-23 10:00:00,1.532,998.3,4.8
2024-02-23 11:00:00,1.73,998.3,4.8
2024-02-23 12:00:00,1.861,998.2,4.9
2024-02-23 13:00:00,1.849,997.9,4.9
2024-02-23 14:00:00,1.714,998.1,4.9
2024-02-23 15:00:00,1.445,997.7,4.9
2024-02-23 16:00:00,1.051,997.3,5.0
2024-02-23 17:00:00,0.732,996.8,5.0
2024-02-23 18:00:00,0.489,996.2,5.0
2024-02-23 19:00:00,0.354,995.8,5.0
2024-02-23 20:00:00,0.49,995.0,5.0
2024-02-23 21:00:00,0.853,995.1,4.9
2024-02-23 22:00:00,1.188,995.3,4.8
2024-02-23 23:00:00,1.464,995.8,4.9
2024-02-24 00:00:00,1.583,996.4,4.9
2024-02-24 01:00:00,1.704,996.0,4.9
2024-02-24 02:00:00,1.654,996.3,5.0
2024-02-24 03:00:00,1.42,996.2,4.9
2024-02-24 04:00:00,1.09,995.9,4.9
2024-02-24 05:00:00,0.786,996.1,4.9
2024-02-24 06:00:00,0.577,996.5,4.9
2024-02-24 07:00:00,0.452,997.0,4.8
2024-02-24 08:00:00,0.533,997.3,4.8
2024-02-24 09:00:00,0.858,997.7,4.7
2024-02-24 10:00:00,1.283,998.1,4.7
2024-02-24 11:00:00,1.615,998.9,4.9
2024-02-24 12:00:00,1.77,999.9,4.9
2024-02-24 13:00:00,1.802,1001.2,4.9
2024-02-24 14:00:00,1.764,1002.1,5.0
2024-02-24 15:00:00,1.532,1002.7,4.9
2024-02-24 16:00:00,1.212,1003.5,4.9
2024-02-24 17:00:00,0.832,1003.7,5.0
2024-02-24 18:00:00,0.554,1003.7,5.0
2024-02-24 19:00:00,0.332,1004.0,5.0
2024-02-24 20:00:00,0.33,1004.6,5.1
2024-02-24 21:00:00,0.552,1005.5,5.0
2024-02-24 22:00:00,0.9,1006.8,5.0
2024-02-24 23:00:00,1.243,1008.4,4.8
2024-02-25 00:00:00,1.45,1010.0,4.9
2024-02-25 01:00:00,1.575,1011.1,4.9
2024-02-25 02:00:00,1.586,1012.2,5.0
2024-02-25 03:00:00,1.435,1013.1,4.9
2024-02-25 04:00:00,1.104,1014.0,4.8
2024-02-25 05:00:00,0.757,1014.7,4.7
2024-02-25 06:00:00,0.55,1015.4,4.7
2024-02-25 07:00:00,0.419,1016.2,4.5
2024-02-25 08:00:00,0.377,1017.0,4.6
2024-02-25 09:00:00,0.574,1017.7,4.4
2024-02-25 10:00:00,0.953,1018.3,4.4
2024-02-25 11:00:00,1.341,1019.1,4.5
2024-02-25 12:00:00,1.563,1019.5,4.8
2024-02-25 13:00:00,1.694,1020.2,4.7
2024-02-25 14:00:00,1.737,1020.6,4.9
2024-02-25 15:00:00,1.649,1020.9,4.8
2024-02-25 16:00:00,1.385,1020.4,4.8
2024-02-25 17:00:00,0.998,1019.7,4.8
2024-02-25 18:00:00,0.603,1018.7,5.0
2024-02-25 19:00:00,0.318,1018.2,4.9
2024-02-25 20:00:00,0.17,1017.6,5.0
2024-02-25 21:00:00,0.28,1017.4,5.0
2024-02-25 22:00:00,0.646,1017.3,4.9
2024-02-25 23:00:00,1.082,1017.5,4.8
2024-02-26 00:00:00,1.358,1017.4,4.8
2024-02-26 01:00:00,1.505,1017.6,4.8
2024-02-26 02:00:00,1.538,1017.7,4.7
2024-02-26 03:00:00,1.512,1017.5,4.7
2024-02-26 04:00:00,1.29,1017.4,4.4
2024-02-26 05:00:00,0.976,1016.9,4.6
2024-02-26 06:00:00,0.668,1017.0,4.4
2024-02-26 07:00:00,0.421,1017.0,4.3
2024-02-26 08:00:00,0.214,1016.8,4.5
2024-02-26 09:00:00,0.2,1016.1,4.6
2024-02-26 10:00:00,0.532,1016.2,4.6
2024-02-26 11:00:00,1.01,1015.9,4.6
2024-02-26 12:00:00,1.38,1016.3,4.6
2024-02-26 13:00:00,1.518,1016.8,4.8
2024-02-26 14:00:00,1.556,1016.3,4.8
2024-02-26 15:00:00,1.553,1016.4,4.8
2024-02-26 16:00:00,1.376,1015.8,4.8
2024-02-26 17:00:00,1.06,1015.7,4.9
2024-02-26 18:00:00,0.643,1015.2,4.9
2024-02-26 19:00:00,0.337,1014.6,5.0
2024-02-26 20:00:00,0.118,1014.3,5.1
2024-02-26 21:00:00,0.079,1013.8,5.1
2024-02-26 22:00:00,0.34,1014.1,5.0
2024-02-26 23:00:00,0.791,1014.5,4.9
2024-02-27 00:00:00,1.155,1015.0,4.8
2024-02-27 01:00:00,1.373,1015.2,4.8
2024-02-27 02:00:00,1.474,1015.6,4.9
2024-02-27 03:00:00,1.504,1016.2,4.9
2024-02-27 04:00:00,1.384,1016.2,4.9
2024-02-27 05:00:00,1.122,1015.8,4.9
2024-02-27 06:00:00,0.781,1015.8,4.8
2024-02-27 07:00:00,0.533,1015.5,4.8
2024-02-27 08:00:00,0.304,1015.0,4.8
2024-02-27 09:00:00,0.197,1015.1,4.8
2024-02-27 10:00:00,0.355,1015.7,4.7
2024-02-27 11:00:00,0.782,1015.5,4.8
2024-02-27 12:00:00,1.195,1015.3,4.7
2024-02-27 13:00:00,1.447,1015.4,4.8
2024-02-27 14:00:00,1.518,1015.3,4.8
2024-02-27 15:00:00,1.573,1014.7,4.9
2024-02-27 16:00:00,1.509,1014.2,4.9
2024-02-27 17:00:00,1.282,1013.1,5.0
2024-02-27 18:00:00,0.949,1012.8,5.1
2024-02-27 19:00:00,0.628,1011.8,5.2
2024-02-27 20:00:00,0.387,1011.0,5.3
2024-02-27 21:00:00,0.266,1010.4,5.2
2024-02-27 22:00:00,0.323,1009.8,5.2
2024-02-27 23:00:00,0.658,1010.7,5.1
2024-02-28 00:00:00,1.092,1011.3,5.0
2024-02-28 01:00:00,1.448,1010.6,5.0
2024-02-28 02:00:00,1.595,1010.1,5.0
2024-02-28 03:00:00,1.606,1009.8,5.0
2024-02-28 04:00:00,1.563,1009.2,5.1
2024-02-28 05:00:00,1.321,1008.6,5.1
2024-02-28 06:00:00,1.099,1008.2,5.1
2024-02-28 07:00:00,0.863,1007.6,5.1
2024-02-28 08:00:00,0.626,1007.1,5.2
2024-02-28 09:00:00,0.337,1006.6,5.2
2024-02-28 10:00:00,0.287,1006.1,5.2
2024-02-28 11:00:00,0.544,1004.8,5.2
2024-02-28 12:00:00,0.996,1005.1,5.2
2024-02-28 13:00:00,1.364,1004.6,5.2
2024-02-28 14:00:00,1.501,1004.4,5.1
2024-02-28 15:00:00,1.575,1004.2,5.2
2024-02-28 16:00:00,1.565,1003.4,5.2
2024-02-28 17:00:00,1.458,1002.9,5.2
2024-02-28 18:00:00,1.135,1001.8,5.3
2024-02-28 19:00:00,0.821,1000.5,5.3
2024-02-28 20:00:00,0.569,1000.0,5.4
2024-02-28 21:00:00,0.372,999.9,5.4
2024-02-28 22:00:00,0.341,999.8,5.4
2024-02-28 23:00:00,0.543,997.0,5.4
2024-02-29 00:00:00,0.85,998.9,5.4
2024-02-29 01:00:00,1.191,999.0,5.4
2024-02-29 02:00:00,1.417,1000.5,5.3
2024-02-29 03:00:00,1.452,1004.0,5.2
2024-02-29 04:00:00,1.417,1006.0,5.2
2024-02-29 05:00:00,1.168,1008.0,5.3
2024-02-29 06:00:00,0.856,1011.0,5.3
2024-02-29 07:00:00,0.476,1012.8,5.2
2024-02-29 08:00:00,0.017,1014.8,5.1
2024-02-29 09:00:00,-0.295,1016.1,5.1
2024-02-29 10:00:00,-0.315,1017.9,4.9
2024-02-29 11:00:00,-0.083,1019.5,4.8
2024-02-29 12:00:00,0.334,1021.3,4.7
2024-02-29 13:00:00,0.516,1022.9,4.9
2024-02-29 14:00:00,0.63,1023.5,4.9
2024-02-29 15:00:00,0.544,1023.7,4.9
2024-02-29 16:00:00,0.63,1023.9,4.9
2024-02-29 17:00:00,0.703,1023.5,5.0
2024-02-29 18:00:00,0.695,1023.1,5.0
2024-02-29 19:00:00,0.477,1022.9,5.1
2024-02-29 20:00:00,0.117,1023.0,5.1
2024-02-29 21:00:00,-0.129,1023.6,5.1
2024-02-29 22:00:00,-0.184,1023.9,5.0
2024-02-29 23:00:00,-0.224,1025.0,4.8
2024-03-01 00:00:00,0.065,1026.3,4.7
2024-03-01 01:00:00,0.509,1027.0,4.8
2024-03-01 02:00:00,0.923,1027.9,4.9
2024-03-01 03:00:00,1.082,1028.5,4.9
2024-03-01 04:00:00,1.102,1029.2,5.0
2024-03-01 05:00:00,1.134,1029.7,5.1
2024-03-01 06:00:00,1.045,1030.5,5.1
2024-03-01 07:00:00,0.788,1031.0,5.0
2024-03-01 08:00:00,0.476,1031.1,4.7
2024-03-01 09:00:00,0.216,1032.4,4.7
2024-03-01 10:00:00,0.096,1033.3,4.7
2024-03-01 11:00:00,0.099,1034.4,4.6
2024-03-01 12:00:00,0.234,1035.1,4.4
2024-03-01 13:00:00,0.452,1035.8,4.7
2024-03-01 14:00:00,0.727,1035.8,4.7
2024-03-01 15:00:00,0.876,1036.1,4.9
2024-03-01 16:00:00,1.001,1036.2,5.0
2024-03-01 17:00:00,1.115,1035.5,5.0
2024-03-01 18:00:00,1.051,1034.1,5.0
2024-03-01 19:00:00,0.872,1034.2,5.2
2024-03-01 20:00:00,0.543,1034.1,5.2
2024-03-01 21:00:00,0.247,1033.7,5.2
2024-03-01 22:00:00,0.096,1033.7,5.1
2024-03-01 23:00:00,0.115,1033.3,5.0
2024-03-02 00:00:00,0.244,1033.3,4.9
2024-03-02 01:00:00,0.541,1033.2,5.1
2024-03-02 02:00:00,0.867,1033.4,5.0
2024-03-02 03:00:00,1.042,1033.0,5.2
2024-03-02 04:00:00,1.176,1032.3,5.0
2024-03-02 05:00:00,1.293,1032.3,5.2
2024-03-02 06:00:00,1.322,1031.8,5.1
2024-03-02 07:00:00,1.196,1031.3,5.2
2024-03-02 08:00:00,0.914,1030.6,5.2
2024-03-02 09:00:00,0.57,1030.0,5.1
2024-03-02 10:00:00,0.313,1029.5,5.1
2024-03-02 11:00:00,0.179,1029.3,5.1
2024-03-02 12:00:00,0.205,1028.5,5.1
2024-03-02 13:00:00,0.361,1028.2,5.1
2024-03-02 14:00:00,0.629,1027.6,5.1
2024-03-02 15:00:00,0.873,1026.8,5.0
2024-03-02 16:00:00,1.036,1025.7,5.3
2024-03-02 17:00:00,1.084,1024.2,5.3
2024-03-02 18:00:00,1.086,1022.8,5.3
2024-03-02 19:00:00,0.984,1021.5,5.2
2024-03-02 20:00:00,0.866,1019.8,5.2
2024-03-02 21:00:00,0.673,1018.1,5.2
2024-03-02 22:00:00,0.562,1015.9,5.2
2024-03-02 23:00:00,0.577,1015.5,5.3
2024-03-03 00:00:00,0.546,1015.0,5.3
2024-03-03 01:00:00,0.601,1015.1,5.3
2024-03-03 02:00:00,0.765,1014.9,5.3
2024-03-03 03:00:00,1.023,1015.1,5.2
2024-03-03 04:00:00,1.226,1015.1,5.3
2024-03-03 05:00:00,1.457,1015.1,5.4
2024-03-03 06:00:00,1.583,1016.0,5.3
2024-03-03 07:00:00,1.56,1016.3,5.3
2024-03-03 08:00:00,1.307,1016.5,5.3
2024-03-03 09:00:00,0.983,1017.1,5.3
2024-03-03 10:00:00,0.686,1017.8,5.3
2024-03-03 11:00:00,0.514,1018.5,5.4
2024-03-03 12:00:00,0.406,1019.3,5.3
2024-03-03 13:00:00,0.421,1020.0,5.3
2024-03-03 14:00:00,0.558,1020.5,5.4
2024-03-03 15:00:00,0.728,1020.6,5.4
2024-03-03 16:00:00,0.898,1020.5,5.5
2024-03-03 17:00:00,1.017,1020.3,5.6
2024-03-03 18:00:00,1.104,1019.6,5.5
2024-03-03 19:00:00,1.114,1019.2,5.6
2024-03-03 20:00:00,0.992,1019.1,5.6
2024-03-03 21:00:00,0.81,1019.0,5.5
2024-03-03 22:00:00,0.581,1019.4,5.6
2024-03-03 23:00:00,0.41,1020.0,5.5
2024-03-04 00:00:00,0.334,1020.7,5.6
2024-03-04 01:00:00,0.342,1021.1,5.6
2024-03-04 02:00:00,0.476,1021.6,5.6
2024-03-04 03:00:00,0.691,1022.2,5.6
2024-03-04 04:00:00,0.879,1022.6,5.6
2024-03-04 05:00:00,1.092,1023.1,5.6
2024-03-04 06:00:00,1.286,1023.3,5.6
2024-03-04 07:00:00,1.395,1023.7,5.5
2024-03-04 08:00:00,1.345,1023.8,5.5
2024-03-04 09:00:00,1.153,1024.0,5.4
2024-03-04 10:00:00,0.858,1024.3,5.4
2024-03-04 11:00:00,0.597,1024.9,5.4
2024-03-04 12:00:00,0.486,1025.7,5.5
2024-03-04 13:00:00,0.39,1026.6,5.6
2024-03-04 14:00:00,0.419,1027.1,5.6
2024-03-04 15:00:00,0.529,1026.8,5.6
2024-03-04 16:00:00,0.656,1026.5,5.7
2024-03-04 17:00:00,0.871,1026.3,5.8
2024-03-04 18:00:00,1.078,1026.3,5.8
2024-03-04 19:00:00,1.201,1026.0,5.7
2024-03-04 20:00:00,1.19,1026.2,5.8
2024-03-04 21:00:00,1.071,1026.3,5.8
2024-03-04 22:00:00,0.906,1026.5,5.8
2024-03-04 23:00:00,0.712,1026.7,5.8
2024-03-05 00:00:00,0.621,1026.8,5.8
2024-03-05 01:00:00,0.554,1027.0,5.8
2024-03-05 02:00:00,0.53,1026.8,5.8
2024-03-05 03:00:00,0.62,1026.8,5.8
2024-03-05 04:00:00,0.81,1026.6,5.8
2024-03-05 05:00:00,1.087,1025.9,5.8
2024-03-05 06:00:00,1.377,1025.1,5.7
2024-03-05 07:00:00,1.592,1024.6,5.9
2024-03-05 08:00:00,1.651,1023.8,5.9
2024-03-05 09:00:00,1.593,1023.1,5.9
2024-03-05 10:00:00,1.436,1022.7,5.9
2024-03-05 11:00:00,1.185,1022.4,5.9
2024-03-05 12:00:00,0.941,1022.0,5.9
2024-03-05 13:00:00,0.778,1020.8,5.9
2024-03-05 14:00:00,0.682,1020.5,5.9
2024-03-05 15:00:00,0.676,1019.9,5.9
2024-03-05 16:00:00,0.799,1018.9,5.9
2024-03-05 17:00:00,0.92,1017.7,5.9
2024-03-05 18:00:00,1.126,1016.2,5.9
2024-03-05 19:00:00,1.295,1015.2,6.0
2024-03-05 20:00:00,1.434,1014.3,6.0
2024-03-05 21:00:00,1.46,1014.2,6.0
2024-03-05 22:00:00,1.369,1014.0,6.0
2024-03-05 23:00:00,1.2,1014.4,5.9
2024-03-06 00:00:00,0.952,1014.8,5.8
2024-03-06 01:00:00,0.777,1015.6,5.9
2024-03-06 02:00:00,0.58,1016.0,5.9
2024-03-06 03:00:00,0.47,1015.8,5.9
2024-03-06 04:00:00,0.463,1015.9,5.9
2024-03-06 05:00:00,0.727,1016.3,6.0
2024-03-06 06:00:00,1.026,1016.0,5.9
2024-03-06 07:00:00,1.387,1015.8,6.0
2024-03-06 08:00:00,1.567,1015.2,6.0
2024-03-06 09:00:00,1.58,1015.7,6.0
2024-03-06 10:00:00,1.47,1015.8,6.0
2024-03-06 11:00:00,1.29,1016.0,6.0
2024-03-06 12:00:00,1.078,1016.1,6.0
2024-03-06 13:00:00,0.796,1015.8,6.0
2024-03-06 14:00:00,0.587,1016.3,6.0
2024-03-06 15:00:00,0.375,1016.3,6.0
2024-03-06 16:00:00,0.218,1016.2,6.0
2024-03-06 17:00:00,0.269,1015.4,6.0
2024-03-06 18:00:00,0.508,1015.3,6.0
2024-03-06 19:00:00,0.86,1014.5,6.0
2024-03-06 20:00:00,1.165,1012.9,6.0
2024-03-06 21:00:00,1.33,1011.9,6.0
2024-03-06 22:00:00,1.369,1011.2,6.1
2024-03-06 23:00:00,1.317,1010.3,6.0
2024-03-07 00:00:00,1.205,1008.9,6.0
2024-03-07 01:00:00,1.027,1007.8,6.0
2024-03-07 02:00:00,0.805,1006.4,6.0
2024-03-07 03:00:00,0.609,1005.9,6.0
2024-03-07 04:00:00,0.504,1004.7,6.0
2024-03-07 05:00:00,0.568,1004.4,6.1
2024-03-07 06:00:00,0.872,1004.4,6.1
2024-03-07 07:00:00,1.235,1004.3,6.1
2024-03-07 08:00:00,1.525,1002.9,6.1
2024-03-07 09:00:00,1.708,1003.0,6.1
2024-03-07 10:00:00,1.836,1004.1,6.2
2024-03-07 11:00:00,1.823,1005.6,6.3
2024-03-07 12:00:00,1.579,1006.5,6.3
2024-03-07 13:00:00,1.273,1006.8,6.3
2024-03-07 14:00:00,0.867,1007.8,6.3
2024-03-07 15:00:00,0.587,1008.6,6.3
2024-03-07 16:00:00,0.348,1009.4,6.3
2024-03-07 17:00:00,0.267,1010.3,6.3
2024-03-07 18:00:00,0.432,1011.1,6.4
2024-03-07 19:00:00,0.772,1011.2,6.4
2024-03-07 20:00:00,1.086,1011.6,6.3
2024-03-07 21:00:00,1.348,1012.1,6.3
2024-03-07 22:00:00,1.52,1013.0,6.1
2024-03-07 23:00:00,1.554,1014.4,6.1
2024-03-08 00:00:00,1.534,1015.3,6.2
2024-03-08 01:00:00,1.375,1016.5,6.1
2024-03-08 02:00:00,1.006,1017.6,6.1
2024-03-08 03:00:00,0.655,1018.2,6.1
2024-03-08 04:00:00,0.419,1018.7,6.2
2024-03-08 05:00:00,0.263,1019.1,6.2
2024-03-08 06:00:00,0.418,1019.5,6.2
2024-03-08 07:00:00,0.81,1019.7,6.2
2024-03-08 08:00:00,1.223,1019.9,6.1
2024-03-08 09:00:00,1.602,1021.2,6.1
2024-03-08 10:00:00,1.858,1022.5,6.0
2024-03-08 11:00:00,1.991,1023.3,6.3
2024-03-08 12:00:00,1.944,1024.2,6.2
2024-03-08 13:00:00,1.718,1024.4,6.1
2024-03-08 14:00:00,1.39,1024.3,6.2
2024-03-08 15:00:00,0.956,1024.6,6.2
2024-03-08 16:00:00,0.644,1024.9,6.2
2024-03-08 17:00:00,0.372,1024.5,6.3
2024-03-08 18:00:00,0.261,1023.8,6.7
2024-03-08 19:00:00,0.436,1023.4,6.5
2024-03-08 20:00:00,0.848,1023.2,6.6
2024-03-08 21:00:00,1.297,1023.3,6.4
2024-03-08 22:00:00,1.678,1023.6,6.3
2024-03-08 23:00:00,1.879,1023.8,6.2
2024-03-09 00:00:00,1.916,1023.7,6.3
2024-03-09 01:00:00,1.761,1023.8,6.4
2024-03-09 02:00:00,1.433,1025.5,6.5
2024-03-09 03:00:00,0.984,1025.7,6.4
2024-03-09 04:00:00,0.661,1024.8,6.4
2024-03-09 05:00:00,0.393,1024.0,6.4
2024-03-09 06:00:00,0.21,1024.0,6.3
2024-03-09 07:00:00,0.318,1024.5,6.2
2024-03-09 08:00:00,0.747,1024.0,6.3
2024-03-09 09:00:00,1.33,1023.2,6.3
2024-03-09 10:00:00,1.742,1023.0,6.1
2024-03-09 11:00:00,1.985,1021.9,6.2
2024-03-09 12:00:00,2.098,1021.4,6.2
2024-03-09 13:00:00,2.065,1021.6,6.3
2024-03-09 14:00:00,1.788,1019.7,6.4
2024-03-09 15:00:00,1.39,1019.3,6.4
2024-03-09 16:00:00,0.943,1018.8,6.4
2024-03-09 17:00:00,0.55,1017.5,6.4
2024-03-09 18:00:00,0.25,1015.5,6.3
2024-03-09 19:00:00,0.149,1014.3,6.3
2024-03-09 20:00:00,0.504,1013.3,6.2
2024-03-09 21:00:00,1.065,1010.9,6.1
2024-03-09 22:00:00,1.649,1009.3,6.2
2024-03-09 23:00:00,2.013,1007.2,6.2
2024-03-10 00:00:00,2.282,1004.9,6.3
2024-03-10 01:00:00,2.426,1003.2,6.4
2024-03-10 02:00:00,2.301,1000.4,6.5
2024-03-10 03:00:00,1.964,998.0,6.6
2024-03-10 04:00:00,1.45,997.8,6.6
2024-03-10 05:00:00,1.067,994.6,6.5
2024-03-10 06:00:00,0.748,993.4,6.4
2024-03-10 07:00:00,0.548,993.0,6.4
2024-03-10 08:00:00,0.445,992.8,6.4
2024-03-10 09:00:00,0.814,993.3,6.3
2024-03-10 10:00:00,1.421,994.2,6.4
2024-03-10 11:00:00,1.939,994.4,6.2
2024-03-10 12:00:00,2.234,994.4,6.3
2024-03-10 13:00:00,2.256,994.7,6.4
2024-03-10 14:00:00,2.043,995.0,6.4
2024-03-10 15:00:00,1.673,995.1,6.5
2024-03-10 16:00:00,1.265,995.4,6.5
2024-03-10 17:00:00,0.831,994.7,6.5
2024-03-10 18:00:00,0.432,994.4,6.5
2024-03-10 19:00:00,0.056,994.1,6.4
2024-03-10 20:00:00,-0.066,994.6,6.3
2024-03-10 21:00:00,0.328,995.2,6.1
2024-03-10 22:00:00,0.826,995.1,6.1
2024-03-10 23:00:00,1.38,995.2,6.0
2024-03-11 00:00:00,1.693,995.8,6.0
2024-03-11 01:00:00,1.784,996.3,6.1
2024-03-11 02:00:00,1.802,997.0,6.1
2024-03-11 03:00:00,1.549,997.5,5.9
2024-03-11 04:00:00,1.055,998.0,5.7
2024-03-11 05:00:00,0.535,997.9,5.7
2024-03-11 06:00:00,0.126,998.4,5.8
2024-03-11 07:00:00,-0.25,998.5,5.6
2024-03-11 08:00:00,-0.45,998.5,5.6
2024-03-11 09:00:00,-0.302,999.2,5.5
2024-03-11 10:00:00,0.125,999.6,5.4
2024-03-11 11:00:00,0.724,1000.3,5.6
2024-03-11 12:00:00,1.185,1000.6,5.6
2024-03-11 13:00:00,1.407,1001.2,5.7
2024-03-11 14:00:00,1.519,1001.5,5.6
2024-03-11 15:00:00,1.403,1003.0,5.5
2024-03-11 16:00:00,1.058,1003.1,5.6
2024-03-11 17:00:00,0.506,1003.2,5.7
2024-03-11 18:00:00,0.035,1003.2,5.7
2024-03-11 19:00:00,-0.331,1003.3,5.7
2024-03-11 20:00:00,-0.594,1003.6,5.8
2024-03-11 21:00:00,-0.388,1004.0,5.8
2024-03-11 22:00:00,0.167,1004.8,5.8
2024-03-11 23:00:00,0.732,1006.0,5.7
2024-03-12 00:00:00,1.23,1007.1,5.6
2024-03-12 01:00:00,1.504,1007.7,5.7
2024-03-12 02:00:00,1.646,1008.5,5.8
2024-03-12 03:00:00,1.645,1009.0,5.8
2024-03-12 04:00:00,1.335,1009.0,5.7
2024-03-12 05:00:00,0.844,1009.1,5.6
2024-03-12 06:00:00,0.408,1009.1,5.4
2024-03-12 07:00:00,0.087,1008.7,5.5
2024-03-12 08:00:00,-0.196,1008.5,5.5
2024-03-12 09:00:00,-0.288,1008.2,5.4
2024-03-12 10:00:00,0.039,1008.4,5.5
2024-03-12 11:00:00,0.612,1008.7,5.6
2024-03-12 12:00:00,1.18,1009.1,5.7
2024-03-12 13:00:00,1.538,1008.9,5.6
2024-03-12 14:00:00,1.734,1009.0,5.8
2024-03-12 15:00:00,1.719,1008.7,5.8
2024-03-12 16:00:00,1.487,1008.2,5.8
2024-03-12 17:00:00,1.062,1007.9,6.0
2024-03-12 18:00:00,0.591,1006.9,6.3
2024-03-12 19:00:00,0.224,1006.3,6.2
2024-03-12 20:00:00,-0.07,1006.0,6.1
2024-03-12 21:00:00,-0.265,1005.8,6.3
2024-03-12 22:00:00,-0.071,1006.0,6.3
2024-03-12 23:00:00,0.471,1006.6,6.2
2024-03-13 00:00:00,1.115,1007.3,6.2
2024-03-13 01:00:00,1.618,1007.9,6.0
2024-03-13 02:00:00,1.881,1008.2,6.1
2024-03-13 03:00:00,1.981,1008.8,6.2
2024-03-13 04:00:00,1.86,1009.2,6.3
2024-03-13 05:00:00,1.51,1009.4,6.3
2024-03-13 06:00:00,1.016,1009.6,6.2
2024-03-13 07:00:00,0.614,1009.7,6.2
2024-03-13 08:00:00,0.302,1009.9,6.1
2024-03-13 09:00:00,0.045,1010.5,6.0
2024-03-13 10:00:00,0.016,1010.8,6.0
2024-03-13 11:00:00,0.364,1011.2,6.0
2024-03-13 12:00:00,0.84,1011.6,6.0
2024-03-13 13:00:00,1.364,1011.8,6.1
2024-03-13 14:00:00,1.657,1012.1,6.0
2024-03-13 15:00:00,1.824,1012.4,6.2
2024-03-13 16:00:00,1.828,1012.3,6.2
2024-03-13 17:00:00,1.535,1011.9,6.3
2024-03-13 18:00:00,1.116,1011.3,6.3
2024-03-13 19:00:00,0.664,1010.6,6.5
2024-03-13 20:00:00,0.342,1010.3,6.6
2024-03-13 21:00:00,0.138,1010.1,6.5
2024-03-13 22:00:00,0.07,1010.4,6.5
2024-03-13 23:00:00,0.413,1010.6,6.5
2024-03-14 00:00:00,0.964,1011.3,6.4
2024-03-14 01:00:00,1.498,1011.7,6.4
2024-03-14 02:00:00,1.758,1012.1,6.2
2024-03-14 03:00:00,1.911,1012.0,6.3
2024-03-14 04:00:00,1.987,1012.5,6.4
2024-03-14 05:00:00,1.846,1012.3,6.6
2024-03-14 06:00:00,1.56,1012.3,6.7
2024-03-14 07:00:00,1.14,1012.2,6.4
2024-03-14 08:00:00,0.737,1012.2,6.4
2024-03-14 09:00:00,0.421,1012.7,6.4
2024-03-14 10:00:00,0.198,1013.4,6.3
2024-03-14 11:00:00,0.229,1014.1,6.4
2024-03-14 12:00:00,0.582,1014.9,6.3
2024-03-14 13:00:00,0.994,1015.6,6.3
2024-03-14 14:00:00,1.399,1015.9,6.3
2024-03-14 15:00:00,1.63,1016.2,6.3
2024-03-14 16:00:00,1.718,1016.0,6.4
2024-03-14 17:00:00,1.653,1015.5,6.5
2024-03-14 18:00:00,1.381,1014.7,6.6
2024-03-14 19:00:00,1.007,1013.8,7.0
2024-03-14 20:00:00,0.661,1013.0,6.9
2024-03-14 21:00:00,0.419,1013.2,6.8
2024-03-14 22:00:00,0.249,1013.5,6.9
2024-03-14 23:00:00,0.246,1013.8,6.8
2024-03-15 00:00:00,0.576,1013.5,6.8
2024-03-15 01:00:00,1.03,1012.9,6.7
2024-03-15 02:00:00,1.429,1012.3,6.7
2024-03-15 03:00:00,1.631,1010.9,6.5
2024-03-15 04:00:00,1.79,1010.2,6.6
2024-03-15 05:00:00,1.937,1009.6,6.6
2024-03-15 06:00:00,1.814,1008.9,7.0
2024-03-15 07:00:00,1.483,1008.5,7.0
2024-03-15 08:00:00,1.037,1006.1,6.8
2024-03-15 09:00:00,0.675,1005.6,6.8
2024-03-15 10:00:00,0.41,1005.2,6.8
2024-03-15 11:00:00,0.284,1004.5,6.8
2024-03-15 12:00:00,0.41,1004.2,6.7
2024-03-15 13:00:00,0.733,1004.4,6.7
2024-03-15 14:00:00,1.074,1004.8,6.7
2024-03-15 15:00:00,1.356,1003.5,6.8
2024-03-15 16:00:00,1.475,1002.6,6.7
2024-03-15 17:00:00,1.589,1003.2,6.8
2024-03-15 18:00:00,1.473,1002.8,6.8
2024-03-15 19:00:00,1.306,1002.6,7.1
2024-03-15 20:00:00,1.044,1002.4,7.3
2024-03-15 21:00:00,0.735,1003.0,7.2
2024-03-15 22:00:00,0.451,1003.8,7.1
2024-03-15 23:00:00,0.287,1005.0,7.1
2024-03-16 00:00:00,0.388,1005.7,7.0
2024-03-16 01:00:00,0.703,1006.2,7.0
2024-03-16 02:00:00,1.074,1006.5,7.0
2024-03-16 03:00:00,1.38,1006.9,7.0
2024-03-16 04:00:00,1.584,1007.5,6.9
2024-03-16 05:00:00,1.73,1007.5,6.9
2024-03-16 06:00:00,1.894,1007.5,7.0
2024-03-16 07:00:00,1.773,1007.7,7.0
2024-03-16 08:00:00,1.446,1007.7,7.0
2024-03-16 09:00:00,1.042,1008.1,7.0
2024-03-16 10:00:00,0.748,1008.3,6.9
2024-03-16 11:00:00,0.553,1008.8,7.0
2024-03-16 12:00:00,0.463,1009.5,6.9
2024-03-16 13:00:00,0.588,1009.9,7.0
2024-03-16 14:00:00,0.83,1009.9,7.0
2024-03-16 15:00:00,1.065,1009.9,7.0
2024-03-16 16:00:00,1.25,1009.2,7.1
2024-03-16 17:00:00,1.401,1008.6,7.0
2024-03-16 18:00:00,1.537,1007.5,7.1
2024-03-16 19:00:00,1.527,1006.3,7.2
2024-03-16 20:00:00,1.359,1006.3,7.3
2024-03-16 21:00:00,1.105,1005.4,7.4
2024-03-16 22:00:00,0.871,1005.0,7.5
2024-03-16 23:00:00,0.726,1005.2,7.3
2024-03-17 00:00:00,0.611,1005.3,7.3
2024-03-17 01:00:00,0.621,1005.5,7.3
2024-03-17 02:00:00,0.826,1005.0,7.2
2024-03-17 03:00:00,1.071,1004.4,7.3
2024-03-17 04:00:00,1.35,1003.9,7.3
2024-03-17 05:00:00,1.595,1003.4,7.1
2024-03-17 06:00:00,1.772,1002.4,7.2
2024-03-17 07:00:00,1.765,1001.3,7.2
2024-03-17 08:00:00,1.635,1000.6,7.2
2024-03-17 09:00:00,1.366,999.7,7.2
2024-03-17 10:00:00,1.087,999.7,7.2
2024-03-17 11:00:00,0.86,999.9,7.2
2024-03-17 12:00:00,0.655,1001.3,7.3
2024-03-17 13:00:00,0.477,1000.8,7.3
2024-03-17 14:00:00,0.548,1000.7,7.3
2024-03-17 15:00:00,0.787,1000.5,7.4
2024-03-17 16:00:00,0.992,999.8,7.4
2024-03-17 17:00:00,1.225,999.3,7.5
2024-03-17 18:00:00,1.312,999.3,7.4
2024-03-17 19:00:00,1.407,998.7,7.3
2024-03-17 20:00:00,1.367,998.7,7.4
2024-03-17 21:00:00,1.27,999.2,7.5
2024-03-17 22:00:00,1.088,999.1,7.6
2024-03-17 23:00:00,0.891,999.7,7.7
2024-03-18 00:00:00,0.788,1000.8,7.5
2024-03-18 01:00:00,0.673,1002.1,7.5
2024-03-18 02:00:00,0.647,1002.2,7.5
2024-03-18 03:00:00,0.802,1002.5,7.5
2024-03-18 04:00:00,1.045,1003.4,7.5
2024-03-18 05:00:00,1.331,1004.4,7.5
2024-03-18 06:00:00,1.533,1003.7,7.4
2024-03-18 07:00:00,1.582,1003.8,7.4
2024-03-18 08:00:00,1.56,1003.9,7.4
2024-03-18 09:00:00,1.416,1004.6,7.4
2024-03-18 10:00:00,1.266,1004.9,7.4
2024-03-18 11:00:00,1.022,1005.2,7.4
2024-03-18 12:00:00,0.8,1005.3,7.4
2024-03-18 13:00:00,0.616,1005.2,7.4
2024-03-18 14:00:00,0.503,1005.4,7.5
2024-03-18 15:00:00,0.538,1005.2,7.5
2024-03-18 16:00:00,0.738,1004.5,7.5
2024-03-18 17:00:00,0.9,1003.9,7.6
2024-03-18 18:00:00,1.081,1003.2,7.6
2024-03-18 19:00:00,1.197,1002.4,7.5
2024-03-18 20:00:00,1.331,1002.3,7.5
2024-03-18 21:00:00,1.367,1002.7,7.5
2024-03-18 22:00:00,1.233,1003.0,7.5
2024-03-18 23:00:00,1.029,1003.9,7.6
2024-03-19 00:00:00,0.838,1004.4,7.5
2024-03-19 01:00:00,0.631,1005.1,7.5
2024-03-19 02:00:00,0.507,1005.4,7.5
2024-03-19 03:00:00,0.517,1005.4,7.5
2024-03-19 04:00:00,0.614,1005.5,7.4
2024-03-19 05:00:00,0.858,1005.8,7.5
2024-03-19 06:00:00,1.181,1006.0,7.5
2024-03-19 07:00:00,1.376,1005.6,7.5
2024-03-19 08:00:00,1.427,1005.1,7.4
2024-03-19 09:00:00,1.388,1005.0,7.4
2024-03-19 10:00:00,1.307,1005.2,7.4
2024-03-19 11:00:00,1.139,1006.0,7.2
2024-03-19 12:00:00,0.903,1007.0,7.0
2024-03-19 13:00:00,0.66,1007.6,7.1
2024-03-19 14:00:00,0.479,1007.7,7.2
2024-03-19 15:00:00,0.345,1007.6,7.2
2024-03-19 16:00:00,0.324,1007.0,7.3
2024-03-19 17:00:00,0.478,1006.4,7.4
2024-03-19 18:00:00,0.717,1005.5,7.4
2024-03-19 19:00:00,1.028,1004.8,7.5
2024-03-19 20:00:00,1.21,1004.3,7.4
2024-03-19 21:00:00,1.29,1003.8,7.4
2024-03-19 22:00:00,1.259,1004.1,7.4
2024-03-19 23:00:00,1.188,1004.2,7.5
2024-03-20 00:00:00,1.037,1004.7,7.5
2024-03-20 01:00:00,0.822,1006.1,7.4
2024-03-20 02:00:00,0.646,1005.9,7.4
2024-03-20 03:00:00,0.527,1005.6,7.4
2024-03-20 04:00:00,0.506,1005.2,7.4
2024-03-20 05:00:00,0.71,1004.6,7.5
2024-03-20 06:00:00,1.001,1004.1,7.5
2024-03-20 07:00:00,1.339,1003.3,7.4
2024-03-20 08:00:00,1.511,1002.8,7.4
2024-03-20 09:00:00,1.626,1002.8,7.4
2024-03-20 10:00:00,1.533,1002.7,7.3
2024-03-20 11:00:00,1.438,1003.1,7.3
2024-03-20 12:00:00,1.247,1003.8,7.3
2024-03-20 13:00:00,0.966,1003.9,7.3
2024-03-20 14:00:00,0.782,1003.7,7.2
2024-03-20 15:00:00,0.648,1003.3,7.2
2024-03-20 16:00:00,0.52,1002.5,7.3
2024-03-20 17:00:00,0.509,1001.2,7.3
2024-03-20 18:00:00,0.648,1000.0,7.4
2024-03-20 19:00:00,0.954,999.0,7.4
2024-03-20 20:00:00,1.236,998.5,7.5
2024-03-20 21:00:00,1.452,999.4,7.3
2024-03-20 22:00:00,1.434,1001.3,7.3
2024-03-20 23:00:00,1.444,1003.6,7.4
2024-03-21 00:00:00,1.294,1004.8,7.4
2024-03-21 01:00:00,1.011,1007.2,7.3
2024-03-21 02:00:00,0.724,1008.1,7.3
2024-03-21 03:00:00,0.384,1009.3,7.3
2024-03-21 04:00:00,0.241,1010.5,7.2
2024-03-21 05:00:00,0.239,1011.1,7.1
2024-03-21 06:00:00,0.455,1011.9,7.0
2024-03-21 07:00:00,0.786,1012.3,7.0
2024-03-21 08:00:00,1.119,1013.3,7.1
2024-03-21 09:00:00,1.223,1014.1,7.1
2024-03-21 10:00:00,1.232,1014.9,7.1
2024-03-21 11:00:00,1.189,1016.1,7.1
2024-03-21 12:00:00,1.114,1017.0,7.0
2024-03-21 13:00:00,0.997,1017.5,6.8
2024-03-21 14:00:00,0.745,1017.9,6.7
2024-03-21 15:00:00,0.47,1018.1,6.8
2024-03-21 16:00:00,0.22,1018.2,6.9
2024-03-21 17:00:00,-0.006,1018.2,7.1
2024-03-21 18:00:00,-0.029,1017.8,7.0
2024-03-21 19:00:00,0.216,1017.8,7.1
2024-03-21 20:00:00,0.55,1017.5,7.2
2024-03-21 21:00:00,0.836,1017.8,7.2
2024-03-21 22:00:00,0.994,1018.6,7.2
2024-03-21 23:00:00,1.074,1019.7,7.1
2024-03-22 00:00:00,1.058,1020.9,7.1
2024-03-22 01:00:00,0.902,1022.1,7.0
2024-03-22 02:00:00,0.68,1022.9,6.9
2024-03-22 03:00:00,0.382,1023.8,7.0
2024-03-22 04:00:00,0.159,1024.7,7.0
2024-03-22 05:00:00,0.072,1025.1,6.9
2024-03-22 06:00:00,0.115,1025.7,7.0
2024-03-22 07:00:00,0.317,1026.0,6.9
2024-03-22 08:00:00,0.631,1026.0,6.8
2024-03-22 09:00:00,0.967,1026.5,7.0
2024-03-22 10:00:00,1.159,1027.2,6.9
2024-03-22 11:00:00,1.243,1027.5,6.9
2024-03-22 12:00:00,1.24,1028.2,6.9
2024-03-22 13:00:00,1.145,1028.9,6.7
2024-03-22 14:00:00,0.9,1028.8,6.7
2024-03-22 15:00:00,0.579,1028.1,6.7
2024-03-22 16:00:00,0.281,1027.1,6.8
2024-03-22 17:00:00,0.069,1026.9,6.8
2024-03-22 18:00:00,-0.063,1026.0,7.0
2024-03-22 19:00:00,0.149,1025.3,7.2
2024-03-22 20:00:00,0.479,1024.8,7.2
2024-03-22 21:00:00,0.848,1024.4,7.1
2024-03-22 22:00:00,1.077,1024.7,7.0
2024-03-22 23:00:00,1.218,1024.3,7.0
2024-03-23 00:00:00,1.273,1023.3,7.0
2024-03-23 01:00:00,1.249,1023.5,7.0
2024-03-23 02:00:00,1.072,1023.1,7.0
2024-03-23 03:00:00,0.728,1023.0,6.9
2024-03-23 04:00:00,0.435,1021.8,6.9
2024-03-23 05:00:00,0.293,1020.7,6.9
2024-03-23 06:00:00,0.243,1019.7,7.0
2024-03-23 07:00:00,0.331,1018.2,6.9
2024-03-23 08:00:00,0.633,1016.8,6.9
2024-03-23 09:00:00,1.062,1015.7,6.9
2024-03-23 10:00:00,1.407,1014.4,7.0
2024-03-23 11:00:00,1.558,1013.6,7.0
2024-03-23 12:00:00,1.613,1013.0,6.9
2024-03-23 13:00:00,1.61,1011.9,7.0
2024-03-23 14:00:00,1.413,1011.1,6.9
2024-03-23 15:00:00,1.082,1009.9,6.9
2024-03-23 16:00:00,0.737,1008.5,7.0
2024-03-23 17:00:00,0.482,1005.8,6.9
2024-03-23 18:00:00,0.394,1002.8,7.0
2024-03-23 19:00:00,0.544,999.4,7.1
2024-03-23 20:00:00,0.9,999.6,7.1
2024-03-23 21:00:00,1.205,1000.3,7.1
2024-03-23 22:00:00,1.385,1000.8,7.0
2024-03-23 23:00:00,1.255,1002.9,7.0
2024-03-24 00:00:00,1.267,1004.8,7.0
2024-03-24 01:00:00,1.309,1006.6,6.9
2024-03-24 02:00:00,1.218,1008.2,6.9
2024-03-24 03:00:00,0.936,1009.3,6.8
2024-03-24 04:00:00,0.654,1010.4,6.8
2024-03-24 05:00:00,0.429,1011.3,6.8
2024-03-24 06:00:00,0.22,1012.7,6.7
2024-03-24 07:00:00,0.189,1013.9,6.6
2024-03-24 08:00:00,0.337,1015.4,6.7
2024-03-24 09:00:00,0.715,1016.8,6.6
2024-03-24 10:00:00,1.176,1018.1,6.6
2024-03-24 11:00:00,1.432,1020.1,6.7
2024-03-24 12:00:00,1.514,1021.2,6.7
2024-03-24 13:00:00,1.529,1022.4,6.8
2024-03-24 14:00:00,1.421,1023.4,6.7
2024-03-24 15:00:00,1.169,1024.0,6.7
2024-03-24 16:00:00,0.826,1024.3,6.7
2024-03-24 17:00:00,0.557,1024.0,6.9
2024-03-24 18:00:00,0.347,1024.0,6.9
2024-03-24 19:00:00,0.246,1023.4,7.0
2024-03-24 20:00:00,0.331,1023.4,7.1
2024-03-24 21:00:00,0.674,1023.4,7.0
2024-03-24 22:00:00,1.087,1023.8,6.9
2024-03-24 23:00:00,1.42,1024.8,6.8
2024-03-25 00:00:00,1.61,1025.8,6.8
2024-03-25 01:00:00,1.696,1026.8,6.8
2024-03-25 02:00:00,1.652,1027.5,6.8
2024-03-25 03:00:00,1.382,1028.0,6.8
2024-03-25 04:00:00,1.035,1027.7,6.8
2024-03-25 05:00:00,0.662,1028.1,6.7
2024-03-25 06:00:00,0.46,1028.2,6.7
2024-03-25 07:00:00,0.378,1028.4,6.7
2024-03-25 08:00:00,0.416,1028.6,6.6
2024-03-25 09:00:00,0.726,1028.7,6.6
2024-03-25 10:00:00,1.129,1029.3,6.6
2024-03-25 11:00:00,1.48,1029.1,6.6
2024-03-25 12:00:00,1.632,1029.4,6.6
2024-03-25 13:00:00,1.737,1029.7,6.6
2024-03-25 14:00:00,1.761,1029.8,6.7
2024-03-25 15:00:00,1.646,1029.9,6.7
2024-03-25 16:00:00,1.397,1029.7,6.7
2024-03-25 17:00:00,0.98,1029.6,6.9
2024-03-25 18:00:00,0.659,1028.6,6.9
2024-03-25 19:00:00,0.468,1027.8,7.0
2024-03-25 20:00:00,0.422,1027.1,7.1
2024-03-25 21:00:00,0.662,1026.9,7.1
2024-03-25 22:00:00,1.031,1026.1,6.9
2024-03-25 23:00:00,1.524,1025.9,6.9
2024-03-26 00:00:00,1.873,1025.6,6.8
2024-03-26 01:00:00,2.056,1025.8,6.8
2024-03-26 02:00:00,2.053,1025.9,6.8
2024-03-26 03:00:00,1.891,1025.7,6.9
2024-03-26 04:00:00,1.638,1024.7,6.9
2024-03-26 05:00:00,1.293,1023.7,6.8
2024-03-26 06:00:00,1.014,1023.7,6.8
2024-03-26 07:00:00,0.806,1024.1,6.8
2024-03-26 08:00:00,0.684,1023.2,6.8
2024-03-26 09:00:00,0.801,1022.5,6.7
2024-03-26 10:00:00,1.113,1021.9,6.8
2024-03-26 11:00:00,1.453,1022.3,6.7
2024-03-26 12:00:00,1.662,1022.4,6.7
2024-03-26 13:00:00,1.854,1022.4,6.8
2024-03-26 14:00:00,1.992,1021.0,6.8
2024-03-26 15:00:00,1.909,1020.8,6.8
2024-03-26 16:00:00,1.624,1021.0,6.9
2024-03-26 17:00:00,1.273,1021.0,7.0
2024-03-26 18:00:00,0.919,1021.0,7.0
2024-03-26 19:00:00,0.663,1020.0,7.0
2024-03-26 20:00:00,0.533,1018.9,7.2
2024-03-26 21:00:00,0.589,1018.4,7.2
2024-03-26 22:00:00,0.949,1018.5,7.2
2024-03-26 23:00:00,1.377,1018.8,7.1
2024-03-27 00:00:00,1.751,1019.1,7.0
2024-03-27 01:00:00,1.893,1019.1,6.9
2024-03-27 02:00:00,1.947,1019.3,6.9
2024-03-27 03:00:00,1.866,1018.8,6.9
2024-03-27 04:00:00,1.672,1017.9,7.0
2024-03-27 05:00:00,1.357,1017.3,7.0
2024-03-27 06:00:00,0.97,1017.7,7.0
2024-03-27 07:00:00,0.647,1016.9,6.9
2024-03-27 08:00:00,0.44,1017.0,7.0
2024-03-27 09:00:00,0.397,1017.1,6.9
2024-03-27 10:00:00,0.691,1017.5,6.9
2024-03-27 11:00:00,0.97,1018.4,6.9
2024-03-27 12:00:00,1.281,1018.6,6.9
2024-03-27 13:00:00,1.487,1018.3,6.9
2024-03-27 14:00:00,1.614,1018.2,6.9
2024-03-27 15:00:00,1.568,1018.3,6.9
2024-03-27 16:00:00,1.378,1018.0,6.9
2024-03-27 17:00:00,1.108,1017.9,7.0
2024-03-27 18:00:00,0.749,1017.5,7.0
2024-03-27 19:00:00,0.448,1017.1,7.0
2024-03-27 20:00:00,0.279,1018.7,7.0
2024-03-27 21:00:00,0.25,1017.7,7.0
2024-03-27 22:00:00,0.456,1016.4,7.0
2024-03-27 23:00:00,0.805,1016.3,7.0
2024-03-28 00:00:00,1.191,1016.2,7.0
2024-03-28 01:00:00,1.479,1016.9,7.0
2024-03-28 02:00:00,1.651,1016.7,7.0
2024-03-28 03:00:00,1.719,1015.9,7.0
2024-03-28 04:00:00,1.503,1015.8,7.0
2024-03-28 05:00:00,1.223,1015.5,7.0
2024-03-28 06:00:00,0.844,1016.5,7.0
2024-03-28 07:00:00,0.618,1015.2,7.0
2024-03-28 08:00:00,0.427,1014.3,7.0
2024-03-28 09:00:00,0.291,1014.7,7.0
2024-03-28 10:00:00,0.342,1013.0,7.0
2024-03-28 11:00:00,0.73,1013.4,7.0
2024-03-28 12:00:00,1.067,1011.9,7.0
2024-03-28 13:00:00,1.445,1015.1,7.0
2024-03-28 14:00:00,1.5,1012.7,7.0
2024-03-28 15:00:00,1.503,1013.1,7.0
2024-03-28 16:00:00,1.436,1012.6,7.0
2024-03-28 17:00:00,1.242,1012.6,7.1
2024-03-28 18:00:00,1.023,1010.5,7.1
2024-03-28 19:00:00,0.694,1009.8,7.1
2024-03-28 20:00:00,0.509,1010.9,7.1
2024-03-28 21:00:00,0.313,1009.8,7.1
2024-03-28 22:00:00,0.374,1008.0,7.1
2024-03-28 23:00:00,0.656,1009.8,7.1
2024-03-29 00:00:00,1.102,1008.1,7.1
2024-03-29 01:00:00,1.489,1008.7,7.1
2024-03-29 02:00:00,1.649,1009.2,7.0
2024-03-29 03:00:00,1.627,1008.3,7.0
2024-03-29 04:00:00,1.509,1007.5,7.0
2024-03-29 05:00:00,1.397,1008.1,7.0
2024-03-29 06:00:00,1.104,1007.3,7.0
2024-03-29 07:00:00,0.754,1007.0,7.0
2024-03-29 08:00:00,0.522,1006.3,7.0
2024-03-29 09:00:00,0.316,1006.5,6.9
2024-03-29 10:00:00,0.267,1006.4,6.9
2024-03-29 11:00:00,0.423,1006.1,7.0
2024-03-29 12:00:00,0.688,1006.1,6.9
2024-03-29 13:00:00,0.989,1006.0,6.9
2024-03-29 14:00:00,1.19,1005.5,7.0
2024-03-29 15:00:00,1.332,1005.0,7.0
2024-03-29 16:00:00,1.364,1004.3,7.0
2024-03-29 17:00:00,1.279,1003.6,7.1
2024-03-29 18:00:00,1.059,1003.0,7.3
2024-03-29 19:00:00,0.79,1002.4,7.4
2024-03-29 20:00:00,0.552,1002.6,7.3
2024-03-29 21:00:00,0.4,1003.5,7.2
2024-03-29 22:00:00,0.307,1004.6,7.3
2024-03-29 23:00:00,0.422,1005.6,7.3
2024-03-30 00:00:00,0.696,1006.2,7.3
2024-03-30 01:00:00,1.042,1006.9,7.3
2024-03-30 02:00:00,1.252,1007.3,7.2
2024-03-30 03:00:00,1.291,1007.5,7.1
2024-03-30 04:00:00,1.375,1007.3,7.1
2024-03-30 05:00:00,1.419,1007.5,7.1
2024-03-30 06:00:00,1.216,1007.4,7.0
2024-03-30 07:00:00,0.932,1007.2,7.0
2024-03-30 08:00:00,0.616,1006.6,6.9
2024-03-30 09:00:00,0.361,1006.5,7.0
2024-03-30 10:00:00,0.244,1007.0,7.0
2024-03-30 11:00:00,0.192,1007.4,7.0
2024-03-30 12:00:00,0.378,1007.9,6.9
2024-03-30 13:00:00,0.648,1008.5,6.9
2024-03-30 14:00:00,0.929,1008.7,7.0
2024-03-30 15:00:00,1.103,1008.4,7.0
2024-03-30 16:00:00,1.151,1007.6,7.0
2024-03-30 17:00:00,1.074,1006.9,7.1
2024-03-30 18:00:00,0.926,1006.3,7.2
2024-03-30 19:00:00,0.762,1005.3,7.4
2024-03-30 20:00:00,0.54,1004.8,7.6
2024-03-30 21:00:00,0.356,1004.6,7.3
2024-03-30 22:00:00,0.223,1004.6,7.3
2024-03-30 23:00:00,0.191,1004.9,7.4
2024-03-31 00:00:00,0.399,1005.6,7.3
2024-03-31 01:00:00,0.732,1006.1,7.4
2024-03-31 02:00:00,1.037,1004.8,7.4
2024-03-31 03:00:00,1.245,1004.9,7.3
2024-03-31 04:00:00,1.382,1005.1,7.3
2024-03-31 05:00:00,1.466,1005.3,7.2
2024-03-31 06:00:00,1.407,1005.0,7.2
2024-03-31 07:00:00,1.233,1004.6,7.3
2024-03-31 08:00:00,0.872,1005.0,7.3
2024-03-31 09:00:00,0.533,1006.1,7.3
2024-03-31 10:00:00,0.351,1007.1,7.3
2024-03-31 11:00:00,0.291,1008.2,7.3
2024-03-31 12:00:00,0.386,1009.6,7.3
2024-03-31 13:00:00,0.556,1010.2,7.3
2024-03-31 14:00:00,0.843,1010.8,7.3
2024-03-31 15:00:00,1.064,1010.9,7.5
2024-03-31 16:00:00,1.224,1010.9,7.3
2024-03-31 17:00:00,1.283,1010.8,7.2
2024-03-31 18:00:00,1.268,1010.7,7.4
2024-03-31 19:00:00,1.143,1010.3,7.7
2024-03-31 20:00:00,0.905,1010.2,7.8
2024-03-31 21:00:00,0.724,1010.3,7.9
2024-03-31 22:00:00,0.599,1010.8,7.7
2024-03-31 23:00:00,0.529,1011.4,7.6
