{"coverage": 77.05627705627705, "raw_data": {"meta": {"format": 3, "version": "7.11.0", "timestamp": "2025-10-31T00:53:19.910103", "branch_coverage": false, "show_contexts": false}, "files": {"load_model_estimator.py": {"executed_lines": [1, 8, 9, 10, 11, 12, 13, 14, 15, 16, 17, 18, 20, 21, 106, 125, 128, 131, 134, 137, 140, 143, 146, 150, 151, 152, 153, 154, 155, 156, 157, 158, 159, 160, 161, 162, 163, 164, 165, 167, 185, 186, 187, 188, 189, 190, 192, 193, 194, 195, 196, 197, 200, 203, 205, 221, 222, 223, 224, 225, 226, 228, 246, 247, 248, 250, 251, 252, 254, 255, 257, 275, 276, 277, 278, 279, 284, 302, 303, 304, 305, 306, 307, 308, 309, 313, 315, 316, 322, 324, 325, 326, 327, 328, 329, 330, 331, 332, 333, 335, 363, 366, 369, 370, 371, 374, 377, 378, 383, 387, 393, 394, 397, 400, 401, 403, 422, 425, 428, 431, 439, 446, 448, 449, 450, 452, 453, 454, 458, 460, 463, 464, 467, 470, 471, 475, 476, 478, 481, 497, 498, 500, 501, 503, 505, 507, 508, 509, 510, 512, 515, 516, 518, 519, 520, 521, 523, 526, 527, 529, 533, 535, 536, 537, 538, 539, 541, 557, 558, 560, 564, 567, 574, 577, 578, 579, 580, 582, 584, 623], "summary": {"covered_lines": 178, "num_statements": 231, "percent_covered": 77.05627705627705, "percent_covered_display": "77", "missing_lines": 53, "excluded_lines": 0}, "missing_lines": [126, 129, 132, 135, 138, 141, 144, 147, 201, 311, 317, 318, 320, 372, 379, 380, 381, 384, 396, 451, 456, 485, 486, 487, 488, 489, 491, 494, 524, 561, 603, 604, 606, 609, 611, 612, 615, 619, 621, 625, 627, 628, 630, 631, 632, 635, 636, 637, 638, 639, 640, 641, 642], "excluded_lines": [], "functions": {"LoadForecastRegressor.__init__": {"executed_lines": [125, 128, 131, 134, 137, 140, 143, 146, 150, 151, 152, 153, 154, 155, 156, 157, 158, 159, 160, 161, 162, 163, 164, 165], "summary": {"covered_lines": 24, "num_statements": 32, "percent_covered": 75.0, "percent_covered_display": "75", "missing_lines": 8, "excluded_lines": 0}, "missing_lines": [126, 129, 132, 135, 138, 141, 144, 147], "excluded_lines": []}, "LoadForecastRegressor._make_H": {"executed_lines": [185, 192, 193, 194, 195, 196, 197, 200, 203], "summary": {"covered_lines": 9, "num_statements": 10, "percent_covered": 90.0, "percent_covered_display": "90", "missing_lines": 1, "excluded_lines": 0}, "missing_lines": [201], "excluded_lines": []}, "LoadForecastRegressor._make_H.d_func": {"executed_lines": [186, 187, 188, 189, 190], "summary": {"covered_lines": 5, "num_statements": 5, "percent_covered": 100.0, "percent_covered_display": "100", "missing_lines": 0, "excluded_lines": 0}, "missing_lines": [], "excluded_lines": []}, "LoadForecastRegressor._make_offset_H": {"executed_lines": [221, 222, 223, 224, 225, 226], "summary": {"covered_lines": 6, "num_statements": 6, "percent_covered": 100.0, "percent_covered_display": "100", "missing_lines": 0, "excluded_lines": 0}, "missing_lines": [], "excluded_lines": []}, "LoadForecastRegressor._compute_exog_prediction": {"executed_lines": [246, 247, 248, 250, 251, 252, 254, 255], "summary": {"covered_lines": 8, "num_statements": 8, "percent_covered": 100.0, "percent_covered_display": "100", "missing_lines": 0, "excluded_lines": 0}, "missing_lines": [], "excluded_lines": []}, "LoadForecastRegressor._running_view": {"executed_lines": [275, 276, 277, 278, 279], "summary": {"covered_lines": 5, "num_statements": 5, "percent_covered": 100.0, "percent_covered_display": "100", "missing_lines": 0, "excluded_lines": 0}, "missing_lines": [], "excluded_lines": []}, "LoadForecastRegressor._solve_optimization_problem": {"executed_lines": [302, 303, 304, 305, 306, 307, 308, 309], "summary": {"covered_lines": 8, "num_statements": 9, "percent_covered": 88.88888888888889, "percent_covered_display": "89", "missing_lines": 1, "excluded_lines": 0}, "missing_lines": [311], "excluded_lines": []}, "LoadForecastRegressor._get_exog_basis_func": {"executed_lines": [315, 316], "summary": {"covered_lines": 2, "num_statements": 5, "percent_covered": 40.0, "percent_covered_display": "40", "missing_lines": 3, "excluded_lines": 0}, "missing_lines": [317, 318, 320], "excluded_lines": []}, "LoadForecastRegressor._build_Hs": {"executed_lines": [324, 325, 326, 327, 328, 329, 330, 331, 332, 333], "summary": {"covered_lines": 10, "num_statements": 10, "percent_covered": 100.0, "percent_covered_display": "100", "missing_lines": 0, "excluded_lines": 0}, "missing_lines": [], "excluded_lines": []}, "LoadForecastRegressor._make_regularization_matrix": {"executed_lines": [363, 366, 369, 370, 371, 374, 377, 378, 383, 387, 393, 394, 397, 400, 401], "summary": {"covered_lines": 15, "num_statements": 21, "percent_covered": 71.42857142857143, "percent_covered_display": "71", "missing_lines": 6, "excluded_lines": 0}, "missing_lines": [372, 379, 380, 381, 384, 396], "excluded_lines": []}, "LoadForecastRegressor.fit": {"executed_lines": [422, 425, 428, 431, 439, 446, 448, 449, 450, 452, 453, 454, 458, 460, 463, 464, 467, 470, 471, 475, 476, 478, 481, 497, 498, 500, 501, 503], "summary": {"covered_lines": 28, "num_statements": 37, "percent_covered": 75.67567567567568, "percent_covered_display": "76", "missing_lines": 9, "excluded_lines": 0}, "missing_lines": [451, 456, 485, 486, 487, 488, 489, 491, 494], "excluded_lines": []}, "LoadForecastRegressor._fit_ar_model": {"executed_lines": [507, 508, 509, 510, 512, 515, 516, 518, 519, 520, 521, 523, 526, 527, 529, 533, 535, 536, 537, 538, 539], "summary": {"covered_lines": 21, "num_statements": 22, "percent_covered": 95.45454545454545, "percent_covered_display": "95", "missing_lines": 1, "excluded_lines": 0}, "missing_lines": [524], "excluded_lines": []}, "LoadForecastRegressor.predict": {"executed_lines": [557, 558, 560, 564, 567, 574, 577, 578, 579, 580, 582], "summary": {"covered_lines": 11, "num_statements": 12, "percent_covered": 91.66666666666667, "percent_covered_display": "92", "missing_lines": 1, "excluded_lines": 0}, "missing_lines": [561], "excluded_lines": []}, "LoadForecastRegressor.sample": {"executed_lines": [], "summary": {"covered_lines": 0, "num_statements": 9, "percent_covered": 0.0, "percent_covered_display": "0", "missing_lines": 9, "excluded_lines": 0}, "missing_lines": [603, 604, 606, 609, 611, 612, 615, 619, 621], "excluded_lines": []}, "LoadForecastRegressor._generate_ar_samples": {"executed_lines": [], "summary": {"covered_lines": 0, "num_statements": 14, "percent_covered": 0.0, "percent_covered_display": "0", "missing_lines": 14, "excluded_lines": 0}, "missing_lines": [625, 627, 628, 630, 631, 632, 635, 636, 637, 638, 639, 640, 641, 642], "excluded_lines": []}, "": {"executed_lines": [1, 8, 9, 10, 11, 12, 13, 14, 15, 16, 17, 18, 20, 21, 106, 167, 205, 228, 257, 284, 313, 322, 335, 403, 505, 541, 584, 623], "summary": {"covered_lines": 26, "num_statements": 26, "percent_covered": 100.0, "percent_covered_display": "100", "missing_lines": 0, "excluded_lines": 0}, "missing_lines": [], "excluded_lines": []}}, "classes": {"LoadForecastRegressor": {"executed_lines": [125, 128, 131, 134, 137, 140, 143, 146, 150, 151, 152, 153, 154, 155, 156, 157, 158, 159, 160, 161, 162, 163, 164, 165, 185, 186, 187, 188, 189, 190, 192, 193, 194, 195, 196, 197, 200, 203, 221, 222, 223, 224, 225, 226, 246, 247, 248, 250, 251, 252, 254, 255, 275, 276, 277, 278, 279, 302, 303, 304, 305, 306, 307, 308, 309, 315, 316, 324, 325, 326, 327, 328, 329, 330, 331, 332, 333, 363, 366, 369, 370, 371, 374, 377, 378, 383, 387, 393, 394, 397, 400, 401, 422, 425, 428, 431, 439, 446, 448, 449, 450, 452, 453, 454, 458, 460, 463, 464, 467, 470, 471, 475, 476, 478, 481, 497, 498, 500, 501, 503, 507, 508, 509, 510, 512, 515, 516, 518, 519, 520, 521, 523, 526, 527, 529, 533, 535, 536, 537, 538, 539, 557, 558, 560, 564, 567, 574, 577, 578, 579, 580, 582], "summary": {"covered_lines": 152, "num_statements": 205, "percent_covered": 74.14634146341463, "percent_covered_display": "74", "missing_lines": 53, "excluded_lines": 0},