{"coverage": 76.92307692307692, "raw_data": {"meta": {"format": 3, "version": "7.11.0", "timestamp": "2025-11-08T18:14:01.577546", "branch_coverage": false, "show_contexts": false}, "files": {"load_model_estimator.py": {"executed_lines": [4, 11, 12, 13, 14, 15, 16, 17, 18, 19, 20, 21, 23, 24, 115, 134, 137, 140, 143, 146, 149, 152, 155, 159, 160, 161, 162, 163, 164, 165, 166, 167, 168, 169, 170, 171, 172, 173, 174, 176, 194, 195, 196, 197, 198, 199, 201, 202, 203, 204, 205, 206, 209, 212, 214, 230, 231, 232, 233, 234, 235, 237, 255, 256, 257, 259, 260, 261, 263, 264, 266, 284, 285, 286, 287, 288, 293, 311, 312, 313, 314, 315, 316, 317, 318, 322, 324, 325, 331, 333, 334, 335, 336, 337, 338, 339, 340, 341, 342, 344, 375, 378, 381, 382, 383, 386, 389, 390, 395, 399, 405, 406, 410, 411, 413, 416, 417, 419, 438, 441, 444, 447, 453, 457, 465, 467, 468, 469, 471, 472, 473, 477, 479, 482, 483, 484, 487, 490, 491, 495, 496, 498, 501, 503, 504, 524, 525, 526, 527, 529, 530, 532, 534, 536, 537, 538, 539, 541, 544, 545, 547, 548, 549, 550, 552, 555, 556, 558, 562, 564, 565, 566, 567, 568, 571, 572, 573, 575, 591, 592, 594, 598, 601, 606, 609, 612, 613, 614, 615, 617, 619, 658], "summary": {"covered_lines": 190, "num_statements": 247, "percent_covered": 76.92307692307692, "percent_covered_display": "77", "missing_lines": 57, "excluded_lines": 0}, "missing_lines": [135, 138, 141, 144, 147, 150, 153, 156, 210, 320, 326, 327, 329, 384, 391, 392, 393, 396, 408, 470, 475, 508, 509, 510, 511, 512, 513, 515, 518, 520, 521, 553, 595, 638, 639, 641, 644, 646, 647, 650, 654, 656, 660, 662, 664, 665, 667, 668, 669, 672, 673, 674, 677, 678, 679, 680, 681], "excluded_lines": [], "functions": {"LoadForecastRegressor.__init__": {"executed_lines": [134, 137, 140, 143, 146, 149, 152, 155, 159, 160, 161, 162, 163, 164, 165, 166, 167, 168, 169, 170, 171, 172, 173, 174], "summary": {"covered_lines": 24, "num_statements": 32, "percent_covered": 75.0, "percent_covered_display": "75", "missing_lines": 8, "excluded_lines": 0}, "missing_lines": [135, 138, 141, 144, 147, 150, 153, 156], "excluded_lines": []}, "LoadForecastRegressor._make_H": {"executed_lines": [194, 201, 202, 203, 204, 205, 206, 209, 212], "summary": {"covered_lines": 9, "num_statements": 10, "percent_covered": 90.0, "percent_covered_display": "90", "missing_lines": 1, "excluded_lines": 0}, "missing_lines": [210], "excluded_lines": []}, "LoadForecastRegressor._make_H.d_func": {"executed_lines": [195, 196, 197, 198, 199], "summary": {"covered_lines": 5, "num_statements": 5, "percent_covered": 100.0, "percent_covered_display": "100", "missing_lines": 0, "excluded_lines": 0}, "missing_lines": [], "excluded_lines": []}, "LoadForecastRegressor._make_offset_H": {"executed_lines": [230, 231, 232, 233, 234, 235], "summary": {"covered_lines": 6, "num_statements": 6, "percent_covered": 100.0, "percent_covered_display": "100", "missing_lines": 0, "excluded_lines": 0}, "missing_lines": [], "excluded_lines": []}, "LoadForecastRegressor._compute_exog_prediction": {"executed_lines": [255, 256, 257, 259, 260, 261, 263, 264], "summary": {"covered_lines": 8, "num_statements": 8, "percent_covered": 100.0, "percent_covered_display": "100", "missing_lines": 0, "excluded_lines": 0}, "missing_lines": [], "excluded_lines": []}, "LoadForecastRegressor._running_view": {"executed_lines": [284, 285, 286, 287, 288], "summary": {"covered_lines": 5, "num_statements": 5, "percent_covered": 100.0, "percent_covered_display": "100", "missing_lines": 0, "excluded_lines": 0}, "missing_lines": [], "excluded_lines": []}, "LoadForecastRegressor._solve_optimization_problem": {"executed_lines": [311, 312, 313, 314, 315, 316, 317, 318], "summary": {"covered_lines": 8, "num_statements": 9, "percent_covered": 88.88888888888889, "percent_covered_display": "89", "missing_lines": 1, "excluded_lines": 0}, "missing_lines": [320], "excluded_lines": []}, "LoadForecastRegressor._get_exog_basis_func": {"executed_lines": [324, 325], "summary": {"covered_lines": 2, "num_statements": 5, "percent_covered": 40.0, "percent_covered_display": "40", "missing_lines": 3, "excluded_lines": 0}, "missing_lines": [326, 327, 329], "excluded_lines": []}, "LoadForecastRegressor._build_Hs": {"executed_lines": [333, 334, 335, 336, 337, 338, 339, 340, 341, 342], "summary": {"covered_lines": 10, "num_statements": 10, "percent_covered": 100.0, "percent_covered_display": "100", "missing_lines": 0, "excluded_lines": 0}, "missing_lines": [], "excluded_lines": []}, "LoadForecastRegressor._make_regularization_matrix": {"executed_lines": [375, 378, 381, 382, 383, 386, 389, 390, 395, 399, 405, 406, 410, 411, 413, 416, 417], "summary": {"covered_lines": 17, "num_statements": 23, "percent_covered": 73.91304347826087, "percent_covered_display": "74", "missing_lines": 6, "excluded_lines": 0}, "missing_lines": [384, 391, 392, 393, 396, 408], "excluded_lines": []}, "LoadForecastRegressor.fit": {"executed_lines": [438, 441, 444, 447, 453, 457, 465, 467, 468, 469, 471, 472, 473, 477, 479, 482, 483, 484, 487, 490, 491, 495, 496, 498, 501, 503, 504, 524, 525, 526, 527, 529, 530, 532], "summary": {"covered_lines": 34, "num_statements": 46, "percent_covered": 73.91304347826087, "percent_covered_display": "74", "missing_lines": 12, "excluded_lines": 0}, "missing_lines": [470, 475, 508, 509, 510, 511, 512, 513, 515, 518, 520, 521], "excluded_lines": []}, "LoadForecastRegressor._fit_ar_model": {"executed_lines": [536, 537, 538, 539, 541, 544, 545, 547, 548, 549, 550, 552, 555, 556, 558, 562, 564, 565, 566, 567, 568, 571, 572, 573], "summary": {"covered_lines": 24, "num_statements": 25, "percent_covered": 96.0, "percent_covered_display": "96", "missing_lines": 1, "excluded_lines": 0}, "missing_lines": [553], "excluded_lines": []}, "LoadForecastRegressor.predict": {"executed_lines": [591, 592, 594, 598, 601, 606, 609, 612, 613, 614, 615, 617], "summary": {"covered_lines": 12, "num_statements": 13, "percent_covered": 92.3076923076923, "percent_covered_display": "92", "missing_lines": 1, "excluded_lines": 0}, "missing_lines": [595], "excluded_lines": []}, "LoadForecastRegressor.sample": {"executed_lines": [], "summary": {"covered_lines": 0, "num_statements": 9, "percent_covered": 0.0, "percent_covered_display": "0", "missing_lines": 9, "excluded_lines": 0}, "missing_lines": [638, 639, 641, 644, 646, 647, 650, 654, 656], "excluded_lines": []}, "LoadForecastRegressor._generate_ar_samples": {"executed_lines": [], "summary": {"covered_lines": 0, "num_statements": 15, "percent_covered": 0.0, "percent_covered_display": "0", "missing_lines": 15, "excluded_lines": 0}, "missing_lines": [660, 662, 664, 665, 667, 668, 669, 672, 673, 674, 677, 678, 679, 680, 681], "excluded_lines": []}, "": {"executed_lines": [4, 11, 12, 13, 14, 15, 16, 17, 18, 19, 20, 21, 23, 24, 115, 176, 214, 237, 266, 293, 322, 331, 344, 419, 534, 575, 619, 658], "summary": {"covered_lines": 26, "num_statements": 26, "percent_covered": 100.0, "percent_covered_display": "100", "missing_lines": 0, "excluded_lines": 0}, "missing_lines": [], "excluded_lines": []}}, "classes": {"LoadForecastRegressor": {"executed_lines": [134, 137, 140, 143, 146, 149, 152, 155, 159, 160, 161, 162, 163, 164, 165, 166, 167, 168, 169, 170, 171, 172, 173, 174, 194, 195, 196, 197, 198, 199, 201, 202, 203, 204, 205, 206, 209, 212, 230, 231, 232, 233, 234, 235, 255, 256, 257, 259, 260, 261, 263, 264, 284, 285, 286, 287, 288, 311, 312, 313, 314, 315, 316, 317, 318, 324, 325, 333, 334, 335, 336, 337, 338, 339, 340, 341, 342, 375, 378, 381, 382, 383, 386, 389, 390, 395, 399, 405, 406, 410, 411, 413, 416, 417, 438, 441, 444, 447, 453, 457, 465, 467, 468, 469, 471, 472, 473, 477, 479, 482, 483, 484, 487, 490, 491, 495, 496, 498, 501, 503, 504, 524, 525, 526, 527, 529, 530, 532, 536, 537, 538, 539, 541, 544, 545, 547, 548, 549, 550, 552, 555, 556, 558, 562, 564, 565, 566, 567, 568, 571, 572, 573, 591, 592, 594, 598, 601, 606, 609, 612, 613, 614, 615, 617], "summary": {"covered_lines": 164,