{"coverage": 76.85185185185185, "raw_data": {"meta": {"format": 3, "version": "7.11.0", "timestamp": "2025-10-30T23:40:38.064999", "branch_coverage": false, "show_contexts": false}, "files": {"load_model_estimator.py": {"executed_lines": [1, 8, 9, 10, 11, 12, 13, 14, 15, 16, 17, 18, 23, 24, 109, 128, 131, 134, 137, 140, 143, 146, 149, 152, 153, 154, 155, 156, 157, 158, 159, 160, 161, 162, 163, 164, 165, 166, 167, 169, 187, 188, 189, 190, 191, 192, 194, 195, 196, 197, 198, 199, 202, 205, 207, 223, 224, 225, 226, 228, 229, 231, 249, 250, 251, 252, 253, 258, 277, 278, 279, 280, 281, 283, 284, 285, 289, 290, 291, 292, 293, 294, 295, 296, 297, 299, 327, 330, 333, 334, 335, 338, 341, 342, 347, 351, 357, 358, 361, 364, 365, 367, 386, 389, 392, 395, 403, 410, 411, 413, 414, 417, 418, 419, 422, 432, 435, 436, 439, 442, 443, 447, 448, 450, 453, 470, 471, 473, 476, 477, 483, 484, 485, 487, 490, 491, 493, 494, 495, 496, 498, 501, 502, 504, 508, 510, 511, 512, 513, 514, 516, 518, 534, 535, 537, 541, 542, 545, 552, 555, 556, 557, 564, 565, 567, 568, 570, 572], "summary": {"covered_lines": 166, "num_statements": 216, "percent_covered": 76.85185185185185, "percent_covered_display": "77", "missing_lines": 50, "excluded_lines": 0}, "missing_lines": [129, 132, 135, 138, 141, 144, 147, 150, 203, 287, 336, 343, 344, 345, 348, 360, 415, 421, 425, 427, 429, 457, 458, 459, 460, 462, 465, 474, 499, 538, 558, 559, 591, 592, 594, 597, 599, 601, 603, 605, 608, 609, 611, 612, 615, 616, 618, 621, 623, 625], "excluded_lines": [], "functions": {"LoadForecastRegressor.__init__": {"executed_lines": [128, 131, 134, 137, 140, 143, 146, 149, 152, 153, 154, 155, 156, 157, 158, 159, 160, 161, 162, 163, 164, 165, 166, 167], "summary": {"covered_lines": 24, "num_statements": 32, "percent_covered": 75.0, "percent_covered_display": "75", "missing_lines": 8, "excluded_lines": 0}, "missing_lines": [129, 132, 135, 138, 141, 144, 147, 150], "excluded_lines": []}, "LoadForecastRegressor._make_H": {"executed_lines": [187, 194, 195, 196, 197, 198, 199, 202, 205], "summary": {"covered_lines": 9, "num_statements": 10, "percent_covered": 90.0, "percent_covered_display": "90", "missing_lines": 1, "excluded_lines": 0}, "missing_lines": [203], "excluded_lines": []}, "LoadForecastRegressor._make_H.d_func": {"executed_lines": [188, 189, 190, 191, 192], "summary": {"covered_lines": 5, "num_statements": 5, "percent_covered": 100.0, "percent_covered_display": "100", "missing_lines": 0, "excluded_lines": 0}, "missing_lines": [], "excluded_lines": []}, "LoadForecastRegressor._make_offset_H": {"executed_lines": [223, 224, 225, 226, 228, 229], "summary": {"covered_lines": 6, "num_statements": 6, "percent_covered": 100.0, "percent_covered_display": "100", "missing_lines": 0, "excluded_lines": 0}, "missing_lines": [], "excluded_lines": []}, "LoadForecastRegressor._running_view": {"executed_lines": [249, 250, 251, 252, 253], "summary": {"covered_lines": 5, "num_statements": 5, "percent_covered": 100.0, "percent_covered_display": "100", "missing_lines": 0, "excluded_lines": 0}, "missing_lines": [], "excluded_lines": []}, "LoadForecastRegressor._solve_optimization_problem": {"executed_lines": [277, 278, 279, 280, 281, 283, 284, 285], "summary": {"covered_lines": 8, "num_statements": 9, "percent_covered": 88.88888888888889, "percent_covered_display": "89", "missing_lines": 1, "excluded_lines": 0}, "missing_lines": [287], "excluded_lines": []}, "LoadForecastRegressor._build_Hs": {"executed_lines": [290, 291, 292, 293, 294, 295, 296, 297], "summary": {"covered_lines": 8, "num_statements": 8, "percent_covered": 100.0, "percent_covered_display": "100", "missing_lines": 0, "excluded_lines": 0}, "missing_lines": [], "excluded_lines": []}, "LoadForecastRegressor._make_regularization_matrix": {"executed_lines": [327, 330, 333, 334, 335, 338, 341, 342, 347, 351, 357, 358, 361, 364, 365], "summary": {"covered_lines": 15, "num_statements": 21, "percent_covered": 71.42857142857143, "percent_covered_display": "71", "missing_lines": 6, "excluded_lines": 0}, "missing_lines": [336, 343, 344, 345, 348, 360], "excluded_lines": []}, "LoadForecastRegressor.fit": {"executed_lines": [386, 389, 392, 395, 403, 410, 411, 413, 414, 417, 418, 419, 422, 432, 435, 436, 439, 442, 443, 447, 448, 450, 453, 470, 471, 473, 476, 477, 483, 484, 485, 487, 490, 491, 493, 494, 495, 496, 498, 501, 502, 504, 508, 510, 511, 512, 513, 514, 516], "summary": {"covered_lines": 49, "num_statements": 62, "percent_covered": 79.03225806451613, "percent_covered_display": "79", "missing_lines": 13, "excluded_lines": 0}, "missing_lines": [415, 421, 425, 427, 429, 457, 458, 459, 460, 462, 465, 474, 499], "excluded_lines": []}, "LoadForecastRegressor.predict": {"executed_lines": [534, 535, 537, 541, 542, 545, 552, 555, 556, 557, 564, 565, 567, 568, 570], "summary": {"covered_lines": 15, "num_statements": 18, "percent_covered": 83.33333333333333, "percent_covered_display": "83", "missing_lines": 3, "excluded_lines": 0}, "missing_lines": [538, 558, 559], "excluded_lines": []}, "LoadForecastRegressor.sample": {"executed_lines": [], "summary": {"covered_lines": 0, "num_statements": 18, "percent_covered": 0.0, "percent_covered_display": "0", "missing_lines": 18, "excluded_lines": 0}, "missing_lines": [591, 592, 594, 597, 599, 601, 603, 605, 608, 609, 611, 612, 615, 616, 618, 621, 623, 625], "excluded_lines": []}, "": {"executed_lines": [1, 8, 9, 10, 11, 12, 13, 14, 15, 16, 17, 18, 23, 24, 109, 169, 207, 231, 258, 289, 299, 367, 518, 572], "summary": {"covered_lines": 22, "num_statements": 22, "percent_covered": 100.0, "percent_covered_display": "100", "missing_lines": 0, "excluded_lines": 0}, "missing_lines": [], "excluded_lines": []}}, "classes": {"LoadForecastRegressor": {"executed_lines": [128, 131, 134, 137, 140, 143, 146, 149, 152, 153, 154, 155, 156, 157, 158, 159, 160, 161, 162, 163, 164, 165, 166, 167, 187, 188, 189, 190, 191, 192, 194, 195, 196, 197, 198, 199, 202, 205, 223, 224, 225, 226, 228, 229, 249, 250, 251, 252, 253, 277, 278, 279, 280, 281, 283, 284, 285, 290, 291, 292, 293, 294, 295, 296, 297, 327, 330, 333, 334, 335, 338, 341, 342, 347, 351, 357, 358, 361, 364, 365, 386, 389, 392, 395, 403, 410, 411, 413, 414, 417, 418, 419, 422, 432, 435, 436, 439, 442, 443, 447, 448, 450, 453, 470, 471, 473, 476, 477, 483, 484, 485, 487, 490, 491, 493, 494, 495, 496, 498, 501, 502, 504, 508, 510, 511, 512, 513, 514, 516, 534, 535, 537, 541, 542, 545, 552, 555, 556, 557, 564, 565, 567, 568, 570], "summary": {"covered_lines": 144, "num_statements": 194, "percent_covered": 74.22680412371135, "percent_covered_display": "74", "missing_lines": 50, "excluded_lines": 0}, "missing_lines": [129, 132, 135, 138, 141, 144, 147, 150, 203, 287, 336, 343, 344, 345, 348, 360, 415, 421, 425, 427, 429, 457, 458, 459, 460, 462, 465, 474, 499, 538, 558, 559, 591, 592, 594, 597, 599, 601, 603, 605, 608, 609, 611, 612, 615, 616, 618, 621, 623, 625], "excluded_lines": []}, "": {"executed_lines": [1, 8, 9, 10, 11, 12, 13, 14, 15, 16, 17, 18, 23, 24, 109, 169, 207, 231, 258, 289, 299, 367, 518, 572], "summary": {"covered_lines": 22, "num_statements": 22, "percent_covered": 100.0, "percent_covered_display": "100", "missing_lines": 0, "excluded_lines": 0}, "missing_lines": [], "excluded_lines": []}}}}, "totals": {"covered_lines": 166, "num_statements": 216, "percent_covered": 76.85185185185185, "percent_covered_display": "77", "missing_lines": 50, "excluded_lines": 0}}, "coverage_path": "."}