{"coverage": 77.21518987341773, "raw_data": {"meta": {"format": 3, "version": "7.11.0", "timestamp": "2025-10-31T02:14:12.563079", "branch_coverage": false, "show_contexts": false}, "files": {"load_model_estimator.py": {"executed_lines": [1, 8, 9, 10, 11, 12, 13, 14, 15, 16, 17, 18, 20, 21, 110, 129, 132, 135, 138, 141, 144, 147, 150, 154, 155, 156, 157, 158, 159, 160, 161, 162, 163, 164, 165, 166, 167, 168, 169, 171, 189, 190, 191, 192, 193, 194, 196, 197, 198, 199, 200, 201, 204, 207, 209, 225, 226, 227, 228, 229, 230, 232, 250, 251, 252, 254, 255, 256, 258, 259, 261, 279, 280, 281, 282, 283, 288, 306, 307, 308, 309, 310, 311, 312, 313, 317, 319, 320, 326, 328, 329, 330, 331, 332, 333, 334, 335, 336, 337, 339, 367, 370, 373, 374, 375, 378, 381, 382, 387, 391, 397, 398, 401, 404, 405, 407, 426, 429, 432, 435, 443, 450, 452, 453, 454, 456, 457, 458, 462, 464, 467, 468, 471, 474, 475, 479, 480, 482, 485, 501, 502, 503, 504, 506, 507, 509, 511, 513, 514, 515, 516, 518, 521, 522, 524, 525, 526, 527, 529, 532, 533, 535, 539, 541, 542, 543, 544, 545, 548, 549, 550, 552, 568, 569, 571, 575, 578, 585, 588, 589, 590, 591, 593, 595, 634], "summary": {"covered_lines": 183, "num_statements": 237, "percent_covered": 77.21518987341773, "percent_covered_display": "77", "missing_lines": 54, "excluded_lines": 0}, "missing_lines": [130, 133, 136, 139, 142, 145, 148, 151, 205, 315, 321, 322, 324, 376, 383, 384, 385, 388, 400, 455, 460, 489, 490, 491, 492, 493, 495, 498, 530, 572, 614, 615, 617, 620, 622, 623, 626, 630, 632, 636, 638, 640, 641, 643, 644, 645, 648, 649, 650, 653, 654, 655, 656, 657], "excluded_lines": [], "functions": {"LoadForecastRegressor.__init__": {"executed_lines": [129, 132, 135, 138, 141, 144, 147, 150, 154, 155, 156, 157, 158, 159, 160, 161, 162, 163, 164, 165, 166, 167, 168, 169], "summary": {"covered_lines": 24, "num_statements": 32, "percent_covered": 75.0, "percent_covered_display": "75", "missing_lines": 8, "excluded_lines": 0}, "missing_lines": [130, 133, 136, 139, 142, 145, 148, 151], "excluded_lines": []}, "LoadForecastRegressor._make_H": {"executed_lines": [189, 196, 197, 198, 199, 200, 201, 204, 207], "summary": {"covered_lines": 9, "num_statements": 10, "percent_covered": 90.0, "percent_covered_display": "90", "missing_lines": 1, "excluded_lines": 0}, "missing_lines": [205], "excluded_lines": []}, "LoadForecastRegressor._make_H.d_func": {"executed_lines": [190, 191, 192, 193, 194], "summary": {"covered_lines": 5, "num_statements": 5, "percent_covered": 100.0, "percent_covered_display": "100", "missing_lines": 0, "excluded_lines": 0}, "missing_lines": [], "excluded_lines": []}, "LoadForecastRegressor._make_offset_H": {"executed_lines": [225, 226, 227, 228, 229, 230], "summary": {"covered_lines": 6, "num_statements": 6, "percent_covered": 100.0, "percent_covered_display": "100", "missing_lines": 0, "excluded_lines": 0}, "missing_lines": [], "excluded_lines": []}, "LoadForecastRegressor._compute_exog_prediction": {"executed_lines": [250, 251, 252, 254, 255, 256, 258, 259], "summary": {"covered_lines": 8, "num_statements": 8, "percent_covered": 100.0, "percent_covered_display": "100", "missing_lines": 0, "excluded_lines": 0}, "missing_lines": [], "excluded_lines": []}, "LoadForecastRegressor._running_view": {"executed_lines": [279, 280, 281, 282, 283], "summary": {"covered_lines": 5, "num_statements": 5, "percent_covered": 100.0, "percent_covered_display": "100", "missing_lines": 0, "excluded_lines": 0}, "missing_lines": [], "excluded_lines": []}, "LoadForecastRegressor._solve_optimization_problem": {"executed_lines": [306, 307, 308, 309, 310, 311, 312, 313], "summary": {"covered_lines": 8, "num_statements": 9, "percent_covered": 88.88888888888889, "percent_covered_display": "89", "missing_lines": 1, "excluded_lines": 0}, "missing_lines": [315], "excluded_lines": []}, "LoadForecastRegressor._get_exog_basis_func": {"executed_lines": [319, 320], "summary": {"covered_lines": 2, "num_statements": 5, "percent_covered": 40.0, "percent_covered_display": "40", "missing_lines": 3, "excluded_lines": 0}, "missing_lines": [321, 322, 324], "excluded_lines": []}, "LoadForecastRegressor._build_Hs": {"executed_lines": [328, 329, 330, 331, 332, 333, 334, 335, 336, 337], "summary": {"covered_lines": 10, "num_statements": 10, "percent_covered": 100.0, "percent_covered_display": "100", "missing_lines": 0, "excluded_lines": 0}, "missing_lines": [], "excluded_lines": []}, "LoadForecastRegressor._make_regularization_matrix": {"executed_lines": [367, 370, 373, 374, 375, 378, 381, 382, 387, 391, 397, 398, 401, 404, 405], "summary": {"covered_lines": 15, "num_statements": 21, "percent_covered": 71.42857142857143, "percent_covered_display": "71", "missing_lines": 6, "excluded_lines": 0}, "missing_lines": [376, 383, 384, 385, 388, 400], "excluded_lines": []}, "LoadForecastRegressor.fit": {"executed_lines": [426, 429, 432, 435, 443, 450, 452, 453, 454, 456, 457, 458, 462, 464, 467, 468, 471, 474, 475, 479, 480, 482, 485, 501, 502, 503, 504, 506, 507, 509], "summary": {"covered_lines": 30, "num_statements": 39, "percent_covered": 76.92307692307692, "percent_covered_display": "77", "missing_lines": 9, "excluded_lines": 0}, "missing_lines": [455, 460, 489, 490, 491, 492, 493, 495, 498], "excluded_lines": []}, "LoadForecastRegressor._fit_ar_model": {"executed_lines": [513, 514, 515, 516, 518, 521, 522, 524, 525, 526, 527, 529, 532, 533, 535, 539, 541, 542, 543, 544, 545, 548, 549, 550], "summary": {"covered_lines": 24, "num_statements": 25, "percent_covered": 96.0, "percent_covered_display": "96", "missing_lines": 1, "excluded_lines": 0}, "missing_lines": [530], "excluded_lines": []}, "LoadForecastRegressor.predict": {"executed_lines": [568, 569, 571, 575, 578, 585, 588, 589, 590, 591, 593], "summary": {"covered_lines": 11, "num_statements": 12, "percent_covered": 91.66666666666667, "percent_covered_display": "92", "missing_lines": 1, "excluded_lines": 0}, "missing_lines": [572], "excluded_lines": []}, "LoadForecastRegressor.sample": {"executed_lines": [], "summary": {"covered_lines": 0, "num_statements": 9, "percent_covered": 0.0, "percent_covered_display": "0", "missing_lines": 9, "excluded_lines": 0}, "missing_lines": [614, 615, 617, 620, 622, 623, 626, 630, 632], "excluded_lines": []}, "LoadForecastRegressor._generate_ar_samples": {"executed_lines": [], "summary": {"covered_lines": 0, "num_statements": 15, "percent_covered": 0.0, "percent_covered_display": "0", "missing_lines": 15, "excluded_lines": 0}, "missing_lines": [636, 638, 640, 641, 643, 644, 645, 648, 649, 650, 653, 654, 655, 656, 657], "excluded_lines": []}, "": {"executed_lines": [1, 8, 9, 10, 11, 12, 13, 14, 15, 16, 17, 18, 20, 21, 110, 171, 209, 232, 261, 288, 317, 326, 339, 407, 511, 552, 595, 634], "summary": {"covered_lines": 26, "num_statements": 26, "percent_covered": 100.0, "percent_covered_display": "100", "missing_lines": 0, "excluded_lines": 0}, "missing_lines": [], "excluded_lines": []}}, "classes": {"LoadForecastRegressor": {"executed_lines": [129, 132, 135, 138, 141, 144, 147, 150, 154, 155, 156, 157, 158, 159, 160, 161, 162, 163, 164, 165, 166, 167, 168, 169, 189, 190, 191, 192, 193, 194, 196, 197, 198, 199, 200, 201, 204, 207, 225, 226, 227, 228, 229, 230, 250, 251, 252, 254, 255, 256, 258, 259, 279, 280, 281, 282, 283, 306, 307, 308, 309, 310, 311, 312, 313, 319, 320, 328, 329, 330, 331, 332, 333, 334, 335, 336, 337, 367, 370, 373, 374, 375, 378, 381, 382, 387, 391, 397, 398, 401, 404, 405, 426, 429, 432, 435, 443, 450, 452, 453, 454, 456, 457, 458, 462, 464, 467, 468, 471, 474, 475, 479, 480, 482, 485, 501, 502, 503, 504, 506, 507, 509, 513, 514, 515, 516, 518, 521, 522, 524, 525, 526, 527, 529, 532, 533, 535, 539, 541, 542, 543, 544, 545, 548, 549, 550, 568, 569, 571, 575, 578, 585, 588, 589, 590, 591, 593], "summary": {"covered_lines": 157, "num_statements": 211, "percent_covered": 74.40758293838863, "percent_covered_display": "74", "missing_lines": 54, "excluded_lines": 0},