{"coverage": 76.92307692307692, "raw_data": {"meta": {"format": 3, "version": "7.11.0", "timestamp": "2025-11-04T23:02:58.609770", "branch_coverage": false, "show_contexts": false}, "files": {"load_model_estimator.py": {"executed_lines": [1, 8, 9, 10, 11, 12, 13, 14, 15, 16, 17, 18, 20, 21, 112, 131, 134, 137, 140, 143, 146, 149, 152, 156, 157, 158, 159, 160, 161, 162, 163, 164, 165, 166, 167, 168, 169, 170, 171, 173, 191, 192, 193, 194, 195, 196, 198, 199, 200, 201, 202, 203, 206, 209, 211, 227, 228, 229, 230, 231, 232, 234, 252, 253, 254, 256, 257, 258, 260, 261, 263, 281, 282, 283, 284, 285, 290, 308, 309, 310, 311, 312, 313, 314, 315, 319, 321, 322, 328, 330, 331, 332, 333, 334, 335, 336, 337, 338, 339, 341, 372, 375, 378, 379, 380, 383, 386, 387, 392, 396, 402, 403, 407, 408, 410, 413, 414, 416, 435, 438, 441, 444, 450, 454, 462, 464, 465, 466, 468, 469, 470, 474, 476, 479, 480, 481, 484, 487, 488, 492, 493, 495, 498, 500, 501, 521, 522, 523, 524, 526, 527, 529, 531, 533, 534, 535, 536, 538, 541, 542, 544, 545, 546, 547, 549, 552, 553, 555, 559, 561, 562, 563, 564, 565, 568, 569, 570, 572, 588, 589, 591, 595, 598, 603, 606, 609, 610, 611, 612, 614, 616, 655], "summary": {"covered_lines": 190, "num_statements": 247, "percent_covered": 76.92307692307692, "percent_covered_display": "77", "missing_lines": 57, "excluded_lines": 0}, "missing_lines": [132, 135, 138, 141, 144, 147, 150, 153, 207, 317, 323, 324, 326, 381, 388, 389, 390, 393, 405, 467, 472, 505, 506, 507, 508, 509, 510, 512, 515, 517, 518, 550, 592, 635, 636, 638, 641, 643, 644, 647, 651, 653, 657, 659, 661, 662, 664, 665, 666, 669, 670, 671, 674, 675, 676, 677, 678], "excluded_lines": [], "functions": {"LoadForecastRegressor.__init__": {"executed_lines": [131, 134, 137, 140, 143, 146, 149, 152, 156, 157, 158, 159, 160, 161, 162, 163, 164, 165, 166, 167, 168, 169, 170, 171], "summary": {"covered_lines": 24, "num_statements": 32, "percent_covered": 75.0, "percent_covered_display": "75", "missing_lines": 8, "excluded_lines": 0}, "missing_lines": [132, 135, 138, 141, 144, 147, 150, 153], "excluded_lines": []}, "LoadForecastRegressor._make_H": {"executed_lines": [191, 198, 199, 200, 201, 202, 203, 206, 209], "summary": {"covered_lines": 9, "num_statements": 10, "percent_covered": 90.0, "percent_covered_display": "90", "missing_lines": 1, "excluded_lines": 0}, "missing_lines": [207], "excluded_lines": []}, "LoadForecastRegressor._make_H.d_func": {"executed_lines": [192, 193, 194, 195, 196], "summary": {"covered_lines": 5, "num_statements": 5, "percent_covered": 100.0, "percent_covered_display": "100", "missing_lines": 0, "excluded_lines": 0}, "missing_lines": [], "excluded_lines": []}, "LoadForecastRegressor._make_offset_H": {"executed_lines": [227, 228, 229, 230, 231, 232], "summary": {"covered_lines": 6, "num_statements": 6, "percent_covered": 100.0, "percent_covered_display": "100", "missing_lines": 0, "excluded_lines": 0}, "missing_lines": [], "excluded_lines": []}, "LoadForecastRegressor._compute_exog_prediction": {"executed_lines": [252, 253, 254, 256, 257, 258, 260, 261], "summary": {"covered_lines": 8, "num_statements": 8, "percent_covered": 100.0, "percent_covered_display": "100", "missing_lines": 0, "excluded_lines": 0}, "missing_lines": [], "excluded_lines": []}, "LoadForecastRegressor._running_view": {"executed_lines": [281, 282, 283, 284, 285], "summary": {"covered_lines": 5, "num_statements": 5, "percent_covered": 100.0, "percent_covered_display": "100", "missing_lines": 0, "excluded_lines": 0}, "missing_lines": [], "excluded_lines": []}, "LoadForecastRegressor._solve_optimization_problem": {"executed_lines": [308, 309, 310, 311, 312, 313, 314, 315], "summary": {"covered_lines": 8, "num_statements": 9, "percent_covered": 88.88888888888889, "percent_covered_display": "89", "missing_lines": 1, "excluded_lines": 0}, "missing_lines": [317], "excluded_lines": []}, "LoadForecastRegressor._get_exog_basis_func": {"executed_lines": [321, 322], "summary": {"covered_lines": 2, "num_statements": 5, "percent_covered": 40.0, "percent_covered_display": "40", "missing_lines": 3, "excluded_lines": 0}, "missing_lines": [323, 324, 326], "excluded_lines": []}, "LoadForecastRegressor._build_Hs": {"executed_lines": [330, 331, 332, 333, 334, 335, 336, 337, 338, 339], "summary": {"covered_lines": 10, "num_statements": 10, "percent_covered": 100.0, "percent_covered_display": "100", "missing_lines": 0, "excluded_lines": 0}, "missing_lines": [], "excluded_lines": []}, "LoadForecastRegressor._make_regularization_matrix": {"executed_lines": [372, 375, 378, 379, 380, 383, 386, 387, 392, 396, 402, 403, 407, 408, 410, 413, 414], "summary": {"covered_lines": 17, "num_statements": 23, "percent_covered": 73.91304347826087, "percent_covered_display": "74", "missing_lines": 6, "excluded_lines": 0}, "missing_lines": [381, 388, 389, 390, 393, 405], "excluded_lines": []}, "LoadForecastRegressor.fit": {"executed_lines": [435, 438, 441, 444, 450, 454, 462, 464, 465, 466, 468, 469, 470, 474, 476, 479, 480, 481, 484, 487, 488, 492, 493, 495, 498, 500, 501, 521, 522, 523, 524, 526, 527, 529], "summary": {"covered_lines": 34, "num_statements": 46, "percent_covered": 73.91304347826087, "percent_covered_display": "74", "missing_lines": 12, "excluded_lines": 0}, "missing_lines": [467, 472, 505, 506, 507, 508, 509, 510, 512, 515, 517, 518], "excluded_lines": []}, "LoadForecastRegressor._fit_ar_model": {"executed_lines": [533, 534, 535, 536, 538, 541, 542, 544, 545, 546, 547, 549, 552, 553, 555, 559, 561, 562, 563, 564, 565, 568, 569, 570], "summary": {"covered_lines": 24, "num_statements": 25, "percent_covered": 96.0, "percent_covered_display": "96", "missing_lines": 1, "excluded_lines": 0}, "missing_lines": [550], "excluded_lines": []}, "LoadForecastRegressor.predict": {"executed_lines": [588, 589, 591, 595, 598, 603, 606, 609, 610, 611, 612, 614], "summary": {"covered_lines": 12, "num_statements": 13, "percent_covered": 92.3076923076923, "percent_covered_display": "92", "missing_lines": 1, "excluded_lines": 0}, "missing_lines": [592], "excluded_lines": []}, "LoadForecastRegressor.sample": {"executed_lines": [], "summary": {"covered_lines": 0, "num_statements": 9, "percent_covered": 0.0, "percent_covered_display": "0", "missing_lines": 9, "excluded_lines": 0}, "missing_lines": [635, 636, 638, 641, 643, 644, 647, 651, 653], "excluded_lines": []}, "LoadForecastRegressor._generate_ar_samples": {"executed_lines": [], "summary": {"covered_lines": 0, "num_statements": 15, "percent_covered": 0.0, "percent_covered_display": "0", "missing_lines": 15, "excluded_lines": 0}, "missing_lines": [657, 659, 661, 662, 664, 665, 666, 669, 670, 671, 674, 675, 676, 677, 678], "excluded_lines": []}, "": {"executed_lines": [1, 8, 9, 10, 11, 12, 13, 14, 15, 16, 17, 18, 20, 21, 112, 173, 211, 234, 263, 290, 319, 328, 341, 416, 531, 572, 616, 655], "summary": {"covered_lines": 26, "num_statements": 26, "percent_covered": 100.0, "percent_covered_display": "100", "missing_lines": 0, "excluded_lines": 0}, "missing_lines": [], "excluded_lines": []}}, "classes": {"LoadForecastRegressor": {"executed_lines": [131, 134, 137, 140, 143, 146, 149, 152, 156, 157, 158, 159, 160, 161, 162, 163, 164, 165, 166, 167, 168, 169, 170, 171, 191, 192, 193, 194, 195, 196, 198, 199, 200, 201, 202, 203, 206, 209, 227, 228, 229, 230, 231, 232, 252, 253, 254, 256, 257, 258, 260, 261, 281, 282, 283, 284, 285, 308, 309, 310, 311, 312, 313, 314, 315, 321, 322, 330, 331, 332, 333, 334, 335, 336, 337, 338, 339, 372, 375, 378, 379, 380, 383, 386, 387, 392, 396, 402, 403, 407, 408, 410, 413, 414, 435, 438, 441, 444, 450, 454, 462, 464, 465, 466, 468, 469, 470, 474, 476, 479, 480, 481, 484, 487, 488, 492, 493, 495, 498, 500, 501, 521, 522, 523, 524, 526, 527, 529, 533, 534, 535, 536, 538, 541, 542, 544, 545, 546, 547, 549, 552, 553, 555, 559, 561, 562, 563, 564, 565, 568, 569, 570, 588, 589, 591, 595, 598, 603, 606, 609, 610, 611, 612, 614], "summary": {"covered_lines": 164,